smiles,class
CC(C)[C@H](NC(=O)[C@H](C)C[C@H](O)[C@H](COCc1ccccc1)NC(=O)c1cc(C(=O)N[C@H](C)c2ccccc2)cc(N(C)S(C)(=O)=O)c1)C(=O)NCc1ccccc1,Active
CC(C)[C@H](NC(=O)[C@H](C)C[C@H](O)[C@H](COCc1cc(F)cc(F)c1)NC(=O)c1cc(C(=O)N[C@H](C)c2ccccc2)cc(N(C)S(C)(=O)=O)c1)C(=O)NCc1ccccc1,Moderate
CC(C)[C@H](NC(=O)[C@H](C)C[C@H](O)[C@H](COc1cc(F)cc(F)c1)NC(=O)c1cc(C(=O)N[C@H](C)c2ccccc2)cc(N(C)S(C)(=O)=O)c1)C(=O)NCc1ccccc1,Active
CC(C)[C@H](NC(=O)[C@@H](C)C[C@H](O)[C@H](COc1cc(F)cc(F)c1)NC(=O)c1cc(C(=O)N[C@H](C)c2ccccc2)cc(N(C)S(C)(=O)=O)c1)C(=O)NCc1ccccc1,Active
CSCC[C@H](NC(=O)[C@@H](NC(=O)OC(C)(C)C)C(C)C)C(=O)N[C@@H](COCc1cc(F)cc(F)c1)[C@@H](O)C[C@@H](C)C(=O)N[C@H](C(=O)NCc1ccccc1)C(C)C,Moderate
CNC(=O)c1cc(C(=O)N[C@@H](COCc2cc(F)cc(F)c2)[C@@H](O)C[C@@H](C)C(=O)N[C@H](C(=O)NCc2ccccc2)C(C)C)cc(N(C)S(C)(=O)=O)c1,Moderate
CC(C)[C@H](NC(=O)[C@H](C)C[C@H](O)[C@H](COCc1cc(F)cc(F)c1)NC(=O)c1cc(C(=O)N[C@H](C)c2ccccc2)cc(N(C)S(C)(=O)=O)c1)C(=O)NCc1ccc(F)cc1,Moderate
CCC(=O)N(C)C(C)(C)[C@H]1CCC[C@@H](C(=O)N[C@@H](Cc2ccccc2)[C@@H](O)CNCc2cccc(C(C)C)c2)C1,Moderate
CC(C)c1cccc(CNC[C@H](O)[C@H](Cc2ccccc2)NC(=O)[C@@H]2CCC[C@H](C(C)(C)N3CCCC3=O)C2)c1,Active
CC(C)c1cccc(CNC[C@H](O)[C@H](Cc2ccccc2)NC(=O)[C@@H]2CCC[C@H](C(C)(C)N3CCCCC3=O)C2)c1,Active
CC(C)=CCC/C(C)=C/COc1c2ccoc2cc2oc(=O)ccc12,Inactive
O=C(CN1C(=O)/C(=N\NC(=O)c2cc([N+](=O)[O-])ccc2O)c2ccccc21)NC1CCCCC1,Moderate
Cc1ccc(NC(=O)CN2C(=O)/C(=N\NC(=O)c3cc([N+](=O)[O-])ccc3O)c3ccccc32)cc1,Moderate
C[C@@H](NC(=O)c1cc(COC(=O)C(N)(CO)Cc2ccccc2)cc(N(C)S(C)(=O)=O)c1)c1ccc(F)cc1,Moderate
C[C@@H](NC(=O)c1cc(COC(=O)C(C)(N)Cc2ccccc2)cc(N(C)S(C)(=O)=O)c1)c1ccc(F)cc1,Active
C[C@@H](NC(=O)c1cc(CNC(=O)C(C)(N)Cc2ccccc2)cc(N(C)S(C)(=O)=O)c1)c1ccc(F)cc1,Moderate
C[C@@H](NC(=O)c1cc(-c2nc([C@](C)(N)Cc3ccccc3)no2)cc(N(C)S(C)(=O)=O)c1)c1ccc(F)cc1,Moderate
C[C@@H](NC(=O)c1cc(CNC[C@](N)(CO)Cc2ccccc2)cc(N(C)S(C)(=O)=O)c1)c1ccc(F)cc1,Moderate
C[C@@H](NC(=O)c1cc(CCC[C@](N)(CO)Cc2ccccc2)cc(N(C)S(C)(=O)=O)c1)c1ccc(F)cc1,Inactive
Oc1cc(O)cc(Oc2c(O)cc(O)cc2Oc2c(O)cc(O)cc2O)c1,Inactive
C[C@@H](NC(=O)c1cc(OCCC(N)(CO)Cc2ccccc2)cc(N(C)S(C)(=O)=O)c1)c1ccc(F)cc1,Inactive
C[C@@H](NC(=O)c1cc(COCC(N)(Cc2ccccc2)C(F)F)cc(N(C)S(C)(=O)=O)c1)c1ccc(F)cc1,Moderate
CCCCNC(=O)[C@H](C)C[C@H](O)[C@H](Cc1ccccc1)NC(=O)[C@@H]1CCC[C@H](C2(NC(C)=O)CCCC2)C1,Moderate
CC(=O)NC(C)(C)[C@H]1CCC[C@@H](C(=O)N[C@@H](Cc2ccccc2)[C@@H](O)CNCc2cccc(C(C)C)c2)C1,Moderate
CCC(=O)NC(C)(C)[C@H]1CCC[C@@H](C(=O)N[C@@H](Cc2ccccc2)[C@@H](O)CNCc2cccc(C(C)C)c2)C1,Moderate
C[C@@H](NC(=O)c1cc(CNC(=O)C(N)(CO)Cc2ccccc2)cc(N(C)S(C)(=O)=O)c1)c1ccc(F)cc1,Inactive
C[C@@H](NC(=O)c1cc(C(=O)NCC(N)(CO)Cc2ccccc2)cc(N(C)S(C)(=O)=O)c1)c1ccc(F)cc1,Inactive
CC(C)CNC(=O)[C@H](C)C[C@H](O)[C@H](CC(C)C)NC(=O)[C@H](Cc1ccccc1)NC(=O)c1cccc2ccccc12,Moderate
C[C@@H](NC(=O)c1cc(COC[C@](N)(CO)Cc2ccccc2)cc(N(C)S(C)(=O)=O)c1)c1ccc(F)cc1,Moderate
C[C@@H](NC(=O)c1cc(C(=O)OCC(O)(CN)Cc2ccccc2)cc(N(C)S(C)(=O)=O)c1)c1ccc(F)cc1,Inactive
C[C@@H](NC(=O)c1cc(C(=O)NCC(O)(CO)Cc2ccccc2)cc(N(C)S(C)(=O)=O)c1)c1ccc(F)cc1,Inactive
CCCN(CCC)C(=O)c1cc(C)cc(C(=O)N[C@@H](Cc2cc(F)cc(F)c2)[C@H](O)[C@H]2CNCCN2)c1,Moderate
CC(C)CNC(=O)[C@H](C)C[C@H](O)[C@H](CC(C)C)NC(=O)[C@H](Cc1ccccc1)NC(=O)c1ccccc1,Moderate
CC(C)CNC(=O)[C@H](C)C[C@H](O)[C@H](CC(C)C)NC(=O)[C@H](Cc1ccccc1)NC(=O)c1ccc([N+](=O)[O-])cc1,Inactive
CC(=O)N[C@@H](Cc1cc(F)cc(F)c1)[C@H](O)[C@H]1CN(S(=O)(=O)c2cccc(C)c2)CCN1,Moderate
CC(C)CNC(=O)[C@H](C)C[C@H](O)[C@H](CC(C)C)NC(=O)[C@H](Cc1ccccc1)NC(=O)c1ccc2c(c1)OCO2,Moderate
CCCCNC(=O)[C@H](C)C[C@H](O)[C@H](CC(C)C)NC(=O)[C@H](CCSC)NC(=O)[C@H](C)NC(C)=O,Moderate
N#CCCCOc1ccc(-c2ccc(-c3ccccc3Cl)n2Cc2cccc(N)n2)cc1,Moderate
CCCCCOc1ccc(-c2ccc(-c3ccccc3Cl)n2Cc2ccc(NCCO)c(N)n2)cc1,Moderate
CCCCCOc1ccc(-c2ccc(-c3ccccc3Cl)n2Cc2ccc(NCCCO)c(N)n2)cc1,Moderate
CCCOc1ccc(-c2ccc(-c3ccccc3Cl)n2Cc2cccc(N)n2)cc1,Moderate
CN1C(=O)C(c2ccncc2)(c2cccc(-c3ccoc3)c2)N=C1N,Moderate
CN1C(=O)C(c2ccncc2)(c2cccc(-c3cnccn3)c2)N=C1N,Active
CN1C(=O)C(c2ccncc2)(c2cccc(-c3cccnc3F)c2)N=C1N,Active
CCCCOc1ccc(-c2ccc(-c3ccccc3Cl)n2Cc2cccc(N)n2)cc1,Moderate
CCNC(=O)c1ccc(-c2ccc(-c3ccccc3)n2Cc2cccc(N)n2)cc1,Moderate
CCCNC(=O)c1ccc(-c2ccc(-c3ccccc3)n2Cc2cccc(N)n2)cc1,Moderate
CCCCNC(=O)c1ccc(-c2ccc(-c3ccccc3)n2Cc2cccc(N)n2)cc1,Moderate
C[C@@H](NC(=O)c1cc(N(C)S(C)(=O)=O)cc(-n2cc([C@](C)(N)Cc3ccccc3)nn2)c1)c1ccc(F)cc1,Inactive
Nc1nc(Cn2c(-c3ccc(Oc4cncnc4)cc3)ccc2-c2ccccc2Cl)ccc1OCCO,Active
Nc1nc(Cn2c(-c3ccc(Oc4cncnc4)cc3)ccc2-c2ccccc2Cl)ccc1NCCO,Active
Nc1cccc(Cn2c(-c3ccc(Oc4ccncc4)cc3)ccc2-c2ccccc2Cl)n1,Moderate
Nc1cccc(Cn2c(-c3ccc(Oc4cccnc4)cc3)ccc2-c2ccccc2Cl)n1,Moderate
Nc1cccc(Cn2c(-c3ccc(Oc4ccccc4)cc3)ccc2-c2ccccc2Cl)n1,Moderate
CN1C(=O)C(c2ccncc2)(c2cccc(-c3ccsc3)c2)N=C1N,Moderate
CN1C(=O)C(c2ccncc2)(c2cccc(-c3cc(F)cc(F)c3)c2)N=C1N,Active
Nc1cccc(Cn2c(-c3ccc(Oc4ccccn4)cc3)ccc2-c2ccccc2Cl)n1,Moderate
Nc1cccc(Cn2c(-c3ccc(Oc4cncnc4)cc3)ccc2-c2ccccc2Cl)n1,Active
Nc1cccc(Cn2c(-c3ccc(Oc4cnccn4)cc3)ccc2-c2ccccc2Cl)n1,Moderate
COc1cccc(-c2cccc(C3(c4ccncc4)N=C(N)N(C)C3=O)c2)c1,Active
CN1C(=O)C(c2ccncc2)(c2cccc(-c3cccc(OC(F)(F)F)c3)c2)N=C1N,Moderate
C[C@@H](NC(=O)c1cc(-c2ccc(C(C)(N)Cc3ccccc3)o2)cc(N(C)S(C)(=O)=O)c1)c1ccc(F)cc1,Active
C[C@@H](NC(=O)c1cc(-c2n[nH]c([C@](C)(N)Cc3ccccc3)n2)cc(N(C)S(C)(=O)=O)c1)c1ccc(F)cc1,Moderate
C=CCNC(=O)c1ccc(-c2ccc(-c3ccccc3)n2Cc2cccc(N)n2)cc1,Moderate
CC(C)NC(=O)c1ccc(-c2ccc(-c3ccccc3)n2Cc2cccc(N)n2)cc1,Moderate
CN1C(=O)C(c2ccncc2)(c2cccc(-c3cccc(C#N)c3)c2)N=C1N,Active
CN1C(=O)C(c2ccncc2)(c2cccc(-c3cccc(F)c3)c2)N=C1N,Active
CCCCNC(=O)[C@H](C)C[C@H](O)[C@H](Cc1ccccc1)NC(=O)[C@@H]1CCC[C@H]([C@@H](NC(C)=O)C(C)C)C1,Moderate
CN1C(=O)C(c2ccncc2)(c2cccc(-c3cccc(F)c3F)c2)N=C1N,Active
CN1C(=O)C(c2ccncc2)(c2cccc(-c3cc(F)ccc3F)c2)N=C1N,Active
CN1C(=O)[C@@](c2ccncc2)(c2cccc(-c3cc(F)ccc3F)c2)N=C1N,Active
Nc1cccc(Cn2c(-c3ccccc3)ccc2-c2ccccc2)n1,Moderate
Nc1cccc(Cn2c(-c3ccc(Oc4cccnn4)cc3)ccc2-c2ccccc2Cl)n1,Moderate
Nc1cccc(Cn2c(-c3ccc(Oc4cccs4)cc3)ccc2-c2ccccc2Cl)n1,Moderate
CN1C(=O)[C@](c2ccncc2)(c2cccc(-c3cc(F)ccc3F)c2)N=C1N,Moderate
C[C@@H](NC(=O)c1cc(COC[C@H](N)Cc2ccccc2)cc(N(C)S(C)(=O)=O)c1)c1ccc(F)cc1,Moderate
Nc1cccc(Cn2c(-c3ccccc3)ccc2-c2ccc(C(=O)NC3CC3)cc2)n1,Moderate
Nc1cccc(Cn2c(-c3ccccc3)ccc2-c2ccc(C(=O)NC3CCC3)cc2)n1,Moderate
COc1ccc(-c2ccc(-c3ccccc3Cl)n2Cc2cccc(N)n2)cc1,Moderate
CCCCNC(=O)[C@H](C)C[C@H](O)[C@H](Cc1ccccc1)NC(=O)[C@@H]1CCC[C@H](C(C)(C)NC(C)=O)C1,Moderate
CCC(N)(COCc1cc(C(=O)N[C@H](C)c2ccc(F)cc2)cc(N(C)S(C)(=O)=O)c1)Cc1ccccc1,Inactive
C[C@@H](NC(=O)c1cc(COCC(N)(CF)Cc2ccccc2)cc(N(C)S(C)(=O)=O)c1)c1ccc(F)cc1,Moderate
CCCCCOc1ccc(-c2ccc(-c3ccccc3Cl)n2Cc2cccc(N)n2)cc1,Moderate
Nc1cccc(Cn2c(-c3ccc(Nc4cncnc4)cc3)ccc2-c2ccccc2Cl)n1,Moderate
CCCCCOc1ccc(-c2ccc(-c3ccccc3Cl)n2Cc2ccc(OCCO)c(N)n2)cc1,Moderate
CC(C)C[C@H](NC(=O)[C@@H](NC(=O)[C@@H](N)CNC(=O)c1[nH]c(=O)[nH]c(=O)c1F)C(C)C)C(=O)N[C@@H](Cc1ccccc1)[C@@H](O)C(=O)Nc1cccc(-c2noc(=O)[nH]2)c1,Active
CC(C)C[C@H](NC(=O)[C@@H](NC(=O)[C@@H](N)CNC(=O)c1cc(O)ccc1O)C(C)C)C(=O)N[C@@H](Cc1ccccc1)[C@@H](O)C(=O)Nc1cccc(-c2noc(=O)[nH]2)c1,Active
CC(C)C[C@H](NC(=O)[C@@H](NC(=O)[C@@H](N)CNC(=O)c1[nH]c(=O)[nH]c(=O)c1F)C(C)C)C(=O)N[C@@H](Cc1ccccc1)[C@@H](O)C(=O)Nc1cccc(-c2noc(=S)[nH]2)c1,Active
CC(C)C[C@H](NC(=O)[C@@H](NC(=O)[C@@H](N)CNC(=O)c1cc(O)ccc1O)C(C)C)C(=O)N[C@@H](Cc1ccccc1)[C@@H](O)C(=O)Nc1cccc(-c2noc(=S)[nH]2)c1,Active
NC1=Nc2cc(F)c3cc2CN1[C@H](C1CCCCC1)CCC(=O)N(C1CCCCC1)CCc1cccc(c1)O3,Active
COc1cc2c3cc1Oc1cccc(c1)CCN(C1CCCCC1)C(=O)CC[C@@H](C1CCCCC1)N(C3)C(N)=N2,Active
NC1=Nc2cnc3cc2CN1[C@H](C1CCCCC1)CCC(=O)N(C1CCCCC1)CCc1cccc(c1)O3,Active
C[C@@H](NC(=O)c1cc(-c2noc([C@](C)(N)Cc3ccccc3)n2)cc(N(C)S(C)(=O)=O)c1)c1ccc(F)cc1,Moderate
C[C@@H](NC(=O)c1cc(-c2nnc([C@](C)(N)Cc3ccccc3)s2)cc(N(C)S(C)(=O)=O)c1)c1ccc(F)cc1,Inactive
C[C@@H](NC(=O)c1cc(-c2ncc([C@](C)(N)Cc3ccccc3)o2)cc(N(C)S(C)(=O)=O)c1)c1ccc(F)cc1,Active
CCCCNC(=O)[C@H](C)C[C@H](O)[C@H](CC(C)C)NC(=O)[C@H](CCSC)NC(=O)[C@@H](NC(C)=O)C(C)C,Moderate
NC1=Nc2ccc3cc2CN1[C@H](C1CCCCC1)CCC(=O)N(C1CCOCC1)CCc1cccc(c1)O3,Active
CC(C)[C@@H]1CCC(=O)N(C2CCOCC2)CCc2cccc(c2)Oc2ccc3c(c2)CN1C(N)=N3,Moderate
NC1=Nc2ccc3cc2CN1[C@H](C1CCCCC1)CCC(=O)N([C@H]1CC[C@@H](C(=O)O)CC1)CCc1cccc(c1)O3,Active
CCCN(CCC)C(=O)c1cc(C)cc(C(=O)N[C@@H](Cc2cc(F)cc(F)c2)[C@H](O)[C@H]2CN(C(=O)c3ccccc3)CCN2)c1,Moderate
CCCN(CCC)C(=O)c1cc(C)cc(C(=O)N[C@@H](Cc2cc(F)cc(F)c2)[C@H](O)[C@H]2CN(S(=O)(=O)c3ccccc3)CCN2)c1,Active
CCCN(CCC)C(=O)c1cc(C)cc(C(=O)N[C@@H](Cc2cc(F)cc(F)c2)[C@H](O)[C@H]2CN(S(=O)(=O)c3ccccc3C)CCN2)c1,Active
CCCN(CCC)C(=O)c1cc(C)cc(C(=O)N[C@@H](Cc2cc(F)cc(F)c2)[C@H](O)[C@H]2CN(S(=O)(=O)c3cccc(C)c3)CCN2)c1,Active
CCCN(CCC)C(=O)c1cc(C)cc(C(=O)N[C@@H](Cc2cc(F)cc(F)c2)[C@H](O)[C@H]2CN(S(=O)(=O)c3ccc(C)cc3)CCN2)c1,Moderate
CCCN(CCC)C(=O)c1cc(C)cc(C(=O)N[C@@H](Cc2cc(F)cc(F)c2)[C@H](O)[C@H]2CN(S(=O)(=O)c3ccccc3Cl)CCN2)c1,Moderate
CCCN(CCC)C(=O)c1cc(C)cc(C(=O)N[C@@H](Cc2cc(F)cc(F)c2)[C@H](O)[C@H]2CN(S(=O)(=O)c3cccc(Cl)c3)CCN2)c1,Active
CCCN(CCC)C(=O)c1cc(C)cc(C(=O)N[C@@H](Cc2cc(F)cc(F)c2)[C@H](O)[C@H]2CN(S(=O)(=O)c3ccc(Cl)cc3)CCN2)c1,Moderate
CCCN(CCC)C(=O)c1cc(C)cc(C(=O)N[C@@H](Cc2cc(F)cc(F)c2)[C@H](O)[C@H]2CN(S(=O)(=O)c3cccc(OC)c3)CCN2)c1,Active
CCCN(CCC)C(=O)c1cc(C)cc(C(=O)N[C@@H](Cc2cc(F)cc(F)c2)[C@H](O)[C@H]2CN(S(=O)(=O)c3ccc(OC)cc3)CCN2)c1,Moderate
CCCN(CCC)C(=O)c1cc(C)cc(C(=O)N[C@@H](Cc2cc(F)cc(F)c2)[C@H](O)[C@H]2CN(S(=O)(=O)c3ccc(C#N)cc3)CCN2)c1,Moderate
CCCN(CCC)C(=O)c1cc(C)cc(C(=O)N[C@@H](Cc2cc(F)cc(F)c2)[C@H](O)[C@H]2CN(S(=O)(=O)c3ccc(Cl)c(Cl)c3)CCN2)c1,Moderate
CCCN(CCC)C(=O)c1cc(C)cc(C(=O)N[C@@H](Cc2cc(F)cc(F)c2)[C@H](O)[C@H]2CN(S(=O)(=O)c3ccc(OC)c(OC)c3)CCN2)c1,Moderate
CCCN(CCC)C(=O)c1cc(C)cc(C(=O)N[C@@H](Cc2cc(F)cc(F)c2)[C@H](O)[C@H]2CN(S(=O)(=O)c3cnc(C)n3C)CCN2)c1,Active
CCCN(CCC)C(=O)c1cc(C)cc(C(=O)N[C@@H](Cc2cc(F)cc(F)c2)[C@H](O)[C@H]2CN(S(=O)(=O)c3cn(C)cn3)CCN2)c1,Active
CCCN(CCC)C(=O)c1cc(C)cc(C(=O)N[C@@H](Cc2cc(F)cc(F)c2)[C@H](O)[C@H]2CN(S(=O)(=O)c3cccs3)CCN2)c1,Active
CCCN(CCC)C(=O)c1cc(C)cc(C(=O)N[C@@H](Cc2cc(F)cc(F)c2)[C@H](O)[C@H]2CN(S(=O)(=O)c3ccncc3)CCN2)c1,Active
CCCN(CCC)C(=O)c1cc(C)cc(C(=O)N[C@@H](Cc2cc(F)cc(F)c2)[C@H](O)[C@H]2CN(S(=O)(=O)c3cnoc3C)CCN2)c1,Moderate
CCCN(CCC)C(=O)c1cc(C)cc(C(=O)N[C@@H](Cc2cc(F)cc(F)c2)[C@H](O)[C@H]2CN(S(=O)(=O)c3sc(C)nc3C)CCN2)c1,Moderate
CCCN(CCC)C(=O)c1cc(C)cc(C(=O)N[C@@H](Cc2cc(F)cc(F)c2)[C@H](O)[C@H]2CN(S(=O)(=O)c3c(C)nn(C)c3C)CCN2)c1,Moderate
CCCN(CCC)C(=O)c1cc(C)cc(C(=O)N[C@@H](Cc2cc(F)cc(F)c2)[C@H](O)[C@H]2CN(S(=O)(=O)c3c(C)noc3C)CCN2)c1,Moderate
CCCN(CCC)C(=O)c1cc(C)cc(C(=O)N[C@@H](Cc2cc(F)cc(F)c2)[C@H](O)[C@H]2CN(S(=O)(=O)c3cccnc3)CCN2)c1,Moderate
CCCN(CCC)C(=O)c1cc(C)cc(C(=O)N[C@@H](Cc2cc(F)cc(F)c2)[C@H](O)[C@H]2CN(S(C)(=O)=O)CCN2)c1,Moderate
CCCN(CCC)C(=O)c1cc(C)cc(C(=O)N[C@@H](Cc2cc(F)cc(F)c2)[C@H](O)[C@H]2CN(S(=O)(=O)CCC)CCN2)c1,Moderate
COC[C@H]1CCCN1C(=O)c1cc(C)cc(C(=O)N[C@@H](Cc2cc(F)cc(F)c2)[C@H](O)[C@H]2CN(S(=O)(=O)c3cccc(C)c3)CCN2)c1,Active
COC[C@H]1CCCN1C(=O)CCCC(=O)N[C@@H](Cc1cc(F)cc(F)c1)[C@H](O)[C@H]1CN(S(=O)(=O)c2cccc(C)c2)CCN1,Active
Cc1cccc(S(=O)(=O)N2CCN[C@@H]([C@@H](O)[C@H](Cc3cc(F)cc(F)c3)NC(=O)c3cc(C(=O)N[C@H](C)c4ccccc4)cc(N4CCCCS4(=O)=O)c3)C2)c1,Active
CCNc1cc(C(=O)N[C@@H](Cc2cc(F)cc(F)c2)[C@H](O)[C@H]2CN(S(=O)(=O)c3cccc(C)c3)CCN2)cc(N2CCCCS2(=O)=O)c1,Active
CCNc1cc(C(=O)N[C@@H](Cc2cc(F)cc(F)c2)[C@H](O)[C@H]2CN(S(=O)(=O)c3cccc(C)c3)CCN2)cc(N(C)S(C)(=O)=O)c1,Active
CCCCN1CC(C(=O)N[C@@H](Cc2cc(F)cc(F)c2)[C@H](O)[C@H]2CN(S(=O)(=O)c3cccc(C)c3)CCN2)CC1=O,Moderate
COC[C@H]1CCCN1C(=O)c1cc(C)cc(C(=O)N[C@@H](Cc2cc(F)cc(F)c2)[C@H](O)[C@H]2CN(S(=O)(=O)c3ccccc3)CCN2)c1,Active
COC[C@H]1CCCN1C(=O)c1cc(C)cc(C(=O)N[C@@H](Cc2cc(F)cc(F)c2)[C@H](O)[C@H]2CN(S(=O)(=O)c3cccc(Cl)c3)CCN2)c1,Active
COC[C@H]1CCCN1C(=O)c1cc(C)cc(C(=O)N[C@@H](Cc2cc(F)cc(F)c2)[C@H](O)[C@H]2CN(S(=O)(=O)c3ccccn3)CCN2)c1,Active
COC[C@H]1CCCN1C(=O)c1cc(C)cc(C(=O)N[C@@H](Cc2cc(F)cc(F)c2)[C@H](O)[C@H]2CN(S(=O)(=O)c3ccc(Cl)s3)CCN2)c1,Active
COC[C@H]1CCCN1C(=O)c1cc(C)cc(C(=O)N[C@@H](Cc2cc(F)cc(F)c2)[C@H](O)[C@H]2CN(S(=O)(=O)c3cn(C)cn3)CCN2)c1,Active
COC[C@H]1CCCN1C(=O)c1cc(C)cc(C(=O)N[C@@H](Cc2cc(F)cc(F)c2)[C@H](O)[C@H]2CN(S(=O)(=O)Cc3ccccc3)CCN2)c1,Active
COC[C@H]1CCCN1C(=O)c1cc(C)cc(C(=O)N[C@@H](Cc2cc(F)cc(F)c2)[C@H](O)[C@H]2CN(S(=O)(=O)C3CC3)CCN2)c1,Active
COC[C@H]1CCCN1C(=O)c1cc(C)cc(C(=O)N[C@@H](Cc2cc(F)cc(F)c2)[C@H](O)[C@H]2CN(S(C)(=O)=O)CCN2)c1,Active
CCCN(CCC)C(=O)c1cc(C)cc(C(=O)N[C@@H](Cc2cc(F)cc(F)c2)[C@H](O)[C@H]2CN(Cc3ccccc3)CCN2)c1,Moderate
CCCCNC(=O)[C@H](C)C[C@H](O)[C@H](CC(C)C)NC(=O)[C@H](CCSC)NC(=O)[C@H](CC(C)C)NC(C)=O,Active
CC(C)[C@@H]1CCC(=O)N(C2CCCCC2)CCc2cccc(c2)Oc2ccc3c(c2)CN1C(N)=N3,Active
CC(C)CNC(=O)[C@H](C)C[C@H](O)[C@H](CC(C)C)NC(=O)[C@H](Cc1ccccc1)NC(=O)/C=C/c1ccc(C(F)(F)F)cc1,Inactive
NC1=Nc2ccc3cc2CN1[C@H](C1CCCCC1)CCC(=O)N(C1CCCCC1)CCc1cccc(c1)O3,Active
NC1=Nc2ccc3cc2CN1[C@H](C1CCCCC1)CCC(=O)N(C1CCCCC1)CCCc1cccc(c1)O3,Active
NC1=Nc2ccc3cc2CN1[C@@H](C1CCCCC1)CCC(=O)N(C1CCCCC1)CCCc1cccc(c1)O3,Moderate
CC(C)CNC(=O)[C@H](C)C[C@H](O)[C@H](CC(C)C)NC(=O)[C@H](Cc1ccc([N+](=O)[O-])cc1)NC(=O)/C=C/c1ccc(C(F)(F)F)cc1,Moderate
CC(C)CNC(=O)[C@H](C)C[C@H](O)[C@H](CC(C)C)NC(=O)[C@H](Cc1ccc([N+](=O)[O-])cc1)NC(=O)c1ccc([N+](=O)[O-])cc1,Moderate
COc1ccc(C(=O)N[C@@H](Cc2ccc([N+](=O)[O-])cc2)C(=O)N[C@@H](CC(C)C)[C@@H](O)C[C@@H](C)C(=O)NCC(C)C)cc1OC,Moderate
CC(C)CNC(=O)[C@H](C)C[C@H](O)[C@H](CC(C)C)NC(=O)[C@H](Cc1ccc([N+](=O)[O-])cc1)NC(=O)c1ccc(Cl)cc1Cl,Moderate
CC(C)CNC(=O)[C@H](C)C[C@H](O)[C@H](CC(C)C)NC(=O)[C@H](Cc1ccccc1)NC(=O)[C@H](CC(C)C)NC(=O)OC(C)(C)C,Moderate
CC(=O)NCC(=O)N[C@@H](Cc1ccccc1)[C@@H](O)CC(=O)N[C@@H](CC1CCCCC1)[C@@H](O)CC(=O)N[C@H](C(=O)NCc1ccc(C(=O)O)cc1)C(C)C,Moderate
CC(C)[C@H](NC(=O)C[C@H](O)[C@H](CC1CCCCC1)NC(=O)C[C@H](O)[C@H](Cc1ccccc1)NC(=O)[C@@H]1CCCN1)C(=O)NCc1ccc(C(=O)O)cc1,Moderate
NCCc1ccc(O)cc1,Inactive
CC(C)C(=O)c1cc(-c2nnc([C@](C)(N)Cc3ccccc3)o2)cc(N(C)S(C)(=O)=O)c1,Inactive
CCCN(c1cc(/C=C\C2CC2C)cc(-c2nnc([C@](C)(N)Cc3ccccc3)o2)c1)S(C)(=O)=O,Active
CC(=O)N[C@@H](Cc1cc(F)cc(F)c1)[C@H](O)CNC1(c2cccc(C(C)(C)C)c2)CCc2nc(C)ncc2C1,Active
O=C(Nc1ccc(Cl)cc1C(=O)c1ccccc1)c1ccc(Nc2nc(-c3ccccc3)c3cc(Br)ccc3n2)cc1,Inactive
O=C(C[n+]1ccccc1)Nc1cccc(C(=O)Nc2ccc(Cl)cc2)c1.[Cl-],Moderate
Clc1ccc(/C=N/Nc2nc(Nc3cccc(Br)c3)nc(N3CCOCC3)n2)cc1,Inactive
CC(C)(C)OC(=O)NC(CC(=O)OCc1ccccc1)C(=O)NC(COCc1ccccc1)C(=O)NCC(=O)OCc1ccccc1,Inactive
O=C(NCc1ccccc1Cl)c1ccc(N2CC3CC(C2)c2cccc(=O)n2C3)c(NS(=O)(=O)c2ccc3c(c2)OCCO3)c1,Inactive
O=C(NCc1ccc(Cl)cc1)c1ccc(N2CC3CC(C2)c2cccc(=O)n2C3)c(NS(=O)(=O)c2ccc3c(c2)OCCO3)c1,Inactive
CN(C)c1nc(N/N=C/c2cc(I)cc(I)c2O)nc(N2CCOCC2)n1,Inactive
CC1=C(C(=O)N[C@@H](Cc2ccccc2)[C@H](O)CNC2CC2)C(C)C(C(=O)N[C@H](C)c2ccccc2)=C(C)N1S(C)(=O)=O,Inactive
CC1=C(C(=O)NOCc2ccccc2)C(C)C(C(=O)N[C@@H](Cc2ccccc2)[C@H](O)CNC2CC2)=C(C)N1S(C)(=O)=O,Inactive
CCCC1C(C(=O)NOCc2ccccc2)=C(C)N(S(C)(=O)=O)C(C)=C1C(=O)N[C@@H](Cc1ccccc1)[C@H](O)CNC1CC1,Moderate
CC1=C(C(=O)NOCc2ccccc2)C(c2ccccc2)C(C(=O)N[C@@H](Cc2ccccc2)[C@H](O)CNC2CC2)=C(C)N1S(C)(=O)=O,Inactive
COC(=O)CN1C(C)=C(C(=O)NOCc2ccccc2)C(C)C(C(=O)N[C@@H](Cc2ccccc2)[C@H](O)CNC2CC2)=C1C,Inactive
CCCC1C(C(C)=O)=C(C)N(CC(=O)OC(C)C)C(C)=C1C(=O)N[C@@H](Cc1ccccc1)[C@H](O)CNc1cccc(F)c1,Inactive
COc1cccc(CNC[C@@H](O)[C@H](Cc2ccccc2)NC(=O)C2=CN(CC(=O)OC(C)C)C(C)=C(C(C)=O)C2C)c1,Inactive
CCCC1C(C(C)=O)=C(C)N(CC(=O)OC(C)C)C(C)=C1C(=O)N[C@@H](Cc1ccccc1)[C@H](O)CNc1cccc(OC)c1,Inactive
CC1=C(C(=O)N[C@@H](Cc2ccccc2)[C@H](O)CNC2CC2)C(C)C(C(=O)OCc2ccccc2)=C(C)N1CC(=O)N(C)C,Inactive
CC1=C(C(=O)N[C@@H](Cc2ccccc2)[C@H](O)CNC2CC2)C(C)C(C(=O)OCc2ccccc2)=C(C)N1CC(=O)N(C)C(C)C,Inactive
CCCC1C(C(=O)N[C@@H](Cc2ccccc2)[C@H](O)CNc2cccc(OC)c2)=CN(CC(=O)OC(C)C)C=C1C(=O)OC(C)(C)C,Inactive
CCCC1C(C(=O)NC(C)c2ccccc2)=CN(CC(=O)OC(C)C)C=C1C(=O)N[C@@H](Cc1ccccc1)[C@H](O)CNC1CC1,Inactive
CCCC1C(C(=O)NC(C)c2ccccc2)=CN(CC(=O)OC(C)C)C=C1C(=O)N[C@@H](Cc1ccccc1)[C@H](O)CNc1cccc(OC)c1,Inactive
C[C@@]12CC[C@H](O)[C@@H]3COC(=C31)C(=O)c1cc3cccc(O)c3cc12,Inactive
C[C@@]12CC[C@H](O)[C@@H]3COC(=C31)C(=O)c1cc3ccccc3cc12,Inactive
C=CN(C=C)C(=O)c1cc(OCC(=O)NCCCCCN)cc(C(=O)N[C@H](C)c2ccccc2)c1,Inactive
CCN1CCN(CCNC(=O)c2ccc3c(=O)n(Cc4ccc(Cl)cc4)c(=S)[nH]c3c2)CC1,Inactive
Oc1ccc(-c2ccccc2)cc1CN1CCN(Cc2cc(-c3ccccc3)ccc2O)CC1,Inactive
CSc1ccc(C(O)C(CO)NC(=O)c2cc3c(n(-c4ccc(Cl)cc4)c2=O)CC(C)(C)CC3=O)cc1,Inactive
Clc1ccc(/C=N/Nc2nc(NCc3ccc(Cl)cc3)nc(N3CCOCC3)n2)cc1,Inactive
Oc1c(I)cc(I)cc1/C=N/Nc1nc(NCc2ccccc2)nc(N2CCOCC2)n1,Inactive
FC(F)(Cl)Oc1ccc(Nc2nc(NCc3ccccc3)nc(N3CCCCC3)n2)cc1,Inactive
Cc1ccc(C)c(Nc2nc(N/N=C/c3cc(Br)c(O)c(Br)c3C)nc(N3CCOCC3)n2)c1,Inactive
Clc1nc(NCCN2CCOCC2)nc(NCc2ccc(I)cc2)n1,Inactive
CCOc1cc(C2C(C(=O)OCc3ccccc3)=C(C)NC3=C2C(=O)CC(C)(C)C3)cc(Br)c1O,Inactive
Cc1cccc(N(C)S(=O)(=O)c2ccc3[nH]cc(C(=O)NCCN4CCOCC4)c(=O)c3c2)c1,Inactive
Clc1ccc(/C=N/Nc2nc(Nc3ccccc3)nc(Nc3ccccc3)n2)cc1Cl,Inactive
CCOc1nc(NCCN2CCOCC2)nc(NNc2ccc(I)cc2C)n1,Inactive
COc1nc(NCCN2CCOCC2)nc(Nc2ccc(I)cc2)n1,Inactive
Cc1ccc(NC(=O)c2cccc(NC(=O)C[n+]3cccc(C(=O)NCCc4ccccc4)c3)c2)cc1.[Cl-],Moderate
O=C(C[n+]1cccc(C(=O)NCCc2ccccc2)c1)Nc1cccc(C(=O)Nc2ccc(Cl)cc2)c1.[Cl-],Inactive
COc1cccc2cc3c(cc12)[C@]1(C)CC[C@H](O)[C@@H]2COC(=C21)C3=O,Inactive
CC(=O)C1=C(C)N(CC(=O)OC(C)C)C(C)=C(C(=O)N[C@@H](Cc2ccccc2)[C@H](O)CNc2cccc(F)c2)C1C,Inactive
CCCC1C(C(C)=O)=C(C)N(CC(=O)OC(C)C)C(C)=C1C(=O)N[C@@H](Cc1ccccc1)[C@H](O)CNC1CC1,Inactive
CC(=O)Nc1cc(C(=O)NCc2cc(F)cc(Cl)c2)ccc1Sc1ccc(Cl)cc1,Inactive
CCN1CCCC1CNC(=O)c1ccc2c(=O)n(Cc3ccc(Cl)cc3)c(=S)[nH]c2c1,Inactive
O=C(CN1CCN(Cc2ccccc2)CC1)N/N=C\c1cc(I)cc(I)c1O,Inactive
CC1CCN(S(=O)(=O)c2ccc3[nH]c(=O)cc(C(=O)NCCCN4CCCC4)c3c2)CC1,Inactive
Cc1cc(Br)c(Nc2nc(CN3CCOCC3)nc(N/N=C/c3cc(I)cc(C)c3O)n2)cc1Cl,Inactive
Cc1ccc(C(=O)Nc2cccc(NC(=O)C[n+]3cccc(C(=O)NCCc4ccccc4)c3)c2)cc1.[Cl-],Moderate
O=C(Nc1ccc(Cl)c(C(F)(F)F)c1)C(NS(=O)(=O)c1cccs1)c1ccccc1,Inactive
CCSc1scc(CC)c1C1C(C(=O)Nc2ccc(Br)cn2)=C(C)NC2=C1C(=O)CC(C)(C)C2,Inactive
Cc1ccc(CNC(=O)c2ccc(N3CC4CC(C3)c3cccc(=O)n3C4)c(NS(=O)(=O)c3ccc4c(c3)OCCO4)c2)cc1,Inactive
Cc1ccc(Nc2nc(N/N=C/c3cccc(Br)c3)nc(N3CCOCC3)n2)cc1,Inactive
Cc1ccc(Nc2nc(N/N=C/c3ccc(Cl)c(Cl)c3)nc(N3CCOCC3)n2)c(Cl)c1,Inactive
COc1ccc(C(=O)Nc2ccccc2C(=O)NC(CCSC)C(=O)NNC(=O)Sc2nc3ccccc3s2)cc1,Inactive
O=C(CC1Sc2ccccc2NC1=O)Nc1ccccc1SC(F)(F)C(F)(F)C(F)(F)F,Inactive
O=C(NCc1ccccc1)c1c[nH]c2ccc(S(=O)(=O)NC3CCCCNC3=O)cc2c1=O,Inactive
O=C(O)c1cccc(-c2ccc(/C=N/Nc3nc(Nc4ccccc4)nc(N4CCCCC4)n3)o2)c1,Inactive
O=C(NCc1ccccc1)c1ccc(N2CC3CC(C2)c2cccc(=O)n2C3)c(NS(=O)(=O)c2ccc3c(c2)OCCO3)c1,Inactive
O=C(NCc1ccc(F)cc1)c1ccc(N2CC3CC(C2)c2cccc(=O)n2C3)c(NS(=O)(=O)c2ccc3c(c2)OCCO3)c1,Inactive
CCOc1cc(/C=N\NC(=O)COc2ccc(C)cc2)cc(I)c1O,Inactive
COc1ccc(NC(=O)c2cccc(NC(=O)C[n+]3ccccc3)c2)cc1.[Cl-],Moderate
C[C@@H](NC(=O)c1cc(NS(C)(=O)=O)cc(C(=O)N[C@@H](Cc2ccccc2)[C@H](O)CNC2CC2)c1)c1ccc(F)cc1,Inactive
O=C(NCCc1ccc(Cl)cc1)c1ccc(Cn2c(=S)[nH]c3ccc(N4CCOCC4)cc3c2=O)cc1,Inactive
CC(=O)C1=C(C)N(CC(=O)OC(C)C)C(C)=C(C(=O)N[C@@H](Cc2ccccc2)[C@H](O)CNC2CC2)C1C,Inactive
O=C(O)c1cc(-c2ccc(/C=N/Nc3nc(Nc4ccc(F)cc4)nc(N4CCOCC4)n3)o2)ccc1Cl,Moderate
NC(=O)c1ccc[n+](CC(=O)Nc2cccc(C(=O)Nc3ccc(Cl)cc3)c2)c1.[Cl-],Inactive
CC(C)OC(=O)CN1C=C(C(=O)N[C@@H](Cc2ccccc2)[C@H](O)CNC2CC2)C(C)C(C(=O)OC(C)(C)C)=C1,Inactive
CC1CCCCN1CCNC(=O)c1cc(=O)[nH]c2ccc(S(=O)(=O)N3CCCCC3)cc12,Inactive
O=C(Nc1cc(-c2ccccc2)ccc1N1CCNCC1)c1cc2ccccc2oc1=O,Moderate
COc1cc(/C=N/Nc2nc(Nc3ccccc3)nc(N3CCOCC3)n2)cc(Br)c1O,Inactive
Cc1ccc(C(=O)Nc2cccc(NC(=O)C[n+]3ccccc3)c2)cc1.[Cl-],Inactive
C[C@H](NC(=O)c1cc(OCC(=O)NCCCCCN)cc(OS(=O)(=O)Cc2ccccc2)c1)c1ccccc1,Inactive
COc1ccc(NC(=O)c2cccc(NC(=O)C[n+]3cccc(C(N)=O)c3)c2)cc1.[Cl-],Moderate
NC(=O)c1ccc[n+](CC(=O)Nc2cccc(NC(=O)c3ccccc3)c2)c1.[Cl-],Inactive
Oc1c(Cl)cc(Cl)cc1/C=N/Nc1nc(Nc2ccccc2)nc(Nc2ccccc2)n1,Inactive
Cc1ccc(Nc2nc(CN3CCOCC3)nc(N/N=C/c3cc(Br)cc(Br)c3O)n2)cc1,Inactive
O=C(NCCc1ccccc1)c1c[nH]c2ccc(S(=O)(=O)N3CCc4ccccc4C3)cc2c1=O,Inactive
O=C(Nc1ccccc1C(=O)NCC(O)CNC(=O)c1ccccc1NC(=O)c1ccccc1)c1ccccc1,Inactive
CCN1CCCC1CNC(=O)c1ccc2c(=O)n(Cc3cccc(Br)c3)c(=S)[nH]c2c1,Inactive
CCc1ccc(N2C(=O)Nc3ccc(Br)cc3C2(O)C(=O)NCc2ccccc2)cc1,Inactive
Oc1c(Br)cc(/C=N/Nc2nc(Nc3ccccc3)nc(Nc3ccccc3)n2)cc1Br,Inactive
Cc1ccc(C)c(Nc2nc(N/N=C/c3cc(Br)cc(Br)c3O)nc(N3CCOCC3)n2)c1,Inactive
COc1ccc(OC)c(/N=c2\oc3c(C)ncc(CO)c3cc2C(=O)Nc2ccc(Cl)cc2)c1,Inactive
NS(=O)(=O)c1ccc(NC(=O)CSc2nnc(-c3ccccc3)c(-c3ccccc3)n2)cc1,Inactive
CCOC(=O)C(Cc1ccc(O)cc1)NS(=O)(=O)c1ccc2c(c1)C(=O)c1ccccc1C2=O,Inactive
O=C(Nc1cc(Br)ccc1N1CCNCC1)c1cc2ccccc2oc1=O,Moderate
CCCC1C(C(=O)N[C@@H](Cc2ccccc2)[C@H](O)CNC2CC2)=CN(CC(=O)OC(C)C)C=C1C(=O)OC(C)(C)C,Inactive
COc1ccc(-n2nc(C(=O)NCC(=O)Nc3cccc(C)n3)c3ccccc3c2=O)cc1Cl,Inactive
O=C(NCCc1ccc(Cl)cc1)C1CCC(CNc2nc(=S)[nH]c3ccccc23)CC1,Inactive
COc1cc2[nH]c(=O)n(Cc3ccc(C(=O)NCc4ccc(C)cc4)cc3)c(=O)c2cc1OC,Inactive
NS(=O)(=O)c1ccc(CCNC(=O)CCc2nc3sc4c(c3c(=O)[nH]2)CCCC4)cc1,Inactive
Oc1c(I)cc(I)cc1/C=N/Nc1nc(Nc2cccc3ccccc23)nc(N2CCOCC2)n1,Inactive
CCc1ccc(N2C(=O)Nc3ccc(Br)cc3C2(O)C(=O)NCC(C)CN2CCC(C)CC2)cc1,Inactive
CC1CCCCN1CCNC(=O)c1cc(=O)[nH]c2ccc(S(=O)(=O)N3CCOCC3)cc12,Inactive
CCSc1sc(CC)cc1C1C(C(=O)Nc2ccc(C)cn2)=C(C)NC2=C1C(=O)CC(C)(C)C2,Inactive
CCC1C(C(=O)NC(C)c2ccccc2)=C(C)N(S(C)(=O)=O)C(C)=C1C(=O)N[C@@H](Cc1ccccc1)[C@H](O)CNC1CC1,Inactive
CCC1C(C(=O)NOCc2ccccc2)=C(C)N(S(C)(=O)=O)C(C)=C1C(=O)N[C@@H](Cc1ccccc1)[C@H](O)CNC1CC1,Moderate
CC1=C(C(=O)NOCc2ccccc2)C(C(C)C)C(C(=O)N[C@@H](Cc2ccccc2)[C@H](O)CNC2CC2)=C(C)N1S(C)(=O)=O,Inactive
C[C@@]12CC[C@@H](O)[C@@H]3COC(=C31)C(=O)c1cc3c(OCCO)cccc3cc12,Inactive
CC1=C(C(=O)NOCc2ccccc2)C(C)C(C(=O)N[C@@H](Cc2ccccc2)[C@H](O)CNC2CC2)=C(C)N1CC(=O)OC(C)C,Moderate
CCOC(=O)CN1C(C)=C(C(=O)NOCc2ccccc2)C(C)C(C(=O)N[C@@H](Cc2ccccc2)[C@H](O)CNC2CC2)=C1C,Inactive
CCCC1C(C(C)=O)=C(C)N(CC(=O)OC(C)C)C(C)=C1C(=O)N[C@@H](Cc1ccccc1)[C@H](O)CNCc1cccc(OC)c1,Inactive
CC(=O)OCCCN1C(C)=C(C(=O)N[C@@H](Cc2ccccc2)[C@H](O)CNC2CC2)C(C)C(C(=O)OCc2ccccc2)=C1C,Inactive
CC1=C(C(=O)N[C@@H](Cc2ccccc2)[C@H](O)CNC2CC2)C(C)C(C(=O)OCc2ccccc2)=C(C)N1CC(=O)N1CCOCC1,Inactive
CC1=C(C(=O)OCc2ccccc2)C(C)C(C(=O)N[C@@H](Cc2ccccc2)[C@H](O)CNC2CC2)=CN1CC(=O)OC(C)C,Inactive
CC(C)OC(=O)CN1C=C(C(=O)NC(C)c2ccccc2)C(C)C(C(=O)N[C@@H](Cc2ccccc2)[C@H](O)CNC2CC2)=C1,Inactive
CCCCCCc1nc2ccccc2c(=O)n1NC(O)c1c(O)c2cccc3c2n(c1=O)CCC3,Inactive
CC(=O)C1=C(C)N(CC(=O)OC(C)C)C=C(C(=O)N[C@@H](Cc2ccccc2)[C@H](O)CNc2cccc(F)c2)C1C,Inactive
CCNc1cc(C(=O)N[C@@H](Cc2ccccc2)[C@H](O)CNc2cccc(C(F)(F)F)c2)cc(N2CCCCS2(=O)=O)c1,Active
CCCc1cc(=O)oc2c(C)c(OCC(=O)NCC(=O)NCC(=O)O)ccc12,Inactive
COc1cccc2cc(C(=O)Nc3cc(Br)ccc3N3CCNCC3)c(=O)oc12,Moderate
Oc1c(I)cc(I)cc1/C=N/Nc1nc(Nc2ccccc2)nc(Nc2ccccc2)n1,Inactive
Cc1ccc(Nc2nc(N/N=C/c3cc(Br)cc(Br)c3O)nc(N3CCOCC3)n2)cc1Cl,Inactive
O=C1CSC(c2ccc(Cl)cc2)N1Nc1nc(Nc2ccccc2)nc(N2CCCCC2)n1,Inactive
O=C(O)c1cc(-c2ccc(/C=N/Nc3nc(Nc4ccc(F)cc4)nc(N4CCCCC4)n3)o2)ccc1O,Inactive
NNC(=O)CN1C(CN2CCOCC2)=Nc2ccc(Br)cc2C1c1ccccc1,Inactive
CCCCc1ccc(Nc2nc3ccccc3nc2NS(=O)(=O)c2ccc(Cl)cc2)cc1,Inactive
CN(C)CCNC(=O)c1c[nH]c2ccc(S(=O)(=O)N3CCc4ccccc4C3)cc2c1=O,Inactive
CCC(C)C[C@H](NC(=O)[C@H](CC(C)C)NC(C)=O)[C@@H](O)CC(=O)NC(CC[S+](C)[O-])[C@@H](O)CC(=O)N[C@H](C(=O)NCc1ccc(C(=O)O)cc1)C(C)C,Inactive
COc1cc(O)c2c(=O)cc(-c3ccc(O)c(-c4c(OC)cc(O)c5c(=O)cc(-c6ccc(O)cc6)oc45)c3)oc2c1,Moderate
C/C=C(\C)c1cccc(C2(NC[C@@H](O)[C@H](Cc3cc(F)cc(F)c3)NC(C)=O)CCCCC2)c1,Moderate
CCC(C)(C)c1cccc(C2(NC[C@@H](O)[C@H](Cc3cc(F)cc(F)c3)NC(C)=O)CCCCC2)c1,Moderate
CC(=O)N[C@@H](Cc1cc(F)cc(F)c1)[C@H](O)CNC1(c2cccc(CC(C)C)c2)CCCCC1,Moderate
CC(=O)N[C@@H](Cc1cc(F)cc(F)c1)[C@H](O)CNC1(c2cccc(N(C)C)c2)CCCCC1,Moderate
COc1ccc(-c2cc(=O)c3c(O)cc(O)c(-c4cc(-c5cc(=O)c6c(O)cc(O)cc6o5)ccc4OC)c3o2)cc1,Moderate
COc1ccc([C@@H]2CC(=O)c3c(cc(OC)c(C)c3O)O2)cc1-c1c(O)cc(O)c2c(=O)cc(-c3ccc(O)cc3)oc12,Moderate
CC(=O)N[C@@H](Cc1cc(F)cc(F)c1)[C@H](O)CNC1(c2cccc(C(C)(C)C#N)c2)CCCCC1,Moderate
CC(=O)N[C@@H](Cc1cc(F)cc(F)c1)[C@H](O)CNC1(c2cccc(C#N)c2)CCCCC1,Moderate
CC(=O)N[C@@H](Cc1cc(F)cc(F)c1)[C@H](O)CNC1(c2cccc(C(C)(C)CO)c2)CCCCC1,Moderate
CC(=O)N[C@@H](Cc1cc(F)cc(F)c1)[C@H](O)CNC1(c2cccc(S(C)(=O)=O)c2)CCCCC1,Moderate
CC(=O)N[C@@H](Cc1cc(F)cc(F)c1)[C@H](O)CNC1(c2cccc(-c3ccco3)c2)CCCCC1,Moderate
CC(=O)N[C@@H](Cc1cc(F)cc(F)c1)[C@H](O)CNC1(c2cccc(-c3ccoc3)c2)CCCCC1,Active
CC(=O)N[C@@H](Cc1cc(F)cc(F)c1)[C@H](O)CNC1(c2cccc(-c3ccsc3)c2)CCCCC1,Active
CC(=O)N[C@@H](Cc1cc(F)cc(F)c1)[C@H](O)CNC1(c2cccc(-c3cccs3)c2)CCCCC1,Moderate
CC(=O)N[C@@H](Cc1cc(F)cc(F)c1)[C@H](O)CNC1(c2cccc(-c3cscn3)c2)CCCCC1,Active
CC(=O)N[C@@H](Cc1cc(F)cc(F)c1)[C@H](O)CNC1(c2cccc(-n3ccnc3)c2)CCCCC1,Moderate
CC(=O)N[C@@H](Cc1cc(F)cc(F)c1)[C@H](O)CNC1(c2cccc(-n3nccn3)c2)CCCCC1,Moderate
CC(=O)N[C@@H](Cc1cc(F)cc(F)c1)[C@H](O)CNC1(c2cccc(C3CCCC3)c2)CCCCC1,Moderate
CC(=O)N[C@@H](Cc1cc(F)cc(F)c1)[C@H](O)CNC1(c2cccc(C3CCCO3)c2)CCCCC1,Active
CC(=O)N[C@@H](Cc1cc(F)cc(F)c1)[C@H](O)CNC1(c2cccc(C3CCOC3)c2)CCCCC1,Active
CC(=O)N[C@@H](Cc1cc(F)cc(F)c1)[C@H](O)CNC1(c2cccc(N3CCCC3=O)c2)CCCCC1,Moderate
CC(=O)N[C@@H](Cc1cc(F)cc(F)c1)[C@H](O)CNC1(c2cccc(N3CCOC3=O)c2)CCCCC1,Moderate
CC(=O)N[C@@H](Cc1cc(F)cc(F)c1)[C@H](O)CNC1(c2cccc(N3CCNC3=O)c2)CCCCC1,Moderate
CC(=O)N[C@@H](Cc1cc(F)cc(F)c1)[C@H](O)CNC1(c2cccc(C3CCCC3=O)c2)CCCCC1,Moderate
CC(=O)N[C@@H](Cc1cc(F)cc(F)c1)[C@H](O)CNC1(c2cccc(N3C(=O)C4CCC3C4)c2)CCCCC1,Active
CC(=O)N[C@@H](Cc1cc(F)cc(F)c1)[C@H](O)CNC1(c2cccc(N3CCCCC3=O)c2)CCCCC1,Active
CC(=O)N[C@@H](Cc1cc(F)cc(F)c1)[C@H](O)CNC1(c2cccc(N3CCOCC3=O)c2)CCCCC1,Moderate
CC(=O)N[C@@H](Cc1cc(F)cc(F)c1)[C@H](O)CNC1(c2cccc(N3CCCNC3=O)c2)CCCCC1,Moderate
CC(=O)N[C@@H](Cc1cc(F)cc(F)c1)[C@H](O)CNC1(c2cccc(N3CCCOCC3=O)c2)CCCCC1,Moderate
CC(=O)N[C@@H](Cc1cc(F)cc(F)c1)[C@H](O)CNC1(c2cccc(C3CCOCOC3)c2)CCCCC1,Moderate
CC(=O)N[C@@H](Cc1cc(F)cc(F)c1)[C@H](O)CNC1(c2cccc(N3CCCOCC3)c2)CCCCC1,Moderate
CC(=O)N[C@@H](Cc1cc(F)cc(F)c1)[C@H](O)CNC1(c2cccc(C3CCCO3)c2)CC1,Moderate
CC(=O)N[C@@H](Cc1cc(F)cc(F)c1)[C@H](O)CNC1(c2cccc(C3(C)CCCO3)c2)CC1,Moderate
CC(=O)N[C@@H](Cc1cc(F)cc(F)c1)[C@H](O)CNC1(c2cccc(C3CCCCO3)c2)CC1,Moderate
CC(=O)N[C@@H](Cc1cc(F)cc(F)c1)[C@H](O)CNC1(c2cccc(C3COCCO3)c2)CC1,Moderate
CC(=O)N[C@@H](Cc1cc(F)cc(F)c1)[C@H](O)CNC1(c2cccc(N3CC4CC3CO4)c2)CC1,Moderate
CC(=O)N[C@@H](Cc1cc(F)cc(F)c1)[C@H](O)CNC1(c2cccc(N3CC4CCC3C4)c2)CC1,Moderate
CC(=O)N[C@@H](Cc1cc(F)cc(F)c1)[C@H](O)CNC1(c2cccc(I)c2)CCCCC1,Moderate
CCc1cccc(C2(NC[C@@H](O)[C@H](Cc3cc(F)cc(F)c3)NC(C)=O)CCCCC2)c1,Moderate
C=C(C)c1cccc(C2(NC[C@@H](O)[C@H](Cc3cc(F)cc(F)c3)NC(C)=O)CCCCC2)c1,Active
C[C@H](NC[C@@H](O)[C@H](Cc1ccccc1)NC(=O)c1cccc(N(c2ccccc2)S(C)(=O)=O)c1)C(=O)NC1CCCCC1,Moderate
C[C@H](NC[C@@H](O)[C@H](Cc1ccccc1)NC(=O)c1cccc(Nc2ccccc2)c1)C(=O)NC1CCCCC1,Moderate
CC(=O)N(c1ccccc1)c1cccc(C(=O)N[C@@H](Cc2ccccc2)[C@H](O)CN[C@@H](C)C(=O)NC2CCCCC2)c1,Moderate
C[C@H](NC[C@@H](O)[C@H](Cc1ccccc1)NC(=O)c1cccc(N(C2CCCCC2)S(C)(=O)=O)c1)C(=O)NC1CCCCC1,Moderate
C[C@H](NC[C@@H](O)[C@H](Cc1ccccc1)NC(=O)c1cccc(N(Cc2ccccc2)S(C)(=O)=O)c1)C(=O)NC1CCCCC1,Moderate
C[C@H](NC[C@@H](O)[C@H](Cc1ccccc1)NC(=O)c1cccc(NS(=O)(=O)c2ccccc2)c1)C(=O)NC1CCCCC1,Moderate
C[C@H](NC[C@@H](O)[C@H](Cc1ccccc1)NC(=O)c1cccc(NS(=O)(=O)Cc2ccccc2)c1)C(=O)NC1CCCCC1,Moderate
C[C@H](NC[C@@H](O)[C@H](Cc1ccccc1)NC(=O)c1cccc(OS(=O)(=O)Cc2ccccc2)c1)C(=O)NC1CCCCC1,Inactive
C[C@H](NC[C@@H](O)[C@H](Cc1ccccc1)NC(=O)c1cccc(CS(=O)(=O)c2ccccc2)c1)C(=O)NC1CCCCC1,Inactive
C[C@H](NC[C@@H](O)[C@H](Cc1ccccc1)NC(=O)c1cccc(S(=O)(=O)Cc2ccccc2)c1)C(=O)NC1CCCCC1,Inactive
C[C@H](NC[C@@H](O)[C@H](Cc1ccccc1)NC(=O)c1cccc(S(=O)(=O)N(C)Cc2ccccc2)c1)C(=O)NC1CCCCC1,Inactive
CS(=O)(=O)N(c1ccccc1)c1cccc(C(=O)N[C@@H](Cc2ccccc2)[C@H](O)CNCc2cccc(C(F)(F)F)c2)c1,Active
COc1ccccc1N(c1cccc(C(=O)N[C@@H](Cc2ccccc2)[C@H](O)CN[C@@H](C)C(=O)NC2CCCCC2)c1)S(C)(=O)=O,Moderate
C[C@H](NC[C@@H](O)[C@H](Cc1ccccc1)NC(=O)c1cccc(N(c2ccccc2C#N)S(C)(=O)=O)c1)C(=O)NC1CCCCC1,Moderate
COc1cccc(N(c2cccc(C(=O)N[C@@H](Cc3ccccc3)[C@H](O)CN[C@@H](C)C(=O)NC3CCCCC3)c2)S(C)(=O)=O)c1,Active
C[C@H](NC[C@@H](O)[C@H](Cc1ccccc1)NC(=O)c1cccc(N(c2cccc(C#N)c2)S(C)(=O)=O)c1)C(=O)NC1CCCCC1,Active
COc1ccc(N(c2cccc(C(=O)N[C@@H](Cc3ccccc3)[C@H](O)CN[C@@H](C)C(=O)NC3CCCCC3)c2)S(C)(=O)=O)cc1,Active
C[C@H](NC[C@@H](O)[C@H](Cc1ccccc1)NC(=O)c1cccc(N(c2ccc(C(F)(F)F)cc2)S(C)(=O)=O)c1)C(=O)NC1CCCCC1,Active
C[C@H](NC[C@@H](O)[C@H](Cc1ccccc1)NC(=O)c1cccc(N(c2ccc(Cl)cc2)S(C)(=O)=O)c1)C(=O)NC1CCCCC1,Active
C[C@H](NC[C@@H](O)[C@H](Cc1ccccc1)NC(=O)c1cccc(N(c2ccc(C#N)cc2)S(C)(=O)=O)c1)C(=O)NC1CCCCC1,Moderate
C[C@H](NC[C@@H](O)[C@H](Cc1ccccc1)NC(=O)c1cccc(N(c2cc(Cl)cc(Cl)c2)S(C)(=O)=O)c1)C(=O)NC1CCCCC1,Active
O=C(N[C@@H](Cc1ccccc1)[C@H](O)CNCc1cccc(C(F)(F)F)c1)c1cccc(N2c3ccccc3OS2(=O)=O)c1,Moderate
CS(=O)(=O)N(c1cccc(C(=O)N[C@@H](Cc2ccccc2)[C@H](O)CNCc2cccc(C(F)(F)F)c2)c1)c1ccccn1,Moderate
CS(=O)(=O)N(c1ccncc1)c1cccc(C(=O)N[C@@H](Cc2ccccc2)[C@H](O)CNCc2cccc(C(F)(F)F)c2)c1,Moderate
Cc1c(C(=O)N[C@@H](Cc2ccccc2)[C@H](O)CNCc2cccc(C(F)(F)F)c2)cccc1N(c1ccccc1)S(C)(=O)=O,Active
Cc1ccc(C(=O)N[C@@H](Cc2ccccc2)[C@H](O)CNCc2cccc(C(F)(F)F)c2)cc1N(c1ccccc1)S(C)(=O)=O,Moderate
Cc1ccc(N(c2ccccc2)S(C)(=O)=O)cc1C(=O)N[C@@H](Cc1ccccc1)[C@H](O)CNCc1cccc(C(F)(F)F)c1,Moderate
CS(=O)(=O)N(c1ccncc1)c1cccc(C(=O)N[C@@H](Cc2ccccc2)[C@H](O)CNCc2cccc(C(F)(F)F)c2)c1.Cl,Active
CS(=O)(=O)N(c1cccnc1)c1cccc(C(=O)N[C@@H](Cc2ccccc2)[C@H](O)CNCc2cccc(C(F)(F)F)c2)c1,Active
CCNc1cc(C(=O)N[C@@H](Cc2ccccc2)[C@H](O)CN[C@@H](C)C(=O)NC2CCCCC2)cc(N(c2ccccc2)S(C)(=O)=O)c1,Active
CCOc1cc(C(=O)N[C@@H](Cc2ccccc2)[C@H](O)CNCc2cccc(C(F)(F)F)c2)cc(N(c2ccccc2)S(C)(=O)=O)c1,Active
CC(C)c1cc(C(=O)N[C@@H](Cc2ccccc2)[C@H](O)CNCc2cccc(C(F)(F)F)c2)cc(N(c2ccccc2)S(C)(=O)=O)c1,Moderate
CS(=O)(=O)N(c1ccccc1)c1cc(C(=O)N[C@@H](Cc2ccccc2)[C@H](O)CNCc2cccc(C(F)(F)F)c2)cc(-c2ccccc2)c1,Active
CS(=O)(=O)N(c1ccccc1)c1cc(C(=O)N[C@@H](Cc2ccccc2)[C@H](O)CNCc2cccc(C(F)(F)F)c2)cc(N2CCCC2=O)c1,Active
CCS(=O)(=O)c1cc(C(=O)N[C@@H](Cc2ccccc2)[C@H](O)CNCc2cccc(C(F)(F)F)c2)cc(N(c2ccccc2)S(C)(=O)=O)c1,Moderate
CC(C)CCCC(C)NC[C@@H](O)[C@H](Cc1ccccc1)NC(=O)c1cccc(N(c2ccccc2)S(C)(=O)=O)c1,Active
CS(=O)(=O)N(c1ccccc1)c1cccc(C(=O)N[C@@H](Cc2ccccc2)[C@H](O)CNC2CCCCC2)c1,Moderate
CS(=O)(=O)N(c1ccccc1)c1cccc(C(=O)N[C@@H](Cc2ccccc2)[C@H](O)CNC2CC2)c1,Moderate
CS(=O)(=O)N(c1ccccc1)c1cc(C(=O)N[C@@H](Cc2ccccc2)[C@H](O)CNCc2cccc(C(F)(F)F)c2)cc(C2CCCC2)c1,Moderate
CCCCCCNCCOc1ccc(Br)cc1NC(=O)Cc1ccccc1Cl,Inactive
O=C(Cc1ccccc1Cl)Nc1cc(Br)ccc1OCCNC1CC1,Inactive
NCCCCCCNCCOc1ccc(Br)cc1NC(=O)Cc1ccccc1Cl,Inactive
CC(C)C[C@@H](CC(=O)NCc1cccc(F)c1)n1c(N)nc2cc(Cl)ccc21,Inactive
COn1c(-c2ccccc2)nc2ncccc21,Inactive
Nc1nc2cc(Cl)ccc2n1CCCO,Inactive
Clc1cccc(-c2cnc3ncccn23)c1,Inactive
c1cnc2ncc(-c3ccncc3)n2c1,Inactive
O=C1c2ccccc2C(=O)C1(O)O,Inactive
Nc1nc2cc(Cl)ccc2n1CCCC(=O)NCc1ccccc1,Inactive
CN(C(=O)CCCn1c(N)nc2cc(Cl)ccc21)C1CCCCC1,Inactive
CC(C)NC(=O)CCCn1c(N)nc2cc(Cl)ccc21,Inactive
Nc1nc2cc(Cl)ccc2n1CCCC(=O)NCCC1CCNC1,Inactive
Nc1nc2cc(Cl)ccc2n1CCCC(=O)NCc1ccccn1,Inactive
Nc1nc2cc(Cl)ccc2n1CCCC(=O)NCC1CCCCC1,Inactive
CN1CCC(NC(=O)CCCn2c(N)nc3cc(Cl)ccc32)CC1,Inactive
Nc1nc2cc(Cl)ccc2n1CCCC(=O)NCC1CC1,Inactive
CN(CC1CCCCC1)C(=O)CCCn1c(N)nc2cc(Cl)ccc21,Inactive
CC[C@@H](CC(=O)NCc1ccccc1)n1c(N)nc2cc(Cl)ccc21,Inactive
CC(C)C[C@@H](CC(=O)NC(C)C)n1c(N)nc2cc(Cl)ccc21,Inactive
CC[C@@H](CC(=O)NC(C)C)n1c(N)nc2cc(Cl)ccc21,Inactive
CC[C@@H](CC(=O)NCC1CC1)n1c(N)nc2cc(Cl)ccc21,Inactive
CC[C@@H](CC(=O)NCC1CCCCC1)n1c(N)nc2cc(Cl)ccc21,Moderate
CC[C@@H](CC(=O)NC1C2CC3CC(C2)CC1C3)n1c(N)nc2cc(Cl)ccc21,Moderate
CC[C@@H](CC(=O)NCCC(C)(C)C)n1c(N)nc2cc(Cl)ccc21,Inactive
CC[C@@H](CC(=O)N[C@H](COC(C)(C)C)C(=O)OC)n1c(N)nc2cc(Cl)ccc21,Inactive
CC[C@@H](CC(=O)N[C@@H](COC(C)(C)C)C(=O)O)n1c(N)nc2cc(Cl)ccc21,Inactive
CC(C)C(/C=C\[C@@H](C)[C@H]1CC[C@H]2[C@@H]3C[C@H](OS(=O)(=O)[O-])[C@H]4C[C@H](OS(=O)(=O)[O-])[C@@H](OS(=O)(=O)[O-])C[C@]4(C)[C@H]3CC[C@]12C)C(C)C.[Na+].[Na+].[Na+],Moderate
O=c1[nH]c(=O)c2cc[nH]c2[nH]1,Moderate
CC(C)C[C@H](NC(=O)[C@@H](NC(=O)[C@@H](N)CNC(=O)c1nnn[nH]1)C(C)C)C(=O)NC[C@](O)(CCc1ccccc1)C(=O)Nc1cccc(C(=O)O)c1,Moderate
CC(=O)N[C@@H](Cc1cc(F)cc(F)c1)[C@H](O)CNC1(c2cc(CC(C)(C)C)cs2)CC1,Moderate
CCC[C@H]1CN(Cc2ccc(CN3C(=N)N[C@](CCC4CCCCC4)(CC4CCCCC4)C3=O)cc2)C(=O)N1,Active
COc1cccc(-c2cccc([C@]3(C)CC(=O)N(C)C(N)=N3)c2)c1,Moderate
CC(C)n1nc(-c2ccc3ncccc3c2)c2c(N)ncnc21,Moderate
COc1cc(-c2nn(C(C)C)c3ncnc(N)c23)ccc1NC(=O)OC(C)(C)C,Moderate
CC(C)n1nc(-c2ccc(Br)c(O)c2)c2c(N)ncnc21,Moderate
CCCN(CCC)C(=O)c1cc(C(=O)N[C@@H](Cc2ccccc2)[C@H](O)CNCc2cccc(OC)c2)cc(C(=O)N(CCC)CCC)c1,Moderate
CC(=O)N[C@@H](Cc1cc(F)cc(F)c1)[C@H](O)CNC1(c2cn(C[Si](C)(C)C)nn2)CCCCC1,Active
CC(=O)N[C@@H](Cc1cc(F)cc(F)c1)[C@H](O)CNC1(c2cn(C34CC5CC(CC(C5)C3)C4)nn2)CCCCC1,Moderate
CC(=O)N[C@@H](Cc1cc(F)cc(F)c1)[C@H](O)CNC1(c2cc(C(C)(C)C)ncn2)CCCCC1,Moderate
CC(=O)N[C@@H](Cc1cc(F)cc(F)c1)[C@H](O)CNC1(c2cccc(C(C)(C)C)c2)CC1,Active
CC(=O)N[C@@H](Cc1cc(F)cc(F)c1)[C@H](O)CNC1(c2cccc(CC(C)(C)C)c2)CC1,Moderate
CC(=O)N[C@@H](Cc1cc(F)cc(F)c1)[C@H](O)CNC1(c2cc(C(C)(C)C)ccn2)CC1,Moderate
Oc1cc(O)c2c(c1)O[C@H](c1cc(O)c(O)c(O)c1)[C@@H](O)C2,Moderate
CC(=O)N[C@@H](Cc1cc(F)cc(F)c1)[C@H](O)CNC1(c2cccc(CC(C)(C)C)c2)CCCCC1,Moderate
CC(=O)N[C@@H](Cc1cc(F)cc(F)c1)[C@H](O)CNC1(c2cc(F)cc(C(C)(C)C)c2)CCCCC1,Active
CC(=O)N[C@@H](Cc1cc(F)cc(F)c1)[C@H](O)CNC1(c2cncc(CC(C)(C)C)c2)CC1,Moderate
CC(=O)N[C@@H](Cc1cc(F)cc(F)c1)[C@H](O)CNC1(c2cc(CC(C)(C)C)c[n+]([O-])c2)CC1,Moderate
CC(=O)N[C@@H](Cc1cc(F)cc(F)c1)[C@H](O)CNC1(c2cc(Br)cc(C(C)(C)C)c2)CCCCC1,Moderate
CC(=O)N[C@@H](Cc1cc(F)cc(F)c1)[C@H](O)CNC1(c2cc(I)cc(C(C)(C)C)c2)CCCCC1,Moderate
CC(=O)N[C@@H](Cc1cc(F)cc(F)c1)[C@H](O)CNC1(c2ccc(CC(C)(C)C)s2)CC1,Moderate
CC(=O)N[C@@H](Cc1cc(F)cc(F)c1)[C@H](O)CNC1(c2cc(C)cc(C(C)(C)C)c2)CCCCC1,Moderate
COc1cc(C(C)(C)C)cc(C2(NC[C@@H](O)[C@H](Cc3cc(F)cc(F)c3)NC(C)=O)CCCCC2)c1,Active
CC(=O)N[C@@H](Cc1cc(F)cc(F)c1)[C@H](O)CNC1(c2ncc(C(C)(C)C)o2)CC1,Moderate
CC(=O)N[C@@H](Cc1cc(F)cc(F)c1)[C@H](O)CNC1(c2nc(C(C)(C)C)co2)CC1,Inactive
CC(=O)N[C@@H](Cc1cc(F)cc(F)c1)[C@H](O)CNC1(c2cc(O)cc(C(C)(C)C)c2)CCCCC1,Moderate
CC(=O)N[C@@H](Cc1cc(F)cc(F)c1)[C@H](O)CNC1(c2cc(N)cc(C(C)(C)C)c2)CCCCC1,Active
CC(=O)N[C@@H](Cc1cc(F)cc(F)c1)[C@H](O)CNC1(c2nc(CC(C)(C)C)cs2)CC1,Moderate
CC(=O)N[C@@H](Cc1cc(F)cc(F)c1)[C@H](O)CNC1(c2csc(CC(C)(C)C)n2)CC1,Moderate
CC(=O)N[C@@H](Cc1cc(F)cc(F)c1)[C@H](O)CNC1(c2cc(NS(C)(=O)=O)cc(C(C)(C)C)c2)CCCCC1,Active
CC(=O)N[C@@H](Cc1cc(F)cc(F)c1)[C@H](O)CNC1(c2cnn(CC(C)(C)C)c2)CC1,Active
CC(=O)N[C@@H](Cc1cc(F)cc(F)c1)[C@H](O)CNC1(c2ccn(CC(C)(C)C)n2)CC1,Moderate
CC(=O)N[C@@H](Cc1cc(F)cc(F)c1)[C@H](O)CNC1(c2cc(C(C)=O)cc(C(C)(C)C)c2)CCCCC1,Active
CC(=O)N[C@@H](Cc1cc(F)cc(F)c1)[C@H](O)CNC1(c2ccc(Br)c(C(C)(C)C)c2)CCCCC1,Moderate
CC(=O)N[C@@H](Cc1cc(F)cc(F)c1)[C@H](O)CNC1(c2cn(CC(C)(C)C)nn2)CC1,Moderate
CC(=O)N[C@@H](Cc1cc(F)cc(F)c1)[C@H](O)CNC1(c2cccs2)CCCCC1,Moderate
CC(=O)N[C@@H](Cc1cc(F)cc(F)c1)[C@H](O)CNC1(c2ccc(C(C)C)s2)CCCCC1,Moderate
CC(=O)N[C@@H](Cc1cc(F)cc(F)c1)[C@H](O)CNC1(c2csc(C(C)C)c2)CCCCC1,Moderate
CC(=O)N[C@@H](Cc1cc(F)cc(F)c1)[C@H](O)CNC1(c2cc(C(C)C)cs2)CCCCC1,Moderate
CC(=O)N[C@@H](Cc1cc(F)cc(F)c1)[C@H](O)CNC1(c2cc(C(C)(C)C)cs2)CCCCC1,Active
CC(=O)N[C@@H](Cc1cc(F)cc(F)c1)[C@H](O)CNC1(c2cc(CC(C)(C)C)cs2)CCCCC1,Moderate
C#Cc1csc(C2(NC[C@@H](O)[C@H](Cc3cc(F)cc(F)c3)NC(C)=O)CCCCC2)c1,Moderate
CCc1csc(C2(NC[C@@H](O)[C@H](Cc3cc(F)cc(F)c3)NC(C)=O)CCCCC2)c1,Moderate
CC(=O)N[C@@H](Cc1cc(F)cc(F)c1)[C@H](O)CNC1(c2cc(C(C)(C)C)no2)CCCCC1,Moderate
CC(=O)N[C@@H](Cc1cc(F)cc(F)c1)[C@H](O)CNC1(c2cc(CC(C)(C)C)no2)CCCCC1,Moderate
CC(=O)N[C@@H](Cc1cc(F)cc(F)c1)[C@H](O)CNC1(c2ncc(C(C)(C)C)o2)CCCCC1,Moderate
CC(=O)N[C@@H](Cc1cc(F)cc(F)c1)[C@H](O)CNC1(c2cnn(C(C)(C)C)c2)CCCCC1,Moderate
CC(=O)N[C@@H](Cc1cc(F)cc(F)c1)[C@H](O)CNC1(c2cnn(CC(C)(C)C)c2)CCCCC1,Active
O=C(O[C@H]1Cc2c(O)cc(O)cc2O[C@@H]1c1cc(O)c(O)c(O)c1)c1cc(O)c(O)c(O)c1,Moderate
O=C(O[C@H]1Cc2c(O)cc(O)cc2O[C@H]1c1ccc(O)c(O)c1)c1cc(O)c(O)c(O)c1,Moderate
COc1ccc(CCNC(=O)CSc2nc3ccc(Nc4nc(N5CCCCC5)nc(N5CCCCC5)n4)cc3s2)cc1OC,Moderate
CCOc1ccc(NC(=O)CSc2nc3ccc(Nc4nc(N5CCCCC5)nc(N5CCCCC5)n4)cc3s2)cc1,Inactive
COc1ccc(OC)c(NC(=O)CSc2nc3ccc(Nc4nc(N5CCCCC5)nc(N5CCCCC5)n4)cc3s2)c1,Inactive
O=C(CSc1nc2ccc(Nc3nc(N4CCOCC4)nc(N4CCOCC4)n3)cc2s1)N1c2ccccc2CCc2ccccc21,Inactive
CC(=O)N[C@@H](Cc1cc(F)cc(F)c1)[C@H](O)CNC1(c2cccc(-n3cccn3)c2)CCOCC1,Active
CC(=O)N[C@@H](Cc1cc(F)cc(F)c1)[C@H](O)CNC1(c2cccc(C3CCOC3)c2)CCOCC1,Active
O=C(CSc1nc2ccc(Nc3nc(N4CCOCC4)nc(N4CCOCC4)n3)cc2s1)NCc1ccccc1,Inactive
CN1C(=O)[C@](c2ccccc2)(c2ccc(OCCF)cc2)N=C1N,Moderate
CCc1cccc([C@@]2(c3ccc(OC(F)F)cc3)N=C(N)N(C)C2=O)c1,Moderate
C[C@@H](O)C#Cc1cccc([C@@]2(c3ccc(OC(F)F)cc3)N=C(N)N(C)C2=O)c1,Active
CN1C(=O)[C@@](c2ccc(OC(F)F)cc2)(c2cccc(C#CCCCCO)c2)N=C1N,Active
CC(=O)N[C@@H](Cc1cc(F)cc(F)c1)[C@H](O)CNCc1cccc(C(C)(C)C)c1,Moderate
CC(=O)N[C@@H](Cc1cc(F)cc(F)c1)[C@H](O)CNC(C)(C)c1cccc(C(C)(C)C)c1,Active
CCCc1cccc([C@@]2(c3ccc(OC(F)F)cc3)N=C(N)N(C)C2=O)c1,Active
CCCCCc1cccc([C@@]2(c3ccc(OC(F)F)cc3)N=C(N)N(C)C2=O)c1,Moderate
CN1C(=O)[C@@](c2ccc(OC(F)F)cc2)(c2ccc(F)c(OCCF)c2)N=C1N,Moderate
CN1C(=O)[C@@](c2ccc(OC(F)F)cc2)(c2ccc(F)c(OCCCF)c2)N=C1N,Active
O=C(CSc1nc2ccc(Nc3nc(N4CCOCC4)nc(N4CCOCC4)n3)cc2s1)Nc1ccccc1Cl,Inactive
CCC(C)Cc1cccc([C@@]2(c3ccc(OC(F)F)cc3)N=C(N)N(C)C2=O)c1,Moderate
CN1C(=O)[C@@](c2ccc(OC(F)F)cc2)(c2cccc(CCCC(F)(F)F)c2)N=C1N,Moderate
CN1C(=O)[C@@](c2ccc(OC(F)F)cc2)(c2ccc(F)c(OCCCCF)c2)N=C1N,Moderate
CN1C(=O)[C@@](c2ccc(OC(F)F)cc2)(c2cccc(OCCC(F)(F)F)c2)N=C1N,Moderate
CC(=O)N[C@@H](Cc1cc(F)cc(F)c1)[C@H](O)CNC1(c2cccc(-n3cccn3)c2)CC1,Moderate
CC(=O)N[C@@H](Cc1cc(F)cc(F)c1)[C@H](O)CNC1(c2cccc(C3CCOC3)c2)CC1,Moderate
CN1C(=O)[C@@](c2ccc(OC(F)F)cc2)(c2cccc(CCCC#N)c2)N=C1N,Active
CN1C(=O)[C@@](c2ccc(OC(F)F)cc2)(c2cccc(C(=O)CCCF)c2)N=C1N,Active
CN1C(=O)[C@@](c2ccc(OC(F)F)cc2)(c2cccc(OCC3CC3)c2)N=C1N,Active
CN1C(=O)[C@@](c2ccc(OC(F)F)cc2)(c2cccc(OC(F)F)c2)N=C1N,Moderate
C=C(c1cccc(C2(NC[C@@H](O)[C@H](Cc3cc(F)cc(F)c3)NC(C)=O)CC2)c1)C(F)(F)F,Moderate
CC(=O)N[C@@H](Cc1cc(F)cc(F)c1)[C@H](O)CNC1(c2cccc(C(C)(C)CF)c2)CC1,Active
COCC#Cc1cc([C@@]2(c3ccc(OC(F)F)c(C)c3)N=C(N)N(C)C2=O)ccc1F,Active
CN1C(=O)[C@@](c2ccc(OC(F)F)cc2)(c2ccc(F)c(C#CC3CC3)c2)N=C1N,Active
CN1C(=O)[C@@](c2ccc(OC(F)F)cc2)(c2cccc(C(F)CCCF)c2)N=C1N,Moderate
CN1C(=O)[C@@](c2ccc(OC(F)F)cc2)(c2cccc(/C=C/CCF)c2)N=C1N,Active
CN1C(=O)[C@@](c2ccc(OC(F)F)cc2)(c2cccc(OCC(F)F)c2)N=C1N,Active
CN1C(=O)[C@@](c2ccc(OC(F)F)cc2)(c2ccc(F)c(OCC(F)F)c2)N=C1N,Active
CC(=O)N[C@@H](Cc1cc(F)cc(F)c1)[C@H](O)CNC1(c2cccc(C(C)(C)C(F)F)c2)CC1,Active
CC(=O)N[C@@H](Cc1cc(F)cc(F)c1)[C@H](O)CNC1(c2cccc(C(C)(CF)CF)c2)CC1,Active
Cc1cc([C@]2(c3ccccc3)N=C(N)N(C)C2=O)ccc1OC(F)F,Moderate
Cc1cc([C@]2(c3ccc(F)c(C#CC4CC4)c3)N=C(N)N(C)C2=O)ccc1OC(F)F,Active
CN1C(=O)[C@@](c2ccc(OC(F)F)cc2)(c2cccc(/C=C/CC(F)F)c2)N=C1N,Active
CN1C(=O)[C@@](c2ccc(OC(F)F)cc2)(c2cccc(/C=C/C3CC3)c2)N=C1N,Moderate
CN1C(=O)[C@@](c2ccc(OC(F)F)cc2)(c2cccc(OCCC(F)F)c2)N=C1N,Active
CN1C(=O)[C@@](c2ccc(OC(F)F)cc2)(c2ccc(F)c(OCCC=C(F)F)c2)N=C1N,Active
CC(=O)N[C@@H](Cc1cc(F)cc(F)c1)[C@H](O)CNC1(c2cccc(C(C)(C)C)c2)CCC1,Moderate
CC(=O)N[C@@H](Cc1cc(F)cc(F)c1)[C@H](O)CN[C@]1(c2cccc(C(C)(C)C(F)F)c2)C[C@H]1C,Moderate
COCC#Cc1cc([C@@]2(c3ccc(OC(F)F)cc3)N=C(N)N(C)C2=O)ccc1F,Active
CN1C(=O)[C@@](c2ccc(OC(F)F)cc2)(c2cccc(/C(F)=C\C3CC3)c2)N=C1N,Active
CN1C(=O)[C@@](c2ccc(OC(F)F)cc2)(c2cccc(/C(F)=C/C3CC3)c2)N=C1N,Moderate
CN1C(=O)[C@@](c2ccc(OC(F)F)cc2)(c2cccc(OCCC=C(F)F)c2)N=C1N,Active
Cc1cc([C@]2(c3ccc(F)c(OCC(F)F)c3)N=C(N)N(C)C2=O)ccc1OC(F)F,Active
COC/C=C/c1cccc([C@@]2(c3ccc(OC(F)F)cc3)N=C(N)N(C)C2=O)c1,Active
COCC/C=C/c1cccc([C@@]2(c3ccc(OC(F)F)cc3)N=C(N)N(C)C2=O)c1,Active
Cc1cc([C@]2(c3cccc(C#CC4CC4)c3)N=C(N)N(C)C2=O)ccc1OC(F)F,Active
Cc1cc([C@]2(c3ccc(F)c(C#CCF)c3)N=C(N)N(C)C2=O)ccc1OC(F)F,Active
CCCCc1cccc([C@@]2(c3ccc(OC(F)F)cc3)N=C(N)N(C)C2=O)c1,Active
COCCC/C=C/c1cccc([C@@]2(c3ccc(OC(F)F)cc3)N=C(N)N(C)C2=O)c1,Active
CN1C(=O)[C@@](c2ccc(OC(F)F)cc2)(c2cccc(/C=C/CCO)c2)N=C1N,Active
O=C(CSc1nc2ccc(Nc3nc(N4CCCC4)nc(N4CCCC4)n3)cc2s1)c1ccccc1,Inactive
O=C(CSc1nc2ccc(Nc3nc(N4CCCC4)nc(N4CCCC4)n3)cc2s1)NCc1ccccc1,Moderate
CN1C(=O)[C@@](c2ccc(OC(F)F)cc2)(c2cccc(/C=C/CCCO)c2)N=C1N,Active
C#Cc1cccc([C@@]2(c3ccc(OC(F)F)cc3)N=C(N)N(C)C2=O)c1,Moderate
CCCC#Cc1cc([C@@]2(c3ccc(OC(F)F)c(C)c3)N=C(N)N(C)C2=O)ccc1F,Active
CN1C(=O)[C@@](c2ccc(OC(F)F)cc2)(c2ccc(F)c(C#CCCCF)c2)N=C1N,Active
CCOC(=O)CSc1nc2ccc(Nc3nc(N4CCCC4)nc(N4CCCC4)n3)cc2s1,Moderate
O=C(CSc1nc2ccc(Nc3nc(N4CCCC4)nc(N4CCCC4)n3)cc2s1)Nc1ccccc1,Moderate
CC#Cc1cccc([C@@]2(c3ccc(OC(F)F)cc3)N=C(N)N(C)C2=O)c1,Active
CCC#Cc1cccc([C@@]2(c3ccc(OC(F)F)cc3)N=C(N)N(C)C2=O)c1,Active
CC#Cc1cc([C@@]2(c3ccc(OC(F)F)cc3)N=C(N)N(C)C2=O)ccc1F,Active
O=C(CSc1nc2ccc(Nc3nc(N4CCCC4)nc(N4CCCC4)n3)cc2s1)NCCOc1ccccc1,Moderate
CCCC#Cc1cccc([C@@]2(c3ccc(OC(F)F)cc3)N=C(N)N(C)C2=O)c1,Active
CN1C(=O)[C@@](c2ccc(OC(F)F)cc2)(c2cccc(C#CCF)c2)N=C1N,Active
O=C(CSc1nc2ccc(Nc3nc(N4CCCC4)nc(N4CCCC4)n3)cc2s1)NCc1ccco1,Moderate
CN1C(=O)[C@@](c2ccc(OC(F)(F)F)cc2)(c2cccc(-c3cccnc3F)c2)N=C1N,Moderate
CN1C(=O)[C@@](c2ccc(OC(F)F)cc2)(c2cccc(C#CCCF)c2)N=C1N,Active
CN1C(=O)[C@@](c2ccc(OC(F)F)cc2)(c2cccc(C#CCCCCF)c2)N=C1N,Active
Cc1cccc(NC(=O)CSc2nc3ccc(Nc4nc(N5CCCC5)nc(N5CCCC5)n4)cc3s2)c1C,Moderate
CN1C(=O)[C@@](c2ccc(OC(F)F)cc2)(c2cccc(-c3cccnc3F)c2)N=C1N,Active
CC(C)C#Cc1cccc([C@@]2(c3ccc(OC(F)F)cc3)N=C(N)N(C)C2=O)c1,Active
CN1C(=O)[C@@](c2ccc(OC(F)F)cc2)(c2cccc(C#CC3CC3)c2)N=C1N,Active
CN1C(=O)[C@](c2ccccc2)(c2ccc(OC(F)F)cc2)N=C1N,Moderate
COc1ccc([C@]2(c3cccc(-c4cccnc4F)c3)N=C(N)N(C)C2=O)cc1,Active
CN1C(=O)[C@@](c2ccc(OC(F)F)cc2)(c2cccc(C#CC3CCCCC3)c2)N=C1N,Moderate
COCC#Cc1cccc([C@@]2(c3ccc(OC(F)F)cc3)N=C(N)N(C)C2=O)c1,Active
O=C(CSc1nc2ccc(Nc3nc(N4CCCCC4)nc(N4CCCCC4)n3)cc2s1)c1ccc(F)cc1,Inactive
CN1C(=O)[C@@](c2ccc(OCCF)cc2)(c2cccc(-c3cccnc3F)c2)N=C1N,Active
CN1C(=O)[C@](c2ccccc2)(c2ccc(OC(F)(F)F)cc2)N=C1N,Moderate
COCCC#Cc1cccc([C@@]2(c3ccc(OC(F)F)cc3)N=C(N)N(C)C2=O)c1,Active
CN1C(=O)[C@@](c2ccc(OC(F)F)cc2)(c2cccc(C#CCCO)c2)N=C1N,Active
COc1ccc2cc(-c3cn(C[C@@H]4Cc5c([nH]c6ccccc56)CN4)nn3)ccc2c1,Moderate
O=S(=O)(c1ccc(Cl)cc1)N(CCc1ccccc1)C[C@H](O)CN1CCN(C(c2ccccc2)c2ccccc2)CC1,Moderate
O=S(=O)(c1ccc(Cl)cc1)N(CCc1ccccc1)C[C@@H](O)CN1CCN(C(c2ccccc2)c2ccccc2)CC1,Moderate
O=S(=O)(c1ccc(Cl)c(Cl)c1)N(CC1CC1)C[C@H](O)CN1CCN(C(c2ccccc2)c2ccccc2)CC1,Moderate
O=S(=O)(c1ccc(Cl)c(Cl)c1)N(CC1CC1)C[C@@H](O)CN1CCN(C(c2ccccc2)c2ccccc2)CC1,Moderate
O=S(=O)(c1ccc(Cl)cc1)N(Cc1ccccc1)C[C@H](O)CN1CCN(C(c2ccccc2)c2ccccc2)CC1,Moderate
O=S(=O)(c1ccc(Cl)cc1)N(Cc1ccccc1)C[C@@H](O)CN1CCN(C(c2ccccc2)c2ccccc2)CC1,Moderate
O=S(=O)(c1ccccc1)N(CCc1ccccc1)C[C@H](O)CN1CCN(C(c2ccccc2)c2ccccc2)CC1,Moderate
O=S(=O)(c1ccccc1)N(CCc1ccccc1)C[C@@H](O)CN1CCN(C(c2ccccc2)c2ccccc2)CC1,Moderate
O=C(O[C@@H]1Cc2c(O)cc(O)cc2O[C@H]1c1ccc(O)c(O)c1)c1cc(O)c(O)c(O)c1,Moderate
Oc1cc(O)c2c(c1)O[C@@H](c1ccc(O)c(O)c1)[C@@H](O)C2,Inactive
O=C(/C=C/c1ccc(O)cc1)c1ccc(O)cc1O,Inactive
Oc1cc(O)c2c(c1)O[C@@H](c1cc(O)c(O)c(O)c1)[C@@H](O)C2,Moderate
CC(=O)N1CCN(C(=S)c2ccc(N(C)C)cc2)CC1,Moderate
O=C(/C=C(O)/C=C/c1ccc(O)cc1)/C=C/c1ccc(O)cc1,Moderate
CSCC[C@H](NC(=O)[C@@H](NC(=O)[C@@H](N)CCC(=O)O)C(C)C)C(=O)N[C@@H](CC(C)C)[C@@H](O)CC(=O)N[C@@H](CC(C)C)C(=O)N[C@@H](C)C(=O)N[C@@H](CCC(=O)O)C(=O)N[C@@H](Cc1ccccc1)C(=O)O,Moderate
Clc1ccc(CNC2CCN(Cc3ccccc3)CC2)cc1,Moderate
CCC[C@H](NC(C)=O)C(=O)N[C@@H](C)C(=O)N[C@@H](CC(C)C)[C@@H](O)CC(=O)N[C@H](C(=O)NCc1cccc(C(=O)O)c1)C(C)C,Moderate
CC(=O)N[C@@H](CC(C)C)C(=O)N[C@@H](C)C(=O)N[C@@H](CC(C)C)[C@@H](O)CC(=O)N[C@H](C(=O)NCc1cccc(C(=O)O)c1)C(C)C,Moderate
CCCC[C@H](NC(C)=O)C(=O)N[C@@H](C)C(=O)N[C@@H](CC(C)C)[C@@H](O)CC(=O)N[C@H](C(=O)NCc1cccc(C(=O)O)c1)C(C)C,Moderate
CC(C)C[C@H](NC(=O)[C@H](CC(N)=O)NC(=O)[C@@H](NC(=O)[C@@H](N)CCC(=O)O)C(C)C)[C@@H](O)CC(=O)N[C@H](C(N)=O)C(C)C,Moderate
CC(C)C[C@H](NC(=O)[C@H](CC(N)=O)NC(=O)[C@@H](N)C(C)C)[C@@H](O)CC(=O)N[C@H](C(=O)N[C@@H](C)C(=O)N[C@@H](CCC(=O)O)C(=O)N[C@@H](Cc1ccccc1)C(=O)O)C(C)C,Moderate
COc1ccc(C2C(C#N)=C(N)N3C(=C2C#N)Sc2ccccc23)cc1,Moderate
CC(C)C[C@H](NC(=O)[C@H](CC(N)=O)NC(=O)[C@@H](NC(=O)[C@@H](N)CCC(=O)O)C(C)C)[C@@H](O)CC(=O)N[C@H](C(=O)N[C@@H](C)C(=O)N[C@@H](CCC(=O)O)C(=O)N[C@@H](Cc1ccccc1)C(=O)O)C(C)C,Active
CC(C)C[C@H](NC(=O)[C@H](CC(N)=O)NC(=O)[C@@H](NC(=O)[C@@H](N)CCC(=O)O)C(C)C)[C@@H](O)CC(=O)N[C@H](C(=O)N[C@@H](C)C(N)=O)C(C)C,Moderate
CSCC[C@H](NC(=O)[C@H](CC(C)C)NC(C)=O)C(=O)N[C@@H](CC(C)C)[C@@H](O)CC(=O)N[C@H](C(=O)NCc1cccc(C(=O)O)c1)C(C)C,Moderate
CC(C)[C@H](N)C(=O)N[C@@H](C)C(=O)N[C@@H](Cc1ccccc1)[C@@H](O)C[C@@H](C)C(=O)N[C@H](C(=O)NCc1ccncc1)C(C)C,Moderate
COc1cc(/C=C/C(=O)CC(=O)/C=C/c2ccc(O)c(OC)c2)ccc1O,Moderate
COc1ccc(/C=C/C(=O)CC(=O)/C=C/c2cccc(O)c2OC)cc1O,Moderate
CC(C)=CCC/C(C)=C/COc1c2occc2cc2ccc(=O)oc12,Inactive
Fc1ccc(CNC2CCN(Cc3ccccc3)CC2)cc1,Moderate
c1ccc(-c2ccc(COc3ccc4c(c3)CCC(CCN3CCCCC3)C4)cc2)cc1,Moderate
CC(C)[C@H](NC(=O)C[C@H](O)[C@H](Cc1cc(F)cc(F)c1)NC(=O)C(O)c1ccccc1-c1ccccc1)C(=O)Nc1cc(C(=O)O)cc(C(=O)O)c1,Moderate
COC(=O)c1cc(NC(=O)[C@@H](NC(=O)C[C@H](O)[C@H](Cc2cc(F)cc(F)c2)NC(=O)C(O)c2ccccc2-c2ccccc2)C(C)C)cc(C(=O)OC)c1,Moderate
COc1ccc(-c2cc(=O)c3c(O)cc(O)c(-c4cc(-c5cc(=O)c6c(O)cc(OC)cc6o5)ccc4O)c3o2)cc1,Moderate
O=C(O)/C=C/c1ccc(O)c(O)c1,Inactive
O=C(Nc1ccc(Cl)nc1)c1ccc(F)cc1,Inactive
O=C1CSC2(CCN(CCCN3c4ccccc4Sc4ccc(Cl)cc43)CC2)N1,Moderate
O=S(=O)(c1ccccc1)N(CC(O)Cn1c2ccccc2c2ccccc21)c1ccccc1,Moderate
O=c1c(O)c(-c2ccc(O)cc2)oc2cc(O)cc(O)c12,Inactive
CCc1nnc(NC(=O)CSc2nc(-c3ccc(F)cc3)cc(-c3ccccc3)c2C#N)s1,Inactive
O=c1cc(-c2ccc(O)c(O)c2)oc2cc(O)cc(O)c12,Moderate
COc1ccc(C(=S)N(C)C)cc1OC,Moderate
CC(N)Cc1ccc(O)cc1,Inactive
CC(=O)OCC[C@H](C[C@H](O)[C@H](Cc1ccccc1)NC(=O)C[C@H](NC(=O)CC(C)C)C(=O)O)C(=O)NCC(C)C,Moderate
CCOc1ccc(N2Cc3ccccc3C2)cc1,Moderate
CC(C)CNC(=O)[C@H](CCC(=O)O)C[C@H](O)[C@H](Cc1ccccc1)NC(=O)C[C@H](NC(=O)CC(C)C)C(=O)O,Moderate
CCC[C@H](C[C@H](O)[C@H](Cc1ccccc1)NC(=O)C[C@H](NC(=O)CC(C)C)C(=O)O)C(=O)NCC(C)C,Inactive
COc1ccc(-n2nc3cc(C)c(NC(=O)CC(C)C)cc3n2)cc1,Moderate
Fc1ccccc1CSc1nc2ccc[nH]c-2n1,Moderate
Sc1nnc(CSc2nc3ccccc3s2)o1,Moderate
COc1ccc(NC(=O)C2CCN(C(=O)c3ccccc3)CC2)cc1OC,Active
O=S1(=O)C[C@@H](Cc2ccc(O)c(Br)c2)[C@H](O)[C@@H](NCc2cccc(C3CC3)c2)C1,Moderate
CCCN1C(=O)OC[C@@H]1Cc1cc(C[C@@H]2CS(=O)(=O)C[C@H](NCc3cccc(C(C)C)c3)[C@H]2O)ccc1O,Moderate
CC(C)S(=O)(=O)N(C)c1cc(C(=O)N[C@@H](Cc2ccccc2)[C@H](O)CNC2CC2)cc(C(=O)N[C@H](C)c2ccccc2)c1,Active
O=c1c(O)c(-c2cc(O)c(O)c(O)c2)oc2cc(O)cc(O)c12,Moderate
CC(C)[C@H](C[C@H](O)[C@H](COCc1ccccc1)NC(=O)c1cc(C(=O)N[C@H](C)c2ccccc2)cc(N(C)S(C)(=O)=O)c1)C(=O)N[C@H](C(=O)NCc1ccccc1)C(C)C,Active
CC(C)S[C@H](NC(=O)[C@@H](C[C@H](O)[C@@H]1COCc2cccc(c2)C(C)NC(=O)c2cc(cc(N(C)S(C)(=O)=O)c2)C(=O)N1)C(C)C)C(=O)NCc1ccccc1,Active
CC(C)S[C@H](NC(=O)[C@@H](C[C@H](O)[C@@H]1COCc2cccc(c2)C(c2ccccc2)NC(=O)c2cc(cc(N(C)S(C)(=O)=O)c2)C(=O)N1)C(C)C)C(=O)NCc1ccccc1,Moderate
CC(C)CNC(=O)[C@@H](C[C@H](O)[C@@H]1COCc2cccc(c2)C(c2ccccc2)NC(=O)c2cc(cc(N(C)S(C)(=O)=O)c2)C(=O)N1)C(C)C,Moderate
COc1ccc(C2NC(=O)c3cc(cc(N(C)S(C)(=O)=O)c3)C(=O)N[C@H]([C@@H](O)C[C@H](C(=O)NCC(C)C)C(C)C)COCc3cccc2c3)cc1,Moderate
COCCCC1NC(=O)c2cc(cc(N(C)S(C)(=O)=O)c2)C(=O)N[C@H]([C@@H](O)C[C@H](C(=O)NCC(C)C)C(C)C)COCc2cccc1c2,Moderate
CC(C)C[C@H](NC(=O)[C@@H](NC(=O)[C@@H](N)CNC(=O)c1nn[nH]n1)C(C)C)C(=O)NCC(O)(Cc1ccccc1)C(=O)Nc1cccc(C(=O)O)c1,Moderate
CC(C)C[C@H](NC(=O)[C@@H](NC(=O)[C@@H](N)CNC(=O)c1nn[nH]n1)C(C)C)C(=O)NCC(O)(CCc1ccccc1)C(=O)Nc1cccc(C(=O)O)c1,Moderate
CC(C)C[C@H](NC(=O)[C@@H](NC(=O)[C@@H](N)CNC(=O)c1nn[nH]n1)C(C)C)C(=O)NC[C@@](O)(CCc1ccccc1)C(=O)Nc1cccc(C(=O)O)c1,Moderate
CC(C)[C@H](NC(=O)[C@@H](N)CNC(=O)c1nn[nH]n1)C(=O)N[C@@H](CC1CCCCC1)C(=O)NCC(O)(Cc1ccccc1)C(=O)Nc1cccc(C(=O)O)c1,Moderate
CC(C)C[C@H](NC(=O)[C@@H](NC(=O)[C@@H](N)CNC(=O)c1nn[nH]n1)C(C)C)C(=O)NCC(O)C(=O)Nc1cccc(C(=O)O)c1,Moderate
CC(C)[C@H](NC(=O)[C@@H](NC(=O)[C@@H](N)CNC(=O)c1nn[nH]n1)C(C)C)C(=O)NCC(O)C(=O)Nc1cccc(C(=O)O)c1,Moderate
CC(C)C[C@H](NC(=O)[C@@H](NC(=O)[C@@H](N)CNC(=O)c1nn[nH]n1)C(C)C)C(=O)NCCC(=O)Nc1cccc(C(=O)O)c1,Moderate
CC(C)C[C@H](NC(=O)[C@@H](NC(=O)[C@@H](N)CNC(=O)c1nn[nH]n1)C(C)C)C(=O)NCC(O)C(=O)O,Moderate
CC(C)C[C@H](NC(=O)[C@@H](NC(=O)[C@@H](N)CNC(=O)c1nn[nH]n1)C(C)C)C(=O)O,Moderate
COc1ccc(C2(c3ccc(F)c(-c4cncnc4)c3)N=C(N)N(C)C2=O)cc1,Active
Oc1c(CN2CCCC2)cc(Nc2ccnc3cc(Cl)ccc23)cc1CN1CCCC1,Moderate
COc1cc2c(cc1OC)C(=O)/C(=C/C1CCN(Cc3ccccc3)CC1)C2,Moderate
CC(C)c1cccc(CN[C@H]2CS(=O)(=O)C[C@@H](Cc3ccc(O)cc3)[C@@H]2O)c1,Moderate
CC(C)c1cccc(CN[C@H]2COC[C@@H](Cc3ccc(O)c(Br)c3)[C@@H]2O)c1,Inactive
CC(C)c1cccc(CN[C@H]2CS(=O)(=O)C[C@@H](Cc3ccccc3)[C@@H]2O)c1,Moderate
CC(C)c1cccc(CN[C@H]2CS(=O)(=O)C[C@@H](Cc3cccc(Br)c3)[C@@H]2O)c1,Moderate
CCCOc1cccc(C[C@@H]2CS(=O)(=O)C[C@H](NCc3cccc(C(C)C)c3)[C@H]2O)c1,Moderate
CCCOCc1cccc(C[C@@H]2CS(=O)(=O)C[C@H](NCc3cccc(C(C)C)c3)[C@H]2O)c1,Moderate
COc1ccc(C[C@@H]2CS(=O)(=O)C[C@H](NCc3cccc(C(C)C)c3)[C@H]2O)cc1Br,Moderate
Cc1cccc(Cc2cc(C[C@@H]3CS(=O)(=O)C[C@H](NCc4cccc(C(C)C)c4)[C@H]3O)ccc2O)c1,Moderate
CC(C)c1cccc(CN[C@H]2CS(=O)(=O)C[C@@H](Cc3ccc(O)c(CO)c3)[C@@H]2O)c1,Moderate
CC(C)c1cccc(CN[C@H]2CS(=O)(=O)C[C@@H](Cc3ccc(O)c(CCO)c3)[C@@H]2O)c1,Moderate
CCCCc1cc(C[C@@H]2CS(=O)(=O)C[C@H](NCc3cccc(C(C)C)c3)[C@H]2O)ccc1O,Moderate
CCCc1cc(C[C@@H]2CS(=O)(=O)C[C@H](NCc3cccc(C(C)C)c3)[C@H]2O)ccc1O,Moderate
CCc1cc(C[C@@H]2CS(=O)(=O)C[C@H](NCc3cccc(C(C)C)c3)[C@H]2O)ccc1O,Moderate
CC(C)c1cccc(CN[C@H]2CS(=O)(=O)C[C@@H](Cc3ccc(O)c(Br)c3)[C@@H]2O)c1,Moderate
CNC(=O)Oc1ccc(C[C@@H]2CS(=O)(=O)C[C@H](NCc3cccc(C(C)C)c3)[C@H]2O)cc1Br,Active
CC(=O)N[C@@H](Cc1cc(F)cc(F)c1)[C@H](O)CNCc1cccc(C(C)C)c1,Moderate
O=S1(=O)C[C@@H](Cc2ccc(O)c(Br)c2)[C@H](O)[C@@H](NCc2ccccc2)C1,Inactive
CC(C)c1ccnc(CN[C@H]2CS(=O)(=O)C[C@@H](Cc3ccc(O)c(Br)c3)[C@@H]2O)c1,Moderate
CC(C)(C)c1cccc(CN[C@H]2CS(=O)(=O)C[C@@H](Cc3ccc(O)c(Br)c3)[C@@H]2O)c1,Moderate
CC(C)Oc1cccc(CN[C@H]2CS(=O)(=O)C[C@@H](Cc3ccc(O)c(Br)c3)[C@@H]2O)c1,Moderate
O=S1(=O)C[C@@H](Cc2ccc(O)c(Br)c2)[C@H](O)[C@@H](NCc2cc(Cl)cc(Cl)c2)C1,Moderate
O=C1C=C(c2ccccc2)C(=O)c2ccccc21,Moderate
O=C1C=C(c2ccc(O)cc2)C(=O)c2ccccc21,Moderate
O=C1C(c2ccccc2)=CC(=O)c2c(O)cccc21,Inactive
O=C1C(c2ccc(O)cc2)=CC(=O)c2c(O)cccc21,Inactive
COc1ccc(C2=CC(=O)c3c(OC)cccc3C2=O)cc1,Inactive
O=C1C=C(c2ccccc2)C(=O)c2c(O)cccc21,Moderate
COc1cccc2c1C(=O)C(c1ccc(O)cc1)=CC2=O,Inactive
O=C1C=C(c2ccc(C(F)(F)F)cc2)C(=O)C=C1c1ccccc1,Moderate
COc1ccc(C2=CC(=O)C(c3ccc(OC)cc3)=CC2=O)cc1,Inactive
O=C1C=C(c2ccccc2)C(=O)C(c2ccccc2)=C1,Inactive
COc1ccc(C2=CC(=O)C=C(c3ccccc3)C2=O)cc1,Inactive
Oc1cc(-c2ccccc2)c(O)cc1-c1ccccc1,Inactive
COc1ccc(-c2cc(O)cc(-c3ccccc3)c2O)cc1,Moderate
COc1ccc(-c2cc(OC(C)=O)c(-c3ccc(OC)cc3)cc2OC(C)=O)cc1,Inactive
CC(=O)Oc1cc(-c2ccc(C(F)(F)F)cc2)c(OC(C)=O)cc1-c1ccccc1,Inactive
CC(=O)Oc1cc(-c2ccccc2)c(OC(C)=O)c(-c2ccccc2)c1,Inactive
COc1ccc(-c2cc(OC(C)=O)cc(-c3ccccc3)c2OC(C)=O)cc1,Inactive
COc1ccc(-c2cc(O)cc(-c3ccccc3)c2OC(C)=O)cc1,Inactive
CC(C)=CCc1c(-c2ccc(O)c3c2OC(C)(C)C=C3)oc2cc(O)cc(O)c2c1=O,Moderate
Cc1cc(C)nc(N/C(=N\C(=O)N2c3ccccc3Sc3ccccc32)Nc2cccc([N+](=O)[O-])c2)n1,Inactive
COc1ccc(-c2cc(-c3ccc(Cl)cc3)c(C#N)c(SCC(=O)N(c3ccccc3)c3ccc4ccccc4c3)n2)cc1,Inactive
Cc1nn(-c2ccccc2)c(Cl)c1C1Nc2ccccc2-c2nnc(SCc3ccccc3)nc2O1,Inactive
Cc1nc(N/C(=N\C(=O)Nc2ccccc2)NC(=O)Nc2ccccc2)nc2ccccc12,Moderate
O=C(CSc1nnc(Cc2c[nH]c3ccccc23)n1Cc1ccccc1)c1c[nH]c2ccccc12,Inactive
O=S(=O)(c1ccc(Br)cc1)N(c1cnn(Cc2ccc(Cl)c(Cl)c2)c1)S(=O)(=O)c1ccc(Br)cc1,Inactive
N#Cc1c(-c2ccccc2)cc(-c2ccccc2)nc1SCC(=O)Nc1cccc([N+](=O)[O-])c1,Inactive
Cc1ccc(NC(=O)Cc2nnc(SCC(=O)Nc3nc(-c4ccccc4)cs3)n2C)cc1,Inactive
O=C(CSc1nc2ccc(Nc3nc(N4CCCCC4)nc(N4CCCCC4)n3)cc2s1)Nc1ccccc1F,Inactive
N#Cc1c(NC(=O)COC(=O)CSc2nc(-c3ccccc3)cc(-c3ccccc3)n2)sc2c1CCCC2,Inactive
N#Cc1c(NC(=O)C(F)(F)C(F)(F)C(F)(F)C(F)(F)C(=O)Nc2sc3c(c2C#N)CCCCCC3)sc2c1CCCCCC2,Inactive
Br.CS(=O)(=O)N(c1cccc(C(=O)N[C@@H](Cc2ccccc2)[C@H](O)CNCc2cccc(C(F)(F)F)c2)c1)c1ccccn1,Moderate
CC[C@@H](C)[C@H](NC(=O)OC(C)(C)C)C(=O)N[C@@H](C)C(=O)N[C@@H](Cc1ccccc1)[C@@H](O)C[C@@H](C)C(=O)N[C@H](C(=O)NCc1ccncc1)C(C)C,Active
CC[C@H](C)[C@H](O)C(=O)N[C@@H](C)C(=O)N[C@@H](Cc1ccccc1)[C@@H](O)C[C@@H](C)C(=O)N[C@H](C(=O)NCc1ccncc1)C(C)C,Active
CSCC[C@H](NC(=O)[C@@H](NC(C)=O)C(C)C)C(=O)NC(CC(C)C)C(O)CC(=O)N[C@H](C(=O)N[C@@H](C)C(=O)N[C@@H](CCC(=O)O)C(=O)N[C@@H](Cc1ccccc1)C(=O)O)[C@H](C)O,Inactive
CCCC[C@H](NC(=O)C[C@H](O)[C@H](CC(C)C)NC(=O)[C@H](C)NC(=O)[C@@H](NC(C)=O)[C@@H](C)CC)C(=O)NCc1cccc(C(=O)O)c1,Moderate
CC[C@H](C)[C@H](NC(C)=O)C(=O)N[C@@H](CCSC)C(=O)N[C@@H](CC(C)C)[C@@H](O)CC(=O)N[C@@H](Cc1ccc(O)cc1)C(=O)NCc1cccc(C(=O)O)c1,Active
CC[C@H](C)[C@H](NC(C)=O)C(=O)N[C@@H](CCSC)C(=O)N[C@@H](CC(C)C)[C@@H](O)CC(=O)N[C@@H](Cc1ccccc1)C(=O)NCc1cccc(C(=O)O)c1,Moderate
CC[C@H](C)[C@H](NC(C)=O)C(=O)N[C@@H](C)C(=O)N[C@@H](CC(C)C)[C@@H](O)CC(=O)N[C@@H](Cc1ccc(O)cc1)C(=O)NCc1cccc(C(=O)O)c1,Moderate
CC[C@H](C)[C@H](NC(C)=O)C(=O)N[C@@H](C)C(=O)N[C@@H](CC(C)C)[C@@H](O)CC(=O)N[C@@H](Cc1ccccc1)C(=O)NCc1cccc(C(=O)O)c1,Moderate
CC[C@H](C)[C@H](NC(C)=O)C(=O)N[C@@H](C)C(=O)N[C@@H](CC(C)C)[C@@H](O)CC(=O)N[C@@H](CC(C)C)C(=O)NCc1cccc(C(=O)O)c1,Moderate
CCC[C@H](NC(=O)C[C@H](O)[C@H](CC(C)C)NC(=O)[C@H](CCSC)NC(=O)[C@@H](NC(C)=O)[C@@H](C)CC)C(=O)NCc1cccc(C(=O)O)c1,Moderate
CC[C@H](C)[C@H](NC(=O)C1CCCCO1)C(=O)N[C@@H](C)C(=O)N[C@@H](CC(C)C)[C@@H](O)CC(=O)N[C@H](C(=O)NCc1cccc(C(=O)O)c1)C(C)C,Active
CCCC[C@H](NC(=O)C[C@H](O)[C@H](CC(C)C)NC(=O)[C@H](CCSC)NC(=O)[C@@H](NC(C)=O)[C@@H](C)CC)C(=O)NCc1cccc(C(=O)O)c1,Active
CC[C@H](C)[C@H](NC(C)=O)C(=O)N[C@@H](C)C(=O)N[C@@H](CC(C)C)[C@@H](O)CC(=O)N[C@H](C(=O)NCc1cccc(C(=O)O)c1)C(C)C,Moderate
CC[C@H](C)[C@H](NC(=O)C[C@H](O)[C@H](CC(C)C)NC(=O)[C@H](CCSC)NC(=O)[C@@H](NC(=O)[C@@H](N)CCC(=O)O)C(C)C)C(=O)N[C@@H](C)C(=O)N[C@@H](CCC(=O)O)C(=O)N[C@@H](Cc1ccccc1)C(=O)O,Moderate
COc1cccc(CNC[C@H](Cc2ccccc2)n2cc(-c3cc(C(=O)N[C@H](C)c4ccccc4)cc(N(C)S(C)(=O)=O)c3)nn2)c1,Moderate
C[C@@H](NC(=O)c1cc(-c2cn([C@H](CNCc3cccc(Br)c3)Cc3ccccc3)nn2)cc(N(C)S(C)(=O)=O)c1)c1ccccc1,Moderate
C#Cc1cccc(NC2CC(O)C(Nc3cccc(-c4cn([C@H](CNCc5cccc(Br)c5)Cc5ccccc5)nn4)c3)CC2O)c1,Moderate
C#Cc1cccc(NC2CC(Nc3cccc(-c4cn([C@H](CNCc5cccc(Br)c5)Cc5ccccc5)nn4)c3)C(O)CC2O)c1,Moderate
C=CCNC(=O)C[C@H](NC(=O)C(NC(=O)OCC=C)C(C)C)C(=O)N[C@@H](CC(C)C)[C@@H](O)C[C@@H](C)C(=O)N[C@H](C(=O)NCc1ccccc1)C(C)C,Active
CC(C)C[C@H](NC(=O)[C@@H](NC(=O)[C@@H](N)CNC(=O)c1[nH]c(=O)[nH]c(=O)c1F)C(C)C)C(=O)N[C@@H](Cc1ccccc1)[C@@H](O)C(=O)N[C@H](C)c1ccccc1,Active
CC(C)[C@H](NC(=O)[C@@H](N)CNC(=O)c1[nH]c(=O)[nH]c(=O)c1F)C(=O)N[C@@H](CC1CCCCC1)C(=O)N[C@@H](Cc1ccccc1)[C@@H](O)C(=O)N[C@H](C)c1ccccc1,Active
CC(C)C[C@H](NC(=O)[C@@H](NC(=O)[C@@H](N)CNC(=O)c1[nH]c(=O)[nH]c(=O)c1F)C(C)C)C(=O)N[C@@H](Cc1ccccc1)[C@@H](O)C(=O)N[C@@H](C)c1ccccc1,Active
CC(C)[C@H](NC(=O)[C@@H](N)CNC(=O)c1[nH]c(=O)[nH]c(=O)c1F)C(=O)N[C@@H](CC1CCCCC1)C(=O)N[C@@H](Cc1ccccc1)[C@@H](O)C(=O)N[C@@H](C)c1ccccc1,Active
CC(C)C[C@H](NC(=O)[C@@H](NC(=O)[C@@H](N)CNC(=O)c1[nH]c(=O)[nH]c(=O)c1F)C(C)C)C(=O)N[C@@H](Cc1ccccc1)[C@@H](O)C(=O)NC(C)(C)c1ccccc1,Active
CC(C)[C@H](NC(=O)[C@@H](N)CNC(=O)c1[nH]c(=O)[nH]c(=O)c1F)C(=O)N[C@@H](CC1CCCCC1)C(=O)N[C@@H](Cc1ccccc1)[C@@H](O)C(=O)NC(C)(C)c1ccccc1,Active
CC(C)C[C@H](NC(=O)[C@@H](NC(=O)[C@@H](N)CNC(=O)c1[nH]c(=O)[nH]c(=O)c1F)C(C)C)C(=O)N[C@@H](Cc1ccccc1)[C@@H](O)C(=O)NC1(c2ccccc2)CCCC1,Active
CC(C)[C@H](NC(=O)[C@@H](N)CNC(=O)c1[nH]c(=O)[nH]c(=O)c1F)C(=O)N[C@@H](CC1CCCCC1)C(=O)N[C@@H](Cc1ccccc1)[C@@H](O)C(=O)NC1(c2ccccc2)CCCC1,Active
CC(C)C[C@H](NC(=O)[C@@H](NC(=O)[C@@H](N)CNC(=O)c1[nH]c(=O)[nH]c(=O)c1F)C(C)C)C(=O)N[C@@H](Cc1ccccc1)[C@@H](O)C(=O)NC1(c2ccccc2)CCCCC1,Active
CC(C)[C@H](NC(=O)[C@@H](N)CNC(=O)c1[nH]c(=O)[nH]c(=O)c1F)C(=O)N[C@@H](CC1CCCCC1)C(=O)N[C@@H](Cc1ccccc1)[C@@H](O)C(=O)NC1(c2ccccc2)CCCCC1,Active
CC(C)C[C@H](NC(=O)[C@@H](NC(=O)[C@@H](N)CNC(=O)C(=O)O)C(C)C)C(=O)N[C@@H](Cc1ccccc1)[C@@H](O)C(=O)Nc1cc(C(=O)O)cc(C(=O)O)c1,Active
Clc1ccc2c(NCCCCCCCNc3c4c(nc5ccccc35)-c3ccccc3C4)c3c(nc2c1)CCCC3,Moderate
c1ccc2c(c1)Cc1c-2nc2ccccc2c1NCCCCCCCNc1c2c(nc3ccccc13)-c1ccccc1C2,Moderate
Cc1ccccc1-c1ccc2nc(N)c(C[C@@H](C)C(=O)N[C@@H]3CCOC(C)(C)C3)cc2c1,Active
Nc1ccc2cccc(Br)c2n1,Inactive
Nc1ccc2ccc(Br)cc2n1,Inactive
Nc1ccc2c(Br)cccc2n1,Inactive
Nc1ccc2cc(-c3ccsc3)ccc2n1,Inactive
Nc1ccc2cc(-c3ccccc3)ccc2n1,Inactive
Cc1ccccc1-c1ccc2nc(N)ccc2c1,Inactive
Nc1ccc2cc(-c3ccccc3Cl)ccc2n1,Inactive
Nc1ccc2cc(-c3cccc(Cl)c3)ccc2n1,Moderate
Nc1ccc2cc(-c3ccc(Cl)cc3)ccc2n1,Inactive
Nc1ccc2cc(C3CCCCC3)ccc2n1,Inactive
CC(C)(C)C#Cc1ccccc1-c1ccc2nc(N)ccc2c1,Moderate
CN(C(=O)CCc1cc2ccccc2nc1N)C1CCCCC1,Inactive
Cc1ccccc1-c1ccc2nc(N)c(CCC(=O)N(C)C3CCCCC3)cc2c1,Moderate
Cc1ccccc1-c1ccc2nc(N)c(CCC(=O)NC3CCCCC3)cc2c1,Active
Cc1ccccc1-c1ccc2nc(N)c(CCC(=O)NCC3CCCCC3)cc2c1,Active
Nc1nc2ccccc2cc1CCC(=O)NCC1CCCCC1,Inactive
Cc1ccccc1-c1ccc2nc(N)c(CC(C)C(=O)NCC3CCCCC3)cc2c1,Active
Cc1ccccc1-c1ccc2nc(N)c(C[C@@H](C)C(=O)NCC3CCCCC3)cc2c1,Active
Cc1ccccc1-c1ccc2nc(N)c(C[C@H](C)C(=O)NCC3CCCCC3)cc2c1,Moderate
CCC(Cc1cc2cc(-c3ccccc3C)ccc2nc1N)C(=O)NCC1CCCCC1,Active
Cc1ccccc1-c1ccc2nc(N)c(CC(C(=O)NCC3CCCCC3)C(C)C)cc2c1,Active
CCCC(Cc1cc2cc(-c3ccccc3C)ccc2nc1N)C(=O)NCC1CCCCC1,Active
Cc1ccccc1-c1ccc2nc(N)c(C[C@@H](C)C(=O)NCCC(C)(C)C)cc2c1,Active
Cc1ccccc1-c1ccc2nc(N)c(C[C@@H](C)C(=O)NCc3ccccc3)cc2c1,Moderate
Cc1ccccc1-c1ccc2nc(N)c(CC(C)C(=O)NCc3cccnc3)cc2c1,Moderate
Cc1ccccc1-c1ccc2nc(N)c(CC(C)C(=O)NCc3cncs3)cc2c1,Moderate
Cc1ccccc1-c1ccc2nc(N)c(C[C@@H](C)C(=O)NCc3cnccn3)cc2c1,Moderate
Cc1ccccc1-c1ccc2nc(N)c(C[C@@H](C)C(=O)NCC3CCOCC3)cc2c1,Active
Cc1cccnc1-c1ccc2nc(N)c(C[C@@H](C)C(=O)NCCC(C)(C)C)cc2c1,Active
C[C@H](Cc1cc2cc(-c3ncccc3Cl)ccc2nc1N)C(=O)NCCC(C)(C)C,Active
COc1cccnc1-c1ccc2nc(N)c(CC(C)C(=O)NCCC(C)(C)C)cc2c1,Moderate
CC(Cc1cc2cc(-c3ncccc3C#N)ccc2nc1N)C(=O)NCCC(C)(C)C,Moderate
CC(=O)c1ccccc1-c1ccc2nc(N)c(CC(C)C(=O)NCCC(C)(C)C)cc2c1,Active
CN1C(=O)C(c2cccc(-c3cncnc3)c2)(c2cnn(C)c2)N=C1N,Moderate
CCn1cc(C2(c3cccc(-c4cncnc4)c3)N=C(N)N(C)C2=O)cn1,Moderate
CCn1cc(C2(c3ccc(F)c(-c4cncnc4)c3)N=C(N)N(C)C2=O)cn1,Moderate
CN1C(=O)C(c2ccc(F)c(-c3cncnc3)c2)(c2cnn(CC(F)(F)F)c2)N=C1N,Moderate
CC(C)n1cc(C2(c3ccc(F)c(-c4cncnc4)c3)N=C(N)N(C)C2=O)cn1,Moderate
CC(C)Cn1cc(C2(c3cccc(-c4cncnc4)c3)N=C(N)N(C)C2=O)cn1,Moderate
CC(C)CCn1cc(C2(c3cccc(-c4cncnc4)c3)N=C(N)N(C)C2=O)cn1,Moderate
CN1C(=O)C(c2cccc(-c3cncnc3)c2)(c2cnn(CCC(C)(C)C)c2)N=C1N,Active
CCCCn1cc(C2(c3cccc(-c4cncnc4)c3)N=C(N)N(C)C2=O)cn1,Active
CN1C(=O)C(c2cccc(-c3cncnc3)c2)(c2cnn(C3CCCC3)c2)N=C1N,Moderate
CN1C(=O)C(c2cccc(-c3cncnc3)c2)(c2cnn(CCC3CCCCC3)c2)N=C1N,Active
CCn1cc(C2(c3cccc(-c4cccnc4F)c3)N=C(N)N(C)C2=O)cn1,Moderate
CCn1cc([C@]2(c3cccc(-c4cccnc4F)c3)N=C(N)N(C)C2=O)cn1,Active
CCn1cc([C@@]2(c3cccc(-c4cccnc4F)c3)N=C(N)N(C)C2=O)cn1,Moderate
CCn1cc(C2(c3ccc(F)c(-c4cccnc4F)c3)N=C(N)N(C)C2=O)cn1,Moderate
CN1C(=O)C(c2cccc(-c3cccnc3F)c2)(c2cnn(CCF)c2)N=C1N,Moderate
CN1C(=O)[C@](c2cccc(-c3cccnc3F)c2)(c2cnn(CC(F)(F)F)c2)N=C1N,Moderate
CC(C)n1cc(C2(c3ccc(F)c(-c4cccnc4F)c3)N=C(N)N(C)C2=O)cn1,Moderate
CC(C)Cn1cc(C2(c3cccc(-c4cccnc4F)c3)N=C(N)N(C)C2=O)cn1,Active
CC(C)CCn1cc(C2(c3cccc(-c4cccnc4F)c3)N=C(N)N(C)C2=O)cn1,Active
CN1C(=O)C(c2cccc(-c3cccnc3F)c2)(c2cnn(CCC(C)(C)C)c2)N=C1N,Active
CCC(CC)Cn1cc(C2(c3cccc(-c4cccnc4F)c3)N=C(N)N(C)C2=O)cn1,Active
CCCCn1cc(C2(c3cccc(-c4cccnc4F)c3)N=C(N)N(C)C2=O)cn1,Active
CN1C(=O)C(c2cccc(-c3cccnc3F)c2)(c2cnn(C3CCCC3)c2)N=C1N,Active
CN1C(=O)C(c2ccsc2)(c2cccc(-c3cncnc3)c2)N=C1N,Moderate
Cc1cc(C2(c3cccc(-c4cncnc4)c3)N=C(N)N(C)C2=O)cs1,Moderate
Cc1sccc1C1(c2cccc(-c3cncnc3)c2)N=C(N)N(C)C1=O,Moderate
CCc1cc(C2(c3cccc(-c4cncnc4)c3)N=C(N)N(C)C2=O)cs1,Moderate
CCc1cc(C2(c3cccc(-c4cncnc4)c3)N=C(N)N(C)C2=O)c(C)s1,Moderate
CN1C(=O)C(c2cccc(-c3cncnc3)c2)(c2csc(Cl)c2)N=C1N,Moderate
Cc1cc(C2(c3cccc(-c4cncnc4)c3)N=C(N)N(C)C2=O)c(Cl)s1,Moderate
CCC(=O)c1cc(C2(c3cccc(-c4cncnc4)c3)N=C(N)N(C)C2=O)cs1,Active
CN1C(=O)C(c2ccsc2)(c2cccc(-c3cccnc3)c2)N=C1N,Moderate
CN1C(=O)C(c2ccsc2)(c2cccc(-c3cccnc3F)c2)N=C1N,Active
CN1C(=O)C(c2ccsc2)(c2ccc(F)c(-c3cccnc3)c2)N=C1N,Moderate
CN1C(=O)C(c2ccsc2)(c2ccc(F)c(-c3cccnc3F)c2)N=C1N,Active
COc1cncc(-c2cccc(C3(c4ccsc4)N=C(N)N(C)C3=O)c2)c1,Active
CN1C(=O)C(c2ccsc2)(c2cccc(-c3cnccn3)c2)N=C1N,Moderate
CCC(=O)c1cc(C2(c3cccc(-c4cccnc4F)c3)N=C(N)N(C)C2=O)cs1,Active
CCC(=O)c1cc([C@]2(c3cccc(-c4cccnc4F)c3)N=C(N)N(C)C2=O)cs1,Active
CCC(=O)c1cc([C@@]2(c3cccc(-c4cccnc4F)c3)N=C(N)N(C)C2=O)cs1,Moderate
CC(C)C[C@H](NC(=O)[C@@H]1CC(=O)NC/C=C/CCCOC(=O)N[C@@H](C(C)C)C(=O)N1)[C@@H](O)C[C@@H](C)C(=O)N[C@H](C(=O)NCc1ccccc1)C(C)C,Active
CC(C)C[C@H](NC(=O)[C@@H](NC(=O)[C@@H](N)CNC(=O)C(=O)O)C(C)C)C(=O)N[C@@H](Cc1ccccc1)[C@@H](O)C(=O)N[C@@H](CC(=O)O)C(=O)N[C@@H](C)C(=O)N[C@@H](CCC(=O)O)C(=O)O,Active
CC(C)C[C@H](NC(=O)[C@@H](N)CCC(=O)O)C(=O)N[C@@H](CC(=O)O)C(=O)N[C@@H](CC(C)C)[C@@H](O)C[C@@H](C)C(=O)N[C@H](C(=O)N[C@@H](CCC(=O)O)C(=O)C[C@@H](Cc1ccccc1)C(=O)O)C(C)C,Active
C=CCCCOC(=O)N[C@H](C(=O)N[C@@H](CC(=O)NCC=C)C(=O)N[C@@H](CC(C)C)[C@@H](O)C[C@@H](C)C(=O)N[C@H](C(=O)NCc1ccccc1)C(C)C)C(C)C,Moderate
CC(C)C[C@H](NC(=O)[C@@H](NC(=O)[C@@H](N)CNC(=O)c1nn[nH]n1)C(C)C)C(=O)N[C@@H](Cc1ccccc1)[C@@H](O)C(=O)Nc1cccc(C(=O)O)c1,Active
CC(C)C[C@H](NC(=O)[C@@H](NC(=O)[C@@H](N)CNC(=O)c1nn[nH]n1)C(C)C)C(=O)N[C@@H](Cc1ccccc1)[C@@H](O)C(=O)Nc1cc(C(=O)O)cc(C(=O)O)c1,Active
CC(C)C[C@H](NCC(=O)[C@H](CS(C)(=O)=O)NC(=O)OC(C)(C)C)C(O)CC(C)C(=O)NC(C(=O)NCc1ccccc1)C(C)C,Moderate
CC(C)C[C@H](NC(=O)C(CCS(C)(=O)=O)NC(=O)[C@@H](NC(=O)OC(C)(C)C)C(C)C)C(O)CC(C)C(=O)N[C@H](C(=O)NCc1ccccc1)C(C)C,Active
Nc1ccc2cc(F)ccc2n1,Inactive
CC(C)C[C@H](NC(=O)[C@@H](NC(=O)OC(C)(C)C)C(N)=O)C(O)CC(C)C(=O)N[C@@H](C)C(=O)NCc1ccccc1,Inactive
CSCCC(NC(=O)[C@@H](NC(=O)OC(C)(C)C)C(C)C)C(=O)N[C@@H](CC(C)C)C(O)CC(C)C(=O)N[C@H](C(=O)NCc1ccccc1)C(C)C,Active
CSCC[C@H](NC(=O)[C@H](CC(C)C)NC(C)=O)C(=O)N[C@@H](CC(C)C)[C@@H](O)[C@@H]1CC(=O)C[C@H]1C(=O)N[C@@H](C)C(=O)O,Moderate
CC(C)C[C@H](NC(=O)[C@@H](NC(=O)OC(C)(C)C)C(N)=O)C(O)CC(C)C(=O)N[C@H](C(=O)NCc1ccccc1)C(C)C,Moderate
CC(C)C[C@H](NC(=O)[C@H](CC(N)=O)NC(=O)[C@@H](NC(=O)[C@@H](N)CCC(=O)O)C(C)C)C(=O)C(O)CN[C@@H](C)C(=O)N[C@@H](C)C(=O)N[C@@H](CCC(=O)O)C(=O)N[C@@H](Cc1ccccc1)C(=O)O,Active
Nc1ccc2cc(Br)ccc2n1,Inactive
CC(C)C[C@H](NC(=O)C(NC(=O)[C@@H](NC(=O)OC(C)(C)C)C(C)C)C(N)=O)C(O)CC(C)C(=O)N[C@H](C(=O)NCc1ccccc1)C(C)C,Active
CC(C)C[C@H](NC(=O)[C@H](CC(N)=O)NC(=O)[C@@H](NC(=O)[C@@H](N)CCC(=O)O)C(C)C)[C@@H](O)C[C@@H](C)C(=O)N[C@@H](C)C(=O)O,Active
CSCC[C@H](NC(=O)[C@H](CC(C)C)NC(C)=O)C(=O)N[C@@H](CC(C)C)[C@@H](O)[C@@H]1CCC[C@H]1C(=O)N[C@@H](C)C(=O)O,Active
CCCCNC(=O)[C@@H]1CCC[C@H]1[C@H](O)[C@H](CC(C)C)NC(=O)[C@H](CCSC)NC(=O)[C@H](CC(C)C)NC(C)=O,Moderate
CCSc1nsc(NC(=O)Nc2cccc(C(C)=O)c2)n1,Inactive
CCOCCCNC(=O)c1cc(NC(=O)Nc2cccc(Cl)c2)ccc1N(C)C,Moderate
O=C(c1ccc(Cl)cc1)N(CC(O)Cn1c2ccccc2c2ccccc21)c1ccccc1,Moderate
COc1ccc(C(=O)N(CC(O)Cn2c3ccccc3c3ccccc32)c2ccccc2)cc1,Moderate
O=C(c1ccc(Cl)c(Cl)c1)N(CC(O)Cn1c2ccccc2c2ccccc21)c1ccccc1,Moderate
O=C(c1ccccc1)N(CCc1ccccc1)CC(O)Cn1c2ccccc2c2ccccc21,Moderate
CCCCNC(=O)[C@@H](NC(=O)[C@@H]1C(=O)N(CC)C[C@H]1[C@H](O)[C@H](CC(C)C)NC(=O)[C@H](CCSC)NC(=O)[C@H](CC(C)C)NC(C)=O)C(C)C,Moderate
CC(C)C[C@H](NC(=O)[C@H](CC(N)=O)NC(=O)[C@@H](NC(=O)[C@@H](N)CCC(=O)O)C(C)C)[C@@H](O)[C@@H]1CCC[C@H]1C(=O)N[C@@H](C)C(=O)O,Active
CCCCNC(=O)[C@@H](NC(=O)[C@@H]1CC(=O)C[C@H]1[C@H](O)[C@H](CC(C)C)NC(=O)[C@H](CCSC)NC(=O)[C@H](CC(C)C)NC(C)=O)C(C)C,Active
CCCCNC(=O)[C@@H](NC(=O)[C@@H]1CCC[C@H]1[C@H](O)[C@H](CC(C)C)NC(=O)[C@H](CCSC)NC(=O)[C@H](CC(C)C)NC(C)=O)C(C)C,Active
CCC(C)[C@@]1(NC(C)=O)CCN([C@@H](CCc2ccccc2)C(=O)N[C@@H](Cc2cc(F)cc(F)c2)[C@H](O)CNCc2cccc(OC)c2)C1=O,Active
CCC(C)[C@@]1(NC(C)=O)CCN([C@@H](CCc2ccccc2)C(=O)N[C@@H](Cc2cc(F)cc(F)c2)[C@H](O)[C@H]2C[C@@H](S(=O)(=O)Cc3ccc(F)cc3)CN2)C1=O,Active
COc1cccc(CNC[C@@H](O)[C@H](Cc2cc(F)cc(F)c2)NC(=O)[C@H](CCc2ccccc2)N2CC[C@@](CC3CC3)(NC(C)=O)C2=O)c1,Active
CCCC[C@H]1CCN([C@@H](CCc2ccccc2)C(=O)N[C@@H](Cc2cc(F)cc(F)c2)[C@H](O)CNCc2cccc(OC)c2)C1=O,Moderate
COc1cccc(CNC[C@@H](O)[C@H](Cc2cc(F)cc(F)c2)NC(=O)[C@H](CCc2ccccc2)N2CC[C@H](C(C)C)C2=O)c1,Moderate
COc1cccc(CNC[C@@H](O)[C@H](Cc2cc(F)cc(F)c2)NC(=O)[C@H](CCc2ccccc2)N2CC[C@H](CC(C)C)C2=O)c1,Active
COC[C@H]1CCN([C@@H](CCc2ccccc2)C(=O)N[C@@H](Cc2cc(F)cc(F)c2)[C@H](O)CNCc2cccc(OC)c2)C1=O,Active
CCC[C@@H](O)[C@H]1CCN([C@@H](CCc2ccccc2)C(=O)N[C@@H](Cc2cc(F)cc(F)c2)[C@H](O)CNCc2cccc(OC)c2)C1=O,Active
COc1cccc(CNC[C@@H](O)[C@H](Cc2cc(F)cc(F)c2)NC(=O)[C@H](C)N2CC[C@@](CC3CC3)(NC(C)=O)C2=O)c1,Active
CCCC[C@H]1CCN([C@@H](C)C(=O)N[C@@H](Cc2cc(F)cc(F)c2)[C@H](O)CNCc2cccc(OC)c2)C1=O,Active
COc1cccc(CNC[C@@H](O)[C@H](Cc2cc(F)cc(F)c2)NC(=O)[C@H](C)N2CC[C@H](C(C)C)C2=O)c1,Moderate
COc1cccc(CNC[C@@H](O)[C@H](Cc2cc(F)cc(F)c2)NC(=O)[C@H](C)N2CC[C@H](CC(C)C)C2=O)c1,Active
COC[C@H]1CCN([C@@H](C)C(=O)N[C@@H](Cc2cc(F)cc(F)c2)[C@H](O)CNCc2cccc(OC)c2)C1=O,Moderate
CCC[C@@H](O)[C@H]1CCN([C@@H](C)C(=O)N[C@@H](Cc2cc(F)cc(F)c2)[C@H](O)CNCc2cccc(OC)c2)C1=O,Active
CC(=O)N[C@]1(CC(C)C)CCN([C@@H](CCc2ccccc2)C(=O)N[C@@H](Cc2cc(F)cc(F)c2)[C@H](O)[C@H]2Cc3ccccc3CN2)C1=O,Active
CCC(C)[C@@]1(NC(C)=O)CCN([C@@H](CCc2ccccc2)C(=O)N[C@@H](Cc2cc(F)cc(F)c2)[C@H](O)[C@H]2Cc3ccccc3CN2)C1=O,Active
CCCC[C@H]1CCN([C@@H](CCc2ccccc2)C(=O)N[C@@H](Cc2cc(F)cc(F)c2)[C@H](O)[C@H]2Cc3ccccc3CN2)C1=O,Moderate
CCCC[C@H]1CCN([C@@H](C)C(=O)N[C@@H](Cc2cc(F)cc(F)c2)[C@H](O)[C@H]2Cc3ccccc3CN2)C1=O,Moderate
CCC(C)[C@@]1(NC(C)=O)CCN([C@@H](CCc2ccccc2)C(=O)N[C@@H](Cc2cc(F)cc(F)c2)[C@H](O)[C@H]2Cc3cccc(OC)c3CN2)C1=O,Active
CCCO[C@H]1CN[C@@H]([C@@H](O)[C@H](Cc2cc(F)cc(F)c2)NC(=O)[C@H](CCc2ccccc2)N2CC[C@@](CC(C)C)(NC(C)=O)C2=O)C1,Active
CCCO[C@H]1CN[C@@H]([C@@H](O)[C@H](Cc2cc(F)cc(F)c2)NC(=O)[C@H](CCc2ccccc2)N2CC[C@](NC(C)=O)(C(C)CC)C2=O)C1,Active
CCCC[C@H]1CCN([C@@H](CCc2ccccc2)C(=O)N[C@@H](Cc2cc(F)cc(F)c2)[C@H](O)[C@H]2C[C@@H](OCCC)CN2)C1=O,Active
CCCO[C@H]1CN[C@@H]([C@@H](O)[C@H](Cc2cc(F)cc(F)c2)NC(=O)[C@H](CCc2ccccc2)N2CC[C@H](C(C)C)C2=O)C1,Active
CCCO[C@H]1CN[C@@H]([C@@H](O)[C@H](Cc2cc(F)cc(F)c2)NC(=O)[C@H](CCc2ccccc2)N2CC[C@H](CC(C)C)C2=O)C1,Active
CCCO[C@H]1CN[C@@H]([C@@H](O)[C@H](Cc2cc(F)cc(F)c2)NC(=O)[C@H](CCc2ccccc2)N2CC[C@H](COC)C2=O)C1,Active
CCCO[C@H]1CN[C@@H]([C@@H](O)[C@H](Cc2cc(F)cc(F)c2)NC(=O)[C@H](CCc2ccccc2)N2CC[C@H]([C@H](O)CCC)C2=O)C1,Active
CCCC[C@H]1CCN([C@@H](C)C(=O)N[C@@H](Cc2cc(F)cc(F)c2)[C@H](O)[C@H]2C[C@@H](OCCC)CN2)C1=O,Active
CCCO[C@H]1CN[C@@H]([C@@H](O)[C@H](Cc2cc(F)cc(F)c2)NC(=O)[C@H](C)N2CC[C@H](C(C)C)C2=O)C1,Moderate
CCCO[C@H]1CN[C@@H]([C@@H](O)[C@H](Cc2cc(F)cc(F)c2)NC(=O)[C@H](C)N2CC[C@H](CC(C)C)C2=O)C1,Active
CCCO[C@H]1CN[C@@H]([C@@H](O)[C@H](Cc2cc(F)cc(F)c2)NC(=O)[C@H](C)N2CC[C@H]([C@H](O)CCC)C2=O)C1,Active
CCC(C)[C@@]1(NC(C)=O)CCN([C@@H](CCc2ccccc2)C(=O)N[C@@H](Cc2cc(F)cc(F)c2)[C@H](O)[C@H]2C[C@@H](O)CN2)C1=O,Active
CCCC[C@H]1CCN([C@@H](CCc2ccccc2)C(=O)N[C@@H](Cc2cc(F)cc(F)c2)[C@H](O)[C@H]2C[C@@H](O)CN2)C1=O,Moderate
CCC(C)[C@@]1(NC(C)=O)CCN([C@@H](CCc2ccccc2)C(=O)N[C@@H](Cc2cc(F)cc(F)c2)[C@H](O)[C@H]2C[C@H](O)CN2)C1=O,Active
CCCC[C@H]1CCN([C@@H](CCc2ccccc2)C(=O)N[C@@H](Cc2cc(F)cc(F)c2)[C@H](O)[C@H]2C[C@H](O)CN2)C1=O,Moderate
CCC[C@@H](O)[C@H]1CCN([C@@H](CCc2ccccc2)C(=O)N[C@@H](Cc2cc(F)cc(F)c2)[C@H](O)[C@H]2C[C@H](O)CN2)C1=O,Active
CCC(C)[C@@]1(NC(C)=O)CCN([C@@H](C)C(=O)N[C@@H](Cc2cc(F)cc(F)c2)[C@H](O)[C@H]2C[C@H](O)CN2)C1=O,Active
CCCC[C@H]1CCN([C@@H](C)C(=O)N[C@@H](Cc2cc(F)cc(F)c2)[C@H](O)[C@H]2C[C@H](O)CN2)C1=O,Moderate
CCC[C@@H](O)[C@H]1CCN([C@@H](C)C(=O)N[C@@H](Cc2cc(F)cc(F)c2)[C@H](O)[C@H]2C[C@H](O)CN2)C1=O,Moderate
CCC(C)[C@@]1(NC(C)=O)CCN([C@@H](CCc2ccccc2)C(=O)N[C@@H](Cc2cc(F)cc(F)c2)[C@H](O)[C@H]2C[C@@H](Oc3ccccc3)CN2)C1=O,Active
CCC(C)[C@@]1(NC(C)=O)CCN([C@@H](CCc2ccccc2)C(=O)N[C@@H](Cc2cc(F)cc(F)c2)[C@H](O)[C@H]2C[C@@H](Oc3ccccn3)CN2)C1=O,Active
CCC(C)[C@@]1(NC(C)=O)CCN([C@@H](CCc2ccccc2)C(=O)N[C@@H](Cc2cc(F)cc(F)c2)[C@H](O)[C@H]2C[C@@H](Oc3cccnc3)CN2)C1=O,Active
CCCC[C@H]1CCN([C@@H](CCc2ccccc2)C(=O)N[C@@H](Cc2cc(F)cc(F)c2)[C@H](O)[C@H]2C[C@@H](Oc3ccccn3)CN2)C1=O,Moderate
CC(C)C[C@H]1CCN([C@@H](CCc2ccccc2)C(=O)N[C@@H](Cc2cc(F)cc(F)c2)[C@H](O)[C@H]2C[C@@H](Oc3ccccn3)CN2)C1=O,Moderate
CC(C)C[C@H]1CCN([C@@H](C)C(=O)N[C@@H](Cc2cc(F)cc(F)c2)[C@H](O)[C@H]2C[C@@H](Oc3ccccn3)CN2)C1=O,Moderate
CCC(C)[C@@]1(NC(C)=O)CCN([C@@H](CCc2ccccc2)C(=O)N[C@@H](Cc2cc(F)cc(F)c2)[C@H](O)[C@H]2C[C@@H](N)CN2)C1=O,Active
CCC(C)[C@@]1(NC(C)=O)CCN([C@@H](CCc2ccccc2)C(=O)N[C@@H](Cc2cc(F)cc(F)c2)[C@H](O)[C@H]2C[C@H](N)CN2)C1=O,Active
CCC(C)[C@@]1(NC(C)=O)CCN([C@@H](CCc2ccccc2)C(=O)N[C@@H](Cc2cc(F)cc(F)c2)[C@H](O)[C@H]2C[C@@H](OCc3ccccc3)CN2)C1=O,Active
CCC(C)[C@@]1(NC(C)=O)CCN([C@@H](CCc2ccccc2)C(=O)N[C@@H](Cc2cc(F)cc(F)c2)[C@H](O)[C@H]2C[C@@H](OCc3cccc(C(F)(F)F)c3)CN2)C1=O,Active
CCC(C)[C@@]1(NC(C)=O)CCN([C@@H](CCc2ccccc2)C(=O)N[C@@H](Cc2cc(F)cc(F)c2)[C@H](O)[C@H]2C[C@@H](OCc3cccc(C#N)c3)CN2)C1=O,Active
CCC(C)[C@@]1(NC(C)=O)CCN([C@@H](CCc2ccccc2)C(=O)N[C@@H](Cc2cc(F)cc(F)c2)[C@H](O)[C@H]2C[C@@H](OCc3ccc(F)cc3)CN2)C1=O,Active
CCC(C)[C@@]1(NC(C)=O)CCN([C@@H](CCc2ccccc2)C(=O)N[C@@H](Cc2cc(F)cc(F)c2)[C@H](O)[C@H]2C[C@@H](OCc3ccccn3)CN2)C1=O,Active
CCC(C)[C@@]1(NC(C)=O)CCN([C@@H](CCc2ccccc2)C(=O)N[C@@H](Cc2cc(F)cc(F)c2)[C@H](O)[C@H]2C[C@@H](OCc3cccnc3)CN2)C1=O,Active
C[C@H](CC(=O)[C@@]1([C@H](C)C(=O)O)CO1)[C@H]1CC[C@@]2(C)C3=C(CC[C@]12C)[C@@]1(C)CC[C@@H](OC(=O)CC(=O)O)C(C)(C)[C@@H]1CC3,Inactive
CCC(C)[C@H](N)C(=O)N[C@@H](CCc1ccccc1)C(=O)N[C@@H](CC(C)C)[C@@H](O)C[C@@H](C)C(=O)NCCCCc1ccccc1,Active
CCC(C)[C@@]1(N)CCN([C@@H](CCc2ccccc2)C(=O)N[C@@H](CC(C)C)[C@@H](O)C[C@@H](C)C(=O)NCCCCc2ccccc2)C1=O,Moderate
CCC(C)[C@@]1(NC(C)=O)CCN([C@@H](CCc2ccccc2)C(=O)N[C@@H](Cc2ccccc2)[C@H](O)CNCc2cccc(OC)c2)C1=O,Active
CCC(C)[C@@]1(NC(C)=O)CCN([C@@H](CCc2ccccc2)C(=O)N[C@@H](Cc2cc(F)cc(F)c2)[C@H](O)C2Cc3ccccc3CN2)C1=O,Active
CCC(C)[C@@]1(NC(C)=O)CCN([C@@H](CCc2ccccc2)C(=O)N[C@@H](Cc2cc(F)cc(F)c2)[C@H](O)[C@@H]2Cc3ccccc3CN2)C1=O,Moderate
CC(=O)N[C@]1(CC(C)C)CCN([C@@H](CCc2ccccc2)C(=O)N[C@@H](Cc2cc(F)cc(F)c2)[C@H](O)C2Cc3ccccc3CN2)C1=O,Active
CCCOc1cccc2c1CNC([C@@H](O)[C@H](Cc1cc(F)cc(F)c1)NC(=O)[C@H](CCc1ccccc1)N1CC[C@](NC(C)=O)(C(C)CC)C1=O)C2,Active
CCC(C)[C@@]1(NC(C)=O)CCN([C@@H](CCc2ccccc2)C(=O)N[C@@H](Cc2cc(F)cc(F)c2)[C@H](O)C2Cc3cccc(OC)c3CN2)C1=O,Active
CCC(C)[C@@]1(NC(C)=O)CCN([C@@H](CCc2ccccc2)C(=O)N[C@@H](Cc2cc(F)cc(F)c2)[C@H](O)[C@@H]2Cc3cccc(OC)c3CN2)C1=O,Moderate
CCC(C)[C@@]1(NC(C)=O)CCN([C@@H](CCc2ccccc2)C(=O)N[C@@H](Cc2cc(F)cc(F)c2)[C@H](O)C2Cc3cccc(O)c3CN2)C1=O,Moderate
CCCN(CCC)C(=O)c1cccc(C(=O)N[C@@H](Cc2cc(F)cc(F)c2)[C@H](O)[C@H]2Cc3ccccc3CN2)c1,Moderate
CCCCN(C)C(=O)n1cc(C(=O)N[C@@H](Cc2cc(F)cc(F)c2)[C@H](O)[C@H]2Cc3ccccc3CN2)c2cccnc21,Moderate
CCCS[C@H]1CN[C@@H]([C@@H](O)[C@H](Cc2cc(F)cc(F)c2)NC(=O)[C@H](CCc2ccccc2)N2CC[C@](NC(C)=O)(C(C)CC)C2=O)C1,Active
CCCS(=O)(=O)[C@H]1CN[C@@H]([C@@H](O)[C@H](Cc2cc(F)cc(F)c2)NC(=O)[C@H](CCc2ccccc2)N2CC[C@](NC(C)=O)(C(C)CC)C2=O)C1,Active
CCCS(=O)(=O)[C@@H]1CN[C@@H]([C@@H](O)[C@H](Cc2cc(F)cc(F)c2)NC(=O)[C@H](CCc2ccccc2)N2CC[C@](NC(C)=O)(C(C)CC)C2=O)C1,Active
CCCN(CCC)C(=O)c1cc(C(=O)N[C@@H](Cc2cc(F)cc(F)c2)[C@H](O)[C@H]2C[C@@H](S(=O)(=O)CCC)CN2)cc(-c2ncco2)c1,Active
CCC(C)[C@@]1(NC(C)=O)CCN([C@@H](CCc2ccccc2)C(=O)N[C@@H](Cc2cc(F)cc(F)c2)[C@H](O)[C@H]2C[C@@H](S(=O)(=O)c3ccccc3)CN2)C1=O,Active
CN1CC(C)(c2cccc(NC(=O)c3ccc(Cl)cn3)c2)N=C(N)C1=O,Moderate
CN1CC(N)=NC(C)(c2cccc(NC(=O)c3ccc(Cl)cn3)c2)C1=O,Moderate
CN1CC(N)=N[C@](C)(c2cccc(NC(=O)c3ccc(Cl)cn3)c2)C1=O,Active
CN1CC(N)=NC(C)(c2cccc(NC(=O)c3ccc(C#N)cn3)c2)C1=O,Moderate
CN1CC(N)=NC(C)(c2cccc(NC(=O)c3ccc(C(F)(F)F)cn3)c2)C1=O,Active
Cc1cnc(C(=O)Nc2cccc(C3(C)N=C(N)CN(C)C3=O)c2)cn1,Moderate
CN1CC(C)(c2cc(NC(=O)c3ccc(Cl)cn3)ccc2F)N=C(N)C1=O,Active
C[C@H](NC(=O)c1cc(-c2nc3ccccc3[nH]2)cc(N(C)S(C)(=O)=O)c1)c1ccccc1,Moderate
COc1ccc2[nH]c(-c3cc(C(=O)N[C@@H](C)c4ccccc4)cc(N(C)S(C)(=O)=O)c3)nc2c1,Moderate
C[C@H](NC(=O)c1cc(-c2nc3cc(F)ccc3[nH]2)cc(N(C)S(C)(=O)=O)c1)c1ccccc1,Moderate
C[C@H](NC(=O)c1cc(-c2ncc(-c3ccccc3)[nH]2)cc(N(C)S(C)(=O)=O)c1)c1ccccc1,Moderate
COc1cccc(-c2cnc(-c3cc(C(=O)N[C@@H](C)c4ccccc4)cc(N(C)S(C)(=O)=O)c3)[nH]2)c1,Moderate
C[C@H](NC(=O)c1cc(-c2ncc(-c3cccc(F)c3)[nH]2)cc(N(C)S(C)(=O)=O)c1)c1ccccc1,Moderate
CC(C)(C)Nc1c(-c2ccc(-c3nc4ccccc4[nH]3)cc2)nc2ccccn12,Moderate
CC(C)(C)Nc1c(-c2ccc(-c3nc4ccc(F)cc4[nH]3)cc2)nc2ccccn12,Moderate
COc1ccc2nc(-c3ccc(-c4nc5ccccn5c4NC(C)(C)C)cc3)[nH]c2c1,Moderate
CC(C)(C)Nc1c(-c2cccc(-c3nc4ccccc4[nH]3)c2)nc2ccccn12,Moderate
CC(C)(C)Nc1c(-c2cccc(-c3nc4ccc(F)cc4[nH]3)c2)nc2ccccn12,Moderate
COc1ccc2nc(-c3cccc(-c4nc5ccccn5c4NC(C)(C)C)c3)[nH]c2c1,Moderate
c1cc(-c2cn3ccccc3n2)cc(-c2nc3ccccc3[nH]2)c1,Moderate
Fc1ccc2nc(-c3cccc(-c4cn5ccccc5n4)c3)[nH]c2c1,Active
COc1ccc2nc(-c3cccc(-c4cn5ccccc5n4)c3)[nH]c2c1,Active
Fc1ccc2nc(-c3cccc(-c4cn5ccc(F)cc5n4)c3)[nH]c2c1,Active
CC[C@H](C)[C@H](NC(=O)[C@@H](N)CCC(N)=O)C(=O)N[C@@H](CC(=O)O)C(=O)N[C@@H](CC(C)C)[C@@H](O)C[C@@H](C)C(=O)N[C@@H](C)C(=O)N[C@@H](CCC(=O)O)C(=O)N[C@@H](Cc1ccccc1)C(=O)O,Active
CC(C)C[C@H](NC(=O)[C@H](CC(N)=O)NC(=O)[C@@H](NC(=O)[C@@H](N)CCC(=O)O)C(C)C)[C@@H](O)C[C@H](C(=O)N[C@@H](C)C(=O)N[C@@H](CCC(=O)O)C(=O)N[C@@H](Cc1ccccc1)C(=O)O)C(C)C,Moderate
CCCCNC(=O)[C@H](C)NC(=O)[C@@H]1CCC[C@H]1[C@H](O)[C@H](CC(C)C)NC(=O)[C@H](CCSC)NC(=O)[C@H](CC(C)C)NC(C)=O,Moderate
NC1=Nc2ccc(Oc3ccccc3)cc2CN1CCC(=O)NC1C2CC3CC(C2)CC1C3,Active
C#CCN(C)Cc1cc2cc(OCCCC3CCN(Cc4ccccc4)CC3)ccc2n1C,Moderate
COc1cc(OC)cc(-c2ccc(Cc3cn(Cc4ccc(F)cc4)c(N)n3)cc2)c1,Moderate
COc1cc(OC)cc(-c2ccc(Cc3cn(Cc4cc(F)cc(F)c4)c(N)n3)cc2)c1,Moderate
Nc1nc(Cc2ccc(-c3ccc(C(F)(F)F)cc3)cc2)cn1Cc1cc(F)cc(F)c1,Moderate
Nc1nc(Cc2ccc(-c3cccc4oc5ccccc5c34)cc2)cn1Cc1ccccc1Cl,Moderate
COc1c2occc2c(OC/C=C(\C)CCC=C(C)C)c2ccc(=O)oc12,Inactive
COc1c2ccoc2c(OC/C=C(\C)CCC=C(C)C)c2oc(=O)ccc12,Inactive
O=C([C@@H]1CNC[C@H]1c1ccccc1Br)N1CCOC[C@@H]1c1ccccc1,Inactive
CS(=O)(=O)c1ccc(-c2ccccc2[C@@H]2CNC[C@H]2C(=O)N2CCOC[C@@H]2c2ccccc2)cc1,Moderate
O=C([C@@H]1CNC[C@H]1c1ccccc1Br)N1CCCCC1c1ccccc1,Inactive
O=C([C@@H]1CNC[C@H]1c1ccccc1Br)N1CCC(c2ccccc2)CC1,Inactive
O=C([C@@H]1CNC[C@H]1c1ccccc1Br)N1CC[C@@H](c2ccccc2)C[C@H]1c1ccccc1,Moderate
O=C([C@@H]1CNC[C@H]1c1ccccc1)N1CCC(c2ccccc2)CC1,Inactive
O=C([C@@H]1CNC[C@]12CCCc1ccccc12)N1CCC(c2ccccc2)CC1,Moderate
O=C([C@@H]1CNC[C@]12CCCc1ccccc12)N1CC[C@@H](c2ccccc2)C[C@H]1c1ccccc1,Moderate
O=C([C@@H]1CNC[C@]12CCCc1cc(Br)ccc12)N1CC[C@@H](c2ccccc2)C[C@H]1c1ccccc1,Active
O=C([C@@H]1CNC[C@]12CCCc1cc(Br)ccc12)N1CC[C@@H](c2ccccc2)C[C@H]1C1CCCCC1,Moderate
O=C([C@@H]1CNC[C@]12CCCc1nc(Cl)ccc12)N1CC[C@@H](c2ccccc2)C[C@H]1C1CCCCC1,Moderate
Cc1ccc2c(n1)CCC[C@]21CNC[C@H]1C(=O)N1CC[C@@H](c2ccccc2)C[C@H]1C1CCCCC1,Active
CCN(CCCCCCNC1=CC(=O)c2ccccc2C1=O)Cc1ccccc1OC,Moderate
OCCc1ccc(O)c(O)c1,Active
O=C(Nc1ccc(N(CCO)CCO)cc1)c1cnc2cc(Cl)cc(Cl)c2c1O,Moderate
CSc1ccc2c(O)c(C(=O)Nc3ccc(N(CCO)CCO)cc3)cnc2c1,Moderate
CSc1cccc2c(O)c(C(=O)Nc3ccc(N(CCO)CCO)cc3)cnc12,Moderate
NC1=NC(c2ccncc2)(c2cccc(-c3cncnc3)c2)C2=NCCCN12,Moderate
COc1cccc(-c2cccc(C3(c4ccncc4)N=C(N)N4CCCN=C43)c2)c1F,Active
COc1ccc(C2(c3cccc(-c4cc(Cl)cc(Cl)c4)c3)N=C(N)N3CCCN=C32)cc1,Active
COc1cccc(-c2cccc(C3(c4ccncc4)N=C(N)N4CC(F)(F)CN=C43)c2)c1F,Active
COc1cccc(-c2cccc([C@]3(c4ccncc4)N=C(N)N4CC(F)(F)CN=C43)c2)c1F,Active
NC1=NC(c2ccncc2)(c2cccc(-c3cncnc3)c2)C2=NCC(F)(F)CN12,Moderate
COc1ccc(C2(c3cccc(-c4cncnc4)c3)N=C(N)N3CC(F)(F)CN=C32)cc1,Moderate
NC1=NC(c2ccc(OC(F)F)cc2)(c2cccc(-c3cncnc3)c2)C2=NCC(F)(F)CN12,Active
COc1cncc(-c2cccc(C3(c4ccc(OC(F)F)cc4)N=C(N)N4CC(F)(F)CN=C43)c2)c1,Active
NC1=NC(c2ccc(OC(F)F)cc2)(c2cccc(-c3cccnc3F)c2)C2=NCC(F)(F)CN12,Active
COc1ccc(F)c(-c2cccc(C3(c4ccncc4)N=C(N)N4CC(F)(F)CN=C43)c2)c1,Active
COc1ccc(C2(c3ccc(F)c(-c4cccnc4)c3)N=C(N)N3CC(F)(F)CN=C32)cc1C,Active
COc1ccc(C2(c3cccc(Br)c3)N=C(N)N3CC(F)(F)CN=C32)cc1,Moderate
COCC#Cc1cccc(C2(c3ccc(OC(F)F)cc3)N=C(N)N3CC(F)(F)CN=C32)c1,Active
COCCC#Cc1cccc(C2(c3ccc(OC(F)F)cc3)N=C(N)N3CC(F)(F)CN=C32)c1,Active
NC1=NC(c2ccc(OC(F)F)cc2)(c2cccc(OCCCF)c2)C2=NCC(F)(F)CN12,Active
NC1=N[C@](c2ccc(OC(F)F)cc2)(c2cccc(OCCCF)c2)C2=NCC(F)(F)CN12,Active
NC1=Nc2ccccc2Sc2cccc(F)c21,Inactive
CCCN(CCC)C(=O)c1cccc(C(=O)N[C@@H](Cc2ccccc2)[C@@H](N)C[C@@H](C)C(=O)N[C@H](C(=O)NCc2ccccc2)C(C)C)c1,Active
CCCN(CCC)C(=O)c1cccc(C(=O)N[C@@H](CC(C)C)[C@H](N)C[C@@H](C)C(=O)N[C@H](C(=O)NCc2ccccc2)C(C)C)c1,Inactive
CCCN(CCC)C(=O)c1cccc(C(=O)N[C@@H](Cc2ccccc2)[C@@H](N)C[C@@H](C)C(=O)Nc2ccc(F)cc2)c1,Active
CCCN(CCC)C(=O)c1cccc(C(=O)N[C@@H](CC(C)C)[C@@H](O)C[C@@H](C)C(=O)N[C@H](C(=O)NCc2ccccc2)C(C)C)c1,Active
CC(C)[C@H](NC(=O)[C@H](C)C[C@H](O)[C@@H]1CCCCCC[C@H](NC(=O)OC(C)(C)C)C(=O)N[C@@H](C)C(=O)N1)C(=O)NCc1ccccc1,Moderate
CC(C)[C@H](NC(=O)[C@H](C)C[C@H](O)[C@@H]1CCCCCC[C@H](N)C(=O)N[C@@H](C)C(=O)N1)C(=O)NCc1ccccc1,Moderate
CC(C)[C@H](NC(=O)[C@H](C)C[C@H](O)[C@@H]1CCCCCN(C(=O)[C@@H](NC(=O)OC(C)(C)C)C(C)C)[C@@H](C)C(=O)N1)C(=O)NCc1ccncc1,Moderate
Oc1cc(O)c2c(c1)O[C@@H](c1ccc(O)c(O)c1)[C@H](O)C2,Inactive
C=C(c1ccccc1)c1cc(C(=O)N[C@@H](Cc2ccccc2)[C@H](O)CNC2CC2)cc(N(C)S(C)(=O)=O)c1,Moderate
N=C(N)SCc1c(F)cccc1Cl,Inactive
Nc1ccc2cc(C(F)(F)F)ccc2n1,Inactive
Cc1cc(N)nc2ccccc12,Inactive
Nc1cc(C(F)(F)F)c2ccccc2n1,Inactive
Nc1ccc2cc(-c3ccccc3F)ccc2n1,Inactive
Nc1ccc2cc(-c3ccccc3C(F)(F)F)ccc2n1,Inactive
CC1=CC2Cc3nc4cc(Cl)ccc4c(NCCCCCCCCNc4c5c(nc6cc(Cl)ccc46)CCCC5)c3C(C1)C2.Cl,Moderate
CN(c1cc(CCC2CC2)cc(C(=O)N[C@@H](Cc2ccccc2)[C@H](O)CNC2CC2)c1)S(C)(=O)=O,Moderate
Cc1cncc(-c2cccc(C3(C4CC4)NC(=N)N(C)C3=O)c2)c1,Moderate
CN1C(=N)N[C@@](c2cccc(-c3cncc(Cl)c3)c2)(C2CC2)C1=O,Active
CN1C(=N)NC(c2ccccc2)(c2cccc(-c3ccccc3)c2)C1=O,Moderate
COc1cccc(-c2cccc(C3(c4ccccc4)NC(=N)N(C)C3=O)c2)c1,Moderate
COc1ccc(-c2cccc(C3(c4ccccc4)NC(=N)N(C)C3=O)c2)cc1,Moderate
CCOc1cccc(-c2cccc(C3(c4ccccc4)NC(=N)N(C)C3=O)c2)c1,Moderate
CN1C(=N)NC(c2ccccc2)(c2cccc(F)c2)C1=O,Moderate
Cc1cccc(C2(c3ccccc3)NC(=N)N(C)C2=O)c1,Moderate
CN1C(=N)NC(c2ccccc2)(c2cccc(C#N)c2)C1=O,Moderate
CN1C(=N)NC(c2ccccc2)(c2cccc(-c3ccccn3)c2)C1=O,Moderate
CN1C(=N)NC(c2ccccc2)(c2cccc(-c3cccnc3)c2)C1=O,Moderate
CN1C(=N)NC(c2ccccc2)(c2cccc(-c3ccncc3)c2)C1=O,Moderate
CN1C(=N)NC(c2ccccc2)(c2cccc(-c3cnccn3)c2)C1=O,Moderate
Cc1cncc(-c2cccc(C3(c4ccccc4)NC(=N)N(C)C3=O)c2)c1,Moderate
CN1C(=N)NC(c2ccccc2)(c2cccc(-c3cncc(C#N)c3)c2)C1=O,Moderate
CN1C(=N)NC(c2ccccc2)(c2cccc(-c3cncc(F)c3)c2)C1=O,Moderate
CN1C(=N)NC(c2ccccc2)(c2cccc(-c3cncc(Cl)c3)c2)C1=O,Active
COc1cccc(-c2cccc([C@@]3(c4ccccc4)NC(=N)N(C)C3=O)c2)c1,Moderate
COc1cccc(-c2cccc([C@]3(c4ccccc4)NC(=N)N(C)C3=O)c2)c1,Moderate
CN1C(=N)N[C@](c2ccccc2)(c2cccc(-c3cccnc3)c2)C1=O,Moderate
CN1C(=N)N[C@@](c2ccccc2)(c2cccc(-c3cccnc3)c2)C1=O,Moderate
CN1C(=N)NC(C)(c2cccc(-c3cccc(Cl)c3)c2)C1=O,Moderate
CCC1(c2cccc(-c3cccc(Cl)c3)c2)NC(=N)N(C)C1=O,Moderate
CC(C)C1(c2cccc(-c3cccc(Cl)c3)c2)NC(=N)N(C)C1=O,Moderate
CN1C(=N)NC(c2cccc(-c3cccc(Cl)c3)c2)(C2CC2)C1=O,Moderate
CN1C(=N)NC(c2cccc(-c3cccc(Cl)c3)c2)(C2CCC2)C1=O,Moderate
CN1C(=N)NC(c2cccc(-c3cccc(Cl)c3)c2)(C2CCCC2)C1=O,Moderate
CN1C(=N)NC(c2cccc(-c3cccc(Cl)c3)c2)(C2CCCCC2)C1=O,Moderate
CN1C(=N)NC(c2cccc(-c3cccc(Cl)c3)c2)(C2(C)CC2)C1=O,Moderate
CN1C(=N)NC(CC2CC2)(c2cccc(-c3cccc(Cl)c3)c2)C1=O,Moderate
CN1C(=N)NC(c2cccc(-c3cccc(Cl)c3)c2)(c2ccccn2)C1=O,Moderate
CN1C(=N)NC(c2cccnc2)(c2cccc(-c3cccc(Cl)c3)c2)C1=O,Moderate
CN1C(=N)NC(c2cncnc2)(c2cccc(-c3cccc(Cl)c3)c2)C1=O,Moderate
CN1C(=N)NC(c2cccc(-c3cccc(Cl)c3)c2)(c2ncccn2)C1=O,Moderate
CN1C(=N)NC(c2cccc(-c3cccc(Cl)c3)c2)(c2nccs2)C1=O,Moderate
CN1C(=N)NC(c2cccc(-c3cc(Cl)cc(Cl)c3)c2)(C2CC2)C1=O,Moderate
COc1cccc(-c2cccc(C3(C4CC4)NC(=N)N(C)C3=O)c2)c1,Moderate
CN1C(=N)NC(c2cccc(-c3cccc(C#N)c3)c2)(C2CC2)C1=O,Moderate
CN1C(=N)NC(c2cccc(-c3cccnc3)c2)(C2CC2)C1=O,Moderate
COc1cncc(-c2cccc(C3(C4CC4)NC(=N)N(C)C3=O)c2)c1,Moderate
CN1C(=N)NC(c2cccc(-c3cncc(C#N)c3)c2)(C2CC2)C1=O,Moderate
CN1C(=N)NC(c2cccc(-c3cncc(F)c3)c2)(C2CC2)C1=O,Moderate
CN1C(=N)NC(c2cccc(-c3cncc(Cl)c3)c2)(C2CC2)C1=O,Moderate
CC#Cc1cncc(-c2cccc([C@@]3(C4CC4)NC(=N)N(C)C3=O)c2)c1,Active
CN(c1cc(/C=C\C2CC2)cc(C(=O)N[C@@H](Cc2ccccc2)[C@H](O)CNC2CC2)c1)S(C)(=O)=O,Active
CN(c1cc(C(=O)N[C@@H](Cc2ccccc2)[C@H](O)CNC2CC2)cc(C(O)c2ccccc2)c1)S(C)(=O)=O,Moderate
Cl.O=C(NCCCCCCCCCCNc1c2c(nc3cc(Cl)ccc13)CCCC2)c1cc(=O)c2ccccc2o1,Inactive
COc1ccc2oc(C(=O)NCCCCCCCCCCNc3c4c(nc5cc(Cl)ccc35)CCCC4)cc(=O)c2c1.Cl,Inactive
COc1cc(OC)c2c(=O)cc(C(=O)NCCCCCCCCCCNc3c4c(nc5ccccc35)CCCC4)oc2c1.Cl,Moderate
COc1cc2oc(C(=O)NCCCCCCCCCCNc3c4c(nc5ccccc35)CCCC4)cc(=O)c2cc1OC.Cl,Moderate
Cl.O=C(NCCCCCCCCCCNc1c2c(nc3ccccc13)CCCC2)c1cc(=O)c2cc(O)ccc2o1,Moderate
COc1cc(O)c2c(=O)cc(C(=O)NCCCCCCCCCCNc3c4c(nc5ccccc35)CCCC4)oc2c1.Cl,Moderate
Cl.O=C(NCCCCCCCCCCNc1c2c(nc3ccccc13)CCCC2)c1cc(=O)c2c(O)cc(O)cc2o1,Moderate
Cl.O=C(NCCCCCCCCCCNc1c2c(nc3cc(Cl)ccc13)CCCC2)c1cc(=O)c2cc(O)c(O)cc2o1,Inactive
CC(C)C[C@H](NC(=O)[C@H](CC(N)=O)NC(=O)[C@@H](NC(=O)[C@@H](N)CC(=O)O)C(C)C)[C@@H](O)C[C@@H](C)C(=O)N[C@@H](C)C(=O)N[C@@H](CC(=O)O)C(=O)N[C@@H](Cc1ccccc1)C(=O)O,Active
CN(c1cc(Cc2ccccc2)cc(C(=O)N[C@@H](Cc2ccccc2)[C@H](O)CNC2CC2)c1)S(C)(=O)=O,Moderate
CNC(=O)c1cc(C(=O)N[C@@H](Cc2ccccc2)[C@H](O)CNC2CC2)cc(N(C)S(C)(=O)=O)c1,Moderate
CN(c1cc(C(=O)N[C@@H](Cc2ccccc2)[C@H](O)CNC2CC2)cc(C(O)Cc2ccccc2)c1)S(C)(=O)=O,Moderate
CN(c1cc(C(=O)N[C@@H](Cc2ccccc2)[C@H](O)CNC2CC2)cc(C(=O)C2CCCCC2)c1)S(C)(=O)=O,Moderate
CCCN(CCC)C(=O)c1cccc(C(=O)N[C@@H](CC(C)C)[C@@H](N)C[C@@H](C)C(=O)N[C@H](C(=O)NCc2ccccc2)C(C)C)c1,Moderate
CN(c1cc(C(=O)Cc2ccccc2)cc(C(=O)N[C@@H](Cc2ccccc2)[C@H](O)CNC2CC2)c1)S(C)(=O)=O,Moderate
CN(c1cc(C(=O)N[C@@H](Cc2ccccc2)[C@H](O)CNC2CC2)cc(C(=O)c2ccccc2)c1)S(C)(=O)=O,Active
CCCN(CCC)C(=O)c1cccc(C(=O)N[C@@H](CC(C)C)[C@@H](N)C[C@@H](C)C(=O)Nc2ccc(F)cc2)c1,Moderate
CC(=O)N[C@@H](Cc1ccc(F)cc1)[C@H](O)CN[C@H]1C[C@]2(CC[C@H]2C)Oc2ncc(CC(C)(C)C)cc21,Active
CC(=O)N[C@@H](Cc1cccc(F)c1)[C@H](O)CN[C@H]1C[C@]2(C[C@@H](F)C2)Oc2ncc(CC(C)(C)C)cc21,Active
CC(=O)N[C@@H](Cc1ccc(F)cc1)[C@H](O)CN[C@H]1C[C@]2(C[C@H](F)C2)Oc2ncc(CC(C)(C)C)cc21,Active
CC(=O)N[C@@H](Cc1cccc(F)c1)[C@H](O)CN[C@H]1CC2(CCC2)Oc2ncc(CC(C)(C)C)cc21,Active
CC(=O)N[C@@H](Cc1ccc(F)cc1)[C@H](O)CN[C@H]1CC2(CCC2)Oc2ncc(CC(C)(C)C)cc21,Active
CC(=O)N[C@@H](Cc1cc(F)cc(F)c1)[C@H](O)CN[C@H]1CC2(CCC2)Oc2ncc(CC(C)(C)C)cc21,Active
C=CC[C@H](NC(C)=O)[C@H](O)CN[C@H]1CC2(CCC2)Oc2ncc(CC(C)(C)C)cc21,Active
CC(=O)N[C@@H](Cc1ccc(F)cc1)[C@H](O)CN[C@H]1C[C@]2(CC[C@@H]2C)Oc2ncc(CC(C)(C)C)cc21,Active
CC(=O)N[C@@H](Cc1ccc(F)cc1)[C@H](O)CN[C@H]1C[C@@]2(CC[C@H]2C)Oc2ncc(CC(C)(C)C)cc21,Inactive
CC(=O)N[C@@H](Cc1ccc(F)cc1)[C@H](O)CN[C@H]1C[C@]2(C[C@@H](C)C2)Oc2ncc(CC(C)(C)C)cc21,Active
CC(=O)N[C@@H](Cc1ccc(F)cc1)[C@H](O)CN[C@H]1C[C@]2(C[C@H](C)C2)Oc2ncc(CC(C)(C)C)cc21,Active
CC(=O)N[C@@H](Cc1ccc(F)c(F)c1)[C@H](O)CN[C@H]1C[C@]2(C[C@@H](C)C2)Oc2ncc(CC(C)(C)C)cc21,Active
CC(=O)N[C@@H](Cc1ccc(F)c(F)c1)[C@H](O)CN[C@H]1C[C@]2(C[C@H](C)C2)Oc2ncc(CC(C)(C)C)cc21,Active
CC(=O)N[C@@H](Cc1ccc(F)cc1)[C@H](O)CN[C@H]1C[C@]2(C[C@@H](F)C2)Oc2ncc(CC(C)(C)C)cc21,Active
CC(=O)N[C@@H](Cc1cccc(F)c1)[C@H](O)CN[C@H]1C[C@]2(C[C@H](F)C2)Oc2ncc(CC(C)(C)C)cc21,Active
CC(=O)N[C@@H](Cc1ccc(F)cc1)[C@H](O)CN[C@H]1CC2(CC(F)(F)C2)Oc2ncc(CC(C)(C)C)cc21,Active
CC(=O)N[C@@H](Cc1ccc(F)cc1)[C@H](O)CN[C@H]1C[C@]2(C[C@@H](O)C2)Oc2ncc(CC(C)(C)C)cc21,Active
CC(=O)N[C@@H](Cc1ccc(F)cc1)[C@H](O)CN[C@H]1C[C@]2(C[C@H](O)C2)Oc2ncc(CC(C)(C)C)cc21,Active
COCC(=O)N[C@@H](Cc1ccc(F)cc1)[C@H](O)CN[C@H]1C[C@]2(C[C@H](O)C2)Oc2ncc(CC(C)(C)C)cc21,Active
CC(C)(C)Cc1cnc2c(c1)[C@@H](NC[C@@H](O)[C@H](Cc1ccc(F)cc1)NC(=O)CF)C[C@]1(C[C@H](O)C1)O2,Active
C=CC[C@H](NC(C)=O)[C@H](O)CN[C@H]1C[C@]2(C[C@H](O)C2)Oc2ncc(CC(C)(C)C)cc21,Active
O=C(Nc1cc(Br)ccc1N1CCNCC1)c1cccc2ccccc12.O=C(O)C(F)(F)F,Moderate
CN(c1cc2cc(c1)C(=O)N[C@H]([C@H](O)CNCc1ccccc1)COC/C=C/CCNC2=O)S(C)(=O)=O,Moderate
CC(C)c1cccc(CNC[C@@H](O)[C@@H]2COC/C=C/CCNC(=O)c3cc(cc(N(C)S(C)(=O)=O)c3)C(=O)N2)c1,Active
CN(c1cc2cc(c1)C(=O)N[C@H]([C@H](O)CNCc1cccc(C(C)(C)C)c1)COC/C=C/CCNC2=O)S(C)(=O)=O,Active
CC(C)c1cccc(CNC[C@@H](O)[C@@H]2COC/C=C/CCCNC(=O)c3cc(cc(N(C)S(C)(=O)=O)c3)C(=O)N2)c1,Moderate
CN(c1cc2cc(c1)C(=O)N[C@H]([C@H](O)CNCc1ccccc1)COCCCCCNC2=O)S(C)(=O)=O,Moderate
CC(C)c1cccc(CNC[C@@H](O)[C@@H]2COCCCCCNC(=O)c3cc(cc(N(C)S(C)(=O)=O)c3)C(=O)N2)c1,Active
CC(C)c1cccc(CNC[C@@H](O)[C@@H]2COCCCCCCNC(=O)c3cc(cc(N(C)S(C)(=O)=O)c3)C(=O)N2)c1,Active
CC(C)c1cccc(CNC[C@@H](O)[C@@H]2COC/C=C\CCN(C)C(=O)c3cc(cc(N(C)S(C)(=O)=O)c3)C(=O)N2)c1,Active
CC(C)c1cccc(CNC[C@@H](O)[C@@H]2COC/C=C/C[C@@H](c3ccccc3)NC(=O)c3cc(cc(N(C)S(C)(=O)=O)c3)C(=O)N2)c1,Moderate
CC(C)c1cccc(CNC[C@@H](O)[C@@H]2COC/C=C/C[C@H](c3ccccc3)NC(=O)c3cc(cc(N(C)S(C)(=O)=O)c3)C(=O)N2)c1,Active
Cc1cc2cc(c1)C(=O)N[C@H]([C@H](O)CNCc1cccc(C(C)C)c1)COC/C=C/CCNC2=O,Moderate
Cc1cc2cc(c1)C(=O)N[C@H]([C@H](O)CNCc1cccc(C(C)C)c1)COC/C=C/C[C@@H](c1ccccc1)NC2=O,Moderate
Cc1cc2cc(c1)C(=O)N[C@@H](c1ccccc1)C/C=C/COC[C@@H]([C@H](O)CNCc1cccc(C(C)C)c1)NC2=O,Moderate
CC(C)C[C@H](NC(=O)[C@@H](NC(=O)[C@@H](N)CNC(=O)c1[nH]c(=O)[nH]c(=O)c1F)C(C)C)C(=O)N[C@@H](Cc1ccccc1)C(=O)N[C@@H](CO)C(=O)O,Moderate
CC(C)C[C@H](NC(=O)[C@@H](NC(=O)[C@@H](N)CNC(=O)c1[nH]c(=O)[nH]c(=O)c1F)C(C)C)C(=O)N[C@@H](Cc1ccccc1)C(=O)N[C@H](CO)C(=O)O,Moderate
Clc1ccccc1CNc1ccnc(NC2CCN(Cc3ccccc3)CC2)n1,Moderate
Clc1cccc(CNc2ccnc(NC3CCN(Cc4ccccc4)CC3)n2)c1,Moderate
Clc1ccc(CNc2ccnc(NC3CCN(Cc4ccccc4)CC3)n2)cc1,Moderate
Fc1ccc(CNc2ccnc(NC3CCN(Cc4ccccc4)CC3)n2)cc1,Moderate
Cc1ccc(CNc2ccnc(NC3CCN(Cc4ccccc4)CC3)n2)cc1,Inactive
COc1ccc(CNc2ccnc(NC3CCN(Cc4ccccc4)CC3)n2)cc1,Moderate
COc1cc(CNc2ccnc(NC3CCN(Cc4ccccc4)CC3)n2)cc(OC)c1OC,Moderate
c1ccc(CN2CCC(Nc3nccc(NCc4ccc5c(c4)OCO5)n3)CC2)cc1,Moderate
CC(C)C[C@@H](C=O)NC(=O)[C@H](CC(C)C)NC(=O)[C@@H](NC(=O)OCc1ccccc1)C(C)C,Inactive
CC(C)C[C@H](NC(=O)[C@@H](NC(=O)[C@@H](N)CNC(=O)c1[nH]c(=O)[nH]c(=O)c1F)C(C)C)C(=O)N[C@@H](Cc1ccccc1)C(=O)N[C@@H](CC(N)=O)C(=O)O,Moderate
CC(C)C[C@H](NC(=O)[C@@H](NC(=O)[C@@H](N)CNC(=O)c1[nH]c(=O)[nH]c(=O)c1F)C(C)C)C(=O)N[C@@H](Cc1ccccc1)C(=O)N[C@H](CC(N)=O)C(=O)O,Active
CC(C)C[C@H](NC(=O)[C@@H](NC(=O)[C@@H](N)CNC(=O)c1[nH]c(=O)[nH]c(=O)c1F)C(C)C)C(=O)N[C@@H](Cc1ccccc1)C(=O)N[C@H](C)C(=O)O,Moderate
CC(C)C[C@H](NC(=O)[C@@H](NC(=O)[C@@H](N)CNC(=O)c1[nH]c(=O)[nH]c(=O)c1F)C(C)C)C(=O)N[C@@H](Cc1ccccc1)C(=O)N[C@@H](C(=O)O)C(C)C,Active
CC(C)[C@H](NC(=O)[C@@H](N)CNC(=O)c1[nH]c(=O)[nH]c(=O)c1F)C(=O)N[C@@H](CC1CCCCC1)C(=O)N[C@@H](Cc1ccccc1)C(=O)N[C@H](CO)C(=O)O,Moderate
CC(C)[C@H](NC(=O)[C@@H](N)CNC(=O)c1[nH]c(=O)[nH]c(=O)c1F)C(=O)N[C@@H](CC1CCCCC1)C(=O)N[C@@H](Cc1ccccc1)C(=O)N[C@H](CC(N)=O)C(=O)O,Moderate
CC(C)C[C@H](NC(=O)[C@@H](NC(=O)[C@@H](N)CNC(=O)c1[nH]c(=O)[nH]c(=O)c1F)C(C)C)C(=O)N[C@@H](Cc1ccccc1)C(=O)O,Moderate
CCCN1CCC[C@@]12CCN([C@@H](C)C(=O)N[C@@H](Cc1ccccc1)[C@H](O)CNCc1cccc(C(C)C)c1)C2=O,Active
CC(C)(C)c1cccc(CN[C@H]2CS(=O)(=O)C[C@@H](Cc3ccc(N)c(F)c3)[C@@H]2O)c1,Moderate
CC(C)(C)c1cccc(CN[C@H]2CS(=O)(=O)C[C@@H](Cc3cc(F)c(N)c(Br)c3)[C@@H]2O)c1,Moderate
CC(C)(C)c1cccc(CN[C@H]2CS(=O)(=O)C[C@@H](Cc3ccc(N)c(Br)c3)[C@@H]2O)c1,Moderate
CC(F)(F)c1cccc(CN[C@H]2CS(=O)(=O)C[C@@H](Cc3cc(F)c(N)c(Br)c3)[C@@H]2O)c1,Moderate
CC(C)(C)c1cccc(CN[C@H]2CS(=O)(=O)C[C@@H](Cc3ccc(N)c(OC(F)(F)F)c3)[C@@H]2O)c1,Moderate
CCCc1cc(C[C@@H]2CS(=O)(=O)C[C@H](NCc3cccc(C(C)(C)C)c3)[C@H]2O)cc(F)c1N,Moderate
CC(C)(C)c1cccc(CN[C@H]2CS(=O)(=O)C[C@@H](Cc3ccc(N)nc3)[C@@H]2O)c1,Moderate
CC(C)(C)c1cccc(CN[C@H]2CS(=O)(=O)C[C@@H](Cc3ccc4[nH]ncc4c3)[C@@H]2O)c1,Moderate
CCCc1n[nH]c2ccc(C[C@@H]3CS(=O)(=O)C[C@H](NCc4cccc(C(C)(C)C)c4)[C@H]3O)cc12,Moderate
CC(C)(C)c1cccc(CN[C@H]2CS(=O)(=O)C[C@@H](Cc3ccc4[nH]ccc4c3)[C@@H]2O)c1,Moderate
CC(C)(C)c1cccc(CN[C@H]2CS(=O)(=O)C[C@@H](Cc3ccc4[nH]cc(CC(F)F)c4c3)[C@@H]2O)c1,Moderate
CC(C)(C)c1cccc(CN[C@H]2CS(=O)(=O)C[C@@H](Cc3ccc4[nH]cc(CC(F)(F)F)c4c3)[C@@H]2O)c1,Moderate
CCc1c[nH]c2ccc(C[C@@H]3CS(=O)(=O)C[C@H](NCc4cccc(C(C)(C)C)c4)[C@H]3O)cc12,Moderate
CC(C)(C)c1cccc(CN[C@H]2CS(=O)(=O)C[C@@H](Cc3cc(F)c4c(c3)C3(CCC(F)(F)CC3)CN4)[C@@H]2O)c1,Moderate
CC(C)(C)c1cccc(CN[C@H]2CS(=O)(=O)C[C@@H](Cc3cc(F)c4c(c3)C3(CCC3)CN4)[C@@H]2O)c1,Moderate
CN(C)CC(=O)Nc1ccc(C[C@@H]2CS(=O)(=O)C[C@H](NCc3cccc(C(C)(C)C)c3)[C@H]2O)cc1F,Moderate
CCc1cc(C[C@@H]2CS(=O)(=O)C[C@H](NCc3cccc(C(C)(C)C)c3)[C@H]2O)cc(F)c1N,Moderate
CCc1cc(C[C@@H]2CS(=O)(=O)C[C@H](NCc3cccc(C(C)(C)C)c3)[C@H]2O)cc(F)c1NC(C)=O,Active
CCc1cc(C[C@@H]2CS(=O)(=O)C[C@H](NCc3cccc(C(C)(C)C)c3)[C@H]2O)cc(F)c1NC(=O)CN(C)C,Active
CC(C)(C)c1cccc(CN[C@H]2CS(=O)(=O)C[C@@H](Cc3cc(F)c(N)c(C4CC4)c3)[C@@H]2O)c1,Moderate
CC(C)(C)c1cccc(CN[C@H]2CS(=O)(=O)C[C@@H](Cc3cc(F)c(N)c(-c4cc[nH]n4)c3)[C@@H]2O)c1,Active
CC(C)(C)c1cccc(CN[C@H]2CS(=O)(=O)C[C@@H](Cc3cc(F)c(N)c(-c4ccco4)c3)[C@@H]2O)c1,Moderate
CC(C)(C)c1cccc(CN[C@H]2CS(=O)(=O)C[C@@H](Cc3cc(F)c(N)c(-c4ccoc4)c3)[C@@H]2O)c1,Moderate
CC(C)(C)c1cccc(CN[C@H]2CS(=O)(=O)C[C@@H](Cc3cc(F)c(N)c(CCC(F)(F)F)c3)[C@@H]2O)c1,Moderate
CC(C)(C)c1cccc(CN[C@H]2CS(=O)(=O)C[C@@H](Cc3cc(F)c(N)c(C[C@H](O)C(F)(F)F)c3)[C@@H]2O)c1,Moderate
CO[C@@H](Cc1cc(C[C@@H]2CS(=O)(=O)C[C@H](NCc3cccc(C(C)(C)C)c3)[C@H]2O)cc(F)c1N)C(F)(F)F,Moderate
CCCOc1cccc(C[C@@H]2CS(=O)(=O)C[C@H](NCc3cccc(C(C)(C)C)c3)[C@H]2O)c1,Moderate
CCCOc1cc(C[C@@H]2CS(=O)(=O)C[C@H](NCc3cccc(C(C)(C)C)c3)[C@H]2O)ccc1N,Active
CC(C)(C)c1cccc(CN[C@H]2CS(=O)(=O)C[C@@H](Cc3ccc(N)c(OCC(F)(F)F)c3)[C@@H]2O)c1,Moderate
CCCOc1cc(C[C@@H]2CS(=O)(=O)C[C@H](NCc3cccc(C(C)(C)C)c3)[C@H]2O)cc(F)c1N,Moderate
CCOc1cc(C[C@@H]2CS(=O)(=O)C[C@H](NCc3cccc(C(C)(C)C)c3)[C@H]2O)cc(F)c1N,Active
CC(C)(C)c1cccc(CN[C@H]2CS(=O)(=O)C[C@@H](Cc3cc(F)c(N)c(OC4CCC4)c3)[C@@H]2O)c1,Active
CC(C)(C)c1cccc(CN[C@H]2CS(=O)(=O)C[C@@H](Cc3cc(F)c(N)c(OC4COC4)c3)[C@@H]2O)c1,Active
CC(C)(C)c1cccc(CN[C@H]2CS(=O)(=O)C[C@@H](Cc3cc(O)c(N)c(F)c3)[C@@H]2O)c1,Moderate
CC(C)(C)c1cccc(CN[C@H]2CS(=O)(=O)C[C@@H](Cc3cc(F)c(N)c(OCCF)c3)[C@@H]2O)c1,Active
CC(C)(C)c1cccc(CN[C@H]2CS(=O)(=O)C[C@@H](Cc3cc(F)c(N)c(OCC(F)F)c3)[C@@H]2O)c1,Active
CC(C)(C)c1cccc(CN[C@H]2CS(=O)(=O)C[C@@H](Cc3cc(F)c(N)c(OCC(F)(F)F)c3)[C@@H]2O)c1,Active
CC(C)(C)c1cccc(CN[C@H]2CS(=O)(=O)C[C@@H](Cc3cc(F)c(N)c(OCCC(F)(F)F)c3)[C@@H]2O)c1,Moderate
CC(C)(C)c1cccc(CN[C@H]2CS(=O)(=O)C[C@@H](Cc3cc(F)c(N)c(OC(C(F)(F)F)C(F)(F)F)c3)[C@@H]2O)c1,Active
COCCOc1cc(C[C@@H]2CS(=O)(=O)C[C@H](NCc3cccc(C(C)(C)C)c3)[C@H]2O)cc(F)c1N,Moderate
CC(C)Oc1cc(C[C@@H]2CS(=O)(=O)C[C@H](NCc3cccc(C(C)(C)C)c3)[C@H]2O)cc(F)c1N,Moderate
C[C@@H](Oc1cc(C[C@@H]2CS(=O)(=O)C[C@H](NCc3cccc(C(C)(C)C)c3)[C@H]2O)cc(F)c1N)C(F)(F)F,Active
CCOC[C@@H](Oc1cc(C[C@@H]2CS(=O)(=O)C[C@H](NCc3cccc(C(C)(C)C)c3)[C@H]2O)cc(F)c1N)C(F)(F)F,Active
CCOC[C@H](Oc1cc(C[C@@H]2CS(=O)(=O)C[C@H](NCc3cccc(C(C)(C)C)c3)[C@H]2O)cc(F)c1N)C(F)(F)F,Moderate
COC[C@@H](Oc1cc(C[C@@H]2CS(=O)(=O)C[C@H](NCc3cccc(C(C)(C)C)c3)[C@H]2O)cc(F)c1N)C(F)(F)F,Active
COCCOC[C@@H](Oc1cc(C[C@@H]2CS(=O)(=O)C[C@H](NCc3cccc(C(C)(C)C)c3)[C@H]2O)cc(F)c1N)C(F)(F)F,Active
CC(C)(C)c1ccnc(CN[C@H]2CS(=O)(=O)C[C@@H](Cc3cc(F)c(N)c(OC(C(F)(F)F)C(F)(F)F)c3)[C@@H]2O)c1,Moderate
CC(C)(O)c1cccc(CN[C@H]2CS(=O)(=O)C[C@@H](Cc3cc(F)c(N)c(OC(C(F)(F)F)C(F)(F)F)c3)[C@@H]2O)c1,Active
CC(C)(CO)c1cccc(CN[C@H]2CS(=O)(=O)C[C@@H](Cc3cc(F)c(N)c(OC(C(F)(F)F)C(F)(F)F)c3)[C@@H]2O)c1,Active
CC1(C)OCc2ccc(CN[C@H]3CS(=O)(=O)C[C@@H](Cc4cc(F)c(N)c(OC(C(F)(F)F)C(F)(F)F)c4)[C@@H]3O)cc21,Active
Nc1c(F)cc(C[C@@H]2CS(=O)(=O)C[C@H](NCc3cccc(OC(F)(F)F)c3)[C@H]2O)cc1OC(C(F)(F)F)C(F)(F)F,Moderate
CC(C)(C)Cn1cc(CN[C@H]2CS(=O)(=O)C[C@@H](Cc3cc(F)c(N)c(OC(C(F)(F)F)C(F)(F)F)c3)[C@@H]2O)cn1,Moderate
CC(C)(C)Cc1cc(CN[C@H]2CS(=O)(=O)C[C@@H](Cc3cc(F)c(N)c(OC(C(F)(F)F)C(F)(F)F)c3)[C@@H]2O)no1,Active
O=C(O)c1cc(C(=O)N[C@@H](Cc2ccccc2)[C@H](O)C(=O)Nc2cccc(-c3nn[nH]n3)c2)cc(C(=O)N2COC[C@@H]2c2ccccc2)c1,Moderate
O=C(N[C@@H](Cc1ccccc1)[C@H](O)C(=O)Nc1cccc(-c2nn[nH]n2)c1)c1cccc(C(=O)N2COC[C@@H]2c2ccccc2)c1,Moderate
O=C(N[C@@H](Cc1ccccc1)[C@H](O)C(=O)Nc1cccc(-c2nn[nH]n2)c1)c1cc(Br)cc(C(=O)N2COC[C@@H]2c2ccccc2)c1,Active
O=C(N[C@@H](Cc1ccccc1)[C@H](O)C(=O)Nc1cccc(-c2nn[nH]n2)c1)c1cc(I)cc(C(=O)N2COC[C@@H]2c2ccccc2)c1,Active
Cc1cc(C(=O)N[C@@H](Cc2ccccc2)[C@H](O)C(=O)Nc2cccc(-c3nn[nH]n3)c2)cc(C(=O)N2COC[C@@H]2c2ccccc2)c1,Active
O=C(N[C@@H](Cc1ccccc1)[C@H](O)C(=O)Nc1cccc(-c2nn[nH]n2)c1)c1cc(C(=O)N2COC[C@@H]2c2ccccc2)cc([N+](=O)[O-])c1,Active
O=C(N[C@@H](Cc1ccccc1)[C@H](O)C(=O)Nc1cccc(-c2nn[nH]n2)c1)c1cc(C(=O)N2COC[C@@H]2c2ccc(F)cc2)cc([N+](=O)[O-])c1,Active
CC(C)C[C@H](NC(=O)[C@@H](NC(=O)[C@@H](N)CCC(=O)O)C(C)C)C(=O)N[C@@H](Cc1ccccc1)[C@@H](O)C(=O)Nc1cc(-c2nn[nH]n2)cc(-c2nn[nH]n2)c1,Active
COc1ccc2c(CC(=O)Nc3cc(Br)ccc3N3CCNCC3)cc(=O)oc2c1.O=C(O)C(F)(F)F,Moderate
COc1ccc2c(CC(=O)Nc3cc(Br)ccc3N3CCN(C(=O)OC(C)(C)C)CC3)cc(=O)oc2c1,Active
CC(C)C[C@H](NC(=O)[C@@H](NC(=O)[C@@H](N)CNC(=O)c1nn[nH]n1)C(C)C)C(=O)N[C@@H](Cc1ccccc1)[C@@H](O)C(=O)Nc1cccc(-c2noc(O)n2)c1,Active
COc1ccc2c(CC(=O)Nc3cc(Br)ccc3N3CCN(S(=O)(=O)c4cccs4)CC3)cc(=O)oc2c1,Moderate
Cc1ccc(OCC(=O)N[C@H]2c3cc(NC(=O)COc4ccc(C#N)cc4C)ccc3C[C@@H]2O)cc1,Moderate
Cc1ccc(OCC(=O)N[C@H]2c3cc(NC(=O)COc4ccc(C#N)cc4C)ccc3C[C@H]2O)cc1,Moderate
Cc1ccc(OCC(=O)N[C@@H]2c3cc(NC(=O)COc4ccc(C#N)cc4C)ccc3C[C@H]2O)cc1,Inactive
Cc1ccc(OCC(=O)N[C@@H]2c3cc(NC(=O)COc4ccc(C#N)cc4C)ccc3C[C@@H]2O)cc1,Inactive
c1ccc2cc(SCCCn3c4ccccc4c4ccccc43)ccc2c1,Moderate
O[C@H](CSc1ccc2ccccc2c1)Cn1c2ccccc2c2ccccc21,Moderate
O[C@@H](CSc1ccc2ccccc2c1)Cn1c2ccccc2c2ccccc21,Moderate
NC(CSc1ccc2ccccc2c1)Cn1c2ccccc2c2ccccc21,Inactive
NCCNC(CSc1ccc2ccccc2c1)Cn1c2ccccc2c2ccccc21,Moderate
OC(CCn1c2ccccc2c2ccccc21)CSc1ccc2ccccc2c1,Moderate
OC(CCSc1ccc2ccccc2c1)Cn1c2ccccc2c2ccccc21,Moderate
OC(CSc1ccc2ccccc2c1)C(O)Cn1c2ccccc2c2ccccc21,Moderate
OC(Cn1c2ccccc2c2ccccc21)Cn1c2ccccc2c2ccccc21,Moderate
OC(Cn1c2ccccc2c2ccccc21)C(O)Cn1c2ccccc2c2ccccc21,Moderate
OC(CSc1ccc2ccccc2c1)Cn1ccc2ccccc21,Inactive
CCc1cccc2ccn(CC(O)CSc3ccccc3Cl)c12,Moderate
Cc1ccccc1SCC(O)Cn1c2c(c3ccccc31)CCC2,Inactive
OC(CSc1ccccc1F)Cn1c2c(c3ccccc31)CCCC2,Inactive
OC(CSc1ccccc1Cl)Cn1c2c(c3ccccc31)CCCC2,Moderate
COc1ccc(SCC(O)Cn2c3c(c4ccccc42)CCCC3)cc1,Inactive
OC(CSc1ccccc1F)Cn1c2ccccc2c2ccccc21,Moderate
Nc1cccc(SCC(O)Cn2c3ccccc3c3ccccc32)c1,Inactive
OC(CSc1ccc2ccccc2c1)Cn1c2ccccc2c2ccccc21,Moderate
Oc1ccc(SCC(O)Cn2c(-c3ccccc3)cc3ccccc32)cc1,Inactive
Oc1ccccc1SCC(O)Cn1c(-c2ccccc2)cc2ccccc21,Inactive
CCc1ccccc1SCC(O)Cn1c(-c2ccccc2)cc2ccccc21,Inactive
OC(CSc1ccc2ccccc2c1)Cn1c(-c2ccccc2)cc2ccccc21,Moderate
OC(COc1ccc(Cc2ccccc2)cc1)CSc1ccccc1Cl,Moderate
Oc1ccc(SCC(O)COc2ccc(Cc3ccccc3)cc2)cc1,Inactive
O=C(Nc1cc(Br)ccc1N1CCN(S(=O)(=O)c2cccs2)CC1)c1cc(=O)c2ccccc2o1,Moderate
Cc1nc(CCN(C(=O)CC[C@@H](C2CCCCC2)N2Cc3cc(Oc4ccccc4)ccc3N=C2N)C2CCCCC2)cs1,Moderate
CN(C(=O)CC[C@@H](c1ccccc1)N1Cc2cc(Oc3ccccc3)ccc2N=C1N)C1CCCCC1,Moderate
CN(C(=O)OC[C@@H](c1ccccc1)N1Cc2cc(Oc3ccccc3)ccc2N=C1N)C1CCCCC1,Moderate
CN(C(=O)OC[C@@H](C1CCCCC1)N1Cc2cc(Oc3ccccc3)ccc2N=C1N)C1CCCCC1,Active
NC1=Nc2ccc(Oc3ccccc3)cc2CN1[C@@H](COC(=O)NC1CCCCC1)C1CCCCC1,Active
CN(C(=O)OC[C@@H](C1CCCOC1)N1Cc2cc(Oc3ccccc3)ccc2N=C1N)C1CCCCC1,Moderate
CN(C(=O)CC[C@@H](C1CCCOC1)N1Cc2cc(Oc3ccccc3)ccc2N=C1N)C1CCCCC1,Moderate
Cc1nc(CN(C(=O)OC[C@@H](C2CCCCC2)N2Cc3cc(Oc4ccccc4)ccc3N=C2N)C2CCCCC2)cs1,Moderate
Cc1nc(CN(C(=O)CC[C@@H](C2CCCCC2)N2Cc3cc(Oc4ccccc4)ccc3N=C2N)C2CCCCC2)cs1,Active
Cc1nc(C(C)N(C(=O)CC[C@@H](C2CCCCC2)N2Cc3cc(Oc4ccccc4)ccc3N=C2N)C2CCCCC2)cs1,Moderate
CC(C)c1nc(CN(C(=O)CC[C@@H](C2CCCCC2)N2Cc3cc(Oc4ccccc4)ccc3N=C2N)C2CCCCC2)cs1,Moderate
COCc1nc(CN(C(=O)CC[C@@H](C2CCCCC2)N2Cc3cc(Oc4ccccc4)ccc3N=C2N)C2CCCCC2)cs1,Active
Cn1cc(CN(C(=O)CC[C@@H](C2CCCCC2)N2Cc3cc(Oc4ccccc4)ccc3N=C2N)C2CCCCC2)cn1,Active
NC1=Nc2ccc(Oc3ccccc3)cc2CN1[C@@H](CCC(=O)N(Cc1cn[nH]c1)C1CCCCC1)C1CCCCC1,Active
Cc1[nH]ncc1CN(C(=O)CC[C@@H](C1CCCCC1)N1Cc2cc(Oc3ccccc3)ccc2N=C1N)C1CCCCC1,Active
O=C(Nc1cc(Br)ccc1N1CCN(Cc2ccccc2)CC1)c1cc2ccccc2oc1=O,Moderate
COc1cccc2cc(C(=O)Nc3cc(Br)ccc3N3CCNCC3)c(=O)oc12.O=C(O)C(F)(F)F,Moderate
CC(C)(C)OC(=O)N1CCN(c2ccc(Br)cc2NC(=O)c2ccc3ccccc3n2)CC1,Moderate
CC(C)(C)OC(=O)N1CCN(c2ccc(Br)cc2NC(=O)c2cc(=O)c3ccccc3o2)CC1,Moderate
COc1cccc2cc(C(=O)Nc3cc(Br)ccc3N3CCN(C(=O)OC(C)(C)C)CC3)c(=O)oc12,Moderate
CC(C)(C)OC(=O)N1CCN(c2ccc(Br)cc2NC(=O)c2cc3ccccc3oc2=O)CC1,Moderate
CC(C)C[C@H](NC(=O)[C@@H](NC(=O)[C@@H](N)CNC(=O)c1nn[nH]n1)C(C)C)C(=O)N[C@@H](Cc1ccccc1)[C@@H](O)C(=O)Nc1cccc(-c2noc(S)n2)c1,Active
CCCCNC(=O)[C@@H](NC(=O)[C@H](C)C[C@H](O)[C@@H]1CSC/C=C\CSC[C@H](NC(=O)OC(C)(C)C)C(=O)N[C@@H](C)C(=O)N1)C(C)C,Moderate
CCNC(=O)[C@H](C)NC[C@H](Cc1ccccc1)NC(=O)c1cc(C(=O)N[C@H](C)c2ccc(F)cc2)cc(N(C)S(C)(=O)=O)c1,Moderate
C[C@H](NC[C@H](Cc1ccccc1)NC(=O)c1cc(C(=O)N[C@H](C)c2ccc(F)cc2)cc(N(C)S(C)(=O)=O)c1)C(=O)NC1CC1,Active
O=C(Nc1cc(-c2ccccc2)ccc1N1CCN(CC[C@@H](O)c2ccccc2)CC1)c1cccc2ccccc12,Active
COc1cccc2cc(C(=O)Nc3cc(Br)ccc3N3CCN(CCO)CC3)c(=O)oc12,Moderate
COc1cc(/C=N/Nc2nc(Nc3ccc(F)cc3)nc(N3CCCCC3)n2)ccc1OCC(=O)O,Inactive
CC[C@H](NC[C@H](Cc1ccccc1)NC(=O)c1cc(C(=O)N[C@H](C)c2ccc(F)cc2)cc(N(C)S(C)(=O)=O)c1)C(=O)NCC(C)C,Active
O=C(Nc1cc(-c2ccccc2)ccc1N1CCNCC1)c1cc2ccccc2oc1=O.O=C(O)C(F)(F)F,Moderate
CCCCNC(=O)[C@H](C)C[C@H](O)[C@H](CC(C)C)NC(=O)[C@H](C)NC(=O)[C@H](CC(C)C)NC(C)=O,Moderate
CCCCNC(=O)[C@H](C)C[C@H](O)[C@@H]1CSC/C=C/CS[C@H]2CCCN[C@H]2C(=O)N[C@@H](C)C(=O)N1,Moderate
CC(C)CNC(=O)[C@H](C)NC[C@H](Cc1ccccc1)NC(=O)c1cc(CCC2C[C@@H]2C)cc(N(C)S(C)(=O)=O)c1,Active
CC(C)(C)OC(=O)N1CCN(c2ccc(-c3ccccc3)cc2NC(=O)c2cc3ccccc3oc2=O)CC1,Moderate
O=C(Nc1cc(-c2ccccc2)ccc1N1CCN(C(=O)CCCCC2SCCS2)CC1)c1cccc2ccccc12,Moderate
CCCCNC(=O)[C@H](C)C[C@H](O)[C@@H]1CSC/C=C/CS[C@@H]2CCCN[C@@H]2C(=O)N[C@@H](C)C(=O)N1,Inactive
O=C(Nc1cc(Br)ccc1N1CCN(CCO)CC1)c1cc2ccccc2oc1=O,Moderate
CCOC(=O)CN1CCN(c2ccc(-c3ccccc3)cc2NC(=O)c2cccc3ccccc23)CC1,Active
CCCCNC(=O)[C@H](C)C[C@H](O)[C@H](CC(C)C)NC(=O)[C@H](C)N(C)C(=O)[C@H](CC(C)C)NC(C)=O,Active
CC(C)[C@H](NC(=O)OC(C)(C)C)C(=O)N[C@H](C)C(=O)N[C@@H](Cc1ccccc1)[C@@H](O)C[C@@H](C)C(=O)N[C@H](C(=O)NCc1ccncc1)C(C)C,Moderate
CCCCNC(=O)[C@H](C)C[C@H](O)[C@@H]1CSCCCCCSC[C@H](NC(=O)OC(C)(C)C)C(=O)N[C@@H](C)C(=O)N1,Inactive
CCCCNC(=O)[C@H](C)C[C@H](O)[C@@H]1CSC/C=C\CSC[C@H](NC(=O)OC(C)(C)C)C(=O)N[C@@H](C)C(=O)N1,Moderate
CCC[C@H](NC[C@H](Cc1ccccc1)NC(=O)c1cc(C(=O)N[C@H](C)c2ccc(F)cc2)cc(N(C)S(C)(=O)=O)c1)C(=O)NCC(C)C,Active
CC(C)CNC(=O)[C@H](CCS(C)(=O)=O)NC[C@H](Cc1ccccc1)NC(=O)c1cc(C(=O)N[C@H](C)c2ccc(F)cc2)cc(N(C)S(C)(=O)=O)c1,Moderate
C[C@@H](NC(=O)c1cc(C(=O)N[C@H](CN)Cc2ccccc2)cc(N(C)S(C)(=O)=O)c1)c1ccc(F)cc1,Moderate
O=C(Nc1cc(-c2ccccc2)ccc1N1CCNCC1)c1cccc2ccccc12,Moderate
CCCCNC(=O)[C@H](C)C[C@H](O)[C@@H]1COC/C=C/CSC[C@H](NC(C)=O)C(=O)N[C@@H](C)C(=O)N1,Moderate
C[C@H](NC[C@H](Cc1ccccc1)NC(=O)c1cc(C(=O)N[C@H](C)c2ccc(F)cc2)cc(N(C)S(C)(=O)=O)c1)C(=O)NCc1ccccc1,Moderate
O=C(Nc1cc(-c2ccccc2)ccc1N1CCN(Cc2ccccc2)CC1)c1cc2ccccc2oc1=O,Moderate
O=C(Nc1cc(-c2ccccc2)ccc1N1CCN(C(=O)c2ccccc2)CC1)c1cccc2ccccc12,Active
O=C(Nc1cc(Br)ccc1N1CCOCC1)c1cccc2ccccc12,Inactive
O=C(Nc1cc(Br)ccc1N1CCOCC1)c1cc2ccccc2oc1=O,Moderate
CC(C)C[C@H](NC(=O)[C@@H](NC(=O)[C@@H](N)CNC(=O)c1nc(O)nc(O)c1F)C(C)C)C(=O)N[C@@H](Cc1ccccc1)[C@@H](O)C(=O)Nc1cccc(C(=O)O)c1,Active
CCCCNC(=O)[C@H](C)C[C@H](O)[C@@H]1CSCCCCSC[C@H](NC(=O)OC(C)(C)C)C(=O)N[C@@H](C)C(=O)N1,Inactive
CCCCNC(=O)[C@H](C)C[C@H](O)[C@@H]1COC/C=C/COC[C@H](NC(=O)OC(C)(C)C)C(=O)N[C@@H](C)C(=O)N1,Inactive
CC1(C)Cc2ccccc2C(NC(Cc2ccccc2)C(=O)O)=N1,Inactive
O=C(Nc1cc(Br)ccc1N1CCN(CCO)CC1)c1cccc2ccccc12,Active
CC[C@H](NCC1Cc2cccc(c2)CCCCCc2cc(cc(N(C)S(C)(=O)=O)c2)C(=O)N1)C(=O)NCC(C)C,Moderate
COc1cccc(-c2cccc([C@]3(c4ccccc4)CC(=O)N(C)C(=N)N3)c2)c1,Inactive
CC#Cc1cccc(-c2ccc3c(c2)C2(N=C(C)C(N)=N2)[C@]2(CC[C@H](OC)CC2)C3)c1,Active
CN1C(=N)N[C@](C)(c2cccc(-c3cccc(C#N)c3)c2)CC1=O,Moderate
CN1C(=N)N[C@](C)(c2cccc(-c3cccnc3)c2)CC1=O,Moderate
CN1C(=N)N[C@](c2ccccc2)(c2cccc(-c3cccc(C#N)c3)c2)CC1=O,Moderate
CN1C(=N)N[C@](c2ccccc2)(c2cccc(-c3cccnc3)c2)CC1=O,Inactive
CN1C(=N)N[C@](C)(c2cc(-c3cccc(C#N)c3)cs2)CC1=O,Active
CN1C(=N)N[C@](C)(c2ccc(-c3cccc(C#N)c3)s2)CC1=O,Moderate
CN1C(=N)N[C@](C)(c2csc(-c3cccc(C#N)c3)c2)CC1=O,Moderate
CC#Cc1cncc(-c2csc([C@]3(C)CC(=O)N(C)C(=N)N3)c2)c1,Active
CCc1ccc2c(c1)[C@@H](NC[C@@H](O)[C@H](Cc1ccccc1)NC(=O)c1cc(-c3ccccn3)c(=O)n(C3CCCC3)c1)CC1(CCC1)O2,Active
CCc1ccc2c(c1)[C@@H](NC[C@@H](O)[C@H](Cc1ccccc1)NC(C)=O)CC1(CCC1)O2,Moderate
CC(=O)N[C@@H](Cc1ccccc1)[C@H](O)CN[C@H]1CC2(CCC2)Oc2ccc(CC(C)(C)C)cc21,Active
CC(=O)N[C@@H](Cc1ccccc1)[C@H](O)CN[C@H]1CC2(CCC2)Oc2ncc(CC(C)(C)C)cc21,Active
CC(=O)N[C@@H](Cc1ccccc1F)[C@H](O)CN[C@H]1CC2(CCC2)Oc2ncc(CC(C)(C)C)cc21,Active
CC(=O)N[C@@H](Cc1ccc(Cl)cc1)[C@H](O)CN[C@H]1CC2(CCC2)Oc2ncc(CC(C)(C)C)cc21,Active
CC(=O)N[C@@H](Cc1ccc(OC(F)(F)F)cc1)[C@H](O)CN[C@H]1CC2(CCC2)Oc2ncc(CC(C)(C)C)cc21,Active
CC#Cc1cncc(-c2ccc([C@]3(C)CC(=O)N(C)C(=N)N3)s2)c1,Active
CC#Cc1cncc(-c2cc([C@]3(C)CC(=O)N(C)C(=N)N3)cs2)c1,Active
CC#Cc1cncc(-c2cc(Cl)c([C@]3(C)CC(=O)N(C)C(=N)N3)s2)c1,Active
CC#Cc1cncc(-c2cc([C@]3(C)CC(=O)N(C)C(=N)N3)c(Cl)s2)c1,Active
CC(=O)N[C@@H](Cc1cccc(C(F)(F)F)c1)[C@H](O)CN[C@H]1CC2(CCC2)Oc2ncc(CC(C)(C)C)cc21,Active
CC(=O)N[C@@H](Cc1ccc(F)cc1F)[C@H](O)CN[C@H]1CC2(CCC2)Oc2ncc(CC(C)(C)C)cc21,Active
CC(=O)N[C@@H](Cc1ccc(F)c(F)c1)[C@H](O)CN[C@H]1CC2(CCC2)Oc2ncc(CC(C)(C)C)cc21,Active
CC(=O)N[C@@H](Cc1ccc(F)c(C)c1)[C@H](O)CN[C@H]1CC2(CCC2)Oc2ncc(CC(C)(C)C)cc21,Active
CC(=O)N[C@@H](Cc1ccc(F)c(C(F)(F)F)c1)[C@H](O)CN[C@H]1CC2(CCC2)Oc2ncc(CC(C)(C)C)cc21,Active
CC(=O)N[C@@H](Cc1ccc(F)c(OC(F)(F)F)c1)[C@H](O)CN[C@H]1CC2(CCC2)Oc2ncc(CC(C)(C)C)cc21,Active
CC(=O)N[C@@H](Cc1ccc(F)c(C#N)c1)[C@H](O)CN[C@H]1CC2(CCC2)Oc2ncc(CC(C)(C)C)cc21,Active
COc1cc(C[C@H](NC(C)=O)[C@H](O)CN[C@H]2CC3(CCC3)Oc3ncc(CC(C)(C)C)cc32)ccc1F,Active
CC(=O)N[C@@H](Cc1ccc(C)c(F)c1)[C@H](O)CN[C@H]1CC2(CCC2)Oc2ncc(CC(C)(C)C)cc21,Active
COc1ccc(C[C@H](NC(C)=O)[C@H](O)CN[C@H]2CC3(CCC3)Oc3ncc(CC(C)(C)C)cc32)cc1F,Active
CC(=O)N[C@@H](Cc1ccc(C(F)(F)F)c(F)c1)[C@H](O)CN[C@H]1CC2(CCC2)Oc2ncc(CC(C)(C)C)cc21,Active
C[C@@]1(c2cc(NC(=O)c3ccc(C#N)cn3)ccc2F)Cn2c(C#N)cnc2C(N)=N1,Active
C[C@@]1(c2cc(NC(=O)c3ccn(C(F)F)n3)ccc2F)Cn2c(C#N)cnc2C(N)=N1,Active
C[C@@]1(c2cc(NC(=O)c3ccn(C(F)F)n3)ccc2F)Cn2cc(C(F)(F)F)nc2C(N)=N1,Active
CC#Cc1cncc(-c2cccc([C@@]3(c4cc(C)c(=O)n(CC)c4)N=C(N)c4c(F)cccc43)c2)c1,Active
CCn1cc([C@]2(c3cccc(-c4cncc(C#N)c4)c3)N=C(N)c3c(F)cccc32)cc(C)c1=O,Active
CC#Cc1cncc(-c2cccc([C@@]3(c4cc(C(F)F)c(=O)n(CC)c4)N=C(N)c4c(F)cccc43)c2)c1,Active
CC#Cc1ccnc(-c2cccc([C@@]3(c4cc(C)c(=O)n(CC)c4)N=C(N)c4c(F)cccc43)c2)c1,Active
CN1C(=O)CC2(N=C1N)c1cc(-c3cc(F)cc(Cl)c3)ccc1OC1CC3(CC[C@@H]12)OCCO3,Moderate
NC1=N[C@@]2(CO1)c1cc(-c3cncc(Cl)c3)ccc1OC1OC[C@H](OCC3CC3)C[C@@H]12,Active
NC1=N[C@]2(CO1)c1cc(-c3cncc(Cl)c3)ccc1OC1OC[C@H](OCC3CC3)C[C@@H]12,Active
NC1=N[C@@]2(COCC1)c1cc(-c3cccnc3F)ccc1Oc1cnc(-c3ccnc(F)c3)cc12,Active
CC(C)(C)COc1cc(F)c2c(c1)[C@]1(COCCC(N)=N1)c1cc(-c3cccnc3F)ccc1O2,Active
NC1=N[C@@]2(CCOC1)c1cc(-c3cccnc3F)ccc1Oc1cnc(-c3ccc(F)c(F)c3)cc12,Active
NC1=N[C@@]2(CCOC1)c1cc(-c3cccnc3F)ccc1Oc1cnc(C3CCC(F)(F)C3)cc12,Active
CC#Cc1cncc(-c2ccc3c(c2)C2(N=C(C)C(N)=N2)[C@]2(CC[C@H](OC)CC2)C3)c1,Active
CO[C@H]1CC[C@]2(CC1)Cc1ccc(-c3cc(Cl)cc(C#N)c3)cc1C21N=C(C)C(N)=N1,Active
CO[C@H]1CC[C@]2(CC1)Cc1ccc(C#CC3CC3)cc1C21N=C(C)C(N)=N1,Active
CO[C@H]1CC[C@]2(CC1)Cc1ccc(OCC(C)C)cc1C21N=C(C)C(N)=N1,Active
CO[C@H]1CC[C@]2(CC1)Cc1ccc(-c3cncc(Br)c3)cc1C21N=C(C)C(N)=N1,Active
CC#Cc1cncc(-c2ccc3c(c2)C2(N=C(C)C(N)=N2)C2(CCC(OC)CC2)O3)c1,Active
CCC#Cc1cncc(-c2ccc3c(c2)C2(N=C(C)C(N)=N2)[C@]2(CC[C@H](OC)CC2)C3)c1,Active
CO[C@H]1CC[C@]2(CC1)Cc1ccc(-c3cc(Cl)c(F)c(C#N)c3)cc1C21N=C(C)C(N)=N1,Active
CC(=O)N[C@@H](Cc1ccccc1)[C@H](O)CN[C@H]1CC(C)(C)Oc2ccc(CC(C)(C)C)cc21,Active
CC(=O)N[C@@H](Cc1ccccc1)[C@H](O)CNC1CC(C)(C)Oc2sc(CC(C)(C)C)cc21,Active
CC(=O)N[C@@H](Cc1ccccc1)[C@H](O)CNC1CC(C)(C)Cc2[nH]c(CC(C)(C)C)nc21,Moderate
CC(=O)N[C@@H](Cc1ccccc1)[C@H](O)CNC1CC(C)(C)Cc2nn(CC(C)(C)C)cc21,Active
CC(=O)N[C@@H](Cc1ccccc1)[C@H](O)CN[C@H]1CC(C)(C)Cc2nn(CC(C)C)cc21,Active
CC(=O)N[C@@H](Cc1ccccc1)[C@H](O)CN[C@@H]1CC(C)(C)Cc2nn(CC(C)C)cc21,Moderate
CC(=O)N[C@@H](Cc1ccccc1)[C@H](O)CN[C@H]1CC(C)(C)Cn2nc(CC(C)(C)C)cc21,Moderate
CC(=O)N[C@@H](Cc1ccccc1)C(=O)CN[C@H]1CC(C)(C)Cc2nn(CC(C)C)cc21,Moderate
CC(=O)c1ccccc1NC(=O)c1ccc(OCCCCC[n+]2cccc3ccccc32)cc1.[Br-],Inactive
CC(=O)c1ccccc1NC(=O)c1ccc(OCCCCC[n+]2ccccc2)cc1.[Br-],Moderate
C[C@@H](NC(=O)c1cc(C2=NC(CO)(Cc3ccccc3)CO2)cc(N(C)S(C)(=O)=O)c1)c1ccc(F)cc1,Inactive
Cn1c(N)nc([C@H]2C[C@H]2c2ccc(-c3cccc(CCO)c3)cc2)cc1=O,Inactive
CC(=O)Nc1cccc(-c2ccc([C@@H]3C[C@@H]3c3cc(=O)n(C)c(N)n3)cc2)c1,Inactive
Cn1c(N)nc([C@H]2C[C@H]2c2ccc(-c3cccc(C(N)=O)c3)cc2)cc1=O,Inactive
Cn1c(N)nc(CCc2cccc(Br)c2)cc1=O,Inactive
COc1cccc(-c2cccc([C@@H]3C[C@@H]3c3cc(=O)n(C)c(N)n3)c2)c1,Moderate
Cn1c(N)nc([C@H]2C[C@H]2c2ccc(-c3ccccc3)cc2)cc1=O,Inactive
Cc1ccccc1-c1ccc([C@@H]2C[C@@H]2c2cc(=O)n(C)c(N)n2)cc1,Inactive
Cc1cccc(-c2ccc([C@@H]3C[C@@H]3c3cc(=O)n(C)c(N)n3)cc2)c1,Inactive
Cn1c(N)nc([C@H]2C[C@H]2c2ccc(-c3cccs3)cc2)cc1=O,Inactive
Cn1c(N)nc([C@H]2C[C@H]2c2ccc(-c3ccsc3)cc2)cc1=O,Inactive
Cn1c(N)nc([C@H]2C[C@H]2c2ccc(-c3ccco3)cc2)cc1=O,Inactive
Cc1csc(-c2ccc([C@@H]3C[C@@H]3c3cc(=O)n(C)c(N)n3)cc2)c1,Inactive
COc1cccc(-c2ccc([C@@H]3C[C@@H]3c3cc(=O)n(C)c(N)n3)cc2)n1,Inactive
N=C(N)NC(=O)Cn1c(-c2ccccc2)ccc1-c1ccccc1,Moderate
CC(C)(C)Cc1cnc2c(c1)[C@@H](NC[C@@H](O)[C@H](Cc1ccc(F)cc1)NC(=O)c1cncc(F)c1)CC1(CCC1)O2,Active
CC(C)(C)Cc1cnc2c(c1)[C@@H](NC[C@@H](O)[C@H](Cc1ccc(F)cc1)NC(=O)c1cccnc1)CC1(CCC1)O2,Active
CC(C)(C)Cc1cnc2c(c1)[C@@H](NC[C@@H](O)[C@H](Cc1ccc(F)cc1)NC(=O)c1cccnc1F)CC1(CCC1)O2,Active
CO[C@H](C)C(=O)N[C@@H](Cc1ccc(F)cc1)[C@H](O)CN[C@H]1CC2(CCC2)Oc2ncc(CC(C)(C)C)cc21,Active
COCC(=O)N[C@@H](Cc1ccc(F)cc1)[C@H](O)CN[C@H]1CC2(CCC2)Oc2ncc(CC(C)(C)C)cc21,Active
COc1cncc(-c2ccc([C@@H]3C[C@@H]3c3cc(=O)n(C)c(N)n3)cc2)n1,Inactive
COc1cccc(-c2ccc([C@@H]3C[C@@H]3c3cc(=O)n(C)c(N)n3)cc2)c1,Inactive
CCOc1cccc(-c2ccc([C@@H]3C[C@@H]3c3cc(=O)n(C)c(N)n3)cc2)c1,Inactive
CCCOc1cccc(-c2ccc([C@@H]3C[C@@H]3c3cc(=O)n(C)c(N)n3)cc2)c1,Inactive
CC(C)Oc1cccc(-c2ccc([C@@H]3C[C@@H]3c3cc(=O)n(C)c(N)n3)cc2)c1,Inactive
Cn1c(N)nc([C@H]2C[C@H]2c2ccc(-c3cccc(OCC4CC4)c3)cc2)cc1=O,Inactive
CCc1cccc(-c2ccc([C@@H]3C[C@@H]3c3cc(=O)n(C)c(N)n3)cc2)c1,Inactive
CCCc1cccc(-c2ccc([C@@H]3C[C@@H]3c3cc(=O)n(C)c(N)n3)cc2)c1,Inactive
CSc1cccc(-c2ccc([C@@H]3C[C@@H]3c3cc(=O)n(C)c(N)n3)cc2)c1,Inactive
CCSc1cccc(-c2ccc([C@@H]3C[C@@H]3c3cc(=O)n(C)c(N)n3)cc2)c1,Moderate
COCc1cccc(-c2ccc([C@@H]3C[C@@H]3c3cc(=O)n(C)c(N)n3)cc2)c1,Inactive
Cn1c(N)nc([C@H]2C[C@H]2c2ccc(-c3cccc(CC#N)c3)cc2)cc1=O,Inactive
CC[C@H](NCC1Cc2cccc(c2)CCCCc2cc(cc(N(C)S(C)(=O)=O)c2)C(=O)N1)C(=O)NCC(C)C,Moderate
CC(=O)N[C@@H](Cc1ccccc1)[C@H](O)CN[C@H]1CC2(CCC2)Oc2ncc(CC(C)C)cc21,Active
NC1=NC(c2cccc(-c3cncnc3)c2)(c2ccnc(C3CC3)c2)c2cccc(F)c21,Active
COc1ccc(-c2noc(C)c2C(=O)/N=C(\N)NCc2cccc3ccccc23)cc1,Moderate
CCn1cc(C2(c3cccc(-c4cncc(F)c4)c3)N=C(N)c3c(F)cccc32)cc(C)c1=O,Active
CCn1cc(C2(c3cccc(-c4cncc(C#N)c4)c3)N=C(N)c3c(F)cccc32)cc(C)c1=O,Active
CC#Cc1cncc(-c2cccc([C@@]3(c4cc(C)c(=O)n(CC)c4)N=C(N)c4c(F)cc(F)cc43)c2)c1,Active
CCn1cc([C@]2(c3cccc(C#CC4CC4)c3)N=C(N)c3c(F)cccc32)cc(C)c1=O,Active
CCn1cc([C@]2(c3cccc(NC(=O)c4ccc(Cl)cn4)c3)N=C(N)c3c(F)cccc32)cc(C)c1=O,Active
NC1=N[C@@](c2ccnc(C(F)(F)F)c2)(c2ccc(F)c(-c3cncnc3)c2)c2cccc(F)c21,Moderate
NC1=NC(c2ccncc2)(c2cccc(-c3cncnc3)c2)c2ccccc21,Moderate
NC1=NC(c2cccc(-c3cncnc3)c2)(c2ccnc(C(F)(F)F)c2)c2ccccc21,Active
NC1=NC(c2ccncc2)(c2cccc(-c3cncnc3)c2)c2cccc(F)c21,Active
COc1ccc(C2(c3cccc(-c4cc(Cl)ccc4F)c3)COC(N)=N2)cc1,Moderate
COc1ccc(C2(c3cccc(-c4cccc(Cl)c4)c3)COC(N)=N2)cc1,Moderate
COc1ccc(C2(c3cccc(-c4cccnc4)c3)COC(N)=N2)cc1,Moderate
COc1ccc(C2(c3cccc(-c4cncnc4)c3)COC(N)=N2)cc1,Inactive
COc1ccc(C2(c3cccc(-c4ccc(F)nc4)c3)COC(N)=N2)cc1,Moderate
COc1ccc(C2(c3cccc(-c4cccnc4F)c3)COC(N)=N2)cc1,Moderate
NC1=N[C@](c2ccc(OC(F)F)cc2)(c2cccc(-c3cccnc3F)c2)CO1,Moderate
CCc1cnc2c(c1)[C@@H](NC[C@@H](O)[C@H](Cc1ccccc1)NC(C)=O)CC1(CCC1)O2,Active
CC(=O)N[C@@H](Cc1ccccc1)[C@H](O)CN[C@H]1CC2(CCC2)Oc2ncc(Cl)cc21,Moderate
CC(=O)N[C@@H](Cc1ccccc1)[C@H](O)CN[C@H]1CC2(CCC2)Oc2ncccc21,Moderate
COc1ccc2c(c1)C1(COC(N)=N1)c1cc(-c3ccccc3)ccc1O2,Moderate
COc1ccc2c(c1)C1(COC(N)=N1)c1cc(-c3ccccc3C)ccc1O2,Moderate
COc1ccc2c(c1)C1(COC(N)=N1)c1cc(-c3cccc(C)c3)ccc1O2,Moderate
COc1ccc2c(c1)C1(COC(N)=N1)c1cc(-c3ccc(C)cc3)ccc1O2,Moderate
COc1ccc2c(c1)C1(COC(N)=N1)c1cc(-c3ccccc3Cl)ccc1O2,Moderate
COc1ccc2c(c1)C1(COC(N)=N1)c1cc(-c3cccc(Cl)c3)ccc1O2,Moderate
COc1ccc2c(c1)C1(COC(N)=N1)c1cc(-c3ccc(Cl)cc3)ccc1O2,Moderate
COc1ccc2c(c1)C1(COC(N)=N1)c1cc(-c3ccc(OC(F)(F)F)cc3)ccc1O2,Moderate
COc1ccc2c(c1)C1(COC(N)=N1)c1cc(-c3cccc(OC(F)(F)F)c3)ccc1O2,Moderate
COc1ccc2c(c1)C1(COC(N)=N1)c1cc(-c3cccc(Cl)c3F)ccc1O2,Moderate
COc1ccc2c(c1)C1(COC(N)=N1)c1cc(-c3ccc(Cl)cc3F)ccc1O2,Moderate
COc1ccc2c(c1)C1(COC(N)=N1)c1cc(-c3cc(Cl)ccc3F)ccc1O2,Moderate
COc1ccc2c(c1)C1(COC(N)=N1)c1cc(-c3cccc(OC)c3F)ccc1O2,Moderate
COc1ccc(F)c(-c2ccc3c(c2)C2(COC(N)=N2)c2cc(OC)ccc2O3)c1,Moderate
COc1ccc2c(c1)C1(COC(N)=N1)c1cc(-c3cc(Cl)c(C)cc3F)ccc1O2,Moderate
COc1ccc2c(c1)C1(COC(N)=N1)c1cc(-c3cccnc3F)ccc1O2,Moderate
COc1ccc2c(c1)C1(COC(N)=N1)c1cc(-c3cnccc3F)ccc1O2,Moderate
COc1ccc2c(c1)C1(COC(N)=N1)c1cc(-c3ccnc(Cl)c3)ccc1O2,Moderate
COc1ccc2c(c1)C1(COC(N)=N1)c1cc(-c3ccncc3)ccc1O2,Moderate
COc1ccc2c(c1)C1(COC(N)=N1)c1cc(-c3cncnc3)ccc1O2,Moderate
COc1ccc2c(c1)[C@]1(COC(N)=N1)c1cc(-c3cncnc3)ccc1O2,Moderate
COc1ccc2c(c1)[C@@]1(COC(N)=N1)c1cc(-c3cncnc3)ccc1O2,Inactive
CCCOc1ccc2c(c1)[C@]1(COC(N)=N1)c1cc(-c3cncnc3)ccc1O2,Active
CC(C)COc1ccc2c(c1)[C@]1(COC(N)=N1)c1cc(-c3cncnc3)ccc1O2,Active
C[C@H]1C[C@]2(CCN1Cc1ccc(O)c(Cl)c1)CN(C)S(=O)(=O)N2c1cccc(F)c1,Moderate
CCOc1cc(CN2CC[C@@]3(C[C@@H]2C)CN(C)S(=O)(=O)N3c2cccc(F)c2)ccc1O,Moderate
CC(C)Oc1cc(CN2CC[C@@]3(C[C@@H]2C)CN(C)S(=O)(=O)N3c2cccc(F)c2)ccc1O,Active
C[C@H]1C[C@]2(CCN1Cc1cccc(OC3CCCC3)c1)CNS(=O)(=O)N2c1cccc(F)c1,Moderate
C[C@H]1C[C@]2(CCN1Cc1cccc(-c3ccccc3Cl)c1)CNS(=O)(=O)N2c1cccc(F)c1,Moderate
CC(C)Oc1cccc(CN2CC[C@@]3(C[C@@H]2C)CN(C)S(=O)(=O)N3c2cccc(F)c2)c1,Moderate
CCN1C[C@]2(CCN(Cc3cccc(OC(C)C)c3)[C@@H](C)C2)N(c2cccc(F)c2)S1(=O)=O,Moderate
CC(C)Oc1cccc(CN2CC[C@@]3(C[C@@H]2C)CN(C(C)C)S(=O)(=O)N3c2cccc(F)c2)c1,Moderate
CC(C)Oc1cccc(CN2CC[C@@]3(C[C@@H]2C)CN(c2ccncc2)S(=O)(=O)N3c2cccc(F)c2)c1,Moderate
CC(C)Oc1cccc(CN2CC[C@@]3(C[C@@H]2C)CN(c2cccnc2)S(=O)(=O)N3c2cccc(F)c2)c1,Moderate
CC(C)Oc1cccc(CN2CC[C@@]3(C[C@@H]2C)CN(c2ncccn2)S(=O)(=O)N3c2cccc(F)c2)c1,Moderate
CC(C)Oc1cccc(CN2CC[C@@]3(C[C@@H]2C)CN(c2nccs2)S(=O)(=O)N3c2cccc(F)c2)c1,Moderate
CC(C)Oc1cccc(CN2CC[C@@]3(C[C@@H]2C)CN(c2ncco2)S(=O)(=O)N3c2cccc(F)c2)c1,Moderate
CC(=O)Nc1ccc(CN2CC[C@@]3(C[C@@H]2C)CN(C)S(=O)(=O)N3c2cccc(F)c2)cc1,Moderate
C[C@H]1C[C@]2(CCN1Cc1ccc3[nH]ccc3c1)CN(C)S(=O)(=O)N2c1cccc(F)c1,Moderate
CCc1n[nH]c2ccc(CN3CC[C@@]4(C[C@@H]3C)CN(C)S(=O)(=O)N4c3cccc(F)c3)cc12,Moderate
C[C@H]1C[C@]2(CCN1Cc1ccc(O)cc1)CN(C)S(=O)(=O)N2c1cccc(F)c1,Moderate
C[C@H]1C[C@]2(CCN1Cc1ccccc1)CNS(=O)(=O)N2c1cccc(F)c1,Inactive
COc1cccc(CN2CC[C@]3(CNS(=O)(=O)N3c3cccc(F)c3)C[C@@H]2C)c1,Inactive
CCOc1cccc(CN2CC[C@]3(CNS(=O)(=O)N3c3cccc(F)c3)C[C@@H]2C)c1,Moderate
CC(C)Oc1cccc(CN2CC[C@]3(CNS(=O)(=O)N3c3cccc(F)c3)C[C@@H]2C)c1,Moderate
CCCOc1cccc(CN2CC[C@]3(CNS(=O)(=O)N3c3cccc(F)c3)C[C@@H]2C)c1,Inactive
CC(C)COc1cccc(CN2CC[C@]3(CNS(=O)(=O)N3c3cccc(F)c3)C[C@@H]2C)c1,Moderate
NC1=N[C@](c2ccncc2)(c2cccc(-c3cncnc3)c2)c2cccc(F)c21,Active
NC1=NC(c2ccncc2)(c2cccc(-c3cncc(F)c3)c2)c2cccc(F)c21,Active
NC1=NC(c2cccc(-c3cncnc3)c2)(c2ccnc(C(F)(F)F)c2)c2cccc(F)c21,Moderate
N#Cc1cncc(-c2cccc(C3(c4ccnc(C(F)(F)F)c4)N=C(N)c4c(F)cccc43)c2)c1,Active
NC1=NC(c2ccnc(C(F)(F)F)c2)(c2ccc(F)c(-c3cncnc3)c2)c2cccc(F)c21,Active
NC1=N[C@](c2ccnc(C(F)(F)F)c2)(c2ccc(F)c(-c3cncnc3)c2)c2cccc(F)c21,Active
Cc1cc(C2(c3cccc(-c4cncnc4)c3)N=C(N)c3c(F)cccc32)cc(C)n1,Moderate
COc1cc(C2(c3cccc(-c4cncnc4)c3)N=C(N)c3c(F)cccc32)ccn1,Active
NC1=NC(c2cccc(-c3cncnc3)c2)(c2ccnc(C(F)F)c2)c2cccc(F)c21,Active
NC1=N[C@@](c2cccc(-c3cncnc3)c2)(c2ccnc(C(F)F)c2)c2cccc(F)c21,Active
NC1=N[C@@](c2cccc(-c3cncnc3)c2)(c2ccnc(C(F)F)c2)c2cc(F)cc(F)c21,Active
CC#Cc1cncc(-c2cccc(C3(c4ccnc(C(F)F)c4)N=C(N)c4c(F)cccc43)c2)c1,Active
COc1ccc(C2(c3cccc(-c4cncnc4)c3)N=C(N)c3c(F)cccc32)cc1,Active
COc1c(C)cc(C2(c3cccc(-c4cncnc4)c3)N=C(N)c3c(F)cccc32)nc1C,Active
COc1c(C)cc(C2(c3cccc(-c4cncnc4)c3)N=C(N)c3c(F)cccc32)cc1C#N,Active
Cc1cc(C2(c3cccc(-c4cncnc4)c3)N=C(N)c3c(F)cccc32)cn(C)c1=O,Active
CCn1cc(C2(c3cccc(-c4cncnc4)c3)N=C(N)c3c(F)cccc32)cc(C)c1=O,Active
Cc1cnc(N2C[C@H]3C(=O)N(C)C(=N)N[C@@]3(c3cc(-c4cccc(C#N)c4)cs3)C2)nc1,Active
CSCC[C@H](NC(=O)[C@H](CC(C)C)NC(C)=O)C(=O)N[C@@H](CC(C)C)[C@@H](O)CC(=O)N[C@@H](Cc1ccc(O)cc1)C(=O)NCc1cccc(C(=O)O)c1,Active
CN1C(=N)N[C@@]2(c3cc(-c4cccc(C#N)c4)cs3)CN(C(=O)c3ccccc3)C[C@H]2C1=O,Active
CN1C(=N)N[C@@]2(c3cc(-c4ccc(F)c(C#N)c4)cs3)CN(C(=O)c3cccc(F)c3)C[C@H]2C1=O,Active
CC#Cc1cncc(-c2csc([C@]34CN(C(=O)c5cccc(F)c5)C[C@H]3C(=O)N(C)C(=N)N4)c2)c1,Active
CN1C(=N)N[C@@]2(c3ccc(-c4ccc(F)c(C#N)c4)s3)CN(c3ccccc3)C[C@H]2C1=O,Active
CN1C(=N)N[C@@]2(c3ccc(-c4ccc(F)c(C#N)c4)s3)CN(c3ccc(F)cc3)C[C@H]2C1=O,Moderate
CN1C(=N)N[C@@]2(c3cc(-c4cccc(C#N)c4)cs3)CN(c3ccc(F)cc3)C[C@H]2C1=O,Active
CC(C)Oc1cccc(N2C[C@H]3C(=O)N(C)C(=N)N[C@@]3(c3cc(-c4cccc(C#N)c4)cs3)C2)c1,Active
CC#Cc1cncc(-c2csc([C@]34CN(c5cccc(OC(C)C)c5)C[C@H]3C(=O)N(C)C(=N)N4)c2)c1,Active
CN1C(=N)N[C@@]2(c3cc(-c4cccc(C#N)c4)cs3)CN(c3ccccn3)C[C@H]2C1=O,Active
COc1ccc(-c2nsc(C)c2C(=O)/N=C(\N)NCc2cc(C)c(NC(=O)CNCc3ccccc3)c(Cl)c2)cc1,Active
CCNCC(=O)Nc1c(Cl)cc(CN/C(N)=N/C(=O)c2c(-c3ccc(OC)cc3)nsc2C)cc1Cl,Active
CCNCC(=O)Nc1c(C)cc(CN/C(N)=N/C(=O)c2c(-c3ccc(OC)cc3)nsc2C)cc1Cl,Active
COc1ccc(-c2nsc(C)c2C(=O)/N=C(\N)NCc2cc(Cl)c(NC(=O)CN3CCC3)c(Cl)c2)cc1,Active
COc1ccc(-c2nsc(C)c2C(=O)/N=C(\N)NCc2cc(C)c(NC(=O)CN3CCC3)c(Cl)c2)cc1,Active
COc1ccc(-c2nsc(C)c2C(=O)/N=C(\N)NCc2ccc3ccccc3c2)cc1,Moderate
COc1ccc(-c2noc(C)c2C(=O)/N=C(\N)NCc2cc(Cl)cc(Br)c2)cc1,Moderate
COc1ccc(-c2noc(C)c2C(=O)/N=C(\N)NCc2cc(C)cc(C)c2)cc1,Moderate
COc1ccc(-c2noc(C)c2C(=O)/N=C(\N)NCc2cc(Cl)cc(-c3ccsc3)c2)cc1,Moderate
COc1ccc(-c2noc(C)c2C(=O)/N=C(\N)NCc2cc(Cl)cc(-c3cccnc3)c2)cc1,Moderate
C=Cc1cc(Cl)cc(CN/C(N)=N/C(=O)c2c(-c3ccc(OC)cc3)noc2C)c1,Moderate
COc1ccc(-c2noc(C)c2C(=O)/N=C(\N)NCc2cc(Cl)cc(/C=C/CCO)c2)cc1,Moderate
CCC/C=C/c1cc(Cl)cc(CN/C(N)=N/C(=O)c2c(-c3ccc(OC)cc3)noc2C)c1,Moderate
COC/C=C/c1cc(Cl)cc(CN/C(N)=N/C(=O)c2c(-c3ccc(OC)cc3)noc2C)c1,Moderate
COc1ccc(-c2noc(C)c2C(=O)/N=C(\N)NCc2cc(Cl)c(O)c(Cl)c2)cc1,Moderate
COc1ccc(-c2noc(C)c2C(=O)/N=C(\N)NCc2cc(Cl)c(N)c(Cl)c2)cc1,Moderate
COc1ccc(-c2nsc(C)c2C(=O)/N=C(\N)NCc2cc(Cl)c(N)c(Cl)c2)cc1,Moderate
COc1ccc(-c2noc(C)c2C(=O)/N=C(\N)NCc2cc(Cl)c(NC(C)=O)c(Cl)c2)cc1,Active
COc1ccc(-c2nsc(C)c2C(=O)/N=C(\N)NCc2cc(Cl)c(NC(C)=O)c(Cl)c2)cc1,Moderate
COc1ccc(-c2nsc(C)c2C(=O)/N=C(\N)NCc2cc(C)c(NC(C)=O)c(Cl)c2)cc1,Active
COc1ccc(-c2nsc(C)c2C(=O)/N=C(\N)NCc2cc(Cl)c(NS(C)(=O)=O)c(Cl)c2)cc1,Moderate
CCC(=O)Nc1c(C)cc(CN/C(N)=N/C(=O)c2c(-c3ccc(OC)cc3)noc2C)cc1Cl,Moderate
COc1ccc(-c2nsc(C)c2C(=O)/N=C(\N)NCc2cc(C)c(NC(=O)c3ccccc3)c(Cl)c2)cc1,Moderate
COc1ccc(-c2noc(C)c2C(=O)/N=C(\N)NCc2cc(Cl)c(NC(=O)CSC)c(Cl)c2)cc1,Moderate
COc1ccc(-c2noc(C)c2C(=O)/N=C(\N)NCc2cc(C)c(NC(=O)CCSC)c(Cl)c2)cc1,Moderate
COc1ccc(-c2noc(C)c2C(=O)/N=C(\N)NCc2cc(Cl)c(NC(=O)CS(C)(=O)=O)c(Cl)c2)cc1,Moderate
COc1ccc(-c2noc(C)c2C(=O)/N=C(\N)NCc2cc(Cl)c(NC(=O)C3CC3)c(Cl)c2)cc1,Moderate
COc1ccc(-c2noc(C)c2C(=O)/N=C(\N)NCc2cc(C)c(NC(=O)C3CC3)c(Cl)c2)cc1,Active
COc1ccc(-c2noc(C)c2C(=O)/N=C(\N)NCc2cc(C)c(NC(=O)c3ccco3)c(Cl)c2)cc1,Moderate
COc1ccc(-c2noc(C)c2C(=O)/N=C(\N)NCc2cc(Cl)c(NC(=O)CN(C)C)c(Cl)c2)cc1,Moderate
COc1ccc(-c2noc(C)c2C(=O)/N=C(\N)NCc2cc(C)c(NC(=O)CN(C)C)c(Cl)c2)cc1,Active
COc1ccc(-c2nsc(C)c2C(=O)/N=C(\N)NCc2cc(Cl)c(NC(=O)CN(C)C)c(Cl)c2)cc1,Active
COc1ccc(-c2nsc(C)c2C(=O)/N=C(\N)NCc2cc(C)c(NC(=O)CN(C)C)c(Cl)c2)cc1,Active
COc1ccc(-c2nsc(C)c2C(=O)/N=C(\N)NCc2cc(Cl)c(NC(=O)CNCc3ccccc3)c(Cl)c2)cc1,Active
Cc1onc(-c2ccc(F)cc2)c1C(=O)/N=C(\N)NCc1ccc(Cl)c(Cl)c1,Moderate
COc1ccc(-c2noc(C)c2C(=O)/N=C(\N)NCc2ccc(Cl)c(Cl)c2)cc1,Moderate
Cc1onc(-c2ccccc2)c1C(=O)/N=C(\N)NCc1cc(Cl)cc(Cl)c1,Moderate
Cc1onc(-c2ccc(F)cc2)c1C(=O)/N=C(\N)NCc1cc(Cl)cc(Cl)c1,Moderate
COc1ccc(-c2noc(C)c2C(=O)/N=C(\N)NCc2cc(Cl)cc(Cl)c2)cc1,Moderate
COc1ccc(-c2onc(C)c2C(=O)/N=C(\N)NCc2cc(Cl)cc(Cl)c2)cc1,Moderate
COc1ccc(-c2n[nH]c(C)c2C(=O)/N=C(\N)NCc2cc(Cl)cc(Cl)c2)cc1,Moderate
COc1ccc(-c2c(C(=O)/N=C(\N)NCc3cc(Cl)cc(Cl)c3)c(C)nn2C)cc1,Moderate
COc1ccc(-c2nsc(C)c2C(=O)/N=C(\N)NCc2cc(Cl)cc(Cl)c2)cc1,Moderate
COc1ccc(-c2nsc(C)c2C(=O)/N=C(\N)NCc2cccc3ccccc23)cc1,Moderate
Cc1onc(-c2ccccc2)c1C(=O)/N=C(\N)NCc1cccc2ccccc12,Moderate
Cc1onc(-c2ccc(F)cc2)c1C(=O)/N=C(\N)NCc1cccc2ccccc12,Moderate
COc1cccnc1N1C[C@H]2C(=O)N(C)C(=N)N[C@@]2(c2cc(-c3cccc(C#N)c3)cs2)C1,Active
CN1C(=N)N[C@@]2(c3cc(-c4cccc(C#N)c4)cs3)CN(c3ncccc3C#N)C[C@H]2C1=O,Active
CN1C(=N)N[C@@]2(c3cc(-c4cccc(C#N)c4)cs3)CN(c3ccc(F)cn3)C[C@H]2C1=O,Active
COc1cccc(N2C[C@H]3C(=O)N(C)C(=N)N[C@@]3(c3cc(-c4cccc(C#N)c4)cs3)C2)n1,Active
CN1C(=N)N[C@@]2(c3cc(-c4cccc(C#N)c4)cs3)CN(c3cccc(C(F)(F)F)n3)C[C@H]2C1=O,Active
CN1C(=N)N[C@@]2(c3cc(-c4cccc(C#N)c4)cs3)CN(c3ncccn3)C[C@H]2C1=O,Active
CN1C(=N)N[C@@]2(c3cc(-c4cccc(C#N)c4)cs3)CN(c3ncc(F)cn3)C[C@H]2C1=O,Active
CN1C(=N)N[C@@]2(c3cc(-c4cccc(C#N)c4)cs3)CN(c3ncc(Cl)cn3)C[C@H]2C1=O,Active
COc1ccc(-c2noc(C)c2C(=O)/N=C(\N)NCc2ccccc2)cc1,Moderate
Cc1onc(-c2ccccc2)c1C(=O)/N=C(\N)NCc1ccc(Cl)c(Cl)c1,Moderate
CC[C@H](NC[C@H](Cc1ccccc1)NC(=O)c1cc(C(=O)N[C@H](C)c2ccccc2)cc(N(C)S(C)(=O)=O)c1)C(=O)NCC(C)C,Active
CC(C)CNC(=O)[C@@H](NC[C@H](Cc1ccccc1)NC(=O)c1cc(C(=O)N[C@H](C)c2ccccc2)cc(N(C)S(C)(=O)=O)c1)[C@H](C)O,Active
CC(C)CNC(=O)[C@@H](NC[C@H](Cc1ccccc1)NC(=O)c1cc(C(=O)N[C@H](C)c2ccccc2)cc(N(C)S(C)(=O)=O)c1)[C@@H](C)O,Active
CO[C@@H](C)[C@H](NC[C@H](Cc1ccccc1)NC(=O)c1cc(C(=O)N[C@H](C)c2ccccc2)cc(N(C)S(C)(=O)=O)c1)C(=O)NCC(C)C,Active
CCc1cn2c3c(cc(C(=O)N[C@H](CN[C@H](C(=O)NCC(C)C)[C@H](C)O)Cc4ccccc4)cc13)N(C)S(=O)(=O)CC2,Active
CCC[C@H](O)[C@H](NC[C@H](Cc1ccccc1)NC(=O)c1cc2c3c(c1)c(CC)cn3CCS(=O)(=O)N2C)C(=O)NCC(C)C,Active
CCC[C@H](O)[C@H](NC[C@H](Cc1ccccc1)NC(=O)c1cc2c3c(c1)c(CC)cn3CC(C)(C)S(=O)(=O)N2C)C(=O)NCC(C)C,Active
CCc1cn2c3c(cc(C(=O)N[C@H](CN[C@H](C(=O)NCC(C)C)[C@H](C)O)Cc4ccccc4)cc13)N(C)S(=O)(=O)C1(CC1)C2,Active
CCC[C@H](O)[C@H](NC[C@H](Cc1ccccc1)NC(=O)c1cc2c3c(c1)c(CC)cn3CC1(CC1)S(=O)(=O)N2C)C(=O)NC(C)C,Active
CC#Cc1cncc(-c2cc(C3(C4CC4)N=C(C)C(N)=N3)ccc2O)c1,Active
CC#Cc1ccnc(-c2cc(C3(C4CC4)N=C(C)C(N)=N3)ccc2O)c1,Moderate
CC(C)C1=NC(C)(c2cccc(-c3cccnc3)c2)N=C1N,Inactive
COc1cccc(-c2cccc(C3(C)N=C(C)C(N)=N3)c2)c1,Moderate
CC1=NC(C)(c2cccc(-c3cccnc3)c2)N=C1N,Moderate
CC(C)C1=NC(c2ccccc2)(c2cccc(-c3cncnc3)c2)N=C1N,Inactive
COc1ccc(C2(c3cccc(-c4cncnc4)c3)N=C(N)C(C(C)C)=N2)cc1,Moderate
CC1=NC(c2ccccc2)(c2cccc(-c3cccnc3)c2)N=C1N,Moderate
COc1cccc(-c2cccc(C3(c4ccncc4)N=C(C)C(N)=N3)c2)c1,Moderate
CC1=NC(c2ccc(F)cc2)(c2cccc(-c3cccnc3)c2)N=C1N,Moderate
COc1ccc(C2(c3cccc(-c4cncnc4)c3)N=C(C)C(N)=N2)cc1,Moderate
COc1ccc(C2(c3cccc(-c4cccnc4)c3)N=C(C)C(N)=N2)cc1,Moderate
COc1ccc(C2(c3cccc(-c4cncnc4)c3)N=C(C)C(N)=N2)cc1C,Moderate
COc1c(C)cc(C2(c3cccc(-c4cncnc4)c3)N=C(C)C(N)=N2)cc1C,Active
COc1c(C)cc([C@]2(c3cccc(-c4cncnc4)c3)N=C(C)C(N)=N2)cc1C,Moderate
COc1c(C)cc([C@@]2(c3cccc(-c4cncnc4)c3)N=C(C)C(N)=N2)cc1C,Active
CC#Cc1cncc(-c2cccc(C3(c4cc(C)c(OC)c(C)c4)N=C(C)C(N)=N3)c2)c1,Active
CC1=N[C@@](Cc2ccccc2)(c2cccc(-c3cncnc3)c2)N=C1N,Moderate
CC1=NC(c2cccc(-c3cncc(Cl)c3)c2)(C2CC2)N=C1N,Moderate
CC1=NC(c2cccc(-c3cccnc3)c2)(C2CCCCC2)N=C1N,Moderate
COc1cccc(-c2cccc(C3(C4CCOCC4)N=C(C)C(N)=N3)c2)c1,Moderate
COc1cccc(-c2cccc(C3(C4CCN(C(C)=O)CC4)N=C(C)C(N)=N3)c2)c1,Moderate
CC#Cc1cncc(-c2cccc(C3(C4CC4)N=C(C)C(N)=N3)c2)c1,Moderate
O=C(/C=C/c1cccc(O)c1O)c1ccc(O)cc1O,Moderate
COC(=O)[C@@H]1CCCN1C(=O)[C@@H](Cc1ccccc1)N(C)C(=O)[C@H](C)NC(=O)[C@H](CC(C)C)NC(=O)C[C@H](O)[C@H](Cc1ccccc1)NC(=O)c1cc(NS(C)(=O)=O)cc(C(=O)N[C@H](C)c2ccccc2)c1,Moderate
COC(=O)[C@@H]1CCCN1C(=O)[C@@H](Cc1ccccc1)N(C)C(=O)[C@H](C)NC(=O)[C@H](CC(C)C)NC(=O)C[C@H](O)[C@H](Cc1ccccc1)NC(=O)c1cc(C(=O)N[C@H](C)c2ccccc2)cc(N(C)S(C)(=O)=O)c1,Active
COC(=O)[C@@H]1CCCN1C(=O)[C@@H](Cc1ccccc1)N(C)C(=O)[C@H](C)NC(=O)[C@H](CC(C)C)NC(=O)C[C@H](O)[C@H](Cc1ccccc1)NC(=O)[C@H](CCC(N)=O)N(C)C(=O)[C@@H](NC(=O)[C@H](C)O)C(C)C,Moderate
CC(C)C[C@H](NC(=O)C[C@H](O)[C@H](Cc1ccccc1)NC(=O)[C@H](CCC(N)=O)N(C)C(=O)[C@@H](NC(=O)[C@H](C)O)C(C)C)C(=O)N[C@@H](C)C(=O)N(C)[C@H](Cc1ccccc1)C(=O)O,Active
CC(C)C[C@H](NC(=O)C[C@H](O)[C@H](Cc1ccccc1)NC(=O)[C@H](CCC(N)=O)N(C)C(=O)[C@@H](NC(=O)[C@H](C)O)C(C)C)C(=O)N[C@@H](C)C(=O)N(C)[C@H](Cc1ccccc1)C(=O)NCc1ccccc1,Moderate
CC(C)C[C@H](NC(=O)C[C@H](O)[C@H](Cc1ccccc1)NC(=O)[C@H](CCC(N)=O)N(C)C(=O)[C@@H](NC(=O)[C@H](C)O)C(C)C)C(=O)N[C@@H](C)C(=O)N(C)[C@H](Cc1ccccc1)C(=O)NC(C)C,Moderate
COC(=O)[C@@H]1CCCN1C(=O)[C@@H](Cc1ccccc1)NC(=O)[C@H](C)NC(=O)[C@H](CC(C)C)NC(=O)C[C@H](O)[C@H](Cc1ccccc1)NC(=O)[C@H](CCC(N)=O)N(C)C(=O)[C@@H](NC(=O)[C@H](C)O)C(C)C,Moderate
COC(=O)[C@@H]1CCCN1C(=O)[C@@H](Cc1ccccc1)N(C)C(=O)[C@H](C)NC(=O)[C@H](CC(C)C)NC(=O)C[C@H](O)[C@H](Cc1ccccc1)NC(=O)[C@H](CCC(N)=O)N(C)C(=O)[C@@H](NC(=O)OCc1ccccc1)C(C)C,Active
COC(=O)[C@@H]1CCCN1C(=O)[C@@H](Cc1ccccc1)N(C)C(=O)[C@H](C)NC(=O)[C@H](CC(C)C)NC(=O)C[C@H](O)[C@H](Cc1ccccc1)NC(=O)[C@H](CCC(N)=O)N(C)C(=O)[C@@H](N)C(C)C,Active
COC(=O)[C@@H]1CCCN1C(=O)[C@@H](Cc1ccccc1)N(C)C(=O)[C@H](C)NC(=O)[C@H](CC(C)C)NC(=O)C[C@H](O)[C@H](Cc1ccccc1)NC(=O)[C@H](CCC(N)=O)N(C)C(=O)[C@@H](NC(=O)OC(C)(C)C)C(C)C,Active
CC(C)(C)Cc1cnc2c(c1)[C@@H](NC[C@@H](O)[C@H](Cc1ccc3c(c1)OCO3)NC(=O)c1cccnc1)CC1(CCC1)O2,Active
CC(C)(C)Cc1cnc2c(c1)[C@@H](NC[C@@H](O)[C@H](Cc1ccc3c(c1)OCO3)NC(=O)c1ccc(F)nc1)CC1(CCC1)O2,Active
CC(=O)N[C@@H](Cc1ccc2c(c1)OCCO2)[C@H](O)CN[C@H]1CC2(CCC2)Oc2ncc(CC(C)(C)C)cc21,Active
COCC(=O)N[C@@H](Cc1ccc2c(c1)OCO2)[C@H](O)CN[C@H]1CC2(CCC2)Oc2ncc(CC(C)(C)C)cc21,Active
CC(C)C(=O)N[C@@H](Cc1ccc2c(c1)OCO2)[C@H](O)CN[C@H]1CC2(CCC2)Oc2ncc(CC(C)(C)C)cc21,Moderate
CO[C@H](C)C(=O)N[C@@H](Cc1ccc2c(c1)OCO2)[C@H](O)CN[C@H]1CC2(CCC2)Oc2ncc(CC(C)(C)C)cc21,Active
CC(C)(C)Cc1cnc2c(c1)[C@@H](NC[C@@H](O)[C@H](Cc1ccc3c(c1)OCO3)NC(=O)[C@@H]1CCCO1)CC1(CCC1)O2,Active
C[C@@H](F)C(=O)N[C@@H](Cc1ccc2c(c1)OCO2)[C@H](O)CN[C@H]1CC2(CCC2)Oc2ncc(CC(C)(C)C)cc21,Active
CC(C)(C)Cc1cnc2c(c1)[C@@H](NC[C@@H](O)[C@H](Cc1ccc3c(c1)OCO3)NC(=O)c1ccccc1F)CC1(CCC1)O2,Moderate
CC(C)(C)Cc1cnc2c(c1)[C@@H](NC[C@@H](O)[C@H](Cc1ccc3c(c1)OCO3)NC(=O)c1cccnc1F)CC1(CCC1)O2,Active
COc1ccc(C[C@H](NC(C)=O)[C@H](O)CN[C@H]2CC3(CCC3)Oc3ncc(CC(C)(C)C)cc32)cc1OC,Active
CC(=O)N[C@@H](Cc1ccc(OC(F)F)c(OC(F)F)c1)[C@H](O)CN[C@H]1CC2(CCC2)Oc2ncc(CC(C)(C)C)cc21,Active
CC(=O)N[C@@H](Cc1ccc2c(c1)OCO2)[C@H](O)CN[C@H]1CC2(CCC2)Oc2ncc(CC(C)(C)C)cc21,Active
COCC(=O)N[C@@H](Cc1cccc(-c2ccncc2)c1)[C@H](O)CN[C@H]1CC2(CCC2)Oc2ncc(CC(C)(C)C)cc21,Active
COCC(=O)N[C@@H](Cc1cccc(-c2ccccn2)c1)[C@H](O)CN[C@H]1CC2(CCC2)Oc2ncc(CC(C)(C)C)cc21,Active
COCC(=O)N[C@@H](Cc1cccc(-c2ncco2)c1)[C@H](O)CN[C@H]1CC2(CCC2)Oc2ncc(CC(C)(C)C)cc21,Active
COCC(=O)N[C@@H](Cc1cccc(-c2nccn2C)c1)[C@H](O)CN[C@H]1CC2(CCC2)Oc2ncc(CC(C)(C)C)cc21,Active
COCC(=O)N[C@@H](Cc1cccc(-c2nccs2)c1)[C@H](O)CN[C@H]1CC2(CCC2)Oc2ncc(CC(C)(C)C)cc21,Active
COCC(=O)N[C@@H](Cc1cccc(-c2cncs2)c1)[C@H](O)CN[C@H]1CC2(CCC2)Oc2ncc(CC(C)(C)C)cc21,Active
COCC(=O)N[C@@H](Cc1cccc(-c2cscn2)c1)[C@H](O)CN[C@H]1CC2(CCC2)Oc2ncc(CC(C)(C)C)cc21,Active
COCC(=O)N[C@@H](Cc1cccc(-c2nc(C)cs2)c1)[C@H](O)CN[C@H]1CC2(CCC2)Oc2ncc(CC(C)(C)C)cc21,Active
C#Cc1cccc(C[C@H](NC(=O)COC)[C@H](O)CN[C@H]2CC3(CCC3)Oc3ncc(CC(C)(C)C)cc32)c1,Active
CC#Cc1cccc(C[C@H](NC(=O)COC)[C@H](O)CN[C@H]2CC3(CCC3)Oc3ncc(CC(C)(C)C)cc32)c1,Active
COCC(=O)N[C@@H](Cc1ccc(-c2nccs2)cc1)[C@H](O)CN[C@H]1CC2(CCC2)Oc2ncc(CC(C)(C)C)cc21,Active
C#Cc1ccc(C[C@H](NC(=O)COC)[C@H](O)CN[C@H]2CC3(CCC3)Oc3ncc(CC(C)(C)C)cc32)cc1,Active
COCC(=O)N[C@@H](Cc1cccc(-c2nccs2)c1F)[C@H](O)CN[C@H]1CC2(CCC2)Oc2ncc(CC(C)(C)C)cc21,Active
COCC(=O)N[C@@H](Cc1ccc(F)c(-c2nccs2)c1)[C@H](O)CN[C@H]1CC2(CCC2)Oc2ncc(CC(C)(C)C)cc21,Active
COCC(=O)N[C@@H](Cc1cc(F)cc(-c2nccs2)c1)[C@H](O)CN[C@H]1CC2(CCC2)Oc2ncc(CC(C)(C)C)cc21,Active
COCC(=O)N[C@@H](Cc1cc(-c2nccs2)ccc1F)[C@H](O)CN[C@H]1CC2(CCC2)Oc2ncc(CC(C)(C)C)cc21,Active
C#Cc1cccc(C[C@H](NC(=O)COC)[C@H](O)CN[C@H]2CC3(CCC3)Oc3ncc(CC(C)(C)C)cc32)c1F,Active
C#Cc1cc(C[C@H](NC(=O)COC)[C@H](O)CN[C@H]2CC3(CCC3)Oc3ncc(CC(C)(C)C)cc32)ccc1F,Active
C#Cc1cc(F)cc(C[C@H](NC(=O)COC)[C@H](O)CN[C@H]2CC3(CCC3)Oc3ncc(CC(C)(C)C)cc32)c1,Active
C#Cc1ccc(F)c(C[C@H](NC(=O)COC)[C@H](O)CN[C@H]2CC3(CCC3)Oc3ncc(CC(C)(C)C)cc32)c1,Active
CC(=O)N[C@@H](Cc1cccc(-c2nccs2)c1)[C@H](O)CN[C@H]1CC2(CCC2)Oc2ncc(CC(C)(C)C)cc21,Active
CCC(=O)N[C@@H](Cc1cccc(-c2nccs2)c1)[C@H](O)CN[C@H]1CC2(CCC2)Oc2ncc(CC(C)(C)C)cc21,Active
CCOCC(=O)N[C@@H](Cc1cccc(-c2nccs2)c1)[C@H](O)CN[C@H]1CC2(CCC2)Oc2ncc(CC(C)(C)C)cc21,Active
CO[C@H](C)C(=O)N[C@@H](Cc1cccc(-c2nccs2)c1)[C@H](O)CN[C@H]1CC2(CCC2)Oc2ncc(CC(C)(C)C)cc21,Active
CO[C@@H](C)C(=O)N[C@@H](Cc1cccc(-c2nccs2)c1)[C@H](O)CN[C@H]1CC2(CCC2)Oc2ncc(CC(C)(C)C)cc21,Active
CCO[C@H](C)C(=O)N[C@@H](Cc1cccc(-c2nccs2)c1)[C@H](O)CN[C@H]1CC2(CCC2)Oc2ncc(CC(C)(C)C)cc21,Active
COC(OC)C(=O)N[C@@H](Cc1cccc(-c2nccs2)c1)[C@H](O)CN[C@H]1CC2(CCC2)Oc2ncc(CC(C)(C)C)cc21,Active
CC(C)(C)Cc1cnc2c(c1)[C@@H](NC[C@@H](O)[C@H](Cc1cccc(-c3nccs3)c1)NC(=O)[C@H]1CCCO1)CC1(CCC1)O2,Active
CC(C)(C)Cc1cnc2c(c1)[C@@H](NC[C@@H](O)[C@H](Cc1cccc(-c3nccs3)c1)NC(=O)[C@@H]1CCCO1)CC1(CCC1)O2,Active
C[C@@H](O)C(=O)N[C@@H](Cc1cccc(-c2nccs2)c1)[C@H](O)CN[C@H]1CC2(CCC2)Oc2ncc(CC(C)(C)C)cc21,Active
COC(=O)N1CCC(OC(=O)[C@H]2C[C@]3(CN2)C(=O)Nc2ccccc23)CC1,Inactive
O=C(OCc1ccccc1)[C@H]1C[C@]2(CN1)C(=O)Nc1ccccc12,Inactive
N#Cc1ccc(COC(=O)[C@H]2C[C@]3(CN2)C(=O)Nc2ccccc23)cc1,Moderate
O=C(OCc1ccc(Br)cc1)[C@H]1C[C@]2(CN1)C(=O)Nc1ccccc12,Inactive
N#Cc1ccc(COC(=O)[C@H]2C[C@]3(CN2)C(=O)Nc2ccccc23)cc1Br,Moderate
O=C(OC1CCSc2ccc(Br)cc21)[C@H]1C[C@]2(CN1)C(=O)Nc1ccccc12,Inactive
O=C(OC1CCS(=O)(=O)c2ccc(Br)cc21)[C@H]1C[C@]2(CN1)C(=O)Nc1ccccc12,Moderate
N#CC1(OC(=O)[C@H]2C[C@]3(CN2)C(=O)Nc2ccccc23)CCCCC1,Inactive
O=C1Nc2ccccc2[C@]12CCNC2,Inactive
COC(=O)[C@H]1C[C@]2(CN1)C(=O)Nc1ccccc12,Inactive
O=C(OC1CCOCC1)[C@H]1C[C@]2(CN1)C(=O)Nc1ccccc12,Inactive
C[C@@H](NC(=O)c1cc(COC(=O)[C@](C)(N)Cc2ccccc2)cc(N(C)S(C)(=O)=O)c1)c1ccc(F)cc1,Active
C[C@@H](NC(=O)c1cc(C(=O)NC(CO)(CO)Cc2ccccc2)cc(N(C)S(C)(=O)=O)c1)c1ccc(F)cc1,Moderate
C[C@@H](NC(=O)c1cc(-c2nnc([C@](C)(N)Cc3ccccc3)o2)cc(N(C)S(C)(=O)=O)c1)c1ccc(F)cc1,Active
Nc1ncccc1NCc1cccc(-c2cccnc2)c1,Inactive
CCCN(c1cc(COC(=O)[C@](C)(N)Cc2ccccc2)cc(C(=O)N[C@H](C)c2ccc(F)cc2)c1)S(C)(=O)=O,Active
COc1cncc(-c2cccc(CNc3cccnc3N)c2)c1,Inactive
Nc1ncccc1NCc1cc(-c2ccc3cc[nH]c3c2)ccc1OCc1ccccn1,Moderate
CC(C)C[C@H](NC(=O)[C@H](CC(N)=O)NC(=O)[C@H](C)NC(=O)[C@@H](N)CCC(=O)O)[C@@H](O)C[C@@H](C)C(=O)N[C@@H](C)C(=O)N[C@@H](CCC(=O)O)C(=O)N[C@@H](Cc1ccccc1)C(=O)O,Active
O=C1C[C@@H](c2ccc(O)c(-c3c(O)cc(O)c4c(=O)cc(-c5ccc(O)cc5)oc34)c2)Oc2cc(O)cc(O)c21,Moderate
COc1ccc(-c2cc(=O)c3c(O)cc(O)c(-c4cc(-c5cc(=O)c6c(O)cc(O)cc6o5)ccc4O)c3o2)cc1,Moderate
CCCN(CCC)C(=O)c1cccc(C(=O)N[C@@H](Cc2cc(F)cc(F)c2)[C@H](O)CN[C@H](C)C(=O)NCC(C)C)c1,Moderate
Nc1ncccc1NCc1cc(-c2ccc3cc[nH]c3c2)ccc1OCc1ccccc1,Moderate
CCCOc1cncc(-c2cccc(CNc3cccnc3N)c2)c1,Inactive
Nc1ncccc1NCc1cccc(-c2ccc3cc[nH]c3c2)c1,Moderate
CCCN(CCC)C(=O)c1cc(C)cc(C(=O)N[C@@H](Cc2cc(F)cc(F)c2)[C@H](O)CNCc2ccccc2)c1,Moderate
Nc1cccc(CCc2ccc3cc[nH]c3c2)n1,Inactive
COc1cccc(-c2cccc(CCc3cccc(N)n3)c2)c1,Inactive
C[C@@H](NC(=O)c1cc(C(=O)N[C@@H](Cc2ccccc2)C(O)CNC2CC2)cc(N(C)S(C)(=O)=O)c1)c1ccccc1,Active
CCCN(CCC)C(=O)c1cc(C)cc(C(=O)N[C@@H](Cc2cc(F)cc(F)c2)[C@H](O)CNCc2cccc(OC)c2)c1,Active
C[C@@H](NC(=O)c1cc(NS(C)(=O)=O)cc(C(=O)N[C@@H](Cc2ccccc2)C(O)CNC2CC2)c1)c1ccc(F)cc1,Moderate
Cc1c(O)cc2oc3c(c(=O)c2c1O)-c1ccc(O)cc1OC3O,Moderate
C=CCN(CC=C)C(=O)c1cc(OCC(=O)NCCCCCN)cc(C(=O)N[C@H](C)c2ccccc2)c1,Inactive
C[C@@H](NC(=O)c1cc(OCC(=O)NCCCCCN)cc(-c2ccccc2C#N)c1)c1ccccc1,Inactive
COc1cc(O)c2c(=O)cc(-c3ccccc3)oc2c1OC,Moderate
C[C@@H](NC(=O)c1cc(C(=O)N[C@@H](Cc2ccccc2)[C@H](O)CN)cc(N(C)S(C)(=O)=O)c1)c1ccc(F)cc1,Moderate
C[C@@H]1O[C@@H](OC[C@H]2O[C@@H](Oc3c(-c4ccc(O)c(O)c4)oc4cc(O)cc(O)c4c3=O)[C@H](O)[C@@H](O)[C@@H]2O)[C@H](O)[C@H](O)[C@H]1O,Active
CC(C)Nc1cc(C(=O)N[C@@H](Cc2ccccc2)[C@H](O)CN[C@@H](C)C(=O)NC2CCCCC2)cc(N2CCCC2=O)c1,Moderate
CCCNC(=O)c1cc(C(=O)N[C@@H](CC(C)C)[C@@H](O)C[C@@H](C)C(=O)N[C@H](C(=O)NC(C)C)C(C)C)cc(N(C)S(C)(=O)=O)c1,Moderate
CC(C)C[C@H](NC(=O)c1cc(C(=O)NCc2ccccc2)cc(N(C)S(C)(=O)=O)c1)[C@@H](O)C[C@@H](C)C(=O)N[C@H](C(=O)NC(C)C)C(C)C,Moderate
CC(C)C[C@H](NC(=O)c1cc(C(=O)N[C@@H](C)c2ccccc2)cc(N(C)S(C)(=O)=O)c1)[C@@H](O)C[C@@H](C)C(=O)N[C@H](C(=O)NC(C)C)C(C)C,Moderate
CC(C)C[C@H](NCC(=O)[C@@H](CCS(C)(=O)=O)NC(=O)[C@@H](NC(=O)OC(C)(C)C)C(C)C)[C@@H](O)C[C@@H](C)C(=O)N[C@@H](C(=O)NCc1ccccc1)C(C)C,Moderate
CC(C)C[C@H](NCC(=O)[C@H](CC(N)=O)NC(=O)[C@@H](NC(=O)OC(C)(C)C)C(C)C)[C@@H](O)C[C@@H](C)C(=O)N[C@@H](C)C(=O)NCc1ccccc1,Inactive
CC(C)C[C@H](NCC(=O)[C@H](CC(N)=O)NC(=O)[C@@H](NC(=O)OC(C)(C)C)C(C)C)[C@@H](O)C[C@@H](C)C(=O)N[C@@H](C(=O)NCc1ccccc1)C(C)C,Moderate
CSC[C@@H](NC(=O)[C@@H](NC(=O)OC(C)(C)C)C(C)C)C(=O)CN[C@@H](CC(C)C)[C@@H](O)C[C@@H](C)C(=O)N[C@H](C(=O)NCc1ccccc1)C(C)C,Inactive
CC(C)C[C@H](NCC(=O)[C@H](CS(C)(=O)=O)NC(=O)[C@@H](NC(=O)OC(C)(C)C)C(C)C)[C@@H](O)C[C@@H](C)C(=O)N[C@@H](C(=O)NCc1ccccc1)C(C)C,Moderate
CCCN(CCC)C(=O)c1cc(CC#N)cc(C(=O)N[C@@H](Cc2ccccc2)[C@H](O)CNCc2cccc(OC)c2)c1,Moderate
CC(C)S(=O)(=O)N(C)c1cc(C(=O)N[C@@H](Cc2ccccc2)[C@@H](N)CF)cc(NC[C@H]2C[C@@H]2C)n1,Active
CC1CC1CNc1cc(C(=O)N[C@H](CN)Cc2cc(F)cc(F)c2)cc(N(C)S(C)(=O)=O)n1,Active
CCCNC(=O)c1cc(C#N)cc(C(=O)N[C@@H](Cc2ccccc2)[C@H](O)CNCc2cccc(OC)c2)c1,Moderate
CN(c1cc(C(=O)N[C@H](CO)Cc2cc(F)cc(F)c2)cc(NCC2CC2)n1)S(C)(=O)=O,Moderate
CC(C)S(=O)(=O)N(C)c1cc(C(=O)N[C@@H](Cc2cc(F)cc(F)c2)[C@@H](N)CF)cc(N(C)C[C@H]2C[C@@H]2C)n1,Moderate
CCCN(CCC)C(=O)c1cc(C(=O)N[C@@H](Cc2ccccc2)[C@H](O)CNCc2cccc(OC)c2)cc(C(=O)N(C)C)c1,Active
CCN(CCCCCCNC1=CC(=O)C(NCCCCCCN(CC)Cc2ccccc2OC)=CC1=O)Cc1ccccc1OC,Moderate
CCCN(CCC)C(=O)c1cc(C(N)=O)cc(C(=O)N[C@@H](Cc2ccccc2)[C@H](O)CNCc2cccc(OC)c2)c1,Active
O=C(N[C@H](C(=O)Nc1cc(C(CO)NCc2ccccc2)ccc1C(=O)c1ccccc1)c1ccccc1)OCc1ccccc1,Moderate
O=C(N[C@@H](C(=O)Nc1cc(C(CO)NCc2ccccc2)ccc1C(=O)c1ccccc1)c1ccccc1)OCc1ccccc1,Moderate
CC(C)(C)OC(=O)N1CCN(c2cccc3c2NC(=O)[C@@H](c2ccccc2)N=C3c2ccccc2)CC1,Inactive
CC(C)(C)OC(=O)N1CCN(c2cccc3c2NC(=O)[C@H](c2ccccc2)N=C3c2ccccc2)CC1,Inactive
O=C1Nc2cc(C(CO)NCc3ccccc3)ccc2C(c2ccccc2)=N[C@@H]1c1ccccc1,Inactive
O=C1Nc2ccccc2C(c2ccccc2)=N[C@H]1C(O)CN1CCNCC1,Inactive
CC(C)(C)OC(=O)N1CCN(CC(O)c2ccc(C(=O)c3ccccc3)c(NC(=O)[C@H](NC(=O)OCc3ccccc3)c3ccccc3)c2)CC1,Moderate
O=C(N[C@H](C(=O)Nc1cc(C(O)CNCc2ccccc2)ccc1C(=O)c1ccccc1)c1ccccc1)OCc1ccccc1,Moderate
O=C(N[C@@H](C(=O)Nc1cc(C(O)CNCc2ccccc2)ccc1C(=O)c1ccccc1)c1ccccc1)OCc1ccccc1,Moderate
CCCN(CCC)C(=O)c1cc(C)cc(C(=O)N[C@@H](Cc2ccccc2)[C@H](O)CNCc2cccc(OC)c2)c1,Active
CCCN(CCC)C(=O)c1cc(C#N)cc(C(=O)N[C@@H](Cc2ccccc2)[C@H](O)CNCc2cccc(OC)c2)c1,Active
CCCCS(=O)(=O)C[C@@H](NC(=O)C1CC1)C(=O)N[C@@H](Cc1cc(F)cc(F)c1)[C@H](O)CNCc1cccc(CC)c1,Active
CCCC(CCC)S(=O)(=O)C[C@@H](NC(=O)c1ccc(OC)cc1)C(=O)N[C@@H](Cc1cc(F)cc(F)c1)[C@H](O)CNCc1cccc(CC)c1,Active
CCCC(CCC)S(=O)(=O)C[C@@H](NC(=O)c1cccnc1)C(=O)N[C@@H](Cc1cc(F)cc(F)c1)[C@H](O)CNCc1cccc(CC)c1,Active
CCCC(CCC)S(=O)(=O)C[C@@H](NC(=O)OCc1ccccc1)C(=O)N[C@@H](Cc1cc(F)cc(F)c1)[C@H](O)CNCc1cccc(CC)c1,Active
CCCCS(=O)(=O)CC(NC(=O)OCCC#N)C(=O)N[C@@H](Cc1cc(F)cc(F)c1)[C@H](O)CNCc1cccc(CC)c1,Active
CCCCS(=O)(=O)C[C@@H](NC(=O)OCC(F)(F)F)C(=O)N[C@@H](Cc1cc(F)cc(F)c1)[C@H](O)CNCc1cccc(CC)c1,Active
CC(C(=O)NCc1ccc(CN)cc1)c1ccc(-c2ccccc2)c(F)c1,Inactive
C[C@@H](C(=O)NCc1ccc(CN)cc1)c1ccc(-c2ccccc2)c(F)c1,Inactive
CC(C)C(C(=O)NCc1ccc(CN)cc1)c1ccc(-c2ccccc2)cc1,Inactive
NCc1ccc(CNC(=O)C(Cc2ccccc2)c2ccc(-c3ccccc3)cc2)cc1,Inactive
NCc1ccc(CNC(=O)Cc2ccc(-c3cc(C(F)(F)F)cc(C(F)(F)F)c3)cc2)cc1,Inactive
NCc1ccc(CNC(=O)Cc2ccc(-c3cccc(C(F)(F)F)c3)cc2)cc1,Inactive
O=C(Cc1ccc(-c2ccccc2)cc1)NCc1ccc(CN2Cc3ccccc3C2)cc1,Inactive
CCCCS(=O)(=O)C[C@@H](NC(C)=O)C(=O)N[C@@H](Cc1cc(F)cc(F)c1)[C@H](O)CNCc1cccc(CC)c1,Active
NC1=N[C@@]2(c3cccc(NC(=O)c4ccc(Cl)cn4)c3)C[C@H]2CCS1,Active
N#Cc1ccc(C(=O)Nc2ccc(F)c(C34CC3CCSC(N)=N4)c2)nc1,Active
NC1=NC2(c3cccc(NC(=O)c4ccc(Cl)cn4)c3)CC2CCS1,Active
NC1=N[C@@]2(c3cc(NC(=O)c4ccc(Cl)cn4)ccc3F)C[C@H]2CCS1,Active
N#Cc1ccc(C(=O)Nc2ccc(F)c([C@]34C[C@H]3CCSC(N)=N4)c2)nc1,Active
NC1=NC2(c3cc(NC(=O)c4ccc(Cl)cn4)ccc3F)CC2CCS1,Active
C[C@@]1(c2cc(-c3cncnc3)c(F)cc2F)CCSC(N)=N1,Moderate
CCCC(CCC)S(=O)(=O)C[C@@H](NC(=O)c1ccc(C(F)(F)F)cc1)C(=O)N[C@@H](Cc1cc(F)cc(F)c1)[C@H](O)CNCc1cccc(CC)c1,Active
CC(C)(C)OC(=O)N1CCN(c2ccc(Br)cc2NC(=O)c2cc3ccccc3o/c2=N\c2ccccc2)CC1,Moderate
Cc1ccc2c(c1)CC(C)(C)N=C2N[C@@H](Cc1ccccc1)C(=O)O,Moderate
CC1(C)Cc2cc(Cl)ccc2C(N[C@@H](Cc2ccccc2)C(=O)O)=N1,Moderate
CC1(C)Cc2cc(Cl)ccc2C(N[C@@H](Cc2ccccc2)c2noc(=O)[nH]2)=N1,Moderate
CC1(C)Cc2cc(Cl)ccc2C(NC(Cc2ccccc2)c2n[nH]c(=O)[nH]2)=N1,Moderate
CC1(C)Cc2cc(Cl)ccc2C(N[C@@H](Cc2ccccc2)c2nccc(=O)[nH]2)=N1,Moderate
CC1(C)Cc2cc(Cl)ccc2C(N[C@@H](Cc2ccccc2)c2nc3ccccc3c(=O)[nH]2)=N1,Moderate
CC1(C)Cc2cc(Cl)ccc2C(N[C@@H](Cc2ccccc2)c2nc3ccncc3c(=O)[nH]2)=N1,Moderate
CC1(C)Cc2cc(Cl)ccc2C(N[C@@H](Cc2ccccc2)c2ncc(Cl)c(=O)[nH]2)=N1,Moderate
CC1(C)Cc2cc(Cl)ccc2C(N[C@@H](Cc2ccccc2)c2ncc(C#N)c(=O)[nH]2)=N1,Moderate
CC1(C)Cc2cc(Cl)ccc2C(N[C@@H](Cc2ccccc2)c2ncc3ccoc3n2)=N1,Inactive
CC1(C)Cc2cc(Cl)ccc2C(N[C@@H](Cc2ccccc2)c2ncc(I)c(=O)[nH]2)=N1,Moderate
N#Cc1ccc(C(=O)Nc2ccc(F)c([C@@]3(CF)N=C(N)OC[C@@H]3F)c2)nc1,Active
N#Cc1ccc(C(=O)Nc2ccc(F)c([C@]3(CF)C[C@@H](C(F)(F)F)OC(N)=N3)c2)nc1,Active
C[C@]1(c2cc(NC(=O)c3ccc(C#N)cn3)ccc2F)N=C(N)O[C@H](C(F)(F)F)[C@@H]1F,Active
C[C@]1(c2cc(NC(=O)c3ccc(C#N)cn3)ccc2F)N=C(N)O[C@@H](C(F)(F)F)[C@@H]1F,Active
N#Cc1ccc(C(=O)Nc2ccc(F)c([C@@]3(CF)N=C(N)OCC3(F)F)c2)nc1,Moderate
C[C@]1(c2cc(NC(=O)c3ccc(OCC(F)(F)C(F)F)cn3)ccc2F)N=C(N)OCC1(F)F,Active
Cc1cc(Cl)cnc1C(=O)Nc1ccc(F)c([C@@]2(C)N=C(N)OCC2(F)F)c1,Active
C[C@]1(c2cc(NC(=O)c3ncc(Cl)cc3Cl)ccc2F)N=C(N)OCC1(F)F,Active
C[C@]1(c2cc(NC(=O)c3ncc(Cl)cn3)ccc2F)N=C(N)OCC1(F)F,Active
COc1cnc(C(=O)Nc2ccc(F)c([C@@]3(C)N=C(N)OCC3(F)F)c2)cn1,Active
C[C@]1(c2cc(NC(=O)c3cnc(OCC(F)(F)F)cn3)ccc2F)N=C(N)OCC1(F)F,Active
C#CCOc1cnc(C(=O)Nc2ccc(F)c([C@@]3(C)N=C(N)OCC3(F)F)c2)cn1,Active
CC#CCOc1cnc(C(=O)Nc2ccc(F)c([C@@]3(C)N=C(N)OCC3(F)F)c2)cn1,Active
Cn1ccc(C(=O)Nc2ccc(F)c([C@@]3(C)N=C(N)OCC3(F)F)c2)n1,Moderate
Cn1cc(Cl)c(C(=O)Nc2ccc(F)c([C@@]3(C)N=C(N)OCC3(F)F)c2)n1,Moderate
C[C@]1(c2cc(NC(=O)c3ccn(C(F)F)n3)ccc2F)N=C(N)OCC1(F)F,Active
C[C@]1(c2cc(NC(=O)c3nn(C(F)F)cc3Cl)ccc2F)N=C(N)OCC1(F)F,Active
C[C@@]1(c2cc(NC(=O)c3ccc(C#N)cn3)ccc2F)CCOC(N)=N1,Active
C[C@]1(c2cc(NC(=O)c3ccc(C#N)cn3)ccc2F)N=C(N)OC[C@@H]1F,Active
C[C@]1(c2cc(NC(=O)c3ccc(C#N)cn3)ccc2F)N=C(N)OC[C@H]1F,Moderate
N#Cc1ccc(C(=O)Nc2ccc(F)c([C@]3(C(F)F)CCOC(N)=N3)c2)nc1,Active
C[C@@]1(c2cc(NC(=O)c3ccc(C#N)cn3)ccc2F)C[C@H](C(F)(F)F)OC(N)=N1,Moderate
C[C@@]1(c2cc(NC(=O)c3ccc(C#N)cn3)ccc2F)C[C@@H](C(F)(F)F)OC(N)=N1,Active
C[C@@]1(c2cc(NC(=O)c3ccc(Cl)cn3)ccc2F)CCOC(N)=N1,Active
C[C@]1(c2cc(NC(=O)c3ccc(Cl)cn3)ccc2F)N=C(N)OCC1(F)F,Active
C[C@@]1(c2cc(NC(=O)c3ccc(Cl)cn3)ccc2F)CCSC(N)=N1,Active
C[C@]1(c2cc(NC(=O)c3ccc(Cl)cn3)ccc2F)N=C(N)SCC1(F)F,Active
C[C@]1(c2cc(NC(=O)c3ccccn3)ccc2F)N=C(N)OCC1(F)F,Moderate
C[C@]1(c2cc(NC(=O)c3ccc(F)cn3)ccc2F)N=C(N)OCC1(F)F,Active
C[C@]1(c2cc(NC(=O)c3ccc(C#N)cn3)ccc2F)N=C(N)OCC1(F)F,Active
Cc1ccc(C(=O)Nc2ccc(F)c([C@@]3(C)N=C(N)OCC3(F)F)c2)nc1,Active
C#Cc1ccc(C(=O)Nc2ccc(F)c([C@@]3(C)N=C(N)OCC3(F)F)c2)nc1,Active
COc1ccc(C(=O)Nc2ccc(F)c([C@@]3(C)N=C(N)OCC3(F)F)c2)nc1,Active
C[C@]1(c2cc(NC(=O)c3ccc(OC(F)(F)F)cn3)ccc2F)N=C(N)OCC1(F)F,Active
CCOc1ccc(C(=O)Nc2ccc(F)c([C@@]3(C)N=C(N)OCC3(F)F)c2)nc1,Moderate
C[C@]1(c2cc(NC(=O)c3ccc(OCC(F)(F)F)cn3)ccc2F)N=C(N)OCC1(F)F,Moderate
COc1ccc(C2(C)CCSC(N)=N2)cc1.Cl,Inactive
CCCC(CCC)S(=O)(=O)C[C@@H](NC(=O)c1ccccc1)C(=O)N[C@@H](Cc1cc(F)cc(F)c1)[C@H](O)CNCc1cccc(CC)c1,Active
N=c1oc2ccccc2cc1C(=O)Nc1cc(Br)ccc1N1CCN(Cc2ccccc2)CC1,Moderate
O=C(Nc1cc(Br)ccc1N1CCN(Cc2ccccc2)CC1)c1cc2ccccc2o/c1=N\c1ccccc1,Moderate
O=C(Nc1cc(Br)ccc1N1CCNCC1)c1cc2ccccc2o/c1=N\c1ccccc1,Moderate
O=C(Nc1cc(Br)ccc1N1CCN(CCO)CC1)c1cc2ccccc2o/c1=N\c1ccccc1,Moderate
N#Cc1cccc(CN2CCN(c3ccc(Br)cc3NC(=O)c3cc4ccccc4o/c3=N\c3ccccc3)CC2)c1,Moderate
COc1ccc(CN2CCN(c3ccc(Br)cc3NC(=O)c3cc4ccccc4o/c3=N\c3ccccc3)CC2)cc1,Moderate
O=C(Nc1cc(Br)ccc1N1CCN(CCN2C(=O)c3ccccc3C2=O)CC1)c1cc2ccccc2o/c1=N\c1ccccc1,Active
O=C(Nc1cc(Br)ccc1N1CCN(CCCN2C(=O)c3ccccc3C2=O)CC1)c1cc2ccccc2o/c1=N\c1ccccc1,Moderate
O=C(Nc1cc(Br)ccc1N1CCN(CCCCN2C(=O)c3ccccc3C2=O)CC1)c1cc2ccccc2o/c1=N\c1ccccc1,Moderate
O=C(Nc1cc(Br)ccc1N1CCN(CCc2cc3ccccc3[nH]2)CC1)c1cc2ccccc2o/c1=N\c1ccccc1,Moderate
COc1ccccc1C(=O)N1CCN(c2ccc(Br)cc2NC(=O)c2cc3ccccc3o/c2=N\c2ccccc2)CC1,Inactive
O=C(Nc1cc(Br)ccc1N1CCN(C(=O)c2cccc([N+](=O)[O-])c2)CC1)c1cc2ccccc2o/c1=N\c1ccccc1,Inactive
O=C(Nc1cc(Br)ccc1N1CCN(C(=O)c2ccco2)CC1)c1cc2ccccc2o/c1=N\c1ccccc1,Moderate
O=C(Nc1cc(Br)ccc1N1CCN(C(=O)c2cccs2)CC1)c1cc2ccccc2o/c1=N\c1ccccc1,Moderate
CN1C(=O)CC2(CC(C)(C)Cc3ccc(-c4cncc(Cl)c4)cc32)N=C1N,Inactive
CC1(C)Cc2ccc(-c3cncc(F)c3)cc2C2(COC(N)=N2)C1,Moderate
CC1(C)Cc2ccc(-c3cccnc3F)cc2C2(COC(N)=N2)C1,Moderate
CC1(C)Cc2ccc(-c3cncnc3)cc2C2(COC(N)=N2)C1,Moderate
CN1C(=O)[C@]2(CC(C)(C)Oc3ccc(-c4cncc(Cl)c4)cc32)N=C1N,Active
CN1C(=O)[C@]2(CC(C)(C)Cc3ccc(-c4cccc(C#N)c4)cc32)N=C1N,Active
CN1C(=O)[C@]2(CC(C)(C)Cc3ccc(-c4cccnc4F)cc32)N=C1N,Active
CN1C(=O)[C@]2(CC(C)(C)Cc3ccc(-c4cncnc4)cc32)N=C1N,Active
CC1(C)Cc2ccc(-c3cncnc3)cc2[C@@]2(COC(N)=N2)C1,Moderate
CN1C(=O)C2(CC(C)(C)Sc3ccc(-c4cc(F)cc(Cl)c4)cc32)N=C1N,Active
CN1C(=O)C2(CC(C)(C)Cc3ccc(-c4cc(F)cc(Cl)c4)cc32)N=C1N,Active
CN1C(=O)C2(CC(C)(C)Sc3ccc(-c4cccc(C#N)c4)cc32)N=C1N,Active
CN1C(=O)C2(CC(C)(C)Cc3ccc(-c4cccc(C#N)c4)cc32)N=C1N,Active
CN1C(=O)C2(CC(C)(C)Cc3ccc(-c4cccnc4F)cc32)N=C1N,Active
CN1C(=O)C2(CC(C)(C)Sc3ccc(-c4cncc(Cl)c4)cc32)N=C1N,Active
CN1C(=O)C2(CC(C)(C)Cc3ccc(-c4cncc(Cl)c4)cc32)N=C1N,Active
CN1C(=O)C2(CC(C)(C)Sc3ccc(-c4cncnc4)cc32)N=C1N,Moderate
CN1C(=O)C2(CC(C)(C)Cc3ccc(-c4cncnc4)cc32)N=C1N,Active
CN1C(=O)C2(CC(C)(C)C(=O)c3ccc(-c4cncnc4)cc32)N=C1N,Moderate
CN1C(=O)C2(CC(C)(C)C(F)(F)c3ccc(-c4cncnc4)cc32)N=C1N,Moderate
CCN1C(=O)C2(CC(C)(C)Oc3ccc(-c4cccc(Cl)c4)cc32)N=C1N,Moderate
CC1(C)CC2(N=C(N)N(CC(F)(F)F)C2=O)c2cc(-c3cccc(Cl)c3)ccc2O1,Moderate
COCCN1C(=O)C2(CC(C)(C)Oc3ccc(-c4cccc(Cl)c4)cc32)N=C1N,Moderate
CC(=O)N1CCC(CN2C(=O)C3(CC(C)(C)Oc4ccc(-c5cccc(Cl)c5)cc43)N=C2N)CC1,Active
CC1(C)Cc2ccc(-c3cncc(Cl)c3)cc2C2(COC(N)=N2)C1,Moderate
CC1(C)Cc2ccc(-c3cncc(Cl)c3)cc2C2(CSC(N)=N2)C1,Moderate
CC1(C)Cc2ccc(-c3cncc(Cl)c3)cc2C2(CCSC(N)=N2)C1,Moderate
CN1C(=O)C2(CC(C)(C)Oc3ccc(-c4cc(F)cc(Cl)c4)cc32)N=C1N,Active
CN1C(=O)C2(CC(C)(C)Oc3ccc(-c4cc(Cl)ccc4F)cc32)N=C1N,Active
CC(C)Oc1cccc(-c2ccc3c(c2)C2(CC(C)(C)O3)N=C(N)N(C)C2=O)c1,Moderate
CCOc1cccc(-c2ccc3c(c2)C2(CC(C)(C)O3)N=C(N)N(C)C2=O)c1,Moderate
CN1C(=O)C2(CC(C)(C)Oc3ccc(-c4cccc(C(F)(F)F)c4)cc32)N=C1N,Moderate
CSc1cccc(-c2ccc3c(c2)C2(CC(C)(C)O3)N=C(N)N(C)C2=O)c1,Moderate
CN1C(=O)C2(CC(C)(C)Oc3ccc(-c4cccc(OC(F)F)c4)cc32)N=C1N,Active
CN1C(=O)C2(CC(C)(C)Oc3ccc(-c4cccc(F)c4)cc32)N=C1N,Moderate
CN1C(=O)C2(CC(C)(C)Oc3ccc(C4CCCCC4)cc32)N=C1N,Moderate
CC(C)COc1ccc2c(c1)C1(CC(C)(C)O2)N=C(N)N(C)C1=O,Moderate
CN1C(=O)C2(CC(C)(C)Oc3ccc(N4CCCCC4)cc32)N=C1N,Moderate
CN1C(=O)C2(CC(C)(C)Oc3ccc(-c4cccnc4)cc32)N=C1N,Moderate
CN1C(=O)C2(CC(C)(C)Oc3ccc(-c4ccccn4)cc32)N=C1N,Moderate
CN1C(=O)C2(CC(C)(C)Oc3ccc(-c4ccncc4)cc32)N=C1N,Moderate
CN1C(=O)C2(CC(C)(C)Oc3ccc(-c4cncc(Cl)c4)cc32)N=C1N,Active
CN1C(=O)C2(CC(C)(C)Oc3ccc(-c4cncc(C(F)(F)F)c4)cc32)N=C1N,Active
CC#Cc1cncc(-c2ccc3c(c2)C2(CC(C)(C)O3)N=C(N)N(C)C2=O)c1,Active
CN1C(=O)C2(CC(C)(C)Oc3ccc(-c4cccnc4F)cc32)N=C1N,Moderate
CN1C(=O)C2(CC(C)(C)Oc3ccc(-c4cncc(F)c4)cc32)N=C1N,Moderate
CN1C(=O)C2(CC(C)(C)Oc3ccc(-c4cncnc4)cc32)N=C1N,Moderate
CN1C(=O)C2(CC(C)(C)Oc3ccc(-c4ccns4)cc32)N=C1N,Moderate
Cc1ccc(C(=O)Nc2ccc3c(c2)C2(CC(C)(C)O3)N=C(N)N(C)C2=O)o1,Moderate
CN1C(=O)C2(CC(C)(C)Oc3ccc(Br)cc32)N=C1N,Inactive
CN1C(=O)C2(CC(C)(C)Oc3ccc(-c4ccccc4)cc32)N=C1N,Moderate
CN1C(=O)C2(CC(C)(C)Oc3ccc(-c4cccc(Cl)c4)cc32)N=C1N,Active
CN1C(=O)C2(CC(C)(C)Oc3ccc(-c4cccc(C#N)c4)cc32)N=C1N,Active
COc1cccc(-c2ccc3c(c2)C2(CC(C)(C)O3)N=C(N)N(C)C2=O)c1,Moderate
COc1ccccc1-c1ccc2c(c1)C1(CC(C)(C)O2)N=C(N)N(C)C1=O,Moderate
COc1ccc(-c2ccc3c(c2)C2(CC(C)(C)O3)N=C(N)N(C)C2=O)cc1,Moderate
CN1C(=O)C2(CC(C)(C)Oc3ccc(-c4cc(Cl)cc(Cl)c4)cc32)N=C1N,Active
COc1cc(F)cc(-c2ccc3c(c2)C2(CC(C)(C)O3)N=C(N)N(C)C2=O)c1,Active
COc1ccc(F)c(-c2ccc3c(c2)C2(CC(C)(C)O3)N=C(N)N(C)C2=O)c1,Active
CN(c1cc2cc(n1)N(Cc1ccccc1)CCCCc1cccc(c1)C[C@@](C)(N)C(=O)OC2)S(C)(=O)=O,Inactive
Cn1c(N)nc(CCc2cccc(-c3cccnc3)c2)cc1=O,Inactive
COc1cccc(-c2cccc(CCc3cc(=O)n(C)c(N)n3)c2)c1,Moderate
NC1=NC(c2ccc(Cl)c(Cl)c2)CC(=O)N1,Inactive
C[C@H](NC(=O)OC[C@H](O)[C@H](Cc1ccccc1)NC(=O)c1ccc(S(C)(=O)=O)cc1)C(=O)N[C@@H](CCC(=O)O)C(=O)N[C@@H](Cc1ccccc1)C(=O)O,Inactive
Nc1nc(CCc2ccccc2)cc(=O)[nH]1,Inactive
CCCc1cc(=O)[nH]c(N)n1,Inactive
CC1CCc2cccc(c2)C[C@@](C)(N)C(=O)OCc2cc(nc(N(C)S(C)(=O)=O)c2)CC1,Moderate
CN(c1cc2cc(n1)CCC(c1ccccc1)CCc1cccc(c1)C[C@@](C)(N)C(=O)OC2)S(C)(=O)=O,Moderate
COc1cc2ncnc(N3CCN(Cc4ccc(F)cc4)CC3)c2cc1OC,Moderate
COc1ccc(C2(C)CCSC(N)=N2)cc1,Inactive
Nc1nc(CCc2ccc3cc[nH]c3c2)cc(=O)[nH]1,Inactive
NC(N)=NC(=O)Cc1c(-c2ccccc2)csc1-c1ccccc1,Moderate
CC(=O)c1ccc(Oc2ccc(-c3scc(-c4ccccc4Cl)c3CC(=O)N=C(N)N)cc2)cc1,Moderate
CCCOc1ccc(-c2scc(-c3ccccc3)c2CC(=O)N=C(N)N)cc1,Moderate
CC[C@H](C)[C@H](NC(=O)[C@H](CCC(=O)O)NC(=O)[C@H](CCC(=O)O)NC(=O)[C@@H](NC(=O)[C@@H](N)CCCCN)[C@@H](C)O)C(=O)N[C@@H](CO)C(=O)N[C@@H](CCC(=O)O)C(=O)N[C@H](C(=O)N[C@@H](CC(N)=O)C(=O)N[C@@H](CC(C)C)[C@@H](O)CC(=O)N[C@@H](CC(=O)O)C(=O)N[C@@H](C)C(=O)N[C@@H](CCC(=O)O)C(=O)N[C@@H](Cc1ccccc1)C(=O)O)C(C)C,Inactive
CC[C@H](C)[C@H](NC(=O)[C@H](CCC(=O)O)NC(=O)[C@H](CCC(=O)O)NC(=O)[C@@H](NC(=O)[C@@H](N)CCCCN)[C@@H](C)O)C(=O)N[C@@H](CO)C(=O)N[C@@H](CCC(=O)O)C(=O)N[C@H](C(=O)N[C@@H](CC(N)=O)C(=O)N[C@@H](CC(C)C)[C@@H](O)CC(=O)N[C@@H](CC(=O)O)C(=O)N[C@@H](C)C(=O)N[C@@H](CCC(=O)O)C(=O)N[C@@H](Cc1ccccc1)C(=O)N[C@@H](CCCN=C(N)N)C(=O)O)C(C)C,Inactive
CC(C)C[C@H](NC(=O)[C@H](CC(N)=O)NC(=O)[C@@H](N)C(C)C)C(O)CC(=O)N[C@H](C(=O)N[C@@H](C)C(=O)N[C@@H](CCC(=O)O)C(=O)N[C@@H](Cc1ccccc1)C(=O)O)C(C)C,Moderate
CSCC[C@H](NC(=O)[C@@H](NC(C)=O)C(C)C)C(=O)N[C@@H](CC(C)C)C(O)CC(=O)N[C@H](C(=O)N[C@@H](C)C(=O)N[C@@H](C)C(=O)N[C@@H](Cc1ccccc1)C(=O)O)C(C)C,Moderate
CSCC[C@H](NC(=O)[C@@H](NC(C)=O)C(C)C)C(=O)N[C@@H](CC(C)C)C(O)CC(=O)N[C@H](C(=O)N[C@@H](C)C(=O)N[C@@H](CCC(=O)O)C(=O)N[C@@H](C)C(=O)O)C(C)C,Moderate
CSCC[C@H](NC(=O)[C@@H](NC(C)=O)C(C)C)C(=O)N[C@@H](CC(C)C)C(O)CC(=O)N[C@H](C(=O)N[C@@H](C)C(=O)N[C@@H](CCC(=O)O)C(=O)N[C@@H](C)C(=O)O)C(C)(C)C,Inactive
CC(C)C[C@H](NC(=O)[C@H](CC(N)=O)NC(=O)[C@@H](NC(=O)[C@@H](N)CCC(=O)O)C(C)C)C(O)CC(=O)N[C@H](C(=O)N[C@@H](C)C(=O)N[C@@H](CCC(=O)O)C(=O)N[C@@H](Cc1ccccc1)C(=O)O)C(C)C,Active
CC(C)C[C@H](NC(=O)[C@H](CC(N)=O)NC(=O)[C@H](C)NC(=O)[C@@H](N)CCC(=O)O)C(O)CC(=O)N[C@H](C(=O)N[C@@H](C)C(=O)N[C@@H](CCC(=O)O)C(=O)N[C@@H](Cc1ccccc1)C(=O)O)C(C)C,Moderate
CC[C@H](C)[C@H](NC(=O)[C@H](CCC(=O)O)NC(=O)[C@H](CCC(=O)O)NC(=O)[C@@H](NC(=O)[C@@H](N)CCCCN)[C@@H](C)O)C(=O)N[C@@H](CO)C(=O)N[C@@H](CCC(=O)O)C(=O)N[C@H](C(=O)N[C@@H](CC(N)=O)C(=O)N[C@@H](CC(C)C)[C@@H](O)CC(=O)N[C@@H](C)C(=O)N[C@@H](C)C(=O)N[C@@H](CCC(=O)O)C(=O)N[C@@H](Cc1ccccc1)C(=O)O)C(C)C,Moderate
CCCOc1ccc(-c2csc(-c3ccccc3)c2CC(=O)N=C(N)N)cc1,Moderate
CCCOc1ccc(-c2scc(-c3ccccc3Cl)c2CC(=O)N=C(N)N)cc1,Moderate
CCCOc1ccc(-c2scc(-c3ccccc3Cl)c2CC(=O)/N=C(/N)NCCCO)cc1,Moderate
CCC(O)[C@H](NC(=O)[C@@H](N)CCCN)C(=O)N[C@@H](CCC(=O)O)C(=O)N[C@@H](CCC(=O)O)C(=O)N[C@H](C(=O)N[C@@H](CO)C(=O)N[C@@H](CCC(=O)O)C(=O)N[C@H](C(=O)N[C@@H](CCSC)C(=O)N[C@@H](CC(C)C)[C@@H](O)CC(=O)N[C@H](C(=O)N[C@@H](C)C(=O)N[C@@H](CCC(=O)O)C(=O)N[C@@H](Cc1ccccc1)C(=O)O)C(C)C)C(C)C)[C@@H](C)CC,Active
CC(C)C[C@H](NC(=O)[C@H](CC(N)=O)NC(=O)[C@@H](NC(=O)[C@@H](N)CCC(=O)O)C(C)C)C(=O)N[C@@H](C)C(=O)N[C@@H](C)C(=O)N[C@@H](CCC(=O)O)C(=O)N[C@@H](Cc1ccccc1)C(=O)O,Active
CC(C)C[C@H](NC(=O)[C@H](CC(=O)O)NC(=O)[C@H](CC(C)C)NC(=O)[C@@H](N)CCC(=O)O)C(=O)N[C@@H](C)C(=O)N[C@H](C(=O)N[C@@H](CCC(=O)O)C(=O)N[C@@H](Cc1ccccc1)C(=O)O)C(C)C,Active
CCCOc1ccc(-c2scc(-c3ccccc3Cl)c2CC(=O)/N=C(/N)NCCCO)cc1C,Moderate
N/C(=N/C(=O)Cc1c(-c2ccccc2Cl)csc1-c1ccc(C(=O)NCC(F)(F)F)cc1)NCCCO,Moderate
CCCNC(=O)c1ccc(-c2scc(-c3ccccc3Cl)c2CC(=O)/N=C(/N)NCCCO)cc1,Moderate
N/C(=N/C(=O)Cc1c(-c2ccccc2Cl)csc1-c1ccc(C(=O)NCC2CC2)cc1)NCCCO,Moderate
CCC(CC)NC(=O)c1ccc(-c2scc(-c3ccccc3Cl)c2CC(=O)/N=C(/N)NCCCO)cc1,Moderate
Cn1c(N)nc(CCc2ccccc2)cc1=O,Inactive
Cn1c(N)nc(CCc2ccc3ccccc3c2)cc1=O,Inactive
Cn1c(N)nc(CCc2ccc3cc[nH]c3c2)cc1=O,Inactive
CC1(c2cccc(-c3cccnc3)c2)N=C(N)c2ccccc2O1,Moderate
CCC1(c2cccc(-c3cncnc3)c2)N=C(N)c2ccccc2O1,Inactive
CC1(c2cccc(-c3cncnc3)c2)N=C(N)c2c(F)cccc2O1,Inactive
CC1(c2cccc(-c3cccnc3)c2)N=C(N)c2c(F)cccc2O1,Moderate
CC1(c2cccc(-c3cncnc3)c2)N=C(N)c2ccccc2S1,Moderate
COc1cccc(-c2cccc(C3(C)N=C(N)CCO3)c2)c1,Moderate
CC1(c2cccc(-c3cccc(Cl)c3)c2)N=C(N)CCO1,Moderate
CC1(c2cccc(-c3cncnc3)c2)N=C(N)CCS1,Moderate
COc1cccc(-c2cccc(C3(C)N=C(N)CCS3)c2)c1,Moderate
COc1cccc(-c2cccc(C3(C)COCC(N)=N3)c2)c1,Moderate
COc1cccc(-c2cccc(C3(C)CSCC(N)=N3)c2)c1,Moderate
COc1cccc(-c2cccc(C3(C)CCSC(N)=N3)c2)c1,Moderate
COc1ccc(C2(c3cccc(-c4cncnc4)c3)N=C(N)c3nc(C)sc32)cc1,Moderate
COc1ccc(C2(c3cccc(-c4cncnc4)c3)N=C(N)n3nc(C)cc32)cc1,Moderate
C[C@]1(c2cccc(-c3cncc(F)c3)c2)N=C(N)[C@@H]2CCCCN21,Moderate
C[C@]1(c2cccc(-c3cncc(F)c3)c2)N=C(N)[C@H]2CCCCN21,Moderate
COc1cccc(-c2cccc(C3(C)N=C(N)CS3)c2)c1,Moderate
COc1ccc(C2(c3cccc(-c4cccnc4)c3)N=C(N)CS2)cc1,Moderate
COc1cccc(-c2cccc(C3(c4ccncc4)N=C(N)CS3)c2)c1,Moderate
COc1cccc(-c2cccc(C3(C)N=C(N)CN3C(C)=O)c2)c1,Inactive
COc1ccc(C2(c3cccc(-c4cncnc4)c3)CCC(N)=N2)cc1,Moderate
COc1ccc(C2(c3cccc(-c4cccnc4)c3)CC(OC)C(N)=N2)cc1,Moderate
CC1(c2cccc(-c3cncnc3)c2)N=C(N)c2ccccc2O1,Moderate
CC1(C)Cc2cc(Cl)ccc2C(NC(Cc2ccsc2)C(=O)O)=N1,Moderate
CC1(C)Cc2cc(Cl)ccc2C(NC(Cc2cscc2Br)C(=O)O)=N1,Moderate
CC1(C)Cc2cc(Cl)ccc2C(NC(Cc2ccsc2Br)C(=O)O)=N1,Moderate
CC1(C)Cc2cc(Cl)ccc2C(NC(Cc2sccc2Br)C(=O)O)=N1,Moderate
CC1(C)Cc2cc(Cl)ccc2C(NC(Cc2cscc2-c2ccncc2)C(=O)O)=N1,Moderate
CC1(C)Cc2cc(Cl)ccc2C(NC(Cc2cscc2-c2ncco2)C(=O)O)=N1,Moderate
CC1(C)Cc2cc(Cl)ccc2C(NC(Cc2cscc2-c2cc[nH]n2)C(=O)O)=N1,Moderate
CC1(C)Cc2cc(Cl)ccc2C(NC(Cc2cscc2-c2cn[nH]c2)C(=O)O)=N1,Moderate
Cn1cc(-c2cscc2CC(NC2=NC(C)(C)Cc3cc(Cl)ccc32)C(=O)O)cn1,Moderate
CCc1cscc1CC(NC1=NC(C)(C)Cc2cc(Cl)ccc21)C(=O)O,Moderate
CCCc1cscc1CC(NC1=NC(C)(C)Cc2cc(Cl)ccc21)C(=O)O,Moderate
CC1(C)Cc2cc(Cl)ccc2C(NC(Cc2cscc2CCC2CC2)C(=O)O)=N1,Moderate
CC1(C)Cc2cc(Cl)ccc2C(NC(Cc2cscc2C2CC2)C(=O)O)=N1,Moderate
C#Cc1cscc1CC(NC1=NC(C)(C)Cc2cc(Cl)ccc21)C(=O)O,Moderate
CC#Cc1cscc1CC(NC1=NC(C)(C)Cc2cc(Cl)ccc21)C(=O)O,Moderate
CCCc1scc(-c2cn[nH]c2)c1CC(NC1=NC(C)(C)Cc2cc(Cl)ccc21)C(=O)O,Active
CCCc1scc(-c2cn[nH]c2)c1CC(NC1=NC(C)(C)Cc2cc(Cl)ccc21)c1nccc(=O)[nH]1,Moderate
CC1(c2ccccc2)CC(=O)NC(N)=N1,Inactive
COc1cccc(CCc2cccc([C@@H]3C[C@@H]3c3cc(=O)n(C)c(N)n3)c2)c1,Inactive
CCOc1cccc(-c2cccc([C@@H]3C[C@@H]3c3cc(=O)n(C)c(N)n3)c2)c1,Inactive
Cc1cccc(-c2cccc([C@@H]3C[C@@H]3c3cc(=O)n(C)c(N)n3)c2)c1,Inactive
CSc1cccc(-c2cccc([C@@H]3C[C@@H]3c3cc(=O)n(C)c(N)n3)c2)c1,Inactive
Cn1c(N)nc([C@H]2C[C@H]2c2cccc(-c3cccc(F)c3)c2)cc1=O,Inactive
COc1ccc(-c2cccc([C@@H]3C[C@@H]3c3cc(=O)n(C)c(N)n3)c2)cc1,Inactive
COc1cncc(-c2cccc([C@@H]3C[C@@H]3c3cc(=O)n(C)c(N)n3)c2)n1,Inactive
Cn1c(N)nc([C@H]2C[C@H]2c2cccc(CCc3ccccc3)c2)cc1=O,Inactive
C[C@@H](NC(c1cc(-c2nnc([C@](C)(N)Cc3ccc(F)cc3)o2)cc(N(C)S(C)(=O)=O)c1)C(F)(F)F)c1ccc(F)cc1,Inactive
C[C@]1(c2nc(NC(=O)c3ccc(C#N)cn3)ccc2F)N=C(N)OCC1(F)F,Active
C[C@]1(c2nc(NC(=O)c3ncc(C#N)cc3Cl)ccc2F)N=C(N)OCC1(F)F,Active
CC1(C)OC(N)=N[C@](C)(c2nc(NC(=O)c3ncc(C#N)cc3Cl)ccc2F)C1(F)F,Active
COCC[C@]1(c2nc(NC(=O)c3ncc(C#N)cc3C)ccc2F)N=C(N)OCC1(F)F,Active
C[C@]1(c2nc(NC(=O)c3ncc(C(F)(F)F)cc3Cl)ccc2F)N=C(N)OCC1(F)F,Active
C[C@]1(c2nc(NC(=O)c3ncc(Cl)cc3Cl)ccc2F)N=C(N)OCC1(F)F,Active
C[C@]1(c2nc(NC(=O)c3ncc(OCC(F)F)nc3N)ccc2F)N=C(N)OCC1(F)F,Moderate
C[C@]1(c2nc(NC(=O)c3nn(C(F)F)cc3Cl)ccc2F)N=C(N)OCC1(F)F,Active
CCN(Cc1ccccc1)Cc1ccc(-c2cc3cc(OCCNC(=O)/C=C/c4cc(F)cc(F)c4)ccc3oc2=O)cc1,Active
CN1C(=O)CC(C)(c2ccc(Cl)c(Cl)c2)N=C1N,Moderate
CN1C(=O)CC(C)(c2ccccc2)N=C1N,Moderate
CN1C(=O)CC(C)(CCc2ccccc2)N=C1N,Inactive
CN1C(=O)CC(C)(CCc2cccc(-c3ccccc3)c2)N=C1N,Moderate
COc1cccc(-c2cccc(CC[C@@]3(C)CC(=O)N(C)C(N)=N3)c2)c1,Inactive
C[C@@]1(c2ccccc2)CCSC(N)=N1,Inactive
NC1=N[C@@]2(c3cc(NC(=O)c4ccc(F)cn4)ccc3F)COC[C@H]2CS1,Active
COc1cccc(-c2cccc(CC[C@]3(C)CC(=O)N(C)C(N)=N3)c2)c1,Moderate
C[C@@]1(c2cccc(NC(=O)c3ccc(Cl)cn3)c2)COC(N)=N1,Moderate
CC1(c2cccc(NC(=O)c3ccccn3)c2)CSC(N)=N1,Moderate
CN1C(=O)C(C)(c2cccc(NC(=O)c3ccc(Cl)cn3)c2)N=C1N,Moderate
C[C@]1(c2cccc(NC(=O)c3ccc(Cl)cn3)c2)N=C(N)c2ccccc21,Moderate
NC1=NC2(CCc3ccc(NC(=O)c4ccc(Cl)cn4)cc32)CO1,Moderate
NC1=NC2(CCc3ccc(NC(=O)c4ccc(Cl)cn4)cc32)CS1,Moderate
CN1C(=O)C[C@@](C)(c2cccc(NC(=O)c3ccc(Cl)cn3)c2)N=C1N,Active
CN1CC[C@@](C)(c2cc(NC(=O)c3ccc(Cl)cn3)ccc2F)N=C1N,Active
CN1CC(N)=NC(C)(c2cccc(NC(=O)c3ccc(Cl)cn3)c2)C1,Active
C[C@@]1(c2cc(NC(=O)c3ncc(Cl)cc3Cl)ccc2F)CCOC(N)=N1,Active
C[C@@]1(c2cc(NC(=O)c3ccc(Cl)cn3)ccc2F)COCC(N)=N1,Active
C[C@@]1(c2cc(NC(=O)c3ncc(Cl)cc3Cl)ccc2F)COCC(N)=N1,Active
NC1=NC2(c3cccc(NC(=O)c4ccc(Cl)cn4)c3)CC2CS1,Moderate
C[C@@]1(c2cc(NC(=O)c3ccc(Cl)cn3)ccc2F)CCC2(CC2)C(N)=N1,Active
C[C@@]1(c2cc(NC(=O)c3ccc(Cl)cn3)ccc2F)C[C@@H]2C[C@@H]2C(N)=N1,Active
C[C@@]1(c2cc(NC(=O)c3ccc(Cl)cn3)ccc2F)Cc2ccccc2C(N)=N1,Active
CC1(c2cc(NC(=O)c3ccc(Cl)cn3)ccc2F)N=C(N)c2ccccc2O1,Active
C[C@@]1(c2cc(NC(=O)c3ccc(Cl)cn3)ccc2F)CCCOC(N)=N1,Active
C[C@@]1(c2cc(NC(=O)c3ccc(Cl)cn3)ccc2F)CCOCC(N)=N1,Active
C[C@@]1(c2cc(NC(=O)c3ccc(Cl)cn3)ccc2F)COCCC(N)=N1,Active
NC1=N[C@@]2(c3cc(NC(=O)c4ccc(Cl)cn4)ccc3F)C[C@H]2COC1,Moderate
C=CCCCCC(=O)N[C@@H](Cc1cccc(CC=C)c1)[C@H](O)CN[C@H]1CC2(CCC2)Oc2ccc(CC)cc21,Active
C=CCCCC(=O)N[C@@H](Cc1cccc(CC=C)c1)[C@H](O)CN[C@H]1CC2(CCC2)Oc2ncc(CC(C)(C)C)cc21,Active
C=CCc1cccc(C[C@H](NC(=O)c2cc(Br)c(=O)n(CC=C)c2)[C@H](O)CN[C@H]2CC3(CCC3)Oc3ccc(CC)cc32)c1,Moderate
C=CCc1cccc(C[C@H](NC(=O)c2cc(-c3ccccn3)c(=O)n(CC=C)c2)[C@H](O)CN[C@H]2CC3(CCC3)Oc3ccc(CC)cc32)c1,Moderate
C=CCc1cccc(C[C@H](NC(=O)c2cc(N3CCCC3)c(=O)n(CC=C)c2)[C@H](O)CN[C@H]2CC3(CCC3)Oc3ccc(CC)cc32)c1,Active
CCc1ccc2c(c1)[C@@H](NC[C@@H](O)[C@@H]1Cc3cccc(c3)CCCCCC(=O)N1)CC1(CCC1)O2,Moderate
CCc1ccc2c(c1)[C@@H](NC[C@@H](O)[C@@H]1Cc3cccc(c3)CCCCCCC(=O)N1)CC1(CCC1)O2,Active
CCc1ccc2c(c1)[C@@H](NC[C@@H](O)[C@@H]1Cc3cccc(c3)CCCCCCCC(=O)N1)CC1(CCC1)O2,Moderate
CC(C)(C)Cc1cnc2c(c1)[C@@H](NC[C@@H](O)[C@@H]1Cc3cccc(c3)CCCCCCC(=O)N1)CC1(CCC1)O2,Active
CCc1ccc2c(c1)[C@@H](NC[C@@H](O)[C@@H]1Cc3cccc(c3)CCCCn3cc(ccc3=O)C(=O)N1)CC1(CCC1)O2,Active
CCc1ccc2c(c1)[C@@H](NC[C@@H](O)[C@@H]1Cc3cccc(c3)CCCCn3cc(cc(-c4ccccn4)c3=O)C(=O)N1)CC1(CCC1)O2,Active
CCc1ccc2c(c1)[C@@H](NC[C@@H](O)[C@@H]1Cc3cccc(c3)CCCCn3cc(cc(N4CCCC4)c3=O)C(=O)N1)CC1(CCC1)O2,Active
CC(C)(C)Cc1cnc2c(c1)[C@@H](NC[C@@H](O)[C@@H]1Cc3cccc(c3)CCCCn3cc(ccc3=O)C(=O)N1)CC1(CCC1)O2,Active
CC(C)(C)Cc1cnc2c(c1)[C@@H](NC[C@@H](O)[C@@H]1Cc3cccc(c3)CCCn3cc(ccc3=O)C(=O)N1)CC1(CCC1)O2,Active
O=C(N[C@@H](Cc1ccccc1)[C@H](O)CNCc1cccc(C(F)(F)F)c1)c1cc(N2CCCC2=O)c(=O)n(C2CCCC2)c1,Moderate
C=CCCC(=O)N[C@@H](Cc1cccc(CC=C)c1)[C@H](O)CN[C@H]1CC2(CCC2)Oc2ccc(CC)cc21,Moderate
C=CCCCC(=O)N[C@@H](Cc1cccc(CC=C)c1)[C@H](O)CN[C@H]1CC2(CCC2)Oc2ccc(CC)cc21,Moderate
CC(=O)N[C@@H](Cc1cc(F)cc(F)c1)[C@H](O)CN[C@H]1CCN(C)c2ccc(CC(C)(C)C)cc21,Moderate
CC(=O)N[C@@H](Cc1cc(F)cc(F)c1)[C@H](O)CN[C@H]1CCOc2ccc(CC(C)(C)C)cc21,Active
CC(=O)N[C@@H](Cc1cc(F)cc(F)c1)[C@H](O)CN[C@H]1COCc2ccc(CC(C)(C)C)cc21,Inactive
CCc1ccc2c(c1)[C@@H](NC[C@@H](O)[C@H](Cc1cc(F)cc(F)c1)NC(C)=O)CS(=O)(=O)C2,Moderate
CC(=O)N[C@@H](Cc1cc(F)cc(F)c1)[C@H](O)CN[C@H]1CS(=O)(=O)Cc2ccc(C(C)C)cc21,Moderate
CC(=O)N[C@@H](Cc1cc(F)cc(F)c1)[C@H](O)CN[C@H]1CS(=O)(=O)Cc2ccc(CC(C)(C)C)cc21,Active
CC(=O)N[C@@H](Cc1cc(F)cc(F)c1)[C@H](O)CN[C@H]1CCOc2ccc(CC(C)(C)F)cc21,Moderate
CC(=O)N[C@@H](Cc1cc(F)cc(F)c1)[C@H](O)CN[C@H]1CCOc2ccc(CC(C)(F)F)cc21,Moderate
CC(=O)N[C@@H](Cc1cc(F)cc(F)c1)[C@H](O)CN[C@H]1CCOc2ccc(CC(C)(C)C#N)cc21,Active
CC(=O)N[C@@H](Cc1cc(F)cc(F)c1)[C@H](O)CN[C@H]1CCOc2ccc(CC(C)(C)C(F)F)cc21,Moderate
CC(=O)N[C@@H](Cc1cc(F)cc(F)c1)[C@H](O)CN[C@H]1CCOc2ccc(OC(C)C)cc21,Moderate
CC(=O)N[C@@H](Cc1cc(F)cc(F)c1)[C@H](O)CN[C@H]1CCOc2ccc(OC3CCCC3)cc21,Moderate
CC(=O)N[C@@H](Cc1cc(F)cc(F)c1)[C@H](O)CN[C@H]1CCOc2ccc(OC3CCCO3)cc21,Moderate
CC(=O)N[C@@H](Cc1cc(F)cc(F)c1)[C@H](O)CN[C@H]1CCOc2ccc(OC3CCOC3)cc21,Moderate
CC(=O)N[C@@H](Cc1cc(F)cc(F)c1)[C@H](O)CN[C@H]1CC(C)(C)Oc2ccc(CC(C)(C)C)cc21,Active
CCC[C@@]1(C)C[C@H](NC[C@@H](O)[C@H](Cc2cc(F)cc(F)c2)NC(C)=O)c2cc(CC(C)(C)C)ccc2O1,Active
CCC[C@]1(C)C[C@H](NC[C@@H](O)[C@H](Cc2cc(F)cc(F)c2)NC(C)=O)c2cc(CC(C)(C)C)ccc2O1,Active
COC[C@@]1(C)C[C@H](NC[C@@H](O)[C@H](Cc2cc(F)cc(F)c2)NC(C)=O)c2cc(CC(C)(C)C)ccc2O1,Active
CC(=O)N[C@@H](Cc1cc(F)cc(F)c1)[C@H](O)CN[C@H]1CC2(COC2)Oc2ccc(CC(C)(C)C)cc21,Inactive
CC(=O)N[C@@H](Cc1cc(F)cc(F)c1)[C@H](O)CN[C@H]1CC2(CC2)Oc2ccc(CC(C)(C)C)cc21,Active
CC(=O)N[C@@H](Cc1cc(F)cc(F)c1)[C@H](O)CN[C@H]1CC(C)(C)Oc2ccc(CC(C)(F)F)cc21,Active
CC(=O)N[C@@H](Cc1cc(F)cc(F)c1)[C@H](O)CN[C@H]1CC(C)(C)Oc2ccc(CC(C)(C)C#N)cc21,Active
CC(=O)N[C@@H](Cc1cc(F)cc(F)c1)[C@H](O)CN[C@H]1CC(C)(C)Oc2ccc(OC(F)(F)F)cc21,Active
CC(=O)N[C@@H](Cc1cc(F)cc(F)c1)[C@H](O)CN[C@H]1CC(C)(C)Oc2ccc(OC(C)(C)C)cc21,Moderate
CC(=O)N[C@@H](Cc1cc(F)cc(F)c1)[C@H](O)CN[C@H]1CCCc2ccc(CC(C)(C)C)cc21,Active
CC(=O)N[C@@H](Cc1cc(F)cc(F)c1)[C@H](O)CN[C@H]1CCCc2ccc(Cc3ccccc3)cc21,Moderate
CCc1ccc2c(c1)[C@@H](NC[C@@H](O)[C@H](Cc1cc(F)cc(F)c1)NC(C)=O)CCC2,Moderate
CCCCc1ccc2c(c1)[C@@H](NC[C@@H](O)[C@H](Cc1cc(F)cc(F)c1)NC(C)=O)CCC2,Moderate
CC(=O)N[C@@H](Cc1cc(F)cc(F)c1)[C@H](O)CN[C@H]1CCCc2ccc(CC(C)C)cc21,Active
CC(=O)N[C@@H](Cc1cc(F)cc(F)c1)[C@H](O)CN[C@H]1CCCc2ccc(C(C)(C)C)cc21,Moderate
CC1(C)Cc2ccc(-c3cncnc3)cc2C12C=C(F)C(N)=N2,Moderate
CC#Cc1cncc(-c2ccc3c(c2)C2(C=C(F)C(N)=N2)[C@]2(CC[C@@H](OC)CC2)C3)c1,Active
CC#Cc1cncc(-c2ccc3c(c2)C2(C=C(F)C(N)=N2)[C@]2(CC[C@H](OC)CC2)C3)c1,Active
CO[C@H]1CC[C@]2(CC1)Cc1ccc(-c3cncnc3)cc1C21C=C(F)C(N)=N1,Active
CC(C)C[C@H](NC(=O)[C@@H](N)CCC(=O)O)C(=O)N[C@@H](CC(=O)O)C(=O)N[C@@H](CC(C)C)P(=O)(O)CC(C)C(=O)N[C@H](C(=O)N[C@@H](CCC(=O)O)C(=O)N[C@@H](Cc1ccccc1)C(=O)O)C(C)C,Active
CC(C)CC(NC(=O)[C@H](CC(=O)O)NC(=O)[C@H](CC(C)C)NC(=O)[C@@H](N)CCC(=O)O)P(=O)(O)CC(C)C(=O)N[C@H](C(=O)N[C@@H](CCC(=O)O)C(=O)N[C@@H](Cc1ccccc1)C(=O)O)C(C)C,Moderate
[2H]C([2H])(N[C@H]1C[S@+]([O-])C[C@@H](Cc2cc(F)c(N)c(O[C@H](COC)C(F)(F)F)c2)[C@@H]1O)c1cccc(C(C)C)c1,Active
COC[C@@H](Oc1cc(C[C@@H]2C[S@@+]([O-])C[C@H](N[C@H](C)c3cccc(C(C)(C)C)c3)[C@H]2O)cc(F)c1N)C(F)(F)F,Active
COC[C@@H](Oc1cc(C[C@@H]2C[S@@+]([O-])C[C@H](NCc3cc(C(C)(C)C)ccc3F)[C@H]2O)cc(F)c1N)C(F)(F)F,Active
COC[C@@H](Oc1cc(C[C@@H]2C[S@@+]([O-])C[C@H](NCc3cccc(C(C)(C)CO)c3)[C@H]2O)cc(F)c1N)C(F)(F)F,Active
COC[C@@H](Oc1cc(C[C@@H]2C[S@@+]([O-])C[C@H](NCc3cccc(C(C)(C)O)c3)[C@H]2O)cc(F)c1N)C(F)(F)F,Active
COC[C@@H](Oc1cc(C[C@@H]2C[S@@+]([O-])C[C@H](NCc3cccc(OC(C)C)c3)[C@H]2O)cc(F)c1N)C(F)(F)F,Active
COC[C@@H](Oc1cc(C[C@@H]2C[S@@+]([O-])C[C@H](NCc3cccc(OC(F)(F)F)c3)[C@H]2O)cc(F)c1N)C(F)(F)F,Moderate
COC[C@@H](Oc1cc(C[C@@H]2C[S@@+]([O-])C[C@H](NCc3cnn(CC(C)(C)C)c3)[C@H]2O)cc(F)c1N)C(F)(F)F,Active
COC[C@@H](Oc1cc(C[C@@H]2C[S@@+]([O-])C[C@H](NCc3cc(CC(C)(C)C)on3)[C@H]2O)cc(F)c1N)C(F)(F)F,Moderate
COC[C@@H](Oc1cc(C[C@@H]2C[S@@+]([O-])C[C@H](NCc3cc(C(C)(C)C)ccn3)[C@H]2O)cc(F)c1N)C(F)(F)F,Moderate
CC(C)(C)c1cccc(CN[C@H]2C[S@+]([O-])C[C@@H](Cc3cc(F)c(N)c(OC(C(F)(F)F)C(F)(F)F)c3)[C@@H]2O)c1,Active
CC(C)(C)c1cccc(CN[C@H]2C[S@@+]([O-])C[C@@H](Cc3cc(F)c(N)c(OC(C(F)(F)F)C(F)(F)F)c3)[C@@H]2O)c1,Moderate
COc1cc(C[C@@H]2C[S@@+]([O-])C[C@H](NCc3cccc(C(C)(C)C)c3)[C@H]2O)cc(F)c1N,Active
CC(C)(C)c1cccc(CN[C@H]2C[S@+]([O-])C[C@@H](Cc3cc(F)c(N)c(OCC(F)(F)F)c3)[C@@H]2O)c1,Active
COC[C@@H](Oc1cc(C[C@@H]2C[S@@+]([O-])C[C@H](NCc3cccc(C(C)(C)C)c3)[C@H]2O)cc(F)c1N)C(F)(F)F,Active
CC(C)(C)c1cccc(CN[C@H]2C[S@+]([O-])C[C@@H](Cc3cc(F)c(N)c(O[C@H](CO)C(F)(F)F)c3)[C@@H]2O)c1,Active
CC(C)(C)c1cccc(CN[C@H]2C[S@+]([O-])C[C@@H](Cc3cc(O)c(N)c(F)c3)[C@@H]2O)c1,Moderate
[2H]C([2H])(N[C@H]1C[S@+]([O-])C[C@@H](Cc2cc(F)c(N)c(O[C@H](COC)C(F)(F)F)c2)[C@@H]1O)c1cccc(C(C)(C)C)c1,Active
COC[C@@H](Oc1cc(C[C@@H]2C[S@@+]([O-])C[C@H](NCc3cccc(C(C)C)c3)[C@H]2O)cc(F)c1N)C(F)(F)F,Active
C=C(C)[C@H](CC=C(C)C)Cc1c(O)cc(O)c2c1O[C@H](c1ccc(O)cc1O)CC2=O,Moderate
CC(=O)Nc1cccc(-c2cccc([C@@H]3C[C@H]3[C@]3(C)CC(=O)N(C)C(N)=N3)c2)c1.O=C(O)C(F)(F)F,Inactive
CN1C(=O)C[C@@](C)(CCc2cccc(-c3ccccc3)c2)N=C1N.O=C(O)C(F)(F)F,Moderate
COc1cccc(-c2cccc(CC[C@]3(C)CC(=O)N(C)C(N)=N3)c2)c1.O=C(O)C(F)(F)F,Moderate
CN1C(=O)C[C@@](C)([C@@H]2C[C@H]2c2cccc(CCc3ccccc3)c2)N=C1N.O=C(O)C(F)(F)F,Moderate
CN1C(=O)C[C@@](C)([C@@H]2C[C@H]2c2cccc(/C=C/c3ccccc3)c2)N=C1N.O=C(O)C(F)(F)F,Moderate
CN1C(=O)C[C@@](C)([C@@H]2C[C@H]2c2cccc(-c3ccsc3)c2)N=C1N.O=C(O)C(F)(F)F,Moderate
CN1C(=O)C[C@@](C)([C@@H]2C[C@H]2c2cccc(-c3cccnc3)c2)N=C1N.O=C(O)C(F)(F)F,Inactive
CN1C(=O)C[C@@](C)([C@@H]2C[C@H]2c2cccc(-c3cccc(CO)c3)c2)N=C1N.O=C(O)C(F)(F)F,Inactive
CN1C(=O)C[C@@](C)([C@@H]2C[C@H]2c2cccc(-c3cccs3)c2)N=C1N.O=C(O)C(F)(F)F,Moderate
CN1C(=O)C[C@@](C)([C@@H]2C[C@H]2c2cccc(-c3ccccc3)c2)N=C1N.O=C(O)C(F)(F)F,Moderate
COc1ccccc1-c1cccc([C@@H]2C[C@H]2[C@]2(C)CC(=O)N(C)C(N)=N2)c1.O=C(O)C(F)(F)F,Moderate
COc1cccc(-c2cccc([C@@H]3C[C@H]3[C@]3(C)CC(=O)N(C)C(N)=N3)c2)c1.O=C(O)C(F)(F)F,Moderate
COc1ccc(-c2cccc([C@@H]3C[C@H]3[C@]3(C)CC(=O)N(C)C(N)=N3)c2)cc1.O=C(O)C(F)(F)F,Inactive
CCCOc1cccc(-c2cccc([C@@H]3C[C@H]3[C@]3(C)CC(=O)N(C)C(N)=N3)c2)c1.O=C(O)C(F)(F)F,Moderate
CN1C(=O)C[C@@](C)(CCc2ccccc2)N=C1N.O=C(O)C(F)(F)F,Inactive
CN1C(=O)C[C@@](C)([C@@H]2C[C@H]2c2ccccc2)N=C1N.O=C(O)C(F)(F)F,Inactive
C=C(C)C(CC=C(C)C)Cc1c(O)cc(OC)c2c1O[C@H](c1ccc(O)cc1O)CC2=O,Moderate
CC1=C(C(=O)Nc2nc(C)cs2)C(c2ccccc2[N+](=O)[O-])C(C(=O)Nc2nc(C)cs2)=C(C)N1,Moderate
C[C@@H](NC(=O)c1cc(C(=O)N[C@@H](Cc2ccccc2)[C@@H](O)C(=O)Nc2nnc(Br)s2)cc(N(C)S(C)(=O)=O)c1)c1ccccc1,Active
CC(C)C[C@H](NC(=O)[C@H](CC(N)=O)NC(=O)[C@@H](NC(=O)[C@@H](N)CCC(=O)O)C(C)C)C(=O)N[C@@H](C)CN[C@@H](C)C(=O)N[C@@H](CCC(=O)O)C(=O)N[C@@H](Cc1ccccc1)C(=O)O,Active
CC1=C(C(=O)Nc2nc(C)cs2)C(c2ccco2)C(C(=O)Nc2nc(C)cs2)=C(C)N1,Moderate
CC1=C(C(=O)Nc2nc(C)cs2)C(c2ccc([N+](=O)[O-])cc2)C(C(=O)Nc2nc(C)cs2)=C(C)N1,Moderate
CC1=C(C(=O)Nc2nc3ccccc3s2)C(c2ccccc2[N+](=O)[O-])C(C(=O)Nc2nc3ccccc3s2)=C(C)N1,Moderate
CN(C(=O)CCN1Cc2cc(C(=O)c3ccccc3)ccc2N=C1N)C1CCCCC1,Moderate
CN(C(=O)c1cccc(CN2Cc3cc(Oc4ccccc4)ccc3N=C2N)c1)C1CCCCC1,Moderate
CN(C(=O)CC[C@@H](C1CCCCC1)N1Cc2cc(Oc3ccccc3)ccc2N=C1N)C1CCCCC1,Active
CCN(Cc1ccccc1)Cc1ccc(-c2cc3cc(OC)c(OC)cc3oc2=O)cc1,Moderate
CCCC[C@H](N)[C@H](Cc1cc(F)cc(F)c1)NC(=O)c1cc(NCC2CC2C)nc(N(C)S(C)(=O)=O)c1,Active
CCCC[C@H](N)[C@H](Cc1ccccc1)NC(=O)c1cc(NCC2CC2C)nc(N(C)S(C)(=O)=O)c1,Active
CC1CC1CNc1cc(C(=O)N[C@@H](Cc2ccccc2)[C@@H](N)CCC(F)(F)F)cc(N(C)S(C)(=O)=O)n1,Active
CCCC[C@H](O)[C@H](Cc1cc(F)cc(F)c1)NC(=O)c1cc(NCC2CC2C)nc(N(C)S(C)(=O)=O)c1,Active
CC1CC1CNc1cc(C(=O)N[C@@H](Cc2ccsc2)[C@H](C)N)cc(N(C)S(C)(=O)=O)n1,Active
CCCC[C@H](N)[C@H](Cc1ccccc1)NC(=O)c1cc(N(C)C[C@H]2C[C@@H]2C)nc(N(CCC)S(C)(=O)=O)c1,Active
CCCC[C@H](N)[C@H](Cc1ccccc1)NC(=O)c1cc(N(C)C[C@H]2C[C@@H]2C)nc(N(C)S(C)(=O)=O)c1,Moderate
COC[C@H](N)[C@H](Cc1ccccc1)NC(=O)c1cc(N(C)C[C@H]2C[C@@H]2C)nc(N(C)S(C)(=O)=O)c1,Active
CCOC[C@H](N)[C@H](Cc1ccccc1)NC(=O)c1cc(N(C)C[C@H]2C[C@@H]2C)nc(N(C)S(=O)(=O)C(C)C)c1,Active
CCCN(c1cc2cc(c1)C(=O)N[C@@H](c1ccccc1)CCc1cccc(c1)C[C@@](C)(N)COC2)S(C)(=O)=O,Active
C#C[C@H]1CCc2cccc(c2)C[C@@](C)(N)COCc2cc(cc(N(CCC)S(C)(=O)=O)c2)C(=O)N1,Active
C[C@]1(N)COCc2cc(cc(N(c3ccccc3)S(C)(=O)=O)c2)C(=O)N[C@@H](c2ccccc2)CCc2cccc(c2)C1,Active
CCN(Cc1ccccc1)Cc1ccc(-c2cc3cc(OCCNC(=O)CCc4ccc(F)c(F)c4)ccc3oc2=O)cc1,Moderate
O=C(/C=C/c1ccc(O)c(O)c1)O[C@@H]1[C@H](O)C[C@@](O)(C(=O)O)C[C@H]1OC(=O)/C=C/c1ccc(O)c(O)c1,Moderate
CN(c1cc2cc(c1)C(=O)N[C@@H](c1ccccc1)CCc1cccc(c1)C[C@@](C)(N)COC2)S(C)(=O)=O,Active
C[C@@]1(N)Cc2cccc(c2)CC[C@H](c2ccccc2)NC(=O)c2cc(cc(N(c3ccccc3)S(C)(=O)=O)c2)COC1=O,Active
CCCN(c1cc2cc(c1)C(=O)N[C@@H](C(C)C)CCc1cccc(c1)C[C@@](C)(N)COC2)S(C)(=O)=O,Moderate
CN(c1cc2cc(c1)C(=O)N[C@@H](c1ccccc1)CCc1cccc(c1)C[C@@](C)(N)C(=O)OC2)S(=O)(=O)C(F)(F)F,Active
C[C@@]1(N)Cc2cccc(c2)CC[C@H](c2ccccc2)NC(=O)c2cc(Br)cc(c2)COC1=O,Moderate
C[C@@]1(N)Cc2cccc(c2)CC[C@H](c2ccccc2)NC(=O)c2cc(cc(-c3ncco3)c2)COC1=O,Moderate
C[C@@]1(N)Cc2cc(F)cc(c2)CC[C@H](c2ccc(F)cc2)NC(=O)c2cc(cc(-c3ccccc3C#N)c2)COC1=O,Moderate
C[C@@]1(N)Cc2ccc(F)c(c2)CC[C@H](c2ccc(F)cc2)NC(=O)c2cc(cc(-c3ccccc3C#N)c2)COC1=O,Active
CC(C)S(=O)(=O)N(C)c1cc2cc(c1)C(=O)N[C@@H](c1ccccc1)CCc1cccc(c1)C[C@@](C)(N)COC2,Moderate
N=C(N)NC(=O)Cn1c(-c2ccc(F)cc2)ccc1-c1cc(Cl)ccc1Cl,Moderate
CCNc1cc(C(=O)N[C@@H](Cc2ccccc2)[C@H](O)CN[C@@H](C)C(=O)NC2CCCCC2)cc(N2CCCC2=O)c1,Moderate
CC(=O)c1ccccc1-c1cc(C(=O)N[C@@H](Cc2ccccc2)[C@H](O)CN[C@H](C)c2ccccc2)cc(C(=O)N[C@H](C)c2ccccc2)c1,Moderate
N=C(N)NC(=O)Cn1c(-c2ccccc2)ccc1-c1ccc(NC(=O)c2ccc(Cl)cc2Cl)cc1,Moderate
CC(=O)c1ccc(Oc2ccc(-c3ccc(-c4ccc(C(F)(F)F)cc4)n3CC(=O)NC(=N)N)cc2)cc1,Moderate
N=C(N)NC(=O)Cn1c(-c2ccc(F)cc2)ccc1-c1ccc(Oc2ccccc2)cc1,Moderate
CC(=O)c1ccc(Oc2ccc(-c3ccc(-c4ccc(F)cc4)n3CC(=O)NC(=N)N)cc2)cc1,Moderate
CCNc1cc(C(=O)N[C@@H](Cc2ccccc2)[C@H](O)CNC2CCCCC2)cc(N2CCCC2=O)c1,Moderate
CCNc1cc(C(=O)N[C@@H](Cc2ccccc2)[C@H](O)CNC2CCSCC2)cc(N2CCCC2=O)c1,Moderate
N=C(N)NC(=O)Cn1c(-c2ccccc2)ccc1-c1ccc(NC(=O)c2cccc(Br)c2)cc1,Moderate
COc1cccc(C(=O)Nc2ccc(-c3ccc(-c4ccccc4)n3CC(=O)NC(=N)N)cc2)c1,Moderate
N=C(N)NC(=O)Cn1c(-c2ccccc2)ccc1-c1ccc(NC(=O)c2ccc(Br)cc2)cc1,Moderate
COc1ccccc1-c1ccc(-c2ccc(Oc3ccccc3)cc2)n1CC(=O)NC(=N)N,Moderate
COc1ccccc1-c1ccc(-c2ccc(Oc3ccc(C(C)=O)cc3)cc2)n1CC(=O)NC(=N)N,Moderate
CCNc1cc(C(=O)N[C@@H](Cc2ccccc2)[C@H](O)CNCC2CCCCC2)cc(N2CCCC2=O)c1,Moderate
CCNc1cc(C(=O)N[C@@H](Cc2ccccc2)[C@H](O)CNC(C)CCCC(C)C)cc(N2CCCC2=O)c1,Active
CC(C)NC(=O)[C@@H](NC[C@@H](O)[C@H](Cc1ccccc1)NC(=O)c1cc(C(=O)N[C@H](C)c2ccccc2)cc(N(C)S(C)(=O)=O)c1)C(C)C,Moderate
CC(=O)c1ccccc1-c1cc(C(=O)N[C@H](CO)Cc2ccccc2)cc(C(=O)N[C@H](C)c2ccccc2)c1,Moderate
CCNc1cc(C(=O)N[C@@H](Cc2ccccc2)[C@H](O)CNC(C)(C)CCCC(C)C)cc(N2CCCC2=O)c1,Moderate
CCCCCC(C)(C)NC[C@@H](O)[C@H](Cc1ccccc1)NC(=O)c1cc(NCC)cc(N2CCCC2=O)c1,Moderate
CCNc1cc(C(=O)N[C@@H](Cc2ccccc2)[C@H](O)CN[C@@H]2CCc3ccccc32)cc(N2CCCC2=O)c1,Inactive
COc1cccc(CNC[C@@H](O)[C@H](Cc2ccccc2)NC(=O)CCCS(=O)(=O)c2ccccc2)c1,Moderate
N=C(N)NC(=O)Cn1c(-c2ccc(F)cc2)ccc1-c1ccccc1Cl,Moderate
CCNc1cc(C(=O)N[C@@H](Cc2ccccc2)[C@H](O)CNC(C)(C)COCC(C)C)cc(N2CCCC2=O)c1,Moderate
CCNc1cc(C(=O)N[C@@H](Cc2ccccc2)[C@H](O)CNCc2cccc(OC)c2)cc(N2CCCC2=O)c1,Active
CCCC(C)S(=O)(=O)CCC(=O)N[C@@H](Cc1ccccc1)[C@H](O)CNCc1cccc(OC)c1,Moderate
COc1cccc(CNC[C@@H](O)[C@H](Cc2ccccc2)NC(=O)CCCS(=O)(=O)N2CCCCC2)c1,Moderate
CCNc1cc(C(=O)N[C@@H](Cc2ccccc2)[C@H](O)CNCc2ccccc2)cc(N2CCCC2=O)c1,Moderate
CCNc1cc(C(=O)N[C@@H](Cc2ccccc2)[C@H](O)CNc2ccccc2)cc(N2CCCC2=O)c1,Moderate
COc1cccc(CNC[C@@H](O)[C@H](Cc2ccccc2)NC(=O)[C@H](CS(C)(=O)=O)NC(=O)OCc2nc(C)oc2C)c1,Inactive
COc1cccc(CNC[C@@H](O)[C@H](Cc2ccccc2)NC(=O)CCS(=O)(=O)N2CCCCC2)c1,Moderate
CCCN(CCC)S(=O)(=O)CCC(=O)N[C@@H](Cc1ccccc1)[C@H](O)CNCc1cccc(OC)c1,Moderate
CCCN(CCC)S(=O)(=O)CCCC(=O)N[C@@H](Cc1ccccc1)[C@H](O)CNCc1cccc(OC)c1,Moderate
N=C(N)NC(=O)Cn1c(-c2ccc(Oc3ccccc3)cc2)ccc1-c1cccc(F)c1,Moderate
CCNc1cc(C(=O)N[C@@H](Cc2ccccc2)[C@H](O)CN[C@H]2CCc3ccccc32)cc(N2CCCC2=O)c1,Moderate
CC(C)NC[C@@H](O)[C@H](Cc1ccccc1)NC(=O)c1cc(C(=O)N[C@H](C)c2ccccc2)cc(N(C)S(C)(=O)=O)c1,Moderate
CCCCN(CCCC)S(=O)(=O)CCC(=O)N[C@@H](Cc1ccccc1)[C@H](O)CNCc1cccc(OC)c1,Moderate
CCOc1ccc(-c2ccc(-c3ccccc3)n2CC(=O)NC(=N)N)cc1,Moderate
CC(=O)c1ccc(Oc2ccc(-c3ccc(-c4ccccc4Cl)n3CC(=O)NC(=N)N)cc2)cc1,Moderate
CC(=O)c1ccc(Oc2ccc(-c3ccc(-c4cccc(F)c4)n3CC(=O)NC(=N)N)cc2)cc1,Moderate
CCCCOc1ccc(-c2ccc(-c3ccccc3)n2CC(=O)NC(=N)N)cc1,Moderate
N#Cc1ccc(COc2ccc(-c3ccc(-c4ccccc4)n3CC(=O)NC(=N)N)cc2)cc1,Moderate
N=C(N)NC(=O)Cn1c(-c2ccc(Oc3ccccc3)cc2)ccc1-c1cccc(Cl)c1,Moderate
CC(=O)c1ccccc1-c1cc(C(=O)N[C@@H](Cc2ccccc2)[C@H](O)CNC(C)C)cc(C(=O)N[C@H](C)c2ccccc2)c1,Moderate
CCNc1cc(C(=O)N[C@@H](Cc2ccccc2)[C@H](O)CNCc2cccc(C(F)(F)F)c2)c(F)c(N2CCCCS2(=O)=O)c1,Active
CCNc1cc(C(=O)N[C@@H](Cc2ccccc2)[C@H](O)CNCc2cccc(Cl)c2)cc(N2CCCC2=O)c1,Active
C=CCNC[C@@H](O)[C@H](Cc1ccccc1)NC(=O)c1cc(C(=O)N[C@H](C)c2ccccc2)cc(-c2ccccc2C(C)=O)c1,Moderate
CCCC(CCC)S(=O)(=O)CC(NC(=O)OCc1ccccc1)C(=O)N[C@@H](Cc1ccccc1)[C@H](O)CNCc1cccc(OC)c1,Moderate
N=C(N)NC(=O)Cn1c(-c2ccccc2)ccc1-c1ccc(Oc2ccccc2)cc1,Moderate
O=C(N[C@@H](Cc1ccccc1)[C@H](O)C(=O)Nc1cccc(-c2nn[nH]n2)c1)c1cc(=O)cc(C(=O)N2COC[C@@H]2c2ccccc2)[nH]1,Moderate
CCOc1cc(C(=O)N[C@@H](Cc2ccccc2)[C@H](O)CNCc2cccc(C(F)(F)F)c2)cc(-c2ccccc2C#N)c1,Moderate
CCOc1cc(C(=O)N[C@@H](Cc2ccccc2)[C@H](O)CNCc2cccc(C(F)(F)F)c2)cc(N2CCCCS2(=O)=O)c1,Active
C[C@@H](NC(=O)c1cc(C(=O)N[C@@H](Cc2ccccc2)[C@H](O)CNCc2ccc3cc[nH]c3c2)cc(N(C)S(C)(=O)=O)c1)c1ccccc1,Moderate
C[C@@H](NC(=O)c1cc(C(=O)N[C@@H](Cc2ccccc2)[C@H](O)CNCc2ccc3ccn(S(C)(=O)=O)c3c2)cc(N(C)S(C)(=O)=O)c1)c1ccccc1,Active
COc1cccc(CNC[C@@H](O)[C@H](CC(C)C)NC(=O)c2cc(C(=O)N[C@H](C)c3ccccc3)cc(N(C)S(C)(=O)=O)c2)c1,Moderate
COc1ccc(-c2ccc(-c3ccc(Oc4ccccc4)cc3)n2CC(=O)NC(=N)N)cc1,Moderate
COc1ccc(-c2ccc(-c3ccc(Oc4ccc(C(C)=O)cc4)cc3)n2CC(=O)NC(=N)N)cc1,Moderate
CCNc1cc(C(=O)N[C@@H](Cc2ccccc2)[C@H](O)CNCc2ccccc2)cc(N2CCCCS2(=O)=O)c1,Moderate
CCNc1cc(C(=O)N[C@@H](Cc2ccccc2)[C@H](O)CN[C@H]2CCc3ccccc32)cc(N2CCCCS2(=O)=O)c1,Moderate
COc1cccc(-c2ccc(-c3ccc(Oc4ccccc4)cc3)n2CC(=O)NC(=N)N)c1,Moderate
COc1cccc(-c2ccc(-c3ccc(Oc4ccc(C(C)=O)cc4)cc3)n2CC(=O)NC(=N)N)c1,Moderate
CCNc1cc(C(=O)N[C@@H](Cc2ccccc2)[C@H](O)CNCc2cccc(OC)n2)cc(N2CCCC2=O)c1,Moderate
CCNc1cc(C(=O)N[C@@H](Cc2ccco2)[C@H](O)CNCc2cccc(OC)c2)cc(N2CCCCS2(=O)=O)c1,Moderate
CCNc1cc(C(=O)N[C@@H](C(C)C)[C@H](O)CNCc2cccc(OC)c2)cc(N2CCCCS2(=O)=O)c1,Moderate
CCNc1cc(C(=O)N[C@@H](Cc2ccccc2)[C@H](O)CNCc2cnn(CC)c2)c(F)c(N2CCCCS2(=O)=O)c1,Active
CCCN(CCC)C(=O)c1cccc(C(=O)N[C@@H](Cc2ccccc2)[C@H](O)CNCc2cccc(I)c2)c1,Moderate
Cc1cccc(C(=O)N[C@@H](Cc2cc(F)cc(F)c2)[C@H](O)CNCc2cccc(I)c2)c1,Moderate
CC(=O)c1ccccc1-c1cc(C(=O)N[C@@H](Cc2ccccc2)[C@H](O)CNC2CCC2)cc(C(=O)N[C@H](C)c2ccccc2)c1,Moderate
CC(=O)c1ccccc1-c1cc(C(=O)N[C@@H](Cc2ccccc2)[C@H](O)CNCc2ccccc2)cc(C(=O)N[C@H](C)c2ccccc2)c1,Moderate
Cc1nc(COC(=O)N[C@@H](CS(C)(=O)=O)C(=O)N[C@@H](CC(C)C)[C@@H](O)C[C@@H](C)C(=O)N[C@H](C(=O)NC(C)(C)C)C(C)C)c(C)o1,Active
N=C(N)NC(=O)Cn1c(-c2ccc(Oc3ccccc3)cc2)ccc1-c1csc2ccccc12,Moderate
C[C@H](NC[C@@H](O)[C@H](Cc1ccccc1)NC(=O)c1cc(N2CCCC2)cc(N2CCCC2=O)c1)C(=O)NC1CCCCC1,Moderate
CCCN(CCC)C(=O)c1cc(C)cc(C(=O)N[C@@H](Cc2cc(F)cc(F)c2)[C@H](O)[C@H]2C[C@@H](Cc3ccccc3)CCN2)c1,Active
COCCCN1C[C@@H](C(=O)N[C@@H](Cc2cc(F)cc(F)c2)[C@H](O)[C@H]2C[C@@H](OCc3ccccc3)CN2)CC1=O,Moderate
CCCN(CCC)C(=O)c1cc(C)cc(C(=O)N[C@@H](Cc2cc(F)cc(F)c2)[C@H](O)[C@H]2C[C@@H](OC)CN2)c1,Moderate
CCCCCN1C[C@@H](C(=O)N[C@@H](Cc2cc(F)cc(F)c2)[C@H](O)[C@H]2C[C@@H](OCc3ccccc3)CN2)[C@H](Cc2ccccc2)C1=O,Moderate
COc1cc(O)c2c(=O)cc(-c3ccc(O)c(-c4c(O)cc(O)c5c(=O)cc(-c6ccc(O)cc6)oc45)c3)oc2c1,Moderate
CCCC(CCC)N1C[C@@H](C(=O)N[C@@H](Cc2cc(F)cc(F)c2)[C@H](O)[C@H]2C[C@@H](OCc3ccccc3)CN2)CC1=O,Active
O=C(N[C@@H](Cc1cc(F)cc(F)c1)[C@H](O)[C@H]1C[C@@H](OCc2ccccc2)CN1)[C@H]1CC(=O)N(Cc2ccccc2F)C1,Moderate
CCc1cc(CCN)ccc1O,Inactive
CC(C)[C@H](NC(=O)[C@@H](N)CNC(=O)c1[nH]c(=O)[nH]c(=O)c1F)C(=O)N[C@@H](CC1CCCCC1)C(=O)N[C@@H](Cc1ccccc1)[C@@H](O)C(=O)Nc1cccc(-c2nn[nH]n2)c1,Active
CC(C)CNc1cc(C(=O)N[C@@H](Cc2ccccc2)[C@H](O)CN[C@@H](C)C(=O)NC2CCCCC2)cc(N2CCCC2=O)c1,Moderate
CC(C)Oc1cc(C(=O)N[C@@H](Cc2ccccc2)[C@H](O)CN[C@@H](C)C(=O)NC2CCCCC2)cc(N2CCCC2=O)c1,Moderate
CCCOc1ccc(-c2ccc(-c3ccccc3Cl)n2CC(=O)/N=C(/N)NCCCC(N)=O)cc1,Moderate
C[C@@H](O)CN/C(N)=N\C(=O)Cn1c(-c2ccccc2)ccc1C12CC3CC(CC(C3)C1)C2,Moderate
CCCN(CCC)C(=O)c1cc(C)cc(C(=O)N[C@@H](Cc2cc(F)cc(F)c2)[C@H](O)[C@H]2C[C@@H](OCCN(C)C)CCN2)c1,Moderate
CCCCCOc1cc(C(=O)N[C@@H](Cc2ccccc2)[C@H](O)CN[C@@H](C)C(=O)NC2CCCCC2)cc(N2CCCC2=O)c1,Active
CCCN(CCC)C(=O)c1cc(C)cc(C(=O)N[C@@H](Cc2cc(F)cc(F)c2)[C@H](O)[C@H]2CCCN2)c1,Moderate
CCCN(CCC)C(=O)c1cc(C)cc(C(=O)N[C@@H](Cc2cc(F)cc(F)c2)[C@H](O)[C@H]2C[C@@H](OC(C)=O)CCN2)c1,Moderate
CCCCCN1C[C@@H](C(=O)N[C@@H](Cc2cc(F)cc(F)c2)[C@H](O)[C@H]2C[C@@H](OCc3ccccc3)CN2)[C@H](CC(C)C)C1=O,Moderate
N/C(=N/C(=O)Cn1c(-c2ccccc2)ccc1C12CC3CC(CC(C3)C1)C2)NCCCn1ccnc1,Moderate
CCCN(CCC)C(=O)c1cc(C)cc(C(=O)N[C@@H](Cc2cc(F)cc(F)c2)[C@H](O)[C@H]2C[C@@H](CCc3ccccc3)CCN2)c1,Moderate
CCCN(CCC)C(=O)c1cc(C)cc(C(=O)N[C@@H](Cc2cc(F)cc(F)c2)[C@H](O)[C@H]2C[C@@H](CC3CCCCC3)CCN2)c1,Moderate
CCCN(CCC)C(=O)c1cc(C)cc(C(=O)N[C@@H](Cc2cc(F)cc(F)c2)[C@H](O)[C@H]2C[C@@H](C3CCCCC3)CCN2)c1,Moderate
N/C(=N/C(=O)Cn1c(-c2ccccc2)ccc1C12CC3CC(CC(C3)C1)C2)NCc1cccc(N)c1,Moderate
CCCN(CCC)C(=O)c1cc(C)cc(C(=O)N[C@@H](Cc2cc(F)cc(F)c2)[C@H](O)[C@H]2C[C@@H](OCC)CCN2)c1,Active
CCCCN1C[C@@H](C(=O)N[C@@H](Cc2cc(F)cc(F)c2)[C@H](O)[C@H]2C[C@@H](OCc3ccccc3)CN2)[C@H](CC)C1=O,Moderate
CC(C)C[C@H](NC(=O)[C@@H](NC(=O)[C@@H](N)CNC(=O)c1nn[nH]n1)C(C)C)C(=O)N[C@@H](Cc1ccccc1)[C@@H](O)C(=O)Nc1cc(Cl)cc(Cl)c1,Active
CCCN(CCC)C(=O)c1cc(C)cc(C(=O)N[C@@H](Cc2cc(F)cc(F)c2)[C@H](O)[C@H]2C[C@@H](OCCOC)CCN2)c1,Active
CCCN(CCC)C(=O)c1cc(C)cc(C(=O)N[C@@H](Cc2cc(F)cc(F)c2)[C@H](O)[C@H]2C[C@@H](Cc3ccccc3OC)CCN2)c1,Moderate
CCCc1cc(C(=O)N[C@@H](Cc2ccccc2)[C@H](O)CN[C@@H](C)C(=O)NC2CCCCC2)cc(N2CCCC2=O)c1,Moderate
CCCN(CCC)C(=O)c1cc(C)cc(C(=O)N[C@@H](Cc2cc(F)cc(F)c2)[C@H](O)[C@H]2C[C@@H](Cc3cccc(OC)c3)CCN2)c1,Moderate
CCOc1cc(C(=O)N[C@@H](Cc2ccccc2)[C@H](O)CN[C@@H](C)C(=O)NC2CCCCC2)cc(N2CCCC2=O)c1,Moderate
CCC[C@H]1CCN[C@@H]([C@@H](O)[C@H](Cc2cc(F)cc(F)c2)NC(=O)c2cc(C)cc(C(=O)N(CCC)CCC)c2)C1,Moderate
COc1cc(C(=O)N[C@@H](Cc2ccccc2)[C@H](O)CN[C@@H](C)C(=O)NC2CCCCC2)cc(N2CCCC2=O)c1,Moderate
C[C@H](O)CN/C(N)=N\C(=O)Cn1c(-c2ccccc2)ccc1C12CC3CC(CC(C3)C1)C2,Moderate
CC(C)N1C[C@@H](C(=O)N[C@@H](Cc2cc(F)cc(F)c2)[C@H](O)[C@H]2C[C@@H](OCc3ccccc3)CN2)CC1=O,Moderate
CCCN1C[C@@H](C(=O)N[C@@H](Cc2cc(F)cc(F)c2)[C@H](O)[C@H]2C[C@@H](OCc3ccccc3)CN2)CC1=O,Moderate
N/C(=N/C(=O)Cn1c(-c2ccccc2)ccc1C12CC3CC(CC(C3)C1)C2)NCCO,Moderate
N#CCCN/C(N)=N\C(=O)Cn1c(-c2ccccc2)ccc1C12CC3CC(CC(C3)C1)C2,Moderate
CN(C)c1cccc(CNC[C@@H](O)[C@H](Cc2ccccc2)NC(=O)[C@@H]2CN(Cc3ccc(C(F)(F)F)cc3)C(=O)N2)c1,Moderate
CC(C)=CC(O)C/C(C)=C/COc1c2ccoc2cc2oc(=O)ccc12,Inactive
O=C(N[C@@H](Cc1ccccc1)[C@H](O)CNCc1cccc(OC(F)(F)F)c1)[C@@H]1CN(Cc2ccccc2)C(=O)N1,Moderate
O=C(N[C@@H](Cc1ccccc1)[C@H](O)CNCc1cccc(C(F)(F)F)c1)[C@@H]1CN(Cc2ccccc2)C(=O)N1,Moderate
CN(C)c1cccc(CNC[C@@H](O)[C@H](Cc2ccccc2)NC(=O)[C@@H]2CN(CCOc3ccccc3)C(=O)N2)c1,Moderate
CCCCN1C[C@@H](C(=O)N[C@@H](Cc2ccccc2)[C@H](O)CNCc2cccc(N(C)C)c2)NC1=O,Inactive
CC(C)(C)c1cccc(CNC[C@@H](O)[C@H](Cc2cc(F)cc(F)c2)NC(=O)[C@@H]2CN(Cc3cc(F)cc(F)c3)C(=O)N2)c1,Active
CN(C)c1cccc(CNC[C@@H](O)[C@H](Cc2ccccc2)NC(=O)[C@@H]2CN(Cc3ccc(F)c(F)c3)C(=O)N2)c1,Moderate
CN(C)c1cccc(CNC[C@@H](O)[C@H](Cc2ccccc2)NC(=O)[C@@H]2CN(Cc3ccc(F)cc3)C(=O)N2)c1,Moderate
CN(C)c1cccc(CNC[C@@H](O)[C@H](Cc2ccccc2)NC(=O)[C@@H]2CN(Cc3ccccc3C(F)(F)F)C(=O)N2)c1,Moderate
CC(C)(C)c1cccc(CNC[C@@H](O)[C@H](Cc2ccccc2)NC(=O)[C@@H]2CN(Cc3cc(F)cc(F)c3)C(=O)N2)c1,Active
CC(C)=CCC/C(=C/CC/C(C)=C/CC/C(C)=C/Cc1cc(O)cc(C)c1O)C(=O)O,Moderate
CCN(Cc1ccccc1)Cc1ccc(-c2cc3ccc(OCCNC(=O)Cc4cc(F)cc(F)c4)cc3oc2=O)cc1,Moderate
COc1cccc(CN2C[C@@H](C(=O)N[C@@H](Cc3ccccc3)[C@H](O)CNCc3cccc(N(C)C)c3)NC2=O)c1,Moderate
CC(C)C[C@H](NC(=O)[C@H](CC(N)=O)NC(=O)C(NC(=O)[C@H](N)CCC(=O)O)C(C)C)[C@@H](O)C[C@@H](C)C(=O)N[C@@H](C)C(=O)N[C@H](CCC(=O)O)C(=O)NC(Cc1ccccc1)C(=O)O,Active
CCCN(CCC)C(=O)c1cccc(C(=O)N[C@@H](Cc2cc(F)cc(F)c2)[C@@H](O)C[C@@H](CC)C(=O)NCCCCC(=O)O)c1,Moderate
CC[C@H](C)[C@H](NC(=O)[C@H](CCC(=O)O)NC(=O)[C@H](CCC(=O)O)NC(=O)[C@@H](NC(=O)[C@H](CCCCN)NC(=O)[C@@H](NC(=O)[C@H](CC(N)=O)NC(=O)[C@@H](N)[C@@H](C)O)[C@@H](C)CC)[C@@H](C)O)C(=O)N[C@@H](CO)C(=O)N[C@@H](CCC(=O)O)C(=O)N[C@H](C(=O)N[C@@H](CC(N)=O)C(=O)N[C@@H](CC(C)C)C(=O)N[C@@H](Cc1ccccc1)C(=O)N[C@@H](C)C(=O)N[C@@H](CCC(=O)O)C(=O)N[C@@H](Cc1ccccc1)C(=O)N[C@@H](CCCN=C(N)N)C(=O)O)C(C)C,Inactive
CN(C)c1cccc(CNC[C@@H](O)[C@H](Cc2ccccc2)NC(=O)[C@H]2CC(=O)N(Cc3ccccc3)C2)c1,Moderate
CC(C)C[C@H](NC(=O)C(CS(C)(=O)=O)NC(=O)[C@@H](NC(=O)OC(C)(C)C)C(C)C)C(O)CC(C)C(=O)N[C@H](C(=O)NCc1ccccc1)C(C)C,Active
CCOc1cc(C(=O)N[C@@H](Cc2ccccc2)[C@H](O)CNCc2cccc(C(F)(F)F)c2)cc(N2CCCS2(=O)=O)c1,Active
CCCc1cc(C(=O)N[C@@H](Cc2ccccc2)[C@H](O)CNCc2cccc(C(F)(F)F)c2)cc(N2CCCCS2(=O)=O)c1,Active
CCNc1cc(C(=O)N[C@@H](Cc2ccccc2)[C@H](O)CNCc2cccc(OC)c2)c(F)c(N2CCCCS2(=O)=O)c1,Active
CC(C)C[C@H](NC(=O)[C@@H](N)CCC(=O)O)C(=O)N[C@@H](CC(=O)O)C(=O)N[C@@H](CC(C)C)[C@@H](O)C[C@@H](C)C(=O)N[C@H](C(=O)N[C@@H](CCC(=O)O)C(=O)NC(Cc1ccccc1)C(=O)O)C(C)C,Active
CSCC[C@H](NC(=O)[C@@H](NC(C)=O)C(C)C)C(=O)NC(CC(C)C)C(O)CC(=O)N[C@H](C(=O)N[C@@H](C)C(=O)N[C@@H](CCC(=O)O)C(=O)N[C@@H](Cc1ccccc1)C(=O)O)C(C)C,Moderate
CC[C@H](C)[C@H](NC(=O)[C@H](CCC(=O)O)NC(=O)[C@H](CCC(=O)O)NC(=O)[C@@H](NC(=O)[C@H](CCCCN)NC(=O)[C@@H](NC(=O)[C@H](CC(N)=O)NC(=O)[C@@H](N)[C@@H](C)O)[C@@H](C)CC)[C@@H](C)O)C(=O)N[C@@H](CO)C(=O)N[C@@H](CCC(=O)O)C(=O)N[C@H](C(=O)N[C@@H](CC(N)=O)C(=O)N[C@@H](CC(C)C)C(=O)N[C@@H](CC(C)C)C(=O)N[C@@H](C)C(=O)N[C@@H](CCC(=O)O)C(=O)N[C@@H](Cc1ccccc1)C(=O)N[C@@H](CCCN=C(N)N)C(=O)O)C(C)C,Inactive
CCCN(CCC)C(=O)c1cc(C)cc(C(=O)N[C@@H](Cc2cc(F)cc(F)c2)[C@H](O)CN[C@@H](C)C(=O)NCC(C)C)c1,Active
CCCN(CCC)C(=O)c1cc(C)cc(C(=O)N[C@@H](Cc2cc(F)cc(F)c2)[C@H](O)CNC(C)(C)C(=O)NCC(C)C)c1,Moderate
CN(C)c1cccc(CNC[C@@H](O)[C@H](Cc2ccccc2)NC(=O)[C@@H]2CN(Cc3ccc(F)cc3F)C(=O)N2)c1,Moderate
CCCCS(=O)(=O)C[C@@H](NC(=O)c1cnccc1O)C(=O)N[C@@H](Cc1cc(F)cc(F)c1)[C@H](O)CNCc1cccc(CC)c1,Active
CCCC(CCC)S(=O)(=O)C[C@@H](NC(=O)c1cccc(Cl)c1)C(=O)N[C@@H](Cc1cc(F)cc(F)c1)[C@H](O)CNCc1cccc(CC)c1,Active
CCCC(CCC)S(=O)(=O)C[C@@H](NC(=O)c1cccc(O)c1)C(=O)N[C@@H](Cc1cc(F)cc(F)c1)[C@H](O)CNCc1cccc(CC)c1,Active
CCCCS(=O)(=O)C[C@@H](NC(=O)c1cccnc1)C(=O)N[C@@H](Cc1cc(F)cc(F)c1)[C@H](O)CNCc1cccc(CC)c1,Active
C[C@@H](NC(=O)c1cc(C(=O)N[C@@H](Cc2ccccc2)[C@H](O)CNC(C)(C)C)cc(N(C)S(C)(=O)=O)c1)c1ccc(F)cc1,Moderate
CC(=O)c1ccccc1-c1cc(C(=O)N[C@@H](Cc2ccccc2)[C@H](O)CNCC2CC2)cc(C(=O)N[C@H](C)c2ccccc2)c1,Moderate
Nc1nc2ccc(Cl)cc2[nH]1,Inactive
CCCOc1ccc(-c2ccc(-c3ccccc3Cl)n2CC(=O)/N=C(/N)NCc2ccc(F)c(F)c2F)cc1,Moderate
CCCN(CCC)C(=O)c1cc(C)cc(C(=O)N[C@@H](Cc2cc(F)cc(F)c2)[C@H](O)[C@H]2CCCCN2)c1,Moderate
CCCOc1ccc(-c2ccc(-c3ccccc3Cl)n2CC(=O)/N=C(/N)NCc2cccs2)cc1,Moderate
CC(C)C[C@H](NC(=O)[C@@H](NC(=O)[C@@H](N)CNC(=O)c1nn[nH]n1)C(C)C)C(=O)N[C@@H](Cc1ccccc1)[C@@H](O)C(=O)NS(=O)(=O)C(F)(F)F,Active
CCN(Cc1ccccc1)Cc1ccc(-c2cc3ccc(OCCNC(=O)/C=C/c4ccc(Cl)c(Cl)c4)cc3oc2=O)cc1,Moderate
CCCN(CCC)C(=O)c1cc(C)cc(C(=O)N[C@@H](Cc2cc(F)cc(F)c2)[C@H](O)[C@H]2C[C@@H](OCc3ccccc3)CN2)c1,Active
CCCOc1ccc(-c2ccc(-c3ccccc3Cl)n2CC(=O)/N=C(/N)NCCC(=O)O)cc1,Moderate
O=C(N[C@@H](Cc1cc(F)cc(F)c1)[C@H](O)[C@H]1C[C@@H](OCc2ccccc2)CN1)[C@H]1CC(=O)N(Cc2cccnc2)C1,Moderate
C[C@H](NC[C@@H](O)[C@H](Cc1ccccc1)NC(=O)c1cccc(N2CCCC2=O)c1)C(=O)NC1CCCCC1,Moderate
CC(=O)Nc1ccc(C(=O)N[C@@H](Cc2ccccc2)[C@H](O)CN[C@@H](C)C(=O)NC2CCCCC2)cc1,Inactive
O=C(N[C@@H](Cc1cc(F)cc(F)c1)[C@H](O)[C@H]1C[C@@H](OCc2ccccc2)CN1)[C@H]1CC(=O)N(Cc2ccccc2)C1,Moderate
CCCOc1ccc(-c2ccc(-c3ccccc3Cl)n2CC(=O)/N=C(/N)NCC(C)(C)CO)cc1,Moderate
C[C@H](NC[C@@H](O)[C@H](Cc1ccccc1)NC(=O)c1cccc(N2CCCS2(=O)=O)c1)C(=O)NC1CCCCC1,Moderate
CCCOc1ccc(-c2ccc(-c3ccccc3Cl)n2CC(=O)/N=C(/N)NCc2ccc(O)c(OC)c2)cc1,Moderate
CCN(Cc1ccccc1)Cc1ccc(-c2cc3ccc(OCCNC(=O)/C=C/c4cc(F)cc(F)c4)cc3oc2=O)cc1,Moderate
CCN(Cc1ccccc1)Cc1ccc(-c2cc3ccc(OCCNC(=O)CCc4ccc(F)c(F)c4)cc3oc2=O)cc1,Moderate
CCCOc1ccc(-c2ccc(-c3ccccc3Cl)n2CC(=O)/N=C(/N)N[C@H]2CC[C@H](C(=O)O)CC2)cc1,Active
CCCN(CCC)C(=O)c1cc(C)cc(C(=O)N[C@@H](Cc2cc(F)cc(F)c2)[C@H](O)[C@H]2CCN2)c1,Moderate
NCCc1ccc(O)c(-c2ccccc2)c1,Inactive
CCN(Cc1ccccc1)Cc1ccc(-c2cc3cc(OCCNC(=O)Cc4cc(F)cc(F)c4)ccc3oc2=O)cc1,Moderate
CCCOc1cc(C(=O)N[C@@H](Cc2ccccc2)[C@H](O)CN[C@@H](C)C(=O)NC2CCCCC2)cc(N2CCCC2=O)c1,Moderate
CCCOc1ccc(-c2ccc(-c3ccccc3Cl)n2CC(=O)/N=C(/N)NCCC2OCCO2)cc1,Moderate
CCCOc1ccc(-c2ccc(-c3ccccc3Cl)n2CC(=O)/N=C(/N)NCCCn2ccnc2)cc1,Moderate
N/C(=N/C(=O)Cn1c(-c2ccccc2)ccc1C12CC3CC(CC(C3)C1)C2)NCCc1cccs1,Moderate
Cc1nnc(CN/C(N)=N\C(=O)Cn2c(-c3ccccc3)ccc2C23CC4CC(CC(C4)C2)C3)o1,Moderate
CCCOc1ccc(-c2ccc(-c3ccccc3Cl)n2CC(=O)/N=C(/N)NCCC(N)=O)cc1,Moderate
CCCOc1ccc(-c2ccc(-c3ccccc3Cl)n2CC(=O)/N=C(/N)NCCCC(=O)O)cc1,Moderate
CC(C)C[C@H](NC(=O)[C@H](CS(C)(=O)=O)NC(=O)OC(C)(C)C)[C@@H](O)C[C@@H](C)C(=O)N[C@H](C(=O)NCc1ccccc1)C(C)C,Moderate
CC(C)C[C@H](NC(=O)C(NC(=O)[C@@H](NC(=O)OC(C)(C)C)C(C)C)C(N)=O)C(O)CC(C)C(=O)N[C@@H](C)C(=O)NCc1ccccc1,Active
O=c1cc(-c2ccc(O)cc2)oc2cc(O)cc(O)c12,Inactive
CC[C@H](C)[C@H](O)C(=O)N[C@@H](CC(C)C)C(=O)N[C@@H](Cc1ccccc1)[C@@H](O)C[C@@H](CC(C)C)C(=O)N[C@H](C(=O)NCc1ccncc1)C(C)C,Moderate
O=c1c(O)c(-c2ccc(O)cc2O)oc2cc(O)cc(O)c12,Inactive
CC(C)C[C@H](NC(=O)[C@@H](NC(=O)[C@@H](N)CNC(=O)O)C(C)C)C(=O)N[C@@H](Cc1ccccc1)[C@@H](O)C(=O)Nc1cc(C(=O)O)cc(C(=O)O)c1,Active
CC(C)C[C@H](NC(=O)[C@@H](NC(=O)[C@@H](N)CCC(=O)O)C(C)C)C(=O)N[C@@H](Cc1ccccc1)[C@@H](O)C(=O)Nc1cc(C(=O)O)cc(C(=O)O)c1,Active
CSCC[C@H](NC(=O)[C@@H](NC(=O)OC(C)(C)C)C(C)C)C(=O)N[C@@H](CC(C)C)[C@@H](O)C[C@@H](C)C(=O)N[C@H](C(=O)NCc1ccccc1)C(C)C,Active
CN1C(=O)C(c2ccccc2)(c2ccccc2)N=C1N,Moderate
CSCCC(NC(=O)[C@@H](NC(=O)OC(C)(C)C)C(C)C)C(=O)N[C@@H](CC(C)C)C(O)CC(C)C(=O)NC(C(=O)NCc1ccccc1)C(C)C,Active
CC(C)C[C@H](NC(=O)C(CS(C)(=O)=O)NC(=O)[C@@H](NC(=O)OC(C)(C)C)C(C)C)C(O)CC(C)C(=O)NC(C(=O)NCc1ccccc1)C(C)C,Active
CCCN(CCC)C(=O)c1cccc(C(=O)N[C@@H](Cc2cc(F)cc(F)c2)[C@@H](O)C[C@@H](CC)C(=O)N[C@H]2C[C@@H](OC)C[C@@H](OC)C2)c1,Moderate
CCCN(CCC)C(=O)c1cccc(C(=O)N[C@@H](Cc2cc(F)cc(F)c2)[C@@H](O)C[C@@H](CC)C(=O)NCCC(=O)O)c1,Moderate
COC(=O)[C@@H]1CC(NC(=O)[C@H](NC(=O)C[C@H](O)[C@@H](Cc2cc(F)cc(F)c2)NC(=O)C(O)c2ccccc2-c2ccccc2)C(C)C)C[C@H](C(=O)OC)C1,Moderate
O=C(O[C@@H]1Cc2c(O)cc(O)cc2O[C@@H]1c1cc(O)c(O)c(O)c1)c1cc(O)c(O)c(O)c1,Moderate
CC(C)C[C@H](NC(=O)C(O)c1cccc2ccccc12)[C@@H](O)CC(=O)N[C@H](C(=O)NC1C[C@@H](C(=O)O)C[C@@H](C(=O)O)C1)C(C)C,Moderate
CC(C)CC(NC(=O)c1ccc2ccccc2c1)[C@@H](O)CC(=O)N[C@@H](C(=O)N[C@H](C)C(=O)N[C@H](CCC(=O)O)C(=O)N[C@H](Cc1ccccc1)C(=O)O)C(C)C,Inactive
CC(C)CC(NC(=O)C(O)c1cccc2ccccc12)[C@@H](O)CC(=O)N[C@@H](C(=O)N[C@H](C)C(=O)N[C@H](CCC(=O)O)C(=O)N[C@H](Cc1ccccc1)C(=O)O)C(C)C,Moderate
CSCC[C@H](NC(=O)[C@@H](NC(=O)OC(C)(C)C)C(C)C)C(=O)NC(CC(C)C)[C@@H](O)CC(=O)N[C@@H](C(=O)NCc1ccc(C(=O)O)cc1)C(C)C,Moderate
CC(C)CC(NC(=O)C(O)c1cccc(Oc2ccccc2)c1)[C@@H](O)CC(=O)N[C@@H](C(=O)N[C@H](C)C(=O)N[C@H](CCC(=O)O)C(=O)N[C@H](Cc1ccccc1)C(=O)O)C(C)C,Moderate
CSCC[C@H](NC(=O)[C@@H](NC(=O)OC(C)(C)C)C(C)C)C(=O)NC(CC(C)C)[C@@H](O)CC(=O)N[C@@H](C(=O)NCc1cccc(C(=O)O)c1)C(C)C,Moderate
CC(C)CC(NC(=O)Cc1ccc(-c2ccccc2)cc1)[C@@H](O)CC(=O)N[C@@H](C(=O)N[C@H](C)C(=O)N[C@H](CCC(=O)O)C(=O)N[C@H](Cc1ccccc1)C(=O)O)C(C)C,Inactive
CO[C@H](C(=O)NC(CC(C)C)[C@@H](O)CC(=O)N[C@@H](C(=O)N[C@H](C)C(=O)N[C@H](CCC(=O)O)C(=O)N[C@H](Cc1ccccc1)C(=O)O)C(C)C)c1ccccc1,Inactive
COc1cc(CC(=O)NC(CC(C)C)[C@@H](O)CC(=O)N[C@@H](C(=O)N[C@H](C)C(=O)N[C@H](CCC(=O)O)C(=O)N[C@H](Cc2ccccc2)C(=O)O)C(C)C)cc(OC)c1OC,Inactive
CSCCC(NC(=O)[C@@H](NC(=O)OC(C)(C)C)C(C)C)C(=O)N[C@@H](CC(C)C)C(O)CC(CC(C)C)C(=O)NC(C(=O)NCc1ccccc1)C(C)C,Inactive
CC(C)C[C@H](NC(=O)[C@H](CS(C)(=O)=O)NC(=O)OC(C)(C)C)C(O)CC(C)C(=O)NC(C(=O)NCc1ccccc1)C(C)C,Moderate
CC(C)C[C@H](NC(=O)C(CC(N)=O)NC(=O)[C@@H](NC(=O)OC(C)(C)C)C(C)C)C(O)CC(C)C(=O)NC(C(=O)NCc1ccccc1)C(C)C,Active
CN1C(=O)C[C@@](C)(CCc2cccc(-c3ccccc3)c2)N=C1N,Moderate
CC(C)C[C@H](NC(=O)[C@H](CC(N)=O)NC(=O)OC(C)(C)C)C(O)CC(C)C(=O)NC(C(=O)NCc1ccccc1)C(C)C,Moderate
CC(C)(C)OC(=O)N1CCN(c2ccc(-c3ccccc3)c3c2NC(=O)[C@H](c2ccccc2)N=C3)CC1,Inactive
CC(C)(C)OC(=O)N1CCN(c2ccc(-c3ccccc3)c(C=O)c2NC(=O)[C@@H](NC(=O)OCC2c3ccccc3-c3ccccc32)c2ccccc2)CC1,Inactive
CC(C)(C)OC(=O)N1CCN(c2cccc(C=O)c2NC(=O)[C@@H](NC(=O)OCc2ccccc2)c2ccccc2)CC1,Inactive
CC(C)(C)OC(=O)N(Cc1ccccc1)C[C@H](O)c1ccc(C(=O)c2ccccc2)c(NC(=O)[C@@H](NC(=O)OCc2ccccc2)c2ccccc2)c1,Inactive
CC(C)(C)OC(=O)N(Cc1ccccc1)C[C@H](O)c1ccc(C(=O)c2ccccc2)c(NC(=O)[C@H](NC(=O)OCc2ccccc2)c2ccccc2)c1,Inactive
CC(C)(C)OC(=O)N(Cc1ccccc1)C[C@@H](O)c1cccc(NC(=O)[C@H](NC(=O)OCc2ccccc2)c2ccccc2)c1,Moderate
CC(C)(C)OC(=O)N(Cc1ccccc1)C[C@@H](O)c1cccc(NC(=O)[C@@H](NC(=O)OCc2ccccc2)c2ccccc2)c1,Moderate
CC(C)(C)OC(=O)N(C[C@H](O)c1cccc(NC(=O)[C@@H](NC(=O)OCc2ccccc2)c2ccccc2)c1)[C@H](CO)c1ccccc1,Moderate
CC(C)(C)OC(=O)N(C[C@H](O)c1cccc(NC(=O)[C@@H](NC(=O)OCc2ccccc2)c2ccccc2)c1)[C@H](CO)Cc1ccccc1,Moderate
O=C(N[C@H](C(=O)Nc1cccc([C@@H](O)CN[C@H](CO)Cc2ccccc2)c1)c1ccccc1)OCc1ccccc1,Moderate
CC(C)(C)OC(=O)N(Cc1ccccc1)C[C@H](O)c1cccc(NC(=O)c2cccc3ccccc23)c1,Moderate
CC(C)[C@H](NC(=O)[C@H](C)C[C@H](O)[C@H](Cc1ccccc1)NC(=O)[C@H](C)NC(=O)[C@H](CCCC(F)(F)F)NC(=O)OC(C)(C)C)C(=O)NCc1ccncc1,Moderate
CCC(C)C[C@H](NC(=O)C[C@H](O)[C@H](Cc1ccccc1)NC(=O)[C@H](CC(C)C)NC(C)=O)[C@@H](O)CC(=O)N[C@H](C(=O)NCc1ccc(C(=O)O)cc1)C(C)C,Moderate
CC(C)C[C@H](NC(=O)OC(C)(C)C)C(=O)N[C@@H](C)C(=O)N[C@@H](Cc1ccccc1)[C@@H](O)C[C@@H](C)C(=O)N[C@H](C(=O)NCc1ccncc1)C(C)C,Active
CSCC[C@H](NC(=O)[C@@H](NC(=O)OC(C)(C)C)C(C)C)C(=O)N[C@@H](Cc1ccccc1)[C@@H](O)C[C@@H](C)C(=O)N[C@H](C(=O)NCc1ccncc1)C(C)C,Active
COc1cc(C(=O)N[C@@H](Cc2ccccc2)[C@H](O)C(=O)Nc2cccc(-c3nn[nH]n3)c2)nc(C(=O)N2COC[C@@H]2c2ccccc2)c1,Moderate
CSc1cc(C(=O)N[C@@H](Cc2ccccc2)[C@H](O)C(=O)Nc2cccc(-c3nn[nH]n3)c2)nc(C(=O)N2COC[C@@H]2c2ccccc2)c1,Active
[N-]=[N+]=Nc1cc(C(=O)N[C@@H](Cc2ccccc2)[C@H](O)C(=O)Nc2cccc(-c3nn[nH]n3)c2)nc(C(=O)N2COC[C@@H]2c2ccccc2)c1,Active
COc1ccc(C2(c3cccc(-c4cccnc4)c3)NC(=N)N(C3CCCCC3)C2=O)cc1,Moderate
N=C1NC(c2ccccc2)(c2cccc(-c3cccnc3)c2)C(=O)N1C1CCCCC1,Inactive
COc1ccc(C2(c3ccc(OC)cc3)NC(=N)N(C3CCCCC3)C2=O)cc1,Inactive
COc1ccc(C2(c3ccc(OC)cc3)NC(=N)N(C3CCOCC3)C2=O)cc1,Moderate
COc1ccc(C2(c3ccc(OC)cc3)NC(=N)N(C3CCN(C(=O)OC(C)(C)C)CC3)C2=O)cc1,Moderate
COc1ccc(C2(c3ccc(OC)cc3)NC(=N)N(CC3CCCCC3)C2=O)cc1,Moderate
COc1ccc(C2(c3ccc(OC)cc3)NC(=N)N(CC3CCOCC3)C2=O)cc1,Moderate
COc1cccc(C2(c3cccc(OC)c3)NC(=N)N(C3CCCCC3)C2=O)c1,Inactive
CC(C)[C@H](NC(=O)[C@@H](N)CCC(=O)O)C(=O)N[C@@H](CC(N)=O)C(=O)N[C@@H](CC1CCCCC1)[C@@H](O)C[C@H](C(=O)N[C@H](C)C(=O)N[C@H](CCC(=O)O)C(=O)N[C@H](Cc1ccccc1)C(=O)O)C(C)(C)O,Active
Oc1cc(O)c2c(c1)O[C@H](c1ccc(O)c(O)c1)[C@@H](O)C2,Inactive
CC(C)[C@H](O)C(=O)N[C@@H](C)C(=O)N[C@@H](Cc1ccccc1)[C@@H](O)C[C@@H](C)C(=O)N[C@H](C(=O)NCc1ccncc1)C(C)C,Moderate
CSCC[C@H](NC(=O)[C@@H](NC(=O)OC(C)(C)C)C(C)C)C(=O)N[C@@H](Cc1ccccc1)[C@@H](O)C[C@@H](C)C(=O)N[C@H](C(=O)NCc1ccccc1)C(C)C,Active
C[C@H]1OCC[C@H]2Oc3ccc(-c4cccnc4F)cc3[C@@]3(CSC(N)=N3)[C@H]12,Moderate
CN1C(=O)[C@]2(N=C1N)c1cc(-c3cccnc3F)ccc1C[C@H]1CCOC[C@@H]12,Active
COc1cccc(-c2ccc3c(c2)[C@@]2(CC(C)(C)O3)N=C(N)N(C)C2=O)c1,Active
C[C@]12CCOC[C@@H]1[C@]1(COC(N)=N1)c1cc(-c3cncc(Cl)c3)c(F)cc1O2,Active
C[C@]12CCOC[C@@H]1[C@]1(COC(N)=N1)c1cc(-c3cccnc3F)c(F)cc1O2,Active
C[C@]12CCOC[C@@H]1[C@]1(COC(N)=N1)c1cc(-c3cncc(Cl)c3)ccc1O2,Active
C[C@]12CCOC[C@@H]1[C@]1(COC(N)=N1)c1cc(-c3cncc(F)c3)ccc1O2,Moderate
C[C@]12CCOC[C@@H]1[C@]1(COC(N)=N1)c1cc(-c3cccnc3F)ccc1O2,Moderate
C[C@]12CCOC[C@@H]1[C@]1(COC(N)=N1)c1cc(-c3cncnc3)ccc1O2,Moderate
C[C@H]1OCC[C@H]2Oc3ccc(-c4cccnc4F)cc3[C@]3(N=C(N)N(C)C3=O)[C@H]12,Active
C[C@H]1OCC[C@H]2Oc3ccc(-c4cccnc4F)cc3[C@@]3(COC(N)=N3)[C@H]12,Moderate
CN1C(=O)[C@]2(N=C1N)c1cc(-c3cccc(C#N)c3)ccc1O[C@H]1CCOC[C@@]12C,Active
CN1C(=O)[C@]2(N=C1N)c1cc(-c3cccnc3F)ccc1O[C@H]1CCOC[C@@]12C,Active
CN1C(=O)[C@]2(N=C1N)c1cc(-c3cncnc3)ccc1O[C@H]1CCOC[C@@]12C,Active
C[C@@]12COCC[C@H]1Oc1ccc(-c3cccnc3F)cc1[C@@]21COC(N)=N1,Moderate
CN1C(=O)[C@]2(N=C1N)c1cc(-c3cccc(OC(F)F)c3)c(F)cc1O[C@H]1CCOC[C@@H]12,Active
CN1C(=O)[C@]2(N=C1N)c1cc(-c3cccnc3F)c(F)cc1O[C@H]1CCOC[C@@H]12,Active
CN1C(=O)[C@@]2(N=C1N)c1cc(-c3cccnc3F)ccc1O[C@@H]1CCOC[C@H]12,Moderate
CN1C(=O)[C@]2(N=C1N)c1cc(-c3cncc(F)c3)ccc1O[C@H]1CCOC[C@@H]12,Active
CN1C(=O)[C@]2(N=C1N)c1cc(-c3cncc(Cl)c3)ccc1O[C@H]1CCOC[C@@H]12,Active
COc1cncc(-c2ccc3c(c2)[C@]2(N=C(N)N(C)C2=O)[C@H]2COCC[C@@H]2O3)c1,Active
CN1C(=O)[C@]2(N=C1N)c1cc(-c3cncc(C#N)c3)ccc1O[C@H]1CCOC[C@@H]12,Active
CN1C(=O)[C@]2(N=C1N)c1cc(-c3cncnc3)ccc1O[C@H]1CCOC[C@@H]12,Active
NC1=N[C@@]2(CO1)c1cc(-c3cncc(Cl)c3)ccc1O[C@H]1CCOC[C@@H]12,Moderate
NC1=N[C@@]2(CO1)c1cc(-c3cncc(Cl)c3)ccc1O[C@@H]1CCOC[C@H]12,Moderate
NC1=N[C@@]2(CO1)c1cc(-c3cccnc3F)ccc1O[C@H]1CCOC[C@@H]12,Moderate
NC1=N[C@@]2(CO1)c1cc(-c3cccnc3F)ccc1O[C@@H]1CCOC[C@H]12,Moderate
NC1=N[C@@]2(CO1)c1cc(-c3cncnc3)ccc1O[C@H]1CCOC[C@@H]12,Moderate
NC1=N[C@@]2(CO1)c1cc(-c3cncnc3)ccc1O[C@@H]1CCOC[C@H]12,Moderate
NC1=N[C@@]2(CS1)c1cc(-c3cncc(Cl)c3)ccc1O[C@@H]1CCOC[C@H]12,Moderate
NC1=N[C@@]2(CS1)c1cc(-c3cccnc3F)ccc1O[C@@H]1CCOC[C@H]12,Moderate
C[C@]12CCOC[C@@H]1[C@]1(COC(N)=N1)c1cc(-c3cccc(C#N)c3)ccc1O2,Moderate
C[C@]12CCOC[C@@H]1[C@]1(COC(N)=N1)c1cc(-c3cc(F)cc(Cl)c3)ccc1O2,Active
CN1C(=O)[C@]2(N=C1N)c1cc(Br)ccc1O[C@H]1CCOC[C@@H]12,Moderate
COc1cccc(-c2ccc3c(c2)[C@]2(N=C(N)N(C)C2=O)[C@H]2COCC[C@@H]2O3)c1,Active
CN1C(=O)[C@]2(N=C1N)c1cc(-c3cccc(OC(F)F)c3)ccc1O[C@H]1CCOC[C@@H]12,Active
CN1C(=O)[C@]2(N=C1N)c1cc(-c3cccc(C#N)c3)ccc1O[C@H]1CCOC[C@@H]12,Active
CN1C(=O)[C@]2(N=C1N)c1cc(-c3cc(F)cc(Cl)c3)ccc1O[C@H]1CCOC[C@@H]12,Active
CN1C(=O)[C@]2(N=C1N)c1cc(-c3cccnc3F)ccc1O[C@H]1CCOC[C@@H]12,Active
CC(C)[C@H](O)C(=O)N[C@H](C(=O)N[C@@H](Cc1ccccc1)[C@@H](O)C[C@@H](C)C(=O)N[C@H](C(=O)NCc1ccncc1)C(C)C)C(C)C,Moderate
COCC[C@H](NC(=O)[C@@H](NC(=O)OC(C)(C)C)C(C)C)C(=O)N[C@@H](Cc1ccccc1)[C@@H](O)C[C@@H](C)C(=O)N[C@H](C(=O)NCc1ccncc1)C(C)C,Moderate
CC(=O)N[C@H](C(=O)N[C@@H](CC(N)=O)C(=O)NC(CC(C)C)C(O)CC(=O)N[C@H](C(=O)N[C@@H](C)C(=O)N[C@@H](CCC(=O)O)C(=O)N[C@@H](Cc1ccccc1)C(=O)O)C(C)C)C(C)C,Moderate
CC(C)[C@H](O)C(=O)N[C@@H](C)C(=O)N[C@@H](Cc1ccccc1)[C@@H](O)C[C@@H](C)C(=O)N[C@H](C(=O)NCc1ccccc1)C(C)C,Active
CC(C)C[C@H](NC(=O)[C@H](CC(N)=O)NC(=O)C(N)C(C)C)[C@@H](O)C[C@@H](C)C(=O)N[C@@H](C)C(=O)N[C@H](CCC(=O)O)C(=O)NC(Cc1ccccc1)C(=O)O,Active
CC(C)C[C@H](NC(=O)[C@H](CCS(C)(=O)=O)NC(=O)[C@@H](NC(=O)OC(C)(C)C)C(C)C)[C@@H](O)C[C@@H](C)C(=O)N[C@H](C(=O)NCc1ccccc1)C(C)C,Active
CSCC[C@H](NC(=O)OC(C)(C)C)C(=O)N[C@@H](CC(C)C)[C@@H](O)C[C@@H](C)C(=O)N[C@H](C(=O)NCc1ccccc1)C(C)C,Moderate
Cl.Cl.Cl.O=C(CCc1ccc2nc(-c3ccccc3)c3c(c2c1)OCCC3)NCCCCCCCCNc1c2c(nc3cc(Cl)ccc13)CCCC2,Moderate
CC1=CC2Cc3nc4cc(Cl)ccc4c(NCCCCCCCCCCNc4c5c(nc6ccccc46)CCCC5)c3C(C1)C2.Cl.Cl.Cl,Moderate
CC1=C[C@@H]2Cc3nc4cc(Cl)ccc4c(NCCCCCCCNc4c5c(nc6cc(Cl)ccc46)CCCC5)c3[C@H](C1)C2.Cl.Cl.Cl.Cl,Moderate
CC1=C[C@H]2Cc3nc4cc(Cl)ccc4c(NCCCCCCCNc4c5c(nc6cc(Cl)ccc46)CCCC5)c3[C@@H](C1)C2.Cl.Cl.Cl.Cl,Moderate
CC1=CC2Cc3nc4cc(Cl)ccc4c(NCCCCCCCCCNc4c5c(nc6cc(Cl)ccc46)CCCC5)c3C(C1)C2.Cl.Cl.Cl.Cl,Moderate
CC1=CC2Cc3nc4cc(Cl)ccc4c(NCCCCCCCCCCNc4c5c(nc6cc(Cl)ccc46)CCCC5)c3C(C1)C2.Cl.Cl.Cl.Cl,Moderate
CC1=CC2Cc3nc4cc(Cl)ccc4c(NCCCCCCCCNC(=O)c4cc(O)c5c(c4)C(=O)c4cccc(O)c4C5=O)c3C(C1)C2.Cl,Moderate
CC1=CC2Cc3nc4cc(Cl)ccc4c(NCCCCCCCCCNC(=O)c4cc(O)c5c(c4)C(=O)c4cccc(O)c4C5=O)c3C(C1)C2.Cl,Moderate
CC1=C[C@H]2Cc3nc4cc(Cl)ccc4c(NCCCCCCCCCNC(=O)c4cc(O)c5c(c4)C(=O)c4cccc(O)c4C5=O)c3[C@@H](C1)C2.Cl,Active
CC1=C[C@@H]2Cc3nc4cc(Cl)ccc4c(NCCCCCCCCCNC(=O)c4cc(O)c5c(c4)C(=O)c4cccc(O)c4C5=O)c3[C@H](C1)C2.Cl,Active
CC1=CC2Cc3nc4cc(Cl)ccc4c(NCCCCCCCCCCNC(=O)c4cc(O)c5c(c4)C(=O)c4cccc(O)c4C5=O)c3C(C1)C2.Cl,Moderate
CC1=CC2Cc3nc4cc(Cl)ccc4c(NCCCCCCCCCCCNC(=O)c4cc(O)c5c(c4)C(=O)c4cccc(O)c4C5=O)c3C(C1)C2.Cl,Moderate
CC1=CC2Cc3nc4cc(Cl)ccc4c(NCc4ccc(CNC(=O)c5cc(O)c6c(c5)C(=O)c5cccc(O)c5C6=O)cc4)c3C(C1)C2.Cl,Moderate
O=C(NCc1cccc(F)c1)c1c[nH]c2ccc(S(=O)(=O)Nc3ccc(C(F)(F)F)cc3)cc2c1=O,Moderate
COc1ccc(CNC(=O)c2c[nH]c3ccc(S(=O)(=O)Nc4ccc(C(F)(F)F)cc4)cc3c2=O)cc1,Moderate
COc1cccc(CNC(=O)c2c[nH]c3ccc(S(=O)(=O)Nc4ccc(C(F)(F)F)cc4)cc3c2=O)c1,Moderate
O=C(NCc1ccco1)c1c[nH]c2ccc(S(=O)(=O)Nc3ccc(C(F)(F)F)cc3)cc2c1=O,Moderate
O=C(NC1CCCCC1)c1c[nH]c2ccc(S(=O)(=O)Nc3ccc(C(F)(F)F)cc3)cc2c1=O,Moderate
Cc1ccccc1-c1ccc2[nH]cc(C(=O)NCc3cccc(C(F)(F)F)c3)c(=O)c2c1,Moderate
Cc1ccccc1-c1ccc2[nH]cc(C(=O)NCc3cccc(Br)c3)c(=O)c2c1,Moderate
Cc1ccccc1-c1ccc2[nH]cc(C(=O)NC3CCCCC3)c(=O)c2c1,Inactive
CCC(C)C[C@H](NC(=O)[C@H](CC(C)C)NC(C)=O)[C@@H](O)CC(=O)NC(CCSC)[C@@H](O)CC(=O)N[C@H](C(=O)NCc1ccc(C(=O)O)cc1)C(C)C,Moderate
CC(=O)N[C@@H](CCC(=O)O)C(=O)N[C@@H](Cc1ccccc1)[C@@H](O)CC(=O)N[C@@H](CC1CCCCC1)[C@@H](O)CC(=O)N[C@H](C(=O)NCc1ccc(C(=O)O)cc1)C(C)C,Inactive
CC#Cc1cncc(-c2cc(Cl)c([C@]3(C)CS(=O)(=O)N(C)C(=N)N3)s2)c1,Active
CN1C(=O)C2(N=C1N)c1cc(-c3cccnc3)ccc1Oc1ccc(-c3cccnc3)cc12,Active
CN1C(=O)C2(N=C1N)c1cc(-c3cccnc3F)ccc1Oc1c(F)cc(-c3ccnc(F)c3)cc12,Active
COc1ccc2c(c1C)CCc1ccc(-c3cncnc3)cc1C21N=C(N)N(C)C1=O,Active
COC1CCC2(CC1)Cc1ccc(-c3cccc(C#N)c3)cc1C21N=C(N)N(C)C1=O,Active
COc1cccc(-c2cccc([C@@]3(c4ccncc4)N=C(N)N4CC(F)(F)CN=C43)c2)c1F,Active
NC1=N[C@](c2ccc(OC(F)F)cc2)(c2cccc(OCCF)c2)C2=NCC(F)(F)CN12,Active
C[C@@]1(c2cc(NC(=O)c3cnc(-n4cccn4)cn3)ccc2F)CCSC(N)=N1,Active
C[C@@]1(c2cc(NC(=O)c3cc4cc(F)ccc4[nH]3)ccc2F)CCSC(N)=N1,Active
C[C@@]1(c2cc(Nc3ncccc3Cl)ccc2F)CCSC(N)=N1,Active
COc1cccnc1Nc1ccc(F)c([C@]2(C)CCSC(N)=N2)c1,Active
COc1cnc(C(=O)Nc2cccc([C@]3(C4CCCCC4)CSC(N)=N3)c2)cn1,Moderate
CC#CCOc1cnc(C(=O)Nc2ccc(F)c(C34COCC3COC(N)=N4)c2)cn1,Active
C[C@]1(c2cc(NC(=O)c3ccc(C#N)cn3)ccc2F)N=C(N)O[C@@H]2CC(F)(F)C[C@@H]21,Active
N#Cc1ccc(C(=O)Nc2cccc([C@]34C[C@H]3CCSC(N)=N4)c2)nc1,Active
CN1C(=N)N[C@@]2(c3cc(NC(=O)c4cnc(C(F)F)cn4)ccc3F)COC[C@H]2S1(=O)=O,Active
Cc1cc([C@H]2CC3CSC(N)=N[C@@]3(c3ccc(F)cc3F)CO2)on1,Active
CC1(c2cccc(NC(=O)c3ncc(F)cc3F)c2)COCC(N)=N1,Moderate
CC1(c2cccc(Nc3ccon3)c2)COCC(N)=N1,Moderate
CC1(c2cccc(-c3cncnc3)c2)COCC(N)=N1,Moderate
C[C@]1(c2cc(NC(=O)c3ccc(Cl)cn3)ccc2F)N=C(N)COCC1(F)F,Active
CC1(c2cccc(NC(=O)c3ccc(Cl)cn3)c2)COCC(N)=N1,Moderate
NC1=N[C@](CF)(c2cccc(NC(=O)c3ccc(Cl)cn3)c2)COC1,Active
NC1=NC(c2cccc(NC(=O)c3ccc(Cl)cn3)c2)(C(F)F)COC1,Active
NC1=NC(c2cccc(NC(=O)c3ccc(Cl)cn3)c2)(C(F)(F)F)COC1,Moderate
Cc1cc(C#N)cnc1C(=O)Nc1ccc(F)c([C@]2(C)CO[C@@](C)(C(F)(F)F)C(N)=N2)c1,Active
Cc1cc(C#N)cnc1C(=O)Nc1cc([C@]2(C)CO[C@@](C)(C(F)(F)F)C(N)=N2)c(F)cn1,Active
Cc1cc(C#N)cnc1C(=O)Nc1ccc(F)c([C@]2(C)CO[C@@](C)(C(F)(F)F)C(N)=N2)n1,Active
CC1(c2cc(NC(=O)c3ccc(Cl)cn3)ccc2F)N=C(N)CO[C@@H]1F,Active
C[C@]1(c2cc(NC(=O)c3ccc(Cl)cn3)ccc2F)N=C(N)CO[C@H]1C(F)F,Active
C[C@]1(c2cc(NC(=O)c3ccc(Cl)cn3)ccc2F)N=C(N)CO[C@H]1C(F)(F)F,Active
CC1(c2cc(NC(=O)c3ccc(Cl)cn3)ccc2F)N=C(N)CO[C@@]1(F)C(F)(F)F,Active
N#Cc1ccc(C(=O)Nc2ccc(F)c([C@]3(C(F)F)COCC(N)=N3)c2)nc1,Active
C[C@@]1(c2cc(NC(=O)c3ccc(C#N)cn3)ccc2F)Cn2cccc2C(N)=N1,Active
C[C@]1(c2cccc(NC(=O)c3ccc(Cl)cn3)c2)N=C(N)Cn2nccc21,Active
C[C@@]1(c2cc(NC(=O)c3ccc(C#N)cn3)ccc2F)Cc2cccn2C(N)=N1,Active
CC1(C)C(N)=N[C@](C)(c2cc(NC(=O)c3ccc(Cl)cn3)ccc2F)CS1(=O)=O,Active
C[C@@]1(c2cc(NC(=O)c3ccc(Cl)cn3)ccc2F)CS(=O)(=O)C2(CCCCC2)C(=N)N1,Active
COc1nc(N2C[C@H]3C(=O)N(C)C(N)=N[C@@]3(c3cc(F)ccc3F)C2)nc(C)c1F,Active
NC1=N[C@@]2(CO1)c1cc(-c3cncc(Cl)c3)ccc1O[C@@H]1COCC[C@H]12,Active
NC1=N[C@@]2(CO1)c1cc(-c3cccnc3F)ccc1O[C@@H]1COCC[C@H]12,Moderate
NC1=N[C@@]2(CO1)c1cc(-c3cncc(F)c3)ccc1O[C@@H]1COCC[C@H]12,Moderate
N#Cc1cccc(-c2ccc3c(c2)[C@@]2(COC(N)=N2)[C@@H]2CCOC[C@H]2O3)c1,Moderate
NC1=N[C@@]2(CO1)c1cc(-c3cc(F)cc(Cl)c3)ccc1O[C@@H]1COCC[C@H]12,Active
NC1=N[C@@]2(CO1)c1cc(-c3cncc(Cl)c3)ccc1O[C@H]1COCC[C@@H]12,Moderate
C[C@]12COCC[C@@H]1[C@]1(COC(N)=N1)c1cc(-c3cncc(Cl)c3)ccc1O2,Inactive
NC1=N[C@]2(CO1)c1cc(-c3cncc(Cl)c3)ccc1O[C@H]1COCC[C@@H]12,Moderate
NC1=N[C@]2(CO1)c1cc(-c3cncc(Cl)c3)ccc1O[C@@H]1COCC[C@H]12,Inactive
CSCC[C@H](NC(=O)[C@@H](NC(C)=O)C(C)C)C(=O)NC(CC(C)C)C(O)CC(=O)N[C@H](C(=O)N[C@@H](C)C(=O)N[C@@H](CCC(=O)O)C(=O)O)C(C)C,Moderate
c1ccc2c(NCCCCCCCNc3c4c(nc5ccccc35)CCCC4)c3c(nc2c1)CCCC3,Moderate
COc1cc2c(c(O)c1C)C(=O)[C@@]1(O)c3cccc(OC)c3OC[C@@H]1O2,Inactive
COc1cc2oc3c(c(=O)c2c(O)c1C)-c1ccc(O)cc1OC3O,Moderate
C#CCN(C)Cc1ccc(O)c2ncccc12,Moderate
CN1C(N)=N[C@](C)(c2cc(NC(=O)c3ccc(F)cn3)ccc2F)CS1(=O)=O,Active
CC1=CC2Cc3nc4cc(Cl)ccc4c(NCCCCCCCCCCNC(=O)c4cc(O)c5c(c4)C(=O)c4cccc(O)c4C5=O)c3C(C1)C2,Moderate
CC1=CC2Cc3nc4cc(Cl)ccc4c(NCc4ccc(CNC(=O)c5cc(O)c6c(c5)C(=O)c5cccc(O)c5C6=O)cc4)c3C(C1)C2,Moderate
CC1=CC2Cc3nc4cc(Cl)ccc4c(NCCCCCCCCCCCNC(=O)c4cc(O)c5c(c4)C(=O)c4cccc(O)c4C5=O)c3C(C1)C2,Moderate
CC1=CC2Cc3nc4cc(Cl)ccc4c(NCCCCCCCCCNC(=O)c4cc(O)c5c(c4)C(=O)c4cccc(O)c4C5=O)c3C(C1)C2,Moderate
CC1=CC2Cc3nc4cc(Cl)ccc4c(NCCCCCCCCNC(=O)c4cc(O)c5c(c4)C(=O)c4cccc(O)c4C5=O)c3C(C1)C2,Moderate
CC(=O)N[C@@H](CC(C)C)C(=O)N[C@@H](Cc1ccccc1)[C@@H](O)CC(=O)N[C@@H](CC1CCCCC1)[C@@H](O)CC(=O)N[C@H](C(=O)NCc1ccc(C(=O)O)cc1)C(C)C,Moderate
O=C(NCCCCCNc1c2c(nc3ccccc13)CCCC2)c1cc2ccccc2oc1=O,Inactive
O=C(NCCCCCCNc1c2c(nc3ccccc13)CCCC2)c1cc2ccccc2oc1=O,Inactive
O=C(NCCCCCCNc1c2c(nc3ccccc13)CCCC2)c1cc2cc(OC(F)(F)F)ccc2oc1=O,Inactive
COc1ccc2oc(=O)c(C(=O)NCCCCCCCNc3c4c(nc5ccccc35)CCCC4)cc2c1,Inactive
Cc1ccc2oc(=O)c(C(=O)NCCCCCCCNc3c4c(nc5ccccc35)CCCC4)cc2c1,Inactive
CCC(C)C[C@H](NC(=O)[C@H](CC(C)C)NC(C)=O)[C@@H](O)CC(=O)N[C@@H](Cc1ccccc1)[C@@H](O)CC(=O)N[C@H](C(=O)NCc1ccc(C(=O)O)cc1)C(C)C,Active
COC(=O)[C@@H]1CC(NC(=O)[C@H](NC(=O)C[C@H](O)C(CC(C)C)NC(=O)[C@H](CCSC)NC(=O)[C@@H](NC(=O)OC(C)(C)C)C(C)C)C(C)C)C[C@H](C(=O)OC)C1,Moderate
CSCC[C@@H](NC(=O)[C@@H](NC(=O)OC(C)(C)C)C(C)C)C(=O)CN[C@@H](CC(C)C)[C@@H](O)C[C@@H](C)C(=O)N[C@@H](C(=O)NCc1ccccc1)C(C)C,Moderate
CC#Cc1cncc(-c2ccc3c(c2)[C@@]2(N=C(C)C(N)=N2)C2(CCC(OC)CC2)C3)c1,Active
CC(C)C[C@H](NC(=O)[C@H](C)NC(=O)[C@@H](NC(=O)[C@@H](N)CCC(=O)O)C(C)C)[C@@H](O)CC(=O)N[C@H](C(=O)N[C@@H](C)C(=O)N[C@@H](CCC(=O)O)C(=O)N[C@@H](Cc1ccccc1)C(=O)O)C(C)C,Moderate
Cc1csc(C[C@H](C)C(=O)N[C@@H](CNC(=O)OC(C)(C)C)C(=O)N[C@@H](CC(C)C)[C@@H](O)C[C@@H](C)C(=O)N[C@H](C(=O)NCC(C)C)C(C)C)n1,Active
CN1C(=N)N[C@](CCC2CCCCC2)(C[C@@H]2CCCN(C(=O)OC(C)(C)C)C2)C1=O,Inactive
CN1C(=N)N[C@](CCC2CCCCC2)(C[C@H]2CCCN(C(=O)OC(C)(C)C)C2)C1=O,Inactive
CN1C(=N)N[C@](CCC2CCCCC2)(C[C@@H]2CCCNC2)C1=O,Inactive
CN1C(=N)N[C@](CCC2CCCCC2)(C[C@H]2CCCNC2)C1=O,Moderate
CCCCCN1CCC[C@H](C[C@@]2(CCC3CCCCC3)NC(=N)N(C)C2=O)C1,Moderate
CCCNC(=O)N1CCC[C@H](C[C@@]2(CCC3CCCCC3)NC(=N)N(C)C2=O)C1,Moderate
CCCCS(=O)(=O)N1CCC[C@H](C[C@@]2(CCC3CCCCC3)NC(=N)N(C)C2=O)C1,Moderate
CCCCC(=O)N1CCC[C@H](C[C@@]2(CCC3CCCCC3)NC(=N)N(C)C2=O)C1,Moderate
CCCCC(=O)N1CCC[C@@H](C[C@@]2(CCC3CCCCC3)NC(=N)N(C)C2=O)C1,Inactive
CN1C(=N)N[C@](CCC2CCCCC2)(C[C@H]2CCCN(C(=O)CC3CCCC3)C2)C1=O,Moderate
CN1C(=N)N[C@](CCC2CCCCC2)(C[C@@H]2CCCN(C(=O)CC3CCCC3)C2)C1=O,Inactive
CCCCC(=O)N1CC[C@H](C[C@@]2(CCC3CCCCC3)NC(=N)N(C)C2=O)C1,Moderate
CCCCC(=O)N1CC[C@@H](C[C@@]2(CCC3CCCCC3)NC(=N)N(C)C2=O)C1,Inactive
CN1C(=N)N[C@](CCC2CCCCC2)(C[C@H]2CCN(C(=O)CC3CCCC3)C2)C1=O,Moderate
CN1C(=N)N[C@](CCC2CCCCC2)(C[C@@H]2CCN(C(=O)CC3CCCC3)C2)C1=O,Inactive
CN1C(=N)N[C@](CCC2CCCCC2)(C[C@H]2CCC[C@@H](NCC3CC3)C2)C1=O,Moderate
CN1C(=N)N[C@](CCC2CCCCC2)(C[C@H]2CCC[C@@H](NC3CCCC3)C2)C1=O,Moderate
CN1C(=N)N[C@](CCC2CCCCC2)(C[C@H]2CCC[C@@H](NC3CCCCC3)C2)C1=O,Moderate
CN1C(=N)N[C@](CCC2CCCCC2)(C[C@H]2CCC[C@@H](NC(=O)c3ccccc3)C2)C1=O,Moderate
CN1C(=N)N[C@](CCC2CCCCC2)(C[C@H]2CCC[C@@H](NC(=O)c3ccncc3)C2)C1=O,Active
CN1C(=N)N[C@](CCC2CCCCC2)(C[C@H]2CCC[C@@H](NC(=O)Cc3ccccc3)C2)C1=O,Moderate
CN1C(=N)N[C@](CCC2CCCCC2)(C[C@H]2CCC[C@@H](NC(=O)Nc3ccccc3)C2)C1=O,Active
CN1C(=N)N[C@](CCC2CCCCC2)(C[C@H]2CCC[C@@H](NC(=O)Nc3ccccc3Cl)C2)C1=O,Moderate
CN1C(=N)N[C@](CCC2CCCCC2)(C[C@H]2CCC[C@@H](NC(=O)Nc3ccc(Cl)cc3)C2)C1=O,Active
COc1ccccc1NC(=O)N[C@@H]1CCC[C@H](C[C@@]2(CCC3CCCCC3)NC(=N)N(C)C2=O)C1,Moderate
COc1ccc(NC(=O)N[C@@H]2CCC[C@H](C[C@@]3(CCC4CCCCC4)NC(=N)N(C)C3=O)C2)cc1,Active
CN1C(=N)N[C@](CCC2CCCCC2)(C[C@H]2CCC[C@@H](NC(=O)Nc3ccc(C#N)cc3)C2)C1=O,Active
CN1C(=N)N[C@](CCC2CCCCC2)(C[C@H]2CCC[C@@H](NC(=O)NC3CCCCC3)C2)C1=O,Moderate
CN1C(=N)N[C@](CCC2CCCCC2)(C[C@H]2CCC[C@@H](NC(=O)Nc3ccc4ccccc4n3)C2)C1=O,Moderate
CN1C(=N)N[C@](CCC2CCCCC2)(C[C@H]2CCC[C@@H](NC(=O)Nc3cnc4ccccc4n3)C2)C1=O,Active
CC(C)(C)COc1ccc2c(c1)[C@]1(COC(N)=N1)c1cc(-c3cncnc3)ccc1O2,Active
CC(C)(C)C#Cc1ccc2c(c1)[C@]1(COC(N)=N1)c1cc(-c3cncnc3)ccc1O2,Active
CC(C)(C)CCc1ccc2c(c1)[C@]1(COC(N)=N1)c1cc(-c3cncnc3)ccc1O2,Active
CC(C)(O)C#Cc1ccc2c(c1)[C@]1(COC(N)=N1)c1cc(-c3cncnc3)ccc1O2,Active
COC(C)(C)C#Cc1ccc2c(c1)[C@]1(COC(N)=N1)c1cc(-c3cncnc3)ccc1O2,Active
NC1=N[C@]2(CO1)c1cc(C3=CCOCC3)ccc1Oc1ccc(-c3cncnc3)cc12,Active
NC1=N[C@@]2(CO1)c1cc(-c3cncnc3)ccc1Oc1ccc(N3CCOCC3)cc12,Active
CC1(C)CN(c2ccc3c(c2)[C@]2(COC(N)=N2)c2cc(-c4cncnc4)ccc2O3)CCO1,Active
NC1=N[C@]2(CO1)c1cc(OCC3CCCCC3)ccc1Oc1ccc(-c3cncnc3)cc12,Active
CC(C)(O)COc1ccc2c(c1)[C@]1(COC(N)=N1)c1cc(-c3cncnc3)ccc1O2,Active
COC(C)(C)COc1ccc2c(c1)[C@]1(COC(N)=N1)c1cc(-c3cncnc3)ccc1O2,Active
CC(C)(F)COc1ccc2c(c1)[C@]1(COC(N)=N1)c1cc(-c3cncnc3)ccc1O2,Active
CC(C)(C#N)COc1ccc2c(c1)[C@]1(COC(N)=N1)c1cc(-c3cncnc3)ccc1O2,Active
CC1(COc2ccc3c(c2)[C@]2(COC(N)=N2)c2cc(-c4cncnc4)ccc2O3)COC1,Active
CC(C)(C)COc1ccc2c(c1)[C@]1(COC(N)=N1)c1cc(-c3ccccn3)ccc1O2,Moderate
CC(C)(C)COc1ccc2c(c1)[C@]1(COC(N)=N1)c1cc(-c3ccncc3)ccc1O2,Moderate
CC(C)(C)COc1ccc2c(c1)[C@]1(COC(N)=N1)c1cc(-c3cccnc3)ccc1O2,Active
CC(C)(C)COc1ccc2c(c1)[C@]1(COC(N)=N1)c1cc(-c3ccc(F)nc3)ccc1O2,Active
CC(C)(C)COc1ccc2c(c1)[C@]1(COC(N)=N1)c1cc(-c3cncc(C#N)c3)ccc1O2,Active
CC(C)(C)COc1ccc2c(c1)[C@]1(COC(N)=N1)c1cc(-c3cncc(F)c3)ccc1O2,Active
COc1cncc(-c2ccc3c(c2)[C@@]2(COC(N)=N2)c2cc(OCC(C)(C)C)ccc2O3)c1,Active
CC(C)(C)COc1ccc2c(c1)[C@]1(COC(N)=N1)c1cc(-c3cccnc3F)ccc1O2,Active
CC(C)(C)COc1ccc2c(c1)[C@]1(COC(N)=N1)c1cc(-c3c(F)ccnc3F)ccc1O2,Active
CC1(COc2ccc3c(c2)[C@]2(COC(N)=N2)c2cc(-c4cccnc4)ccc2O3)COC1,Active
CC1(COc2cc3c(cc2F)Oc2ccc(-c4cccnc4)cc2[C@@]32COC(N)=N2)COC1,Active
CC1(COc2cc(F)c3c(c2)[C@]2(COC(N)=N2)c2cc(-c4cccnc4)ccc2O3)COC1,Active
CC1(COc2ccc3c(c2)[C@]2(COC(N)=N2)c2cc(-c4cccnc4)cc(F)c2O3)COC1,Moderate
CC1(COc2cc(F)c3c(c2)[C@]2(COC(N)=N2)c2cc(-c4cccnc4F)ccc2O3)COC1,Active
CC(C)(F)COc1cc(F)c2c(c1)[C@]1(COC(N)=N1)c1cc(-c3cccnc3F)ccc1O2,Active
NC1=N[C@@]2(CO1)c1cc(-c3cccnc3F)ccc1Oc1c(F)cc(C3=CCCOC3)cc12,Active
NC1=N[C@@]2(CO1)c1cc(-c3cccnc3F)ccc1Oc1c(F)cc(C3=CCOCC3)cc12,Active
NC1=N[C@@]2(CO1)c1cc(-c3cccnc3F)ccc1Oc1c(F)cc(N3CCOCC3)cc12,Active
NC1=N[C@@]2(CO1)c1cc(-c3cccnc3F)ccc1Oc1c(F)cc(N3CC[C@H](F)C3)cc12,Active
Cn1cc(-c2cc(F)c3c(c2)[C@]2(COC(N)=N2)c2cc(-c4cccnc4F)ccc2O3)cn1,Active
NC1=N[C@@]2(CO1)c1cc(-c3cccnc3F)ccc1Oc1c(F)cc(-c3ccccn3)cc12,Active
CN1C(=O)[C@]2(N=C1N)c1cc(-c3cccnc3F)ccc1O[C@H]1CCCO[C@@H]12,Active
CN1C(=O)[C@]2(N=C1N)c1cc(-c3cccnc3F)ccc1O[C@@H]1CCCO[C@H]12,Moderate
CN1C(=O)[C@]2(N=C1N)c1cc(-c3cccnc3F)ccc1O[C@@]1(C)CCCO[C@@H]12,Active
CN1C(=O)[C@]2(N=C1N)c1cc(-c3cccnc3F)ccc1O[C@]1(C)CCCO[C@H]12,Active
NC1=N[C@@]2(CO1)c1cc(-c3cccnc3F)ccc1O[C@@H]1CCCO[C@H]12,Moderate
C[C@]12CCCO[C@@H]1[C@]1(COC(N)=N1)c1cc(-c3cccnc3F)ccc1O2,Active
C[C@@]12CCCO[C@H]1[C@]1(COC(N)=N1)c1cc(-c3cccnc3F)ccc1O2,Moderate
NC1=N[C@@]2(CS1)c1cc(-c3cccnc3F)ccc1O[C@@H]1CCCO[C@H]12,Moderate
C[C@]12CCCO[C@@H]1[C@]1(CSC(N)=N1)c1cc(-c3cccnc3F)ccc1O2,Active
C[C@]12CCCO[C@@H]1[C@]1(COC(N)=N1)c1cc(-c3cncc(Cl)c3)ccc1O2,Active
C[C@]12CCCO[C@@H]1[C@]1(CSC(N)=N1)c1cc(-c3cncc(Cl)c3)ccc1O2,Active
C[C@]12CCCO[C@@H]1[C@]1(COC(N)=N1)c1cc(-c3cc(F)cc(Cl)c3)ccc1O2,Active
C[C@]12CCCO[C@@H]1[C@]1(CSC(N)=N1)c1cc(-c3cc(F)cc(Cl)c3)ccc1O2,Active
C[C@]12CCCO[C@@H]1[C@]1(COC(N)=N1)c1cc(-c3cccc(C#N)c3)ccc1O2,Active
C[C@]12CCCO[C@@H]1[C@]1(CSC(N)=N1)c1cc(-c3cccc(C#N)c3)ccc1O2,Active
C[C@]12CCCO[C@@H]1[C@]1(COC(N)=N1)c1cc(-c3cncnc3)ccc1O2,Active
C[C@]12CCCO[C@@H]1[C@]1(CSC(N)=N1)c1cc(-c3cncnc3)ccc1O2,Active
CSCC[C@H](NC(=O)[C@@H](NC(=O)[C@@H](N)CCC(=O)O)C(C)C)C(=O)N[C@@H](CC(C)C)[C@@H](O)CC(=O)N[C@H](C(=O)N[C@@H](C)C(=O)N[C@@H](CCC(=O)O)C(=O)N[C@@H](Cc1ccccc1)C(=O)O)C(C)C,Active
CC(C)(C)COc1cnc2c(c1)[C@]1(COC(N)=N1)c1cc(-c3cncnc3)ccc1O2,Active
CC(C)(C)COc1cnc2c(c1)[C@]1(COC(N)=N1)c1cc(-c3cccnc3)ccc1O2,Active
CC(C)(C)COc1cnc2c(c1)[C@]1(COC(N)=N1)c1cc(-c3cccnc3F)ccc1O2,Active
CC(C)(C)COc1ccc2c(c1)[C@]1(COC(N)=N1)c1cc(-c3cncnc3)cnc1O2,Moderate
COC(C)(C)COc1cnc2c(c1)[C@]1(COC(N)=N1)c1cc(-c3cccnc3F)ccc1O2,Active
NC1=N[C@@]2(CO1)c1cc(-c3cccnc3F)ccc1Oc1ncc(C3=CCOCC3)cc12,Active
NC1=N[C@@]2(CO1)c1cc(-c3cccnc3F)ccc1Oc1ncc(C3=CCCOC3)cc12,Active
NC1=N[C@@]2(CO1)c1cc(-c3cccnc3F)ccc1Oc1ncc(C3CCOCC3)cc12,Active
CC1(C)C=C(c2cnc3c(c2)[C@]2(COC(N)=N2)c2cc(-c4cccnc4F)ccc2O3)CCO1,Active
NC1=N[C@@]2(CO1)c1cc(-c3cccnc3F)ccc1Oc1ncc(N3CCOCC3)cc12,Active
Cc1ccc(-c2cnc3c(c2)[C@]2(COC(N)=N2)c2cc(-c4cccnc4F)ccc2O3)cc1,Active
N#Cc1ccc(-c2cnc3c(c2)[C@]2(COC(N)=N2)c2cc(-c4cccnc4F)ccc2O3)cc1,Active
NC1=N[C@@]2(CO1)c1cc(-c3cccnc3F)ccc1Oc1ncc(-c3ccnc(F)c3)cc12,Active
CC(C)(C)C#Cc1cnc2c(c1)[C@]1(COC(N)=N1)c1cc(-c3cccnc3F)ccc1O2,Active
COC(C)(C)C#Cc1cnc2c(c1)[C@]1(COC(N)=N1)c1cc(-c3cccnc3F)ccc1O2,Active
CC(C)(O)C#Cc1cnc2c(c1)[C@]1(COC(N)=N1)c1cc(-c3cccnc3F)ccc1O2,Active
CC1(C#Cc2cnc3c(c2)[C@]2(COC(N)=N2)c2cc(-c4cccnc4F)ccc2O3)COC1,Active
CC(C)C[C@H](NC(=O)[C@H](CC(N)=O)NC(=O)[C@H](NC(=O)[C@@H](N)CCC(=O)O)C(C)C)[C@@H](O)C[C@@H](C)C(=O)N[C@@H](C)C(=O)N[C@@H](CCC(=O)O)C(=O)N[C@H](Cc1ccccc1)C(=O)O,Active
Cc1cc(C)n(C[C@H](C)C(=O)N[C@@H](CNC(=O)OC(C)(C)C)C(=O)N[C@@H](CC(C)C)[C@@H](O)C[C@@H](C)C(=O)N[C@H](C(=O)NCC(C)C)C(C)C)n1,Active
Cc1cc(C)n(C[C@@H](C)C(=O)N[C@@H](CNC(=O)OC(C)(C)C)C(=O)N[C@@H](CC(C)C)[C@@H](O)C[C@@H](C)C(=O)N[C@H](C(=O)NCC(C)C)C(C)C)n1,Moderate
CC[C@@H](Cn1nc(C)cc1C)C(=O)N[C@@H](CNC(=O)OC(C)(C)C)C(=O)N[C@@H](CC(C)C)[C@@H](O)C[C@@H](C)C(=O)N[C@H](C(=O)NCC(C)C)C(C)C,Active
Cc1cc(C)n(C[C@@H](C(=O)N[C@@H](CNC(=O)OC(C)(C)C)C(=O)N[C@@H](CC(C)C)[C@@H](O)C[C@@H](C)C(=O)N[C@H](C(=O)NCC(C)C)C(C)C)C(C)C)n1,Moderate
Cc1cc(C)n(C[C@H](CC(C)C)C(=O)N[C@@H](CNC(=O)OC(C)(C)C)C(=O)N[C@@H](CC(C)C)[C@@H](O)C[C@@H](C)C(=O)N[C@H](C(=O)NCC(C)C)C(C)C)n1,Moderate
Cc1ccn(C[C@H](C)C(=O)N[C@@H](CNC(=O)OC(C)(C)C)C(=O)N[C@@H](CC(C)C)[C@@H](O)C[C@@H](C)C(=O)N[C@H](C(=O)NCC(C)C)C(C)C)n1,Moderate
CSC[C@H](NC(=O)[C@@H](C)Cn1nc(C)cc1C)C(=O)N[C@@H](CC(C)C)[C@@H](O)C[C@@H](C)C(=O)N[C@H](C(=O)NCC(C)C)C(C)C,Active
Cc1cc(C)n(C[C@H](C)C(=O)N[C@@H](CS(C)(=O)=O)C(=O)N[C@@H](CC(C)C)[C@@H](O)C[C@@H](C)C(=O)N[C@H](C(=O)NCC(C)C)C(C)C)n1,Moderate
Cc1nc(C[C@H](C)C(=O)N[C@@H](CNC(=O)OC(C)(C)C)C(=O)N[C@@H](CC(C)C)[C@@H](O)C[C@@H](C)C(=O)N[C@H](C(=O)NCC(C)C)C(C)C)cs1,Active
CC[C@@H](Cc1csc(C)n1)C(=O)N[C@@H](CNC(=O)OC(C)(C)C)C(=O)N[C@@H](CC(C)C)[C@@H](O)C[C@@H](C)C(=O)N[C@H](C(=O)NCC(C)C)C(C)C,Active
CC[C@@H](Cc1nc(C)cs1)C(=O)N[C@@H](CNC(=O)OC(C)(C)C)C(=O)N[C@@H](CC(C)C)[C@@H](O)C[C@@H](C)C(=O)N[C@H](C(=O)NCC(C)C)C(C)C,Active
Cc1csc(C[C@@H](C(=O)N[C@@H](CNC(=O)OC(C)(C)C)C(=O)N[C@@H](CC(C)C)[C@@H](O)C[C@@H](C)C(=O)N[C@H](C(=O)NCC(C)C)C(C)C)C(C)C)n1,Active
CC(C)[C@H](O)C(=O)N[C@@H](CO)C(=O)N[C@@H](Cc1ccccc1)[C@@H](O)C[C@@H](C)C(=O)N[C@H](C(=O)NCc1ccncc1)C(C)C,Moderate
O=C(O[C@H]1Cc2c(O)cc(O)cc2O[C@H]1c1cc(O)c(O)c(O)c1)c1cc(O)c(O)c(O)c1,Moderate
NC1=N[C@@]2(CO1)c1cc(-c3cccnc3F)ccc1Oc1cnc(C3=CCOCC3)cc12,Active
CC1(C)C=C(c2cc3c(cn2)Oc2ccc(-c4cccnc4F)cc2[C@@]32COC(N)=N2)CCO1,Active
NC1=N[C@@]2(CO1)c1cc(-c3cccnc3F)ccc1Oc1cnc(C3=CCCOC3)cc12,Active
NC1=N[C@@]2(CO1)c1cc(-c3cccnc3F)ccc1Oc1cnc(C3CCOCC3)cc12,Active
NC1=N[C@@]2(CO1)c1cc(-c3cccnc3F)ccc1Oc1cnc(C3CCCOC3)cc12,Active
NC1=N[C@@]2(CO1)c1cc(-c3cccnc3F)ccc1Oc1cnc([C@@H]3CCCCO3)cc12,Active
NC1=N[C@@]2(CO1)c1cc(-c3cccnc3F)ccc1Oc1cnc([C@H]3CCCCO3)cc12,Active
NC1=N[C@@]2(CO1)c1cc(-c3cccnc3F)ccc1Oc1cnc(N3CCOCC3)cc12,Active
CC1(C)CN(c2cc3c(cn2)Oc2ccc(-c4cccnc4F)cc2[C@@]32COC(N)=N2)CCO1,Active
NC1=N[C@@]2(CO1)c1cc(-c3cccnc3F)ccc1Oc1cnc(N3CCC(F)(F)CC3)cc12,Active
NC1=N[C@@]2(CO1)c1cc(-c3cccnc3F)ccc1Oc1cnc(N3CCC(F)(F)C3)cc12,Active
NC1=N[C@@]2(CO1)c1cc(-c3cccnc3F)ccc1Oc1cnc(N3CC[C@H](F)C3)cc12,Active
NC1=N[C@@]2(CO1)c1cc(-c3cccnc3F)ccc1Oc1cnc(N3CC[C@@H](F)C3)cc12,Active
NC1=N[C@@]2(CO1)c1cc(-c3cccnc3F)ccc1Oc1cnc(-c3ccccc3)cc12,Active
NC1=N[C@@]2(CO1)c1cc(-c3cccnc3F)ccc1Oc1cnc(-c3ccccn3)cc12,Active
NC1=N[C@@]2(CO1)c1cc(-c3cccnc3F)ccc1Oc1cnc(-c3cccnc3)cc12,Active
NC1=N[C@@]2(CO1)c1cc(-c3cccnc3F)ccc1Oc1cnc(-c3ccncc3)cc12,Active
Cc1cc(-c2cc3c(cn2)Oc2ccc(-c4cccnc4F)cc2[C@@]32COC(N)=N2)ccn1,Active
NC1=N[C@@]2(CO1)c1cc(-c3cccnc3F)ccc1Oc1cnc(-c3ccnc(F)c3)cc12,Active
NC1=N[C@]2(CO1)c1cc(C3=CCOCC3)ccc1Oc1ccc(-c3cccnc3F)cc12,Active
NC1=N[C@@]2(CO1)c1cc(-c3cccnc3F)ccc1Oc1c2cc(-c2ccccc2)nc1F,Active
NC1=N[C@@]2(CO1)c1cc(-c3cccnc3F)ccc1Oc1c2cc(-c2cccnc2)nc1F,Active
NC1=N[C@@]2(CO1)c1cc(-c3cccnc3F)ccc1Oc1c2cc(-c2ccncc2)nc1F,Active
Cc1ccc(-c2cc3c(c(F)n2)Oc2ccc(-c4cccnc4F)cc2[C@@]32COC(N)=N2)cn1,Active
Cc1cc(-c2cc3c(c(F)n2)Oc2ccc(-c4cccnc4F)cc2[C@@]32COC(N)=N2)ccn1,Active
NC1=N[C@@]2(CO1)c1cc(-c3cccnc3F)ccc1Oc1c2cc(-c2cccnc2F)nc1F,Active
NC1=N[C@@]2(CO1)c1cc(-c3cccnc3F)ccc1Oc1c2cc(-c2ccc(F)nc2)nc1F,Active
NC1=N[C@@]2(CO1)c1cc(-c3cccnc3F)ccc1Oc1c2cc(-c2ccnc(F)c2)nc1F,Active
NC1=N[C@@]2(CO1)c1cc(-c3cccnc3F)ccc1Oc1c2cc(C2=COCCC2)nc1F,Active
NC1=N[C@@]2(CO1)c1cc(-c3cccnc3F)ccc1Oc1c2cc(C2=CCCCO2)nc1F,Active
NC1=N[C@@]2(CO1)c1cc(-c3ncccc3F)ccc1Oc1c2cc(C2=CCCOC2)nc1F,Active
NC1=N[C@@]2(CO1)c1cc(-c3cccnc3F)ccc1Oc1c2cc(C2=CCOCC2)nc1F,Active
NC1=N[C@@]2(CO1)c1cc(-c3cccnc3F)ccc1Oc1c2cc(C2CCCOC2)nc1F,Active
NC1=N[C@@]2(CO1)c1cc(-c3cccnc3F)ccc1Oc1c2cc(C2CCOCC2)nc1F,Active
NC1=N[C@@]2(CO1)c1cc(-c3cccnc3F)ccc1Oc1c2cc(N2CCOCC2)nc1F,Active
NC1=N[C@@]2(CO1)c1cc(-c3cccnc3F)ccc1Oc1c2cc(N2CCC(F)(F)CC2)nc1F,Active
NC1=N[C@@]2(CO1)c1cc(-c3cccnc3F)ccc1Oc1c2cc(N2CCC(F)(F)C2)nc1F,Active
NC1=N[C@@]2(CO1)c1cc(-c3cccnc3F)ccc1Oc1c2cc(N2CC[C@@H](F)C2)nc1F,Active
Cc1cc(-c2cc3c(c(F)n2)Oc2ccc(-c4cccnc4F)cc2[C@@]32COC(N)=N2)on1,Active
COC(=O)[C@@H](Cc1ccccc1)N(C)C(=O)[C@H](C)NC(=O)[C@H](CC(C)C)NC(=O)C[C@H](O)[C@H](Cc1ccccc1)NC(=O)[C@H](CCC(N)=O)N(C)C(=O)[C@@H](NC(=O)OCc1ccccc1)C(C)C,Moderate
COC(=O)[C@H](C)NC(=O)[C@H](CC(C)C)NC(=O)C[C@H](O)[C@H](Cc1ccccc1)NC(=O)[C@H](CCC(N)=O)N(C)C(=O)[C@@H](NC(=O)OCc1ccccc1)C(C)C,Moderate
COC(=O)[C@H](CC(C)C)NC(=O)C[C@H](O)[C@H](Cc1ccccc1)NC(=O)[C@H](CCC(N)=O)N(C)C(=O)[C@@H](NC(=O)OCc1ccccc1)C(C)C,Moderate
CCCN(CCC)C(=O)c1cccc(C(=O)N[C@@H](Cc2ccccc2)[C@@H](O)CC(=O)N[C@@H](CC(C)C)C(=O)N[C@@H](C)C(=O)N(C)[C@H](Cc2ccccc2)C(=O)OCc2ccccc2)c1,Moderate
CCCN(CCC)C(=O)c1cccc(C(=O)N[C@@H](Cc2ccccc2)[C@@H](O)CC(=O)N[C@@H](CC(C)C)C(=O)N[C@@H](C)C(=O)N(C)[C@H](Cc2ccccc2)C(=O)O)c1,Moderate
C[C@@]1(c2ccc3sccc3c2)CC(=O)N(Cc2cccc(C(=O)NCc3ccccc3)c2)C(=N)N1,Moderate
NC1=N[C@@]2(c3ccc(F)cc3F)CO[C@@H](C(F)F)C[C@H]2CS1,Moderate
NC1=N[C@@]2(c3ccc(F)cc3F)CO[C@@H](CF)C[C@H]2CS1,Moderate
C[C@@]1(c2ccc(F)cc2F)CCSC(N)=N1,Inactive
COC[C@H]1CSC(N)=N[C@]1(C)c1ccc(F)cc1F,Moderate
COC[C@@H]1CSC(N)=N[C@]1(C)c1ccc(F)cc1F,Inactive
NC1=N[C@@]2(c3ccc(F)cc3F)COC[C@H]2CS1,Moderate
NC1=N[C@@]2(c3ccc(F)cc3F)COCC[C@H]2CS1,Moderate
C[C@H]1C[C@H]2CSC(N)=N[C@@]2(c2ccc(F)cc2F)CO1,Moderate
COC[C@H]1C[C@H]2CSC(N)=N[C@@]2(c2ccc(F)cc2F)CO1,Moderate
CC[C@H]1C[C@H]2CSC(N)=N[C@@]2(c2ccc(F)cc2F)CO1,Moderate
NC1=N[C@@]2(c3ccc(F)cc3F)CO[C@@H](C3CC3)C[C@H]2CS1,Active
CC(C)C[C@H]1C[C@H]2CSC(N)=N[C@@]2(c2ccc(F)cc2F)CO1,Moderate
NC1=N[C@@]2(c3ccc(F)cc3F)CO[C@@H](c3ncco3)C[C@H]2CS1,Moderate
Cc1coc([C@H]2C[C@H]3CSC(N)=N[C@@]3(c3ccc(F)cc3F)CO2)n1,Active
Cc1cc([C@H]2C[C@H]3CSC(N)=N[C@@]3(c3ccc(F)cc3F)CO2)on1,Active
Cn1cc([C@H]2C[C@H]3CSC(N)=N[C@@]3(c3ccc(F)cc3F)CO2)cn1,Active
NC1=N[C@@]2(c3ccc(F)cc3F)CO[C@@H](c3cn[nH]c3)C[C@H]2CS1,Moderate
COC[C@H]1C[C@H]2[C@@H](C)SC(N)=N[C@@]2(c2ccc(F)cc2F)CO1,Moderate
Cc1coc([C@H]2C[C@H]3[C@@H](C)SC(N)=N[C@@]3(c3ccc(F)cc3F)CO2)n1,Active
Cc1cc([C@H]2C[C@H]3[C@@H](C)SC(N)=N[C@@]3(c3ccc(F)cc3F)CO2)on1,Active
C[C@H]1SC(N)=N[C@@]2(c3ccc(F)cc3F)CO[C@@H](c3cnn(C)c3)C[C@@H]12,Active
Cc1coc([C@H]2C[C@H]3[C@@H](CF)SC(N)=N[C@@]3(c3ccc(F)cc3F)CO2)n1,Active
Cc1cc([C@H]2C[C@H]3[C@@H](CF)SC(N)=N[C@@]3(c3ccc(F)cc3F)CO2)on1,Active
Cn1cc([C@H]2C[C@H]3[C@@H](CF)SC(N)=N[C@@]3(c3ccc(F)cc3F)CO2)cn1,Active
Cc1noc(C)c1[C@@H]1C[C@@H](c2cccc(-c3cncnc3)c2)N=C(N)S1,Moderate
Cc1noc(C)c1[C@@H]1C[C@@H](c2cc(-c3cncnc3)c(F)cc2F)N=C(N)S1,Moderate
Cc1noc(C)c1[C@@H]1C[C@@H](c2cc(-c3cccc(C#N)c3)cs2)N=C(N)S1,Moderate
CC#Cc1cncc(-c2csc([C@@H]3C[C@@H](c4c(C)noc4C)SC(N)=N3)c2)c1,Active
Cc1noc(C)c1[C@@H]1C[C@@H](c2cc(NC(=O)c3ccc(Br)cn3)ccc2F)N=C(N)S1,Active
Cc1noc(C)c1[C@@H]1C[C@@](C)(c2cc(-c3cncnc3)c(F)cc2F)N=C(N)S1,Active
CC#Cc1cncc(-c2cc(Cl)c([C@]3(C)C[C@@H](c4c(C)noc4C)SC(N)=N3)s2)c1,Active
Cc1noc(CC(C)(C)O)c1[C@@H]1C[C@@](C)(c2ccc(F)cc2F)N=C(N)S1,Moderate
Cc1noc(C)c1[C@@H]1C[C@@](C)(c2cc(-c3cccnc3C#N)c(F)cc2F)N=C(N)S1,Active
CC(C)C[C@H](NC(=O)[C@H](CC(N)=O)NC(=O)[C@@H](NC(=O)[C@@H](N)CCC(=O)O)C(C)C)[C@@H](O)CC(=O)N[C@H](C(=O)N[C@@H](C)C(=O)N[C@@H](CCC(=O)O)C(N)=O)C(C)C,Moderate
CC(=O)N[C@H](C(=O)N[C@@H](C)C(=O)N[C@@H](CC(C)C)[C@@H](O)CC(=O)N[C@H](C(=O)NCc1cccc(C(=O)O)c1)C(C)C)C(C)C,Moderate
CC(C)CNC(=O)[C@H](CCO)C[C@H](O)[C@H](Cc1ccccc1)NC(=O)C[C@H](NC(=O)CC(C)C)C(=O)O,Moderate
Cl.NC1=NC2CCC(NC(=O)c3cccc(Cl)c3)CC2CS1,Moderate
Cl.NC1=N[C@]23CC[C@H](NC(=O)c4cccc(Cl)c4)C[C@@H]2[C@@H](COC3)S1,Moderate
Cl.NC1=NC23CCC(NC(=O)c4cccc(Cl)c4)CC2(COC3)CS1,Inactive
NC1=NC2CCC(OC(=O)c3cccc(Cl)c3)CC2CS1.O=C(O)C(F)(F)F,Moderate
Cl.NC1=NC2CCC(NC(=O)c3ccc(F)cn3)CC2CS1,Inactive
Cl.NC1=NC2CCC(NC(=O)c3ccccc3)CC2CS1,Inactive
C[C@@]12CC[C@@H]3[C@](C)(CC[C@H](OC(=O)/C=C/c4ccc(O)cc4)[C@]3(C)C(=O)O)[C@H]1CC[C@H]1C(=CC[C@@H]3[C@]1(C)CC[C@@H](O)[C@]3(C)CO)C2,Moderate
CC1(C)C(=O)CC[C@@]2(C)[C@H]1CC[C@@]1(C)CC3=CC(=O)[C@H]4C(C)(C)[C@H](O)CC[C@]4(C)[C@H]3CC[C@@H]12,Moderate
COc1ccc(C(=O)O[C@H]2CC[C@@]3(C)[C@@H](CC[C@@]4(C)C[C@@]5(O)[C@H](CC[C@@H]43)[C@@]3(C)CC[C@@H](O)C(C)(C)[C@@H]3C[C@@H]5O)[C@@]2(C)C(=O)O)cc1O,Moderate
C[C@@]12CC[C@@H]3[C@](C)(CC[C@H](OC(=O)c4ccc(O)cc4)[C@]3(C)C(=O)O)[C@H]1CC[C@@H]1[C@@]3(C)CC[C@@H](O)[C@](C)(CO)[C@@H]3C[C@H](O)[C@@]1(O)C2,Moderate
CCCC[C@@H](O)/C=C/C=C/C(=O)O,Moderate
CC(C)C[C@H](NC(=O)[C@@H](N)CCC(=O)O)C(=O)N[C@@H](CC(=O)O)C(=O)N[C@@H](CC(C)C)[C@@H](O)C[C@@H](C)C(=O)N[C@H](C(=O)N[C@@H](Cc1ccccc1)C(=O)N[C@@H](Cc1ccccc1)C(=O)N[C@@H](C)C(=O)N[C@@H](CCC(=O)O)C(=O)N[C@@H](CC(=O)O)C(N)=O)C(C)C,Active
CC(C)C[C@H](NC(=O)[C@@H](N)CCC(=O)O)C(=O)N[C@@H](CC(=O)O)C(=O)N[C@@H](CC(C)C)[C@@H](O)C[C@@H](C)C(=O)N[C@H](C(=O)N[C@@H](Cc1ccccc1)C(=O)N[C@@H](Cc1ccc(O)cc1)C(=O)N[C@@H](C)C(=O)N[C@@H](CCC(=O)O)C(=O)N[C@@H](CC(=O)O)C(N)=O)C(C)C,Active
CC(=O)N[C@@H](CCC(=O)O)C(=O)N[C@@H](CC(C)C)C(=O)N[C@@H](CC(=O)O)C(=O)N[C@@H](CC(C)C)[C@@H](O)C[C@@H](C)C(=O)N[C@H](C(=O)N[C@@H](Cc1ccccc1)C(=O)N[C@@H](Cc1ccc(O)cc1)C(=O)N[C@@H](C)C(=O)N[C@@H](CCC(=O)O)C(=O)N[C@@H](CC(=O)O)C(N)=O)C(C)C,Active
CC(C)C[C@H](NC(=O)[C@@H](N)CCC(=O)O)C(=O)N[C@@H](CC(=O)O)C(=O)N[C@@H](CC(C)C)[C@@H](O)C[C@@H](C)C(=O)N[C@H](C(=O)N[C@@H](Cc1ccccc1)C(=O)N[C@@H](Cc1ccc(O)cc1)C(=O)N[C@@H](C)C(=O)N[C@@H](CCC(=O)O)C(=O)N[C@@H](CC(=O)O)C(=O)O)C(C)C,Active
CN(Cc1ccccc1)Cc1ccc(/C=C2\Cc3ccc(OCCCCCN4CCC(c5ccccc5)CC4)cc3C2=O)cc1,Inactive
CN(Cc1ccccc1)Cc1ccc(/C=C2\Cc3ccc(OCCCCCN4CCN(c5ccccc5)CC4)cc3C2=O)cc1,Inactive
CCOC(=O)C1(c2ccccc2)CCN(CCCCCOc2ccc3c(c2)C(=O)/C(=C/c2ccc(CN(C)Cc4ccccc4)cc2)C3)CC1,Moderate
CN(Cc1ccccc1)Cc1ccc(/C=C2\Cc3ccc(OCCCCCN4CCN(OC(=O)C(C)(C)C)CC4)cc3C2=O)cc1,Moderate
CN(Cc1ccccc1)Cc1ccc(/C=C2\Cc3ccc(OCCCCCN4CCN(C(c5ccc(F)cc5)c5ccc(F)cc5)CC4)cc3C2=O)cc1,Moderate
CN(Cc1ccccc1)Cc1ccc(/C=C2\Cc3ccc(OCCCCCN4CCC(=C(c5ccc(F)cc5)c5ccc(F)cc5)CC4)cc3C2=O)cc1,Moderate
CC(C)C[C@H](NC(=O)[C@@H]1CC(=O)NC/C=C/COC(=O)N[C@@H](C(C)C)C(=O)N1)[C@@H](O)C[C@@H](C)C(=O)N[C@H](C(=O)NCc1ccccc1)C(C)C,Active
CC(C)C[C@H](NC(=O)[C@@H]1CC(=O)NCCCCOC(=O)N[C@@H](C(C)C)C(=O)N1)[C@@H](O)C[C@@H](C)C(=O)N[C@H](C(=O)NCc1ccccc1)C(C)C,Moderate
CCC[C@H](NC(=O)[C@H](O)[C@H](Cc1cccs1)NC(=O)[C@H](Cc1cccs1)NC(=O)[C@@H](NC(=O)[C@@H](N)CCC(=O)O)[C@@H](C)CC)C(=O)O,Inactive
CCC[C@H](NC(=O)[C@H](O)[C@H](CC(C)C)NC(=O)[C@H](Cc1cccs1)NC(=O)[C@@H](NC(=O)[C@@H](N)CCC(=O)O)[C@@H](C)CC)C(=O)O,Inactive
CCC[C@H](NC(=O)[C@H](O)[C@H](CC1CCCCC1)NC(=O)[C@H](Cc1cccs1)NC(=O)[C@@H](NC(=O)[C@@H](N)CCC(=O)O)[C@@H](C)CC)C(=O)O,Inactive
CCC[C@H](NC(=O)[C@H](O)[C@H](Cc1ccccc1)NC(=O)[C@H](Cc1cccs1)NC(=O)[C@@H](NC(=O)[C@@H](N)CCC(=O)O)[C@@H](C)CC)C(=O)O,Inactive
CCC[C@H](NC[C@@H](O)[C@H](Cc1cccs1)NC(=O)[C@H](Cc1cccs1)NC(=O)[C@@H](NC(=O)[C@@H](N)CCC(=O)O)[C@@H](C)CC)C(=O)O,Moderate
CCC[C@H](NC[C@@H](O)[C@H](CC(C)C)NC(=O)[C@H](Cc1cccs1)NC(=O)[C@@H](NC(=O)[C@@H](N)CCC(=O)O)[C@@H](C)CC)C(=O)O,Inactive
CC(C)C[C@H](NCC(=O)[C@H](CC(N)=O)NC(=O)OC(C)(C)C)C(O)CC(C)C(=O)NC(C(=O)NCc1ccccc1)C(C)C,Moderate
Cc1ccc2nc(N)ccc2c1,Inactive
CC(C)C[C@H](NCC(=O)[C@H](CC(N)=O)NC(=O)OC(C)(C)C)C(O)CC(C)C(=O)NC(C)C(=O)NCc1ccccc1,Inactive
CSCCC(NC(=O)OC(C)(C)C)C(=O)N[C@@H](CC(C)C)C(O)CC(C)C(=O)N[C@H](C(=O)NCc1ccccc1)C(C)C,Active
CC(C)C[C@H](NC(=O)[C@@H]1CC(=O)NCCCCCOC(=O)N[C@@H](C(C)C)C(=O)N1)[C@@H](O)C[C@@H](C)C(=O)N[C@H](C(=O)NCc1ccccc1)C(C)C,Moderate
CC(C)C[C@H](NC(=O)[C@@H]1CC(=O)NC/C=C/CCOC(=O)N[C@@H](C(C)C)C(=O)N1)[C@@H](O)C[C@@H](C)C(=O)N[C@H](C(=O)NCc1ccccc1)C(C)C,Active
CC(C)C[C@H](NC(=O)[C@H](CS(C)(=O)=O)NC(=O)OC(C)(C)C)C(O)CC(C)C(=O)N[C@H](C(=O)NCc1ccccc1)C(C)C,Moderate
CC1(C)C=Cc2c(ccc(C(=O)/C=C/c3ccc(O)cc3)c2O)O1,Moderate
CC(C)C[C@H](NC(=O)[C@@H]1CC(=O)NCCCCCCOC(=O)N[C@@H](C(C)C)C(=O)N1)[C@@H](O)C[C@@H](C)C(=O)N[C@H](C(=O)NCc1ccccc1)C(C)C,Active
CC(=O)Nc1c(Cl)cc(CN/C(N)=N/C(=O)c2ccnn2-c2ccccc2)cc1Cl,Moderate
CC(=O)Nc1c(Cl)cc(CN/C(N)=N/C(=O)c2cccn2-c2ccccc2)cc1Cl,Moderate
CC(=O)Nc1c(Cl)cc(CN/C(N)=N/C(=O)[C@@H]2CCCN2c2ccccc2)cc1Cl,Moderate
CC(=O)Nc1c(Cl)cc(CN/C(N)=N/C(=O)[C@H]2CCCN2c2ccccc2)cc1Cl,Moderate
CC(=O)Nc1c(Cl)cc(CN/C(N)=N/C(=O)OCc2ccccc2)cc1Cl,Moderate
CC(=O)Nc1c(Cl)cc(CN/C(N)=N/C(=O)N[C@@H](C)c2ccccc2)cc1Cl,Moderate
COc1ccc(C2CCCN2C(=O)/N=C(\N)NCc2cc(Cl)c(NC(C)=O)c(Cl)c2)cc1,Moderate
CC(=O)Nc1c(Cl)cc(CN/C(N)=N/C(=O)N[C@H]2CCc3ccccc32)cc1Cl,Inactive
CC(=O)Nc1c(Cl)cc(CN/C(N)=N/C(=O)N[C@H]2CCCc3ccccc32)cc1Cl,Inactive
CC(=O)Nc1c(Cl)cc(CN/C(N)=N/C(=O)[C@@H]2CCCN2c2ccc(C)cc2)cc1Cl,Moderate
CC(=O)Nc1c(Cl)cc(CN/C(N)=N/C(=O)[C@@H]2CCCN2c2ccc(Cl)cc2)cc1Cl,Moderate
CC(=O)Nc1c(Cl)cc(CN/C(N)=N/C(=O)[C@@H]2CCCN2c2ccc(F)cc2)cc1Cl,Moderate
CC(=O)Nc1c(Cl)cc(CN/C(N)=N/C(=O)[C@@H]2CCCN2c2ccc(C(F)(F)F)cc2)cc1Cl,Moderate
COc1ccc(N2CCC[C@H]2C(=O)/N=C(\N)NCc2cc(Cl)c(NC(C)=O)c(Cl)c2)cc1,Moderate
COc1cccc(N2CCC[C@H]2C(=O)/N=C(\N)NCc2cc(Cl)c(NC(C)=O)c(Cl)c2)c1,Moderate
CC(=O)Nc1c(Cl)cc(CN/C(N)=N/C(=O)[C@@H]2C[C@H](O)CN2c2ccccc2)cc1Cl,Moderate
CC(=O)Nc1c(Cl)cc(CN/C(N)=N/C(=O)[C@@H]2C[C@@H](O)CN2c2ccccc2)cc1Cl,Moderate
CO[C@@H]1C[C@@H](C(=O)/N=C(\N)NCc2cc(Cl)c(NC(C)=O)c(Cl)c2)N(c2ccccc2)C1,Moderate
CC(=O)Nc1c(Cl)cc(CN/C(N)=N/C(=O)[C@@H]2C[C@H](c3ccccc3)CN2c2ccccc2)cc1Cl,Moderate
CC(=O)Nc1c(Cl)cc(CN/C(N)=N/C(=O)[C@@H]2C[C@H](Oc3ccccc3)CN2c2ccccc2)cc1Cl,Moderate
CC(=O)Nc1c(Cl)cc(CN/C(N)=N/C(=O)[C@@H]2C[C@H](OCc3ccccc3)CN2c2ccccc2)cc1Cl,Moderate
CC(=O)Nc1c(Cl)cc(CN/C(N)=N/C(=O)[C@@H]2C[C@@H](OCc3ccccc3)CN2c2ccccc2)cc1Cl,Moderate
CC(=O)Nc1c(Cl)cc(CN/C(N)=N/C(=O)C2[C@H]3CC[C@H](C3)N2c2ccccc2)cc1Cl,Moderate
CC(=O)Nc1c(Cl)cc(CN/C(N)=N/C(=O)C2CCCCN2c2ccccc2)cc1Cl,Moderate
CC(=O)Nc1c(Cl)cc(CN/C(N)=N/C(=O)C2C3CC3CN2c2ccccc2)cc1Cl,Moderate
COc1ccc(N2CCC[C@H]2C(=O)/N=C(\N)NCc2cc(Cl)c(NC(=O)CN(C)C)c(Cl)c2)cc1,Moderate
N/C1=N\C(=O)[C@@H]2CCCN2c2ccc(cc2)OC/C=C/CNCC(=O)Nc2c(Cl)cc(cc2Cl)CN1,Moderate
N/C1=N\C(=O)[C@@H]2CCCN2c2ccc(cc2)OC/C=C/CCNCC(=O)Nc2c(Cl)cc(cc2Cl)CN1,Moderate
N/C1=N\C(=O)[C@@H]2CCCN2c2ccc(cc2)OCCCCCNCC(=O)Nc2c(Cl)cc(cc2Cl)CN1,Active
N/C1=N\C(=O)[C@@H]2CCCN2c2ccc(cc2)OC/C=C/CCCNCC(=O)Nc2c(Cl)cc(cc2Cl)CN1,Active
N/C1=N\C(=O)[C@@H]2CCCN2c2ccc(cc2)OCCCCCCNCC(=O)Nc2c(Cl)cc(cc2Cl)CN1,Active
CC(C)C[C@H](NC(=O)[C@@H](N)CCC(=O)O)C(=O)N[C@@H](CC(=O)O)C(=O)N[C@@H](CC(C)C)C(=O)C(O)CN[C@@H](C)C(=O)N[C@H](C(=O)N[C@@H](CCC(=O)O)C(=O)N[C@@H](Cc1ccccc1)C(=O)O)C(C)C,Active
C[C@@]1(c2cccc(NC(=O)c3ccc(Cl)cn3)c2)COCC(N)=N1,Active
COc1cnc(C(=O)Nc2ccc(F)c([C@]3(C)COCC(N)=N3)c2)cn1,Active
COc1cnc(C(=O)Nc2ccc(F)c([C@@]3(C)N=C(N)CO[C@H]3F)c2)cn1,Active
COc1cnc(C(=O)Nc2ccc(F)c([C@@]3(C)N=C(N)CO[C@@H]3F)c2)cn1,Active
C[C@]1(c2cc(NC(=O)c3cnc(Cl)cn3)ccc2F)N=C(N)CO[C@@]1(F)C(F)(F)F,Active
C[C@]1(c2cc(NC(=O)c3cnc(Cl)cn3)ccc2F)N=C(N)CO[C@]1(F)C(F)(F)F,Moderate
C[C@]1(c2cc(NC(=O)c3cnc(Cl)cn3)ccc2F)N=C(N)CO[C@H]1C(F)(F)F,Active
C[C@]1(c2cc(NC(=O)c3cnc(Cl)cn3)ccc2F)N=C(N)CO[C@@H]1C(F)(F)F,Active
COc1cnc(C(=O)Nc2ccc(F)c([C@@]3(C4CC4)N=C(N)CO[C@@H]3F)c2)cn1,Moderate
COc1cnc(C(=O)Nc2ccnc([C@@]3(C)N=C(N)CO[C@@H]3F)c2)cn1,Moderate
COc1cnc(C(=O)Nc2cc([C@@]3(C)N=C(N)CO[C@@H]3F)ccn2)cn1,Moderate
C[C@]1(c2cc(NC(=O)c3ccc(Cl)cn3)ccc2F)N=C(N)CO[C@@H]1F,Active
Cc1cc(Cl)cnc1C(=O)Nc1ccc(F)c([C@@]2(C)N=C(N)CO[C@@H]2F)c1,Active
C[C@]1(c2cc(NC(=O)c3ccc(C#N)cn3)ccc2F)N=C(N)CO[C@@H]1F,Active
COCCCNC(=O)c1cc(NC(=O)Nc2cc(C(F)(F)F)cc(C(F)(F)F)c2)ccc1N(C)C,Moderate
CC(C)C[C@H](NC(=O)[C@H](CC(N)=O)NC(=O)[C@@H](NC(=O)[C@@H](N)CCC(=O)O)C(C)C)[C@@H](O)[C@@H]1CCC[C@H]1C(=O)N[C@@H](C)C(=O)N[C@@H](CCC(=O)O)C(=O)O,Active
C=Cc1cnc(C(=O)Nc2cccc([C@]3(C)CCSC(N)=N3)c2)cn1,Moderate
CC1CC=C(c2ccc3c(c2)C2(COC(N)=N2)C2(COC2)C(C)(C)O3)CC1,Moderate
N#Cc1ccc(C(=O)Nc2cccc(C3(C(F)F)COCC(N)=N3)c2)nc1,Moderate
NC1=N[C@@](c2cc(NC(=O)c3cnc(O)cn3)ccc2F)(C(F)F)COC1,Moderate
COC1CCC2(CC1)Cc1ccc(Br)cc1[C@]21N=C(C)C(N)=N1,Moderate
CN1OC2(N=C1N)c1cc(-c3ccc(F)c(Cl)c3)ccc1CC21CCc2ccccc2CC1,Active
CN1C(=O)C2(N=C1N)c1cc(-c3cccc(C#N)c3)ccc1O[C@]21CC[C@@H](OC(F)F)CC1,Moderate
CC1=NC2(N=C1N)c1cc(-c3cc(Cl)cc(C#N)c3)ccc1C[C@]21CC[C@@H](OC(F)F)CC1,Active
C[C@@]1(c2cc(NC(=O)c3ccc(Cl)cn3)ccc2F)C=CSC(N)=N1,Active
C=CC(=O)CC(=O)CC(c1ccc(O)cc1)c1ccc2cc[nH]c2c1,Moderate
C[C@]1(F)COC(N)=N[C@]1(C)c1cc(NC(=O)c2nn(CC(F)F)cc2Cl)ccc1F,Moderate
NC1=N[C@](c2cc(NC(=O)c3nn(C(F)F)cc3Cl)cc(F)c2F)(C(F)F)[C@@H]2C[C@@H]2O1,Inactive
Cc1cc(OCC#N)cnc1C(=O)Nc1ccc(F)c([C@@]2(C(F)F)N=C(N)O[C@@H]3C[C@@H]32)c1,Moderate
NC1=N[C@@](c2cc(NC(=O)c3ncc(Br)cc3C(F)F)ccc2F)(C(F)F)[C@H]2C[C@H]2O1,Active
N#Cc1cnc(C(=O)Nc2ccc(F)c([C@@]3(C(F)F)N=C(N)O[C@@H]4C[C@@H]43)c2)c(F)c1,Active
CN1C(=O)CC2(N=C1N)c1cc(-c3cccnc3F)ccc1Oc1c2cc(-c2ccnc(F)c2)nc1F,Active
Cc1cn2cc(-c3ccc4c(c3)C3(COC(N)=N3)C3(COC3)C3(CCC3)O4)ccc2n1,Inactive
COCCOc1ccc(C(=O)Nc2ccc(F)c([C@]3(C)CCSC(N)=N3)c2)nc1,Active
C[C@@]1(c2cccc(NC(=O)c3cnc(OCC4CCO4)cn3)c2)CCSC(N)=N1,Moderate
C[C@@]1(c2cccc(NC(=O)c3cnc(OCc4ccccc4)cn3)c2)CCSC(N)=N1,Active
C#CCCOc1cnc(C(=O)Nc2cccc([C@]3(C)CCSC(N)=N3)c2)cn1,Moderate
CC#CCCOc1cnc(C(=O)Nc2cccc([C@]3(C)CCSC(N)=N3)c2)cn1,Moderate
C=C(C)COc1cnc(C(=O)Nc2cccc([C@]3(C)CCSC(N)=N3)c2)cn1,Active
C[C@@]1(c2cccc(NC(=O)c3ccc(OCc4ccc(F)cc4)cn3)c2)CCSC(N)=N1,Moderate
C[C@@]1(c2cc(NC(=O)c3ccc(OCCO)cn3)ccc2F)CCSC(N)=N1,Moderate
COc1nc(Nc2ccc(F)c([C@]3(C)CCSC(N)=N3)c2)nc(OC)n1,Moderate
C[C@@]1(c2cc(NC(=O)c3cnc(-c4ccco4)cn3)ccc2F)CCSC(N)=N1,Moderate
Cc1ccc(NC(=O)c2cnc(Cl)cn2)cc1C1(C)CCSC(N)=N1,Moderate
C[C@@]1(c2cc(NC(=O)COc3ccccc3O)ccc2F)CCSC(N)=N1,Moderate
C[C@@]1(c2cc(NC(=O)CCc3cccc(N)c3)ccc2F)CCSC(N)=N1,Moderate
Cc1cc(SCC(=O)Nc2ccc(F)c([C@]3(C)CCSC(N)=N3)c2)nc(N)n1,Moderate
C[C@@]1(c2cc(NC(=O)CSc3nccc(O)n3)ccc2F)CCSC(N)=N1,Moderate
COCCOCCOc1cnc(C(=O)Nc2ccc(F)c([C@]3(C)CCSC(N)=N3)c2)cn1,Active
Cc1cn2cc(C(=O)Nc3ccc(F)c([C@]4(C)CCSC(N)=N4)c3)ncc2n1,Active
CC1(C)C[C@@](C)(c2cc(NC(=O)c3ncccc3F)ccn2)N=C(N)S1,Active
C[C@]1(c2cc(NC(=O)c3ncccc3F)ccc2F)N=C(N)SCC1(F)F,Moderate
Cc1cnc(C(=O)Nc2ccc(F)c([C@@]3(C)N=C(N)SCC3(F)F)c2)cn1,Moderate
Cc1nc(C(=O)Nc2ccc(F)c([C@@]3(C)N=C(N)SCC3(F)F)c2)co1,Active
CCCCc1ccc(C(=O)Nc2ccc(F)c([C@@]3(C)N=C(N)SCC3(F)F)c2)nc1,Moderate
C[C@@]1(c2cc(Nc3ncc4ccccn34)ccc2F)CCSC(N)=N1,Moderate
C[C@@]1(c2cc(NC(=O)c3coc(C(F)(F)F)n3)ccc2F)CCSC(N)=N1,Active
Cc1cnc(C(=O)Nc2ccc(F)c([C@@]3(C)N=C(N)SCC34CC4)c2)cn1,Active
COc1ncc(NC(=O)c2cnc(C)cn2)cc1[C@]1(C)CCSC(N)=N1,Active
COc1cnc(C(=O)Nc2ccc(F)c([C@@]3(C)N=C(N)SCC3=O)c2)cn1,Active
C[C@@]1(c2cc(NC(=O)c3cnc(NCC#N)cn3)ccc2F)CCSC(N)=N1,Moderate
C[C@@]1(c2cc(NC(=O)c3cnc(NCC(F)(F)F)cn3)ccc2F)CCSC(N)=N1,Moderate
CC1(c2cccc(/N=C(\NO)c3ncc(Cl)cc3Cl)c2)CCSC(N)=N1,Moderate
CCSc1cnc(C(=O)Nc2cccc([C@]3(C)CCSC(N)=N3)c2)cn1,Active
C[C@@]1(c2cc(NC(=O)CCc3ccc(O)c(O)c3)ccc2F)CCSC(N)=N1,Moderate
CCOc1nc(N2C[C@H]3C(=O)N(C)C(N)=N[C@@]3(c3ccccc3)C2)nc(C)c1F,Moderate
CCc1nc(N2C[C@H]3C(=O)N(C)C(N)=N[C@@]3(c3ccccc3)C2)nc(C)c1F,Moderate
CCc1nc(N2C[C@H]3C(=O)N(C)C(N)=N[C@@]3(c3ccccc3)C2)nc(OC)c1F,Active
Cc1nc(N2C[C@H]3C(=O)N(C)C(N)=N[C@@]3(c3ccccc3)C2)nc(C2CC2)c1Cl,Moderate
COc1nc(N2C[C@H]3C(=O)N(C)C(N)=N[C@@]3(c3cc(F)c(F)cc3F)C2)nc(C)c1F,Active
COc1nc(N2C[C@H]3C(=O)N(C)C(N)=N[C@@]3(c3cc(F)ccc3F)C2)nc(OC)c1F,Active
COc1nc(N2C[C@H]3C(=O)N(C)C(N)=N[C@@]3(c3ccc(F)cc3F)C2)nc(OC)c1F,Active
COc1nc(N2C[C@H]3C(=O)N(C)C(N)=N[C@@]3(c3c(F)cccc3F)C2)nc(C)c1F,Active
COc1nc(N2C[C@H]3C(=O)N(C)C(N)=N[C@@]3(c3ccccc3)C2)nc(C)c1F,Active
COc1nc(N2C[C@H]3C(=O)N(C)C(N)=N[C@@]3(c3c(F)cc(F)cc3F)C2)nc(C)c1F,Active
Cc1nc(N2C[C@H]3C(=O)N(C)C(N)=N[C@@]3(c3cccc(C#N)c3)C2)nc(C2CC2)c1F,Active
COc1nc(N2C[C@H]3C(=O)N(C)C(N)=N[C@@]3(c3ccccc3F)C2)nc(C)c1F,Active
COc1nc(N2C[C@H]3C(=O)N(C)C(N)=N[C@@]3(c3ccc(F)cc3)C2)nc(C)c1F,Active
COc1nc(N2C[C@H]3C(=O)N(C)C(N)=N[C@@]3(c3ccccc3F)C2)nc(C)c1Cl,Active
COc1nc(N2C[C@H]3C(=O)N(C)C(N)=N[C@@]3(c3ccc(F)cc3F)C2)nc(C2CC2)c1Cl,Active
COc1nc(N2C[C@H]3C(=O)N(C)C(N)=N[C@@]3(c3ccc(F)cc3Cl)C2)nc(C)c1F,Active
COc1nc(N2C[C@H]3C(=O)N(C)C(N)=N[C@@]3(c3ccc(F)cc3)C2)nc(C2CC2)c1F,Active
CCc1nc(N2C[C@H]3C(=O)N(C)C(N)=N[C@@]3(c3cc(F)c(F)cc3F)C2)nc(OC)c1F,Active
Cc1nc(N2C[C@H]3C(=O)N(C)C(N)=N[C@@]3(c3ccccc3)C2)nc(C)c1F,Moderate
CCOc1nc(N2C[C@H]3C(=O)N(C)C(N)=N[C@@]3(c3ccccc3)C2)nc(OC)c1F,Moderate
Cc1nc(N2C[C@H]3C(=O)N(C)C(N)=N[C@@]3(c3ccccc3)C2)nc(C2CC2)c1F,Moderate
CCc1nc(N2C[C@H]3C(=O)N(C)C(N)=N[C@@]3(c3ccccc3)C2)nc(C2CC2)c1Cl,Moderate
COc1nc(N2C[C@H]3C(=O)N(C)C(N)=N[C@@]3(c3ccc(F)cc3)C2)nc(OC)c1F,Active
Cc1nc(N2C[C@H]3C(=O)N(C)C(N)=N[C@@]3(c3ccc(F)cc3)C2)nc(C)c1F,Active
COc1nc(N2C[C@H]3C(=O)N(C)C(N)=N[C@@]3(c3c(F)cc(F)c(F)c3F)C2)nc(C)c1F,Active
CCc1nc(N2C[C@H]3C(=O)N(C)C(N)=N[C@@]3(c3ccc(F)cc3)C2)nc(OC)c1F,Active
CCc1nc(N2C[C@H]3C(=O)N(C)C(N)=N[C@@]3(c3cc(F)ccc3F)C2)nc(OC)c1F,Active
CCc1nc(N2C[C@H]3C(=O)N(C)C(N)=N[C@@]3(c3ccc(F)cc3F)C2)nc(OC)c1F,Active
COc1nc(N2C[C@H]3C(=O)N(C)C(N)=N[C@@]3(c3cccc(Cl)c3)C2)nc(C)c1F,Active
COc1nc(N2C[C@H]3C(=O)N(C)C(N)=N[C@@]3(c3cc(F)ccc3F)C2)nc(C2CC2)c1F,Active
COc1nc(N2C[C@H]3C(=O)N(C)C(N)=N[C@@]3(c3cc(F)ccc3F)C2)nc(C2CC2)c1Cl,Active
COc1nc(N2C[C@H]3C(=O)N(C)C(N)=N[C@@]3(c3cccc(C#N)c3)C2)nc(C)c1F,Active
Cc1nc(N2C[C@H]3C(=O)N(C)C(N)=N[C@@]3(c3cc(F)ccc3F)C2)nc(C2CC2)c1F,Active
COc1nc(N2C[C@H]3C(=O)N(C)C(N)=N[C@@]3(c3ccc(F)cc3F)C2)nc(C2CC2)c1F,Active
COc1nc(N2C[C@H]3C(=O)N(C)C(N)=N[C@@]3(c3ccc(F)c(Cl)c3F)C2)nc(C)c1F,Active
COc1nc(N2C[C@H]3C(=O)N(C)C(N)=N[C@@]3(c3c(F)ccc(F)c3F)C2)nc(C)c1F,Moderate
COc1nc(N2C[C@H]3C(=O)N(C)C(N)=N[C@@]3(c3ccc(F)cc3F)C2)nc(C(F)(F)F)c1F,Active
COc1nc(N2C[C@H]3C(=O)N(C)C(N)=N[C@@]3(c3ccc(F)cc3F)C2)nc(C(C)(F)F)c1F,Active
COc1nc(N2C[C@H]3C(=O)N(C)C(N)=N[C@@]3(c3ccc(F)cc3F)C2)nc(CO)c1F,Active
COc1nc(N2C[C@H]3C(=O)N(C)C(=N)N[C@@]3(c3ccc(F)cc3F)C2)nc(C)c1F,Active
COc1nc(N2C[C@H]3C(=O)N(C)C(=N)N[C@@]3(c3cc(F)ccc3Cl)C2)nc(C)c1F,Active
COc1nc(N2C[C@H]3C(=O)N(C)C(=N)N[C@@]3(c3cc(Cl)ccc3F)C2)nc(C)c1F,Active
CC1(c2cccc(/C=C/c3ccc(Cl)cc3)c2)CCSC(N)=N1,Moderate
CC1(c2cc(Br)cc(NC(=O)c3ccc(Cl)cn3)c2)CCSC(N)=N1,Active
CC1(c2cccc(OCC(=O)Nc3ccc(Cl)cc3)c2)CCSC(N)=N1,Moderate
CC1(c2cccc(OCC(=O)Nc3cccc(O)c3)c2)CCSC(N)=N1,Moderate
CCOC(=O)/C=C/c1cccc(C2(C)CCSC(N)=N2)c1,Moderate
Cc1cc(C(=O)Nc2cc(Br)cc(C3(C)CCSC(N)=N3)c2)c(C)o1,Moderate
CC1(c2cc(Br)cc(NC(=O)c3cccs3)c2)CCSC(N)=N1,Moderate
CC1(c2cccc(/C=C/C(=O)Nc3ccc(Cl)cn3)c2)CCSC(N)=N1,Moderate
CC1(c2cc(Br)cc(NC(=O)c3nc4ccccc4s3)c2)CCSC(N)=N1,Moderate
CC1(c2cccc(/C=C/c3ccc(Cl)cn3)c2)CCSC(N)=N1,Moderate
Cc1ccc(NC(=O)COc2cccc(C3(C)CCSC(N)=N3)c2)cc1O,Moderate
CC1(c2cccc(NCc3ccc(Cl)cc3)c2)CCSC(N)=N1,Moderate
CC1(c2cc(Br)cc(NC(=O)c3ccco3)c2)CCSC(N)=N1,Moderate
CC1(c2ccc(F)c(NC(=O)c3ccc4ccccc4n3)c2)CCSC(N)=N1,Moderate
CC1(c2cc(NC(=O)c3ccc(C(F)(F)F)cn3)cc(C(F)(F)F)c2)CCSC(N)=N1,Moderate
CC1(c2cc(NC(=O)c3cc4cc(F)ccc4[nH]3)ccc2F)CCSC(N)=N1,Moderate
CC1(c2cccc(/C=C/C(=O)Nc3ccc(Cl)cc3)c2)CCSC(N)=N1,Moderate
Cc1ccc(NC(=O)COc2cccc(C3(C)CCSC(N)=N3)c2)cc1F,Moderate
CC1(c2cccc(OCCCc3ccccc3)c2)CCSC(N)=N1,Moderate
CC1(c2cc(Br)cc(NC(=O)c3ccno3)c2)CCSC(N)=N1,Moderate
CC1(c2cc(Br)cc(NC(=O)c3ccccn3)c2)CCSC(N)=N1,Moderate
CC1(c2cccc(OCC(=O)Nc3ccc(F)cc3)c2)CCSC(N)=N1,Moderate
CCOC(=O)/C(F)=C/c1cccc(C2(C)CCSC(N)=N2)c1,Moderate
CC1(c2cccc(OCCCc3ccc(Cl)cc3)c2)CCSC(N)=N1,Moderate
CC1(c2cc(Br)cc(NC(=O)c3ccc(Br)cc3)c2)CCSC(N)=N1,Moderate
CC1(c2cccc(C(=O)Nc3ccc(Cl)cn3)c2)CCSC(N)=N1,Moderate
CC1(c2cc(Br)cc(NC(=O)c3cc4ccccc4s3)c2)CCSC(N)=N1,Moderate
CC1(c2cc(NC(=O)c3ccc(Cl)cn3)cc(C(F)(F)F)c2)CCSC(N)=N1,Moderate
CC1(c2cccc(NC(=O)c3ccc(Cl)cn3)c2)CCSC(N)=N1,Active
CC1(c2cccc(NC(=O)c3ccc(Cl)cc3Cl)c2)CCSC(N)=N1,Moderate
CC1(c2cccc(NC(=O)c3ccc(C#N)cc3)c2)CCSC(N)=N1,Moderate
CC1(c2cccc(NC(=O)c3ccc(C(F)(F)F)cc3)c2)CCSC(N)=N1,Moderate
COCc1cc(NC(=O)c2ccc(C)cc2)cc(C2(C)CCSC(N)=N2)c1,Moderate
COCc1cc(NC(=O)c2ccc(Br)cc2)cc(C2(C)CCSC(N)=N2)c1,Moderate
COCc1cc(NC(=O)c2ccc(Cl)cc2)cc(C2(C)CCSC(N)=N2)c1,Moderate
COCc1cc(NC(=O)c2ccc(F)cc2)cc(C2(C)CCSC(N)=N2)c1,Moderate
COCc1cc(NC(=O)c2ccc(C(F)(F)F)cc2)cc(C2(C)CCSC(N)=N2)c1,Moderate
COCc1cc(NC(=O)c2ccc(OC(F)(F)F)cc2)cc(C2(C)CCSC(N)=N2)c1,Moderate
COCc1cc(NC(=O)c2ccco2)cc(C2(C)CCSC(N)=N2)c1,Moderate
COCc1cc(NC(=O)c2ccc(Cl)cn2)cc(C2(C)CCSC(N)=N2)c1,Moderate
CC1(c2cccc(NC(=O)c3nc4ccccc4s3)c2)CCSC(N)=N1,Moderate
CC1(c2cccc(NC(=O)c3ccc(F)cn3)c2)CCSC(N)=N1,Moderate
CC1(c2cc(NC(=O)c3ccco3)cc(C(F)(F)F)c2)CCSC(N)=N1,Moderate
CC1(c2cccc(NC(=O)c3ccc(C(F)(F)F)cn3)c2)CCSC(N)=N1,Moderate
CSCC[C@H](NC(=O)[C@H](CC(C)C)NC(C)=O)C(=O)N[C@@H](CC(C)C)[C@@H](O)[C@@H]1CCC[C@H]1C(=O)N[C@H](C(=O)O)C(C)C,Moderate
Cc1cc(C(=O)Nc2cccc([C@]3(C)CCSC(N)=N3)c2)c(C)o1,Active
Cc1cc(C(=O)Nc2cccc([C@]3(C)CCSC(N)=N3)c2)c(C)s1,Moderate
Cc1nc(C)c(C(=O)Nc2ccc(F)c([C@]3(C)CCSC(N)=N3)c2)s1,Moderate
C/C=C/COc1ccc(C(=O)Nc2cccc([C@]3(C)CCSC(N)=N3)c2)nc1,Active
CSc1ccc(C(=O)Nc2ccc(F)c([C@]3(C)CCSC(N)=N3)c2)s1,Moderate
C[C@@]1(c2cc(NC(=O)c3ccc(Br)s3)ccc2F)CCSC(N)=N1,Moderate
COCCOc1cnc(C(=O)Nc2cccc(C3(C)CCSC(N)=N3)c2)cn1,Moderate
CC#CC(=O)Nc1cccc([C@]2(C)CCSC(N)=N2)c1,Moderate
COCCOc1cnc(C(=O)Nc2cccc([C@]3(C)CCSC(N)=N3)c2)cn1,Active
CCCCOc1cnc(C(=O)Nc2cccc(C3(C)CCSC(N)=N3)c2)cn1,Moderate
CCCOc1cnc(C(=O)Nc2cccc([C@]3(C)CCSC(N)=N3)c2)cn1,Moderate
CSCCOc1cnc(C(=O)Nc2cccc([C@]3(C)CCSC(N)=N3)c2)cn1,Moderate
C=CCCOc1cnc(C(=O)Nc2cccc([C@]3(C)CCSC(N)=N3)c2)cn1,Moderate
CC(C)COc1cnc(C(=O)Nc2cccc([C@]3(C)CCSC(N)=N3)c2)cn1,Active
C[C@@]1(c2cccc(NC(=O)c3cnc(OCC(F)F)cn3)c2)CCSC(N)=N1,Active
C[C@@H](NC(=O)c1ccc(C2(C)CCSC(N)=N2)s1)c1ccccc1,Moderate
CC1(c2cc(Cl)cc(NC(=O)c3ccc(Br)cc3)c2)CCSC(N)=N1,Moderate
CC1(c2cc(Cl)cc(NC(=O)c3nc4ccccc4s3)c2)CCSC(N)=N1,Moderate
CC1(c2cc(Cl)cc(NC(=O)c3ccco3)c2)CCSC(N)=N1,Moderate
CC1(c2cc(Cl)cc(NC(=O)c3ccc(Cl)cn3)c2)CCSC(N)=N1,Active
CC1(c2cc(Cl)cc(NC(=O)c3cc4ccccc4s3)c2)CCSC(N)=N1,Moderate
CC1(c2cccc(NC(=O)c3ccc(Br)cn3)c2)CCSC(N)=N1,Active
NC1=NC(c2cccc(NC(=O)c3ccc(Cl)cn3)c2)CCS1,Moderate
Cc1cc(C)c(C(=O)Nc2cc(Br)cc(C3(C)CCSC(N)=N3)c2)o1,Moderate
CC1(c2cc(NC(=O)c3ccc(Cl)cn3)ccc2F)CCSC(N)=N1,Active
CC1(c2cc(NC(=O)c3ccc(Cl)cn3)ccc2Cl)CCSC(N)=N1,Active
CC1(c2cccc(NC(=O)c3ccc(C(N)=O)cn3)c2)CCSC(N)=N1,Moderate
CC1(c2cccc(NC(=O)c3ncc(Cl)cc3Cl)c2)CCSC(N)=N1,Active
Cc1cnc(C(=O)Nc2cccc(C3(C)CCSC(N)=N3)c2)cn1,Moderate
CC(C)Oc1cc(NC(=O)c2ccc(Cl)cn2)cc(C2(C)CCSC(N)=N2)c1,Moderate
COc1cc(NC(=O)c2ccc(Cl)cn2)cc(C2(C)CCSC(N)=N2)c1,Moderate
CSCC(NC(=O)[C@@H](NC(=O)OC(C)(C)C)C(C)C)C(=O)N[C@@H](CC(C)C)C(O)CC(C)C(=O)N[C@H](C(=O)NCc1ccccc1)C(C)C,Active
CCCCNC(=O)[C@@H](NC(=O)[C@@H]1OCC[C@H]1[C@H](O)[C@H](CC(C)C)NC(=O)[C@H](CCSC)NC(=O)[C@H](CC(C)C)NC(C)=O)C(C)C,Moderate
COC(C)(C)C1CCCCN1C(=O)[C@@H]1CNCC12CCCc1ccccc12,Inactive
O=C([C@@H]1CNC[C@]12CCc1cc(Br)ccc12)N1CCC(c2ccccc2)CC1,Inactive
NC1=N[C@@]2(c3ccc(F)cc3F)CO[C@@H](c3nc4ccncc4o3)C[C@H]2CS1,Moderate
NC1=N[C@@]2(c3ccc(F)cc3F)CO[C@@H](c3cncnc3)C[C@H]2CS1,Moderate
COc1cc([C@H]2C[C@H]3CSC(N)=N[C@@]3(c3ccc(F)cc3F)CO2)ccn1,Moderate
COc1cncc([C@H]2C[C@H]3CSC(N)=N[C@@]3(c3ccc(F)cc3F)CO2)c1,Moderate
Cc1cc([C@H]2C[C@H]3CSC(N)=N[C@@]3(c3ccc(F)cc3F)CO2)ccn1,Moderate
NC1=N[C@@]2(c3ccc(F)cc3F)CO[C@@H](c3ccc4nccn4c3)C[C@H]2CS1,Moderate
NC1=N[C@@]2(c3ccc(F)cc3F)CO[C@@H](c3cncc(F)c3)C[C@H]2CS1,Active
Cn1nc([C@H]2C[C@H]3CSC(N)=N[C@@]3(c3ccc(F)cc3F)CO2)cc1F,Active
NC1=N[C@@]2(c3ccc(F)cc3F)CO[C@@H](c3ccc(F)cn3)C[C@H]2CS1,Moderate
Cn1cc([C@H]2C[C@H]3CSC(N)=N[C@@]3(c3ccc(F)cc3F)CO2)ccc1=O,Moderate
NC1=N[C@@]2(c3ccc(F)cc3F)CO[C@@H](c3cn4cccnc4n3)C[C@H]2CS1,Moderate
NC1=N[C@@]2(c3ccc(F)cc3F)CO[C@@H](c3cnn(CC(F)(F)F)c3)C[C@H]2CS1,Active
Cc1nc([C@H]2C[C@H]3CSC(N)=N[C@@]3(c3ccc(F)cc3F)CO2)no1,Moderate
Cc1ccc([C@H]2C[C@H]3CSC(N)=N[C@@]3(c3ccc(F)cc3F)CO2)cn1,Moderate
Cn1cc(F)c([C@H]2C[C@H]3CSC(N)=N[C@@]3(c3ccc(F)cc3F)CO2)n1,Moderate
NC1=N[C@@]2(c3ccc(F)cc3F)CO[C@@H](c3nc4cnccc4o3)C[C@H]2CS1,Moderate
COc1cnc([C@H]2C[C@H]3CSC(N)=N[C@@]3(c3ccc(F)cc3F)CO2)nc1,Moderate
Cn1ncc([C@H]2C[C@H]3CSC(N)=N[C@@]3(c3ccc(F)cc3F)CO2)n1,Moderate
NC1=N[C@@]2(c3ccc(F)cc3F)CO[C@@H](c3nc(C(F)F)co3)C[C@H]2CS1,Moderate
Cc1ncc([C@H]2C[C@H]3CSC(N)=N[C@@]3(c3ccc(F)cc3F)CO2)cn1,Moderate
Cn1cc([C@H]2C[C@H]3CSC(N)=N[C@@]3(c3ccc(F)cc3F)CO2)nn1,Moderate
N#Cc1coc([C@H]2C[C@H]3CSC(N)=N[C@@]3(c3ccc(F)cc3F)CO2)n1,Moderate
Cc1cnc([C@H]2C[C@H]3CSC(N)=N[C@@]3(c3ccc(F)cc3F)CO2)cn1,Moderate
Cc1cnc([C@@H]2C[C@@H]3CSC(N)=N[C@]3(c3ccc(F)cc3F)CO2)cn1,Inactive
CCOc1cc([C@H]2C[C@H]3CSC(N)=N[C@@]3(c3ccc(F)cc3F)CO2)nn1C,Moderate
NC1=NC2(CO1)c1cc(-c3ccccc3F)ccc1OC1(CCC1)C21COC1,Moderate
NC1=NC2(CO1)c1cc(-c3cccc(F)c3)ccc1OC1(CCC1)C21COC1,Moderate
COc1cccc(-c2ccc3c(c2)C2(COC(N)=N2)C2(COC2)C2(CCC2)O3)c1,Moderate
Cc1cccc(-c2ccc3c(c2)C2(COC(N)=N2)C2(COC2)C2(CCC2)O3)c1,Moderate
N#Cc1cccc(-c2ccc3c(c2)C2(COC(N)=N2)C2(COC2)C2(CCC2)O3)c1,Moderate
CCOc1cc(-c2ccc3c(c2)C2(COC(N)=N2)C2(COC2)C2(CCC2)O3)cc(C(F)(F)F)c1,Moderate
NC1=NC2(CO1)c1cc(-c3cc(F)ccc3F)ccc1OC1(CCC1)C21COC1,Moderate
CCOc1cccc(-c2ccc3c(c2)C2(COC(N)=N2)C2(COC2)C2(CCC2)O3)c1,Moderate
N#C/C=C/c1cccc(-c2ccc3c(c2)C2(COC(N)=N2)C2(COC2)C2(CCC2)O3)c1,Moderate
CCOc1cc(F)cc(-c2ccc3c(c2)C2(COC(N)=N2)C2(COC2)C2(CCC2)O3)c1,Moderate
N#Cc1cc(-c2ccc3c(c2)C2(COC(N)=N2)C2(COC2)C2(CCC2)O3)ccc1F,Moderate
NC1=NC2(CO1)c1cc(C3=CCCCC3)ccc1OC1(CCC1)C21COC1,Moderate
COc1ccc(F)c(-c2ccc3c(c2)C2(COC(N)=N2)C2(COC2)C2(CCC2)O3)c1,Moderate
COc1cccc(-c2ccc3c(c2)C2(COC(N)=N2)C2(COC2)C2(CCC2)O3)c1F,Moderate
NC1=NC2(CO1)c1cc(-c3cccc(F)c3F)ccc1OC1(CCC1)C21COC1,Moderate
CC1(C)Oc2ccc(-c3cccc(Cl)c3)cc2C2(COC(N)=N2)C12COC2,Moderate
CC1(C)Oc2ccc(-c3cccc(C4CC4)c3)cc2C2(COC(N)=N2)C12COC2,Moderate
CC1(C)Oc2ccc(-c3cccc(C(F)(F)F)c3)cc2C2(COC(N)=N2)C12COC2,Moderate
COc1cccc(-c2ccc3c(c2)C2(COC(N)=N2)C2(COC2)C(C)(C)O3)c1,Moderate
CC1(C)Oc2ccc(-c3cccc(OCC(F)(F)F)c3)cc2C2(COC(N)=N2)C12COC2,Moderate
CCOc1cccc(-c2ccc3c(c2)C2(COC(N)=N2)C2(COC2)C(C)(C)O3)c1,Moderate
CCSc1cccc(-c2ccc3c(c2)C2(COC(N)=N2)C2(COC2)C(C)(C)O3)c1,Moderate
CC1(C)Oc2ccc(-c3cc(F)cc(Cl)c3)cc2C2(COC(N)=N2)C12COC2,Moderate
CC1(C)Oc2ccc(-c3cc(F)cc(F)c3)cc2C2(COC(N)=N2)C12COC2,Moderate
Cc1cc(F)cc(-c2ccc3c(c2)C2(COC(N)=N2)C2(COC2)C(C)(C)O3)c1,Moderate
CC1(C)Oc2ccc(-c3cc(F)ccn3)cc2C2(COC(N)=N2)C12COC2,Moderate
CC1(C)Oc2ccc(-c3cncc(Cl)n3)cc2C2(COC(N)=N2)C12COC2,Moderate
Cc1cnc(Cl)c(-c2ccc3c(c2)C2(COC(N)=N2)C2(COC2)C(C)(C)O3)c1,Moderate
CC1(C)Oc2ccc(-c3cc(Cl)cnc3Cl)cc2C2(COC(N)=N2)C12COC2,Moderate
CC1(C)Oc2ccc(-c3cc(F)cnc3Cl)cc2C2(COC(N)=N2)C12COC2,Moderate
CC1(C)Oc2ccc(-c3cc(Cl)cnc3F)cc2C2(COC(N)=N2)C12COC2,Active
COc1ncc(Cl)cc1-c1ccc2c(c1)C1(COC(N)=N1)C1(COC1)C(C)(C)O2,Moderate
CC1(C)Oc2ccc(-c3cccnc3Cl)cc2C2(COC(N)=N2)C12COC2,Moderate
Cc1cc(-c2ccc3c(c2)C2(COC(N)=N2)C2(COC2)C(C)(C)O3)cnc1F,Moderate
CC1(C)Oc2ccc(-c3cc(F)ncc3Cl)cc2C2(COC(N)=N2)C12COC2,Moderate
CC1(C)Oc2ccc(-c3ccnc(Cl)c3Cl)cc2C2(COC(N)=N2)C12COC2,Moderate
CC1(C)Oc2ccc(-c3cncc(C#N)c3)cc2C2(COC(N)=N2)C12COC2,Moderate
COc1cc(-c2ccc3c(c2)C2(COC(N)=N2)C2(COC2)C(C)(C)O3)c(F)cn1,Moderate
COc1cc(-c2ccc3c(c2)C2(COC(N)=N2)C2(COC2)C(C)(C)O3)c(Cl)cn1,Moderate
CC1(C)Oc2ccc(-c3ccnc(Cl)c3)cc2C2(COC(N)=N2)C12COC2,Moderate
COc1cc(-c2ccc3c(c2)C2(COC(N)=N2)C2(COC2)C(C)(C)O3)ccn1,Moderate
CC1(C)Oc2ccc(C3=CCCCCC3)cc2C2(COC(N)=N2)C12COC2,Moderate
CCC/C=C/c1ccc2c(c1)C1(COC(N)=N1)C1(COC1)C(C)(C)O2,Moderate
CC1(C)Oc2ccc(-c3cnc4[nH]ccc4c3)cc2C2(COC(N)=N2)C12COC2,Moderate
CC1(C)Oc2ccc(-c3cc(O)cc(F)c3)cc2C2(COC(N)=N2)C12COC2,Moderate
CC1(C)Oc2ccc(-c3cc(C#N)ccc3F)cc2C2(COC(N)=N2)C12COC2,Moderate
CNC(=O)c1cc(F)cc(-c2ccc3c(c2)C2(COC(N)=N2)C2(COC2)C(C)(C)O3)c1,Moderate
CCC1CC=C(c2ccc3c(c2)C2(COC(N)=N2)C2(COC2)C(C)(C)O3)CC1,Moderate
CC1(C)Oc2ccc(-c3cncc(Cl)c3)cc2C2(COC(N)=N2)C12COC2,Moderate
CC1(C)Oc2ccc(-c3ccc4[nH]ccc4c3)cc2C2(COC(N)=N2)C12COC2,Moderate
CC1(C)Oc2ccc(-c3cccc4cc[nH]c34)cc2C2(COC(N)=N2)C12COC2,Moderate
CC1(C)Oc2ccc(-c3cccc4[nH]ncc34)cc2C2(COC(N)=N2)C12COC2,Moderate
CC1(C)Oc2ccc(-c3ccc4[nH]ncc4c3)cc2C2(COC(N)=N2)C12COC2,Moderate
CC1(C)Oc2ccc(-c3ccc4nonc4c3)cc2C2(COC(N)=N2)C12COC2,Moderate
CC1(C)Oc2ccc(-c3cccc4cccnc34)cc2C2(COC(N)=N2)C12COC2,Moderate
CC1(C)Oc2ccc(-c3cccc4cnccc34)cc2C2(COC(N)=N2)C12COC2,Moderate
COC/C=C/c1ccc2c(c1)C1(COC(N)=N1)C1(COC1)C(C)(C)O2,Moderate
CC1(C)Oc2ccc(-c3ccc4c(c3)OCO4)cc2C2(COC(N)=N2)C12COC2,Moderate
CC1(C)Oc2ccc(-c3cccc(OC(F)(F)F)c3)cc2C2(COC(N)=N2)C12COC2,Moderate
CC1(C)Oc2ccc(-c3ccccc3OC(F)(F)F)cc2C2(COC(N)=N2)C12COC2,Moderate
CC1(C)Oc2ccc(-c3c(F)ccc(F)c3F)cc2C2(COC(N)=N2)C12COC2,Moderate
CC1(C)Oc2ccc(-c3cccc4[nH]ccc34)cc2C2(COC(N)=N2)C12COC2,Moderate
CC1(C)Oc2ccc(-c3ccc(OC(F)F)cc3)cc2C2(COC(N)=N2)C12COC2,Moderate
NC1=NC2(CO1)c1cc(Br)ccc1OCC21CC(F)(F)C1,Inactive
NC1=NC2(CO1)c1cc(NC(=O)c3ncc(Br)cn3)ccc1OCC21CC1,Moderate
CC1(C)Oc2ccc(NC(=O)c3ncc(Br)cn3)cc2C2(COC(N)=N2)C12COC2,Active
Cc1cc(C#N)cnc1C(=O)Nc1ccc2c(c1)C1(COC(N)=N1)C1(CC1)CO2,Moderate
N#Cc1cnc(C(=O)Nc2ccc3c(c2)C2(COC(N)=N2)C2(CC2)CO3)c(Cl)c1,Moderate
COc1cnc(C(=O)Nc2ccc3c(c2)C2(COC(N)=N2)C2(CC2)CO3)cn1,Moderate
Cc1cc(Cl)cnc1C(=O)Nc1ccc2c(c1)C1(COC(N)=N1)C1(CC1)CO2,Moderate
Cc1cc(Cl)cnc1C(=O)Nc1ccc2c(c1)C1(COC(N)=N1)C1(COC1)C(C)(C)O2,Active
N#Cc1ccc(C(=O)Nc2ccc3c(c2)C2(COC(N)=N2)C2(CC2)CO3)nc1,Moderate
CC1(C)Oc2ccc(NC(=O)c3ccc(C#N)cn3)cc2C2(COC(N)=N2)C12COC2,Active
NC1=NC2(c3cc(-c4cncnc4)ccc3OCC23CC3)C(F)(F)CS1,Inactive
NC1=NC2(c3cc(-c4cncnc4)ccc3OCC23CC3)c2cccc(F)c21,Moderate
NC1=NC2(CO1)c1cc(-c3cncnc3)ccc1OC(Cc1ccccc1)C21COC1,Moderate
CC#Cc1cncc(-c2ccc3c(c2)C2(COC(N)=N2)C2(COC2)C(Cc2ccccc2)O3)c1,Active
NC1=NC2(CO1)c1cc(-c3cncnc3)ccc1OC(CC1CC1)C21COC1,Moderate
CC#Cc1cncc(-c2ccc3c(c2)C2(COC(N)=N2)C2(COC2)C(CC2CC2)O3)c1,Active
NC1=NC2(c3cc(-c4cncnc4)ccc3OCC23CC3)C(F)(F)CO1,Moderate
NC1=NC2(CO1)c1cc(-c3cncnc3)ccc1OCC21CC(F)(F)C1,Moderate
NC1=NC2(CO1)c1cc(-c3cccnc3)ccc1OC1(CCC1)C21COC1,Moderate
NC1=NC2(CO1)c1cc(-c3cncc4ccccc34)ccc1OC1(CCC1)C21COC1,Moderate
NC1=NC2(CO1)c1cc(-c3cnc4ccccc4c3)ccc1OC1(CCC1)C21COC1,Inactive
NC1=NC2(CO1)c1cc(-c3cccnc3C(F)(F)F)ccc1OC1(CCC1)C21COC1,Inactive
Cn1cc2cc(-c3ccc4c(c3)C3(COC(N)=N3)C3(CC3)CO4)ccc2n1,Inactive
NC1=NC2(COC1)c1cc(Br)ccc1OCC21CC1,Inactive
NC1=NC2(COC1)c1cc(-c3cncnc3)ccc1OCC21CC1,Moderate
NC1=NC2(c3cc(Br)ccc3OCC23CC3)C(F)(F)CO1,Inactive
CC1(C)Oc2ccc(NC(=O)c3ccc(Cl)cn3)cc2[C@@]2(COC(N)=N2)C12COC2,Active
CC1(C)Oc2ccc(NC(=O)c3ccc(Br)cn3)cc2[C@@]2(COC(N)=N2)C12COC2,Active
COc1cnc(C(=O)Nc2ccc3c(c2)[C@@]2(COC(N)=N2)C2(COC2)C(C)(C)O3)cn1,Active
CC1(C)Oc2ccc(NC(=O)c3ccc(Cl)cn3)cc2[C@@]2(COC(N)=N2)C12CC2,Active
CC1(C)Oc2ccc(NC(=O)c3ccc(F)cn3)cc2[C@@]2(COC(N)=N2)C12CC2,Active
COc1cnc(C(=O)Nc2ccc3c(c2)[C@@]2(COC(N)=N2)C2(CC2)C(C)(C)O3)cn1,Active
CC1(C)Oc2ccc(NC(=O)c3cnc(C(F)F)cn3)cc2[C@@]2(COC(N)=N2)C12CC2,Active
COc1cnc(C(=O)Nc2ccc3c(c2)C2(COC(N)=N2)C2(COC2)C(C)(C)O3)cn1,Active
CC1(C)Oc2ccc(NC(=O)c3ccc(Cl)cn3)cc2[C@]2(COC(N)=N2)C12COC2,Inactive
CSCCC(NC(=O)[C@@H](NC(=O)OC(C)(C)C)C(C)C)C(=O)N[C@@H](CC(C)C)C(O)CC(CC(C)C)C(=O)N[C@H](C(=O)NCc1ccccc1)C(C)C,Inactive
COC1CCC2(CC1)Cc1ccc(-c3cc(F)cc(Cl)c3)cc1C21N=C(N)N(C)O1,Active
COC1CCC2(CC1)Cc1ccc(-c3cc(Cl)cc(C#N)c3)cc1C21N=C(N)N(C)O1,Active
COC1CCC2(CC1)Cc1ccc(C#CC3CC3)cc1C21N=C(N)N(C)O1,Active
COC1CCC2(CC1)Cc1ccc(-c3cccc(C#N)c3)cc1C21N=C(N)N(C)C1=O,Active
COC1CCC2(CC1)Cc1ccc(-c3cccc(Cl)c3)cc1C21N=C(N)N(C)O1,Active
COC1CCC2(CC1)Cc1ccc(-c3cc(Cl)cc(Cl)c3)cc1C21N=C(N)N(C)O1,Active
CC1(c2cccc(NC(=O)c3ccco3)c2)COCC(N)=N1,Moderate
CC1(c2cccc(NC(=O)c3ccc(Br)cn3)c2)COCC(N)=N1,Moderate
C[C@@]1(c2cccc(NC(=O)c3ccc(Br)cn3)c2)COCC(N)=N1,Active
Cc1nc(C(=O)Nc2cccc(C3(C)COCC(N)=N3)c2)co1,Moderate
Cc1cnc(C(=O)Nc2cccc(C3(C)COCC(N)=N3)c2)cn1,Moderate
CC1(c2cccc(NC(=O)c3ncc(Br)cn3)c2)COCC(N)=N1,Moderate
CC1(c2cccc(NC(=O)c3ncccc3F)c2)COCC(N)=N1,Moderate
Cc1nc(C(=O)Nc2cccc(C3(C)COCC(N)=N3)c2)c(C)o1,Moderate
Cc1nc(C(=O)Nc2cccc(C3(C)COCC(N)=N3)c2)cs1,Moderate
CC1(c2cccc(NC(=O)c3ccc(O)nn3)c2)COCC(N)=N1,Moderate
CC1(c2cccc(NC(=O)c3ccccn3)c2)COCC(N)=N1,Moderate
CC1(c2cccc(NC(=O)c3ccc(C#N)cn3)c2)COCC(N)=N1,Moderate
CC1(c2cccc(NC(=O)c3cnc(-n4ccc(C(F)(F)F)n4)cn3)c2)COCC(N)=N1,Moderate
Cc1ccn(-c2cnc(C(=O)Nc3cccc(C4(C)COCC(N)=N4)c3)cn2)n1,Moderate
CC1(c2cccc(NC(=O)c3ncc(C(F)(F)F)cc3Cl)c2)COCC(N)=N1,Moderate
COc1cnc(C(=O)Nc2cccc(C3(C)COCC(N)=N3)c2)cn1,Moderate
CC1(c2cccc(NC(=O)c3cnc(O)cn3)c2)COCC(N)=N1,Moderate
CC1(c2cccc(NC(=O)c3cc(Br)co3)c2)COCC(N)=N1,Moderate
CC1(c2cccc(NC(=O)c3ccc(C(F)(F)F)cn3)c2)COCC(N)=N1,Moderate
CC1(c2cccc(NC(=O)c3coc(C(F)(F)F)c3)c2)COCC(N)=N1,Inactive
CC1(c2cccc(NC(=O)c3ccc(Br)cc3)c2)COCC(N)=N1,Moderate
Cc1ccc(C(=O)Nc2cccc(C3(C)COCC(N)=N3)c2)nc1,Moderate
CC1(c2cccc(NC(=O)c3cccnc3)c2)COCC(N)=N1,Inactive
Cc1cc(Br)cnc1C(=O)Nc1cccc([C@]2(C)COCC(=N)N2)c1,Active
COc1ccc(C(=O)Nc2cccc([C@]3(C)COCC(N)=N3)c2)nc1,Moderate
NC1=NC(CF)(c2cccc(NC(=O)c3ccc(Br)cn3)c2)COC1,Moderate
NC1=NC(CF)(c2cc(Cl)cc(NC(=O)c3ccc(Br)cn3)c2)COC1,Moderate
NC1=N[C@](CF)(c2cccc(NC(=O)c3ccc(Br)cn3)c2)COC1,Moderate
NC1=NC(c2cccc(NC(=O)c3ccc(Br)cn3)c2)(C(F)F)COC1,Moderate
Cc1cc(Br)cnc1C(=O)Nc1cccc(C2(C(F)F)COCC(N)=N2)c1,Moderate
NC1=NC(c2cccc(NC(=O)c3ccc(C(F)(F)F)cn3)c2)(C(F)F)COC1,Moderate
NC1=NC(c2cccc(NC(=O)c3ncc(C(F)(F)F)cc3Cl)c2)(C(F)F)COC1,Moderate
Cc1cc(Cl)cnc1C(=O)Nc1cccc(C2(C(F)F)COCC(N)=N2)c1,Moderate
NC1=NC(c2cc(NC(=O)c3ccc(Br)cn3)ccc2F)(C(F)F)COC1,Active
NC1=NC(c2cc(NC(=O)c3ccc(Cl)cn3)ccc2F)(C(F)F)COC1,Active
NC1=N[C@@](c2cc(NC(=O)c3ncc(C(F)(F)F)cc3Cl)ccc2F)(C(F)F)COC1,Active
NC1=N[C@@](c2cc(NC(=O)c3ccc(C(F)(F)F)cn3)ccc2F)(C(F)F)COC1,Active
Cc1cnc(C(=O)Nc2ccc(F)c([C@]3(C(F)F)COCC(N)=N3)c2)cn1,Moderate
COc1ccc(C(=O)Nc2ccc(F)c([C@]3(C(F)F)COCC(N)=N3)c2)nc1,Active
NC1=NC(c2cccc(NC(=O)c3ccc(Br)cn3)c2)(C(F)(F)F)COC1,Moderate
C[C@@]1(c2cc(Br)cc(NC(=O)c3ncc(Br)cn3)c2)COCC(N)=N1,Moderate
C[C@@]1(c2cc(Br)cc(NC(=O)c3ccc(Br)cn3)c2)COCC(N)=N1,Moderate
C[C@@]1(c2cc(Br)cc(NC(=O)c3ccc(C#N)cn3)c2)COCC(N)=N1,Moderate
C[C@@]1(c2cc(Br)cc(NC(=O)c3ccc(C(F)(F)F)cn3)c2)COCC(N)=N1,Moderate
Cc1cc(Br)cnc1C(=O)Nc1cc(Br)cc([C@]2(C)COCC(N)=N2)c1,Active
C[C@@]1(c2cc(Br)cc(NC(=O)c3ccc(Cl)cn3)c2)COCC(N)=N1,Active
Cc1cnc(C(=O)Nc2cc(Br)cc([C@]3(C)COCC(N)=N3)c2)cn1,Moderate
Cc1nc(C(=O)Nc2cc(Br)cc([C@]3(C)COCC(N)=N3)c2)c(C)o1,Moderate
Cc1nc(C(=O)Nc2cc(Br)cc([C@]3(C)COCC(N)=N3)c2)co1,Moderate
CC1(c2cc(NC(=O)c3ccc(Br)cn3)ccc2F)COCC(N)=N1,Active
Cc1cnc(C(=O)Nc2ccc(F)c(C3(C)COCC(N)=N3)c2)cn1,Moderate
CC1(c2cc(NC(=O)c3ccc(C#N)cn3)ccc2F)COCC(N)=N1,Active
CC1(c2cc(NC(=O)c3ccc(Cl)cn3)ccc2F)COCC(N)=N1,Moderate
Cc1cc(Br)cnc1C(=O)Nc1ccc(F)c(C2(C)COCC(N)=N2)c1,Active
CC1(c2cc(NC(=O)c3ccc(C(N)=O)cn3)ccc2F)COCC(N)=N1,Moderate
C[C@@]1(c2cccc(NC(=O)c3ccc(Br)cn3)c2)CO[C@@](C)(C(F)(F)F)C(N)=N1,Active
COc1ccc(C(=O)Nc2cccc([C@]3(C)CO[C@@](C)(C(F)(F)F)C(N)=N3)c2)nc1,Active
C[C@@]1(c2cc(NC(=O)c3ccc(Br)cn3)ccc2F)CO[C@@](C)(C(F)(F)F)C(N)=N1,Active
COc1ccc(C(=O)Nc2ccc(F)c([C@]3(C)CO[C@@](C)(C(F)(F)F)C(N)=N3)c2)nc1,Active
C[C@@]1(c2cc(NC(=O)c3ncc(C#N)cn3)ccc2F)CO[C@@](C)(C(F)(F)F)C(N)=N1,Active
C[C@@]1(c2cc(NC(=O)c3ncc(Br)cn3)ccc2F)CO[C@@](C)(C(F)(F)F)C(N)=N1,Active
C[C@@]1(c2cc(NC(=O)c3ccc(C#N)cn3)ccc2F)CO[C@@](C)(C(F)(F)F)C(N)=N1,Active
COCCOc1cnc(C(=O)Nc2ccc(F)c([C@]3(C)CO[C@@](C)(C(F)(F)F)C(N)=N3)c2)cn1,Active
C[C@H]1OC[C@](c2cc(NC(=O)c3ccc(C#N)cn3)ccc2F)(C(F)F)N=C1N,Moderate
C[C@@H]1OC[C@](c2cc(NC(=O)c3ccc(C#N)cn3)ccc2F)(C(F)F)N=C1N,Active
C[C@H]1OC[C@](c2cc(NC(=O)c3ccc(Br)cn3)ccc2F)(C(F)F)N=C1N,Active
C[C@@H]1OC[C@](c2cc(NC(=O)c3ccc(Br)cn3)ccc2F)(C(F)F)N=C1N,Active
CC1(C)OCC(c2cc(NC(=O)c3ccc(C#N)cn3)ccc2F)(C(F)F)N=C1N,Moderate
CC1(C)OCC(c2cc(NC(=O)c3ccc(Br)cn3)ccc2F)(C(F)F)N=C1N,Active
NC1=NC(c2cc(NC(=O)c3ccc(Br)cn3)c(F)cc2F)(C(F)F)COC1,Moderate
N#Cc1ccc(C(=O)Nc2cc(C3(C(F)F)COCC(N)=N3)c(F)cc2F)nc1,Moderate
COc1cc(Br)cnc1C(=O)Nc1cc(C2(C(F)F)COCC(N)=N2)c(F)cc1F,Moderate
NC1=NC(c2cc(NC(=O)c3ncc(Br)cc3O)c(F)cc2F)(C(F)F)COC1,Moderate
NC1=N[C@](CF)(c2cc(NC(=O)c3ccc(Cl)cn3)ccc2F)COC1,Active
NC1=NC(CF)(c2cc(NC(=O)c3ccc(Br)cn3)ccc2F)COC1,Active
NC1=NC(CF)(c2cc(NC(=O)c3ccc(Cl)cn3)ccc2F)COC1,Active
NC1=NC(CF)(c2cc(NC(=O)c3ncc(Cl)cc3Cl)ccc2F)COC1,Active
N#Cc1ccc(C(=O)Nc2ccc(F)c(C3(CF)COCC(N)=N3)c2)nc1,Active
Cc1cc(Br)cnc1C(=O)Nc1ccc(F)c(C2(CF)COCC(N)=N2)c1,Active
Cc1cc(Br)cnc1C(=O)Nc1ccc(F)c([C@]2(CF)COCC(N)=N2)c1,Active
NC1=N[C@](CF)(c2cc(NC(=O)c3ncc(Br)cc3O)ccc2F)COC1,Active
COc1cc(Br)cnc1C(=O)Nc1ccc(F)c([C@]2(CF)COCC(N)=N2)c1,Moderate
N#Cc1ccc(C(=O)Nc2ccc(F)c([C@]3(C(F)F)CCOCC(N)=N3)c2)nc1,Active
NC1=N[C@@](c2cc(NC(=O)c3ccc(Br)cn3)ccc2F)(C(F)F)CCOC1,Active
N#Cc1ccc(C(=O)Nc2ccc(F)c(C3(C(F)(F)F)CCOCC(N)=N3)c2)nc1,Moderate
NC1=NC(c2cc(NC(=O)c3ccc(Br)cn3)ccc2F)(C(F)(F)F)CCOC1,Moderate
CC1(c2cc(NC(=O)c3ccc(Cl)cn3)ccc2F)N=C(N)COCC1(F)F,Active
CC1(c2cc(NC(=O)c3ccc(Br)cn3)ccc2F)N=C(N)COCC1(F)F,Active
NC1=NC(c2cccc(NC(=O)c3cc(Br)co3)c2)(C(F)F)COC1,Moderate
NC1=NC(c2cccc(NC(=O)c3ccc(O)nn3)c2)(C(F)F)COC1,Moderate
Cc1nc(C(=O)Nc2cccc(C3(C(F)F)COCC(N)=N3)c2)co1,Moderate
CCc1nc(C(=O)Nc2cccc(C3(C(F)F)COCC(N)=N3)c2)co1,Moderate
Cc1nc(C(=O)Nc2cccc(C3(C(F)F)COCC(N)=N3)c2)c(C)o1,Moderate
COc1cc(Br)cnc1C(=O)Nc1cccc(C2(C(F)F)COCC(N)=N2)c1,Moderate
NC1=NC(c2cccc(NC(=O)c3ncc(Br)cc3O)c2)(C(F)F)COC1,Active
COCCOc1cnc(C(=O)Nc2cccc(C3(C(F)F)COCC(N)=N3)c2)cn1,Moderate
NC1=NC(c2cccc(NC(=O)c3cnc(C(F)F)cn3)c2)(C(F)F)COC1,Moderate
NC1=N[C@@](c2cc(NC(=O)c3ncc(Cl)cc3Cl)ccc2F)(C(F)F)COC1,Active
NC1=N[C@@](c2cc(NC(=O)c3ncc(F)cc3F)ccc2F)(C(F)F)COC1,Moderate
Cc1c(C(=O)Nc2ccc(F)c([C@]3(C(F)F)COCC(N)=N3)c2)oc2ccc(Br)cc12,Active
NC1=N[C@@](c2cc(NC(=O)c3ncc(Br)cc3Cl)ccc2F)(C(F)F)COC1,Active
NC1=N[C@@](c2cc(NC(=O)c3ccc(Br)cn3)ccc2F)(C(F)F)COC1,Active
NC1=N[C@@](c2cc(NC(=O)c3ncc(Br)cc3O)ccc2F)(C(F)F)COC1,Active
CCOc1ccc(C(=O)Nc2ccc(F)c([C@]3(C(F)F)COCC(N)=N3)c2)nc1,Moderate
NC1=N[C@@](c2cc(NC(=O)c3ncc(Br)cn3)ccc2F)(C(F)F)COC1,Active
NC1=N[C@@](c2cc(NC(=O)c3cnc(C(F)F)cn3)ccc2F)(C(F)F)COC1,Moderate
NC1=N[C@@](c2cc(NC(=O)c3cnc(OCC(F)F)cn3)ccc2F)(C(F)F)COC1,Active
NC1=N[C@@](c2cc(NC(=O)c3cnc(OCC(F)(F)F)cn3)ccc2F)(C(F)F)COC1,Active
NC1=N[C@@](c2cc(NC(=O)c3cc(Br)co3)ccc2F)(C(F)F)COC1,Active
NC1=N[C@@](c2cc(NC(=O)c3cc4ccccn4n3)ccc2F)(C(F)F)COC1,Moderate
Cc1nc(C(=O)Nc2ccc(F)c([C@]3(C(F)F)COCC(N)=N3)c2)co1,Active
Cc1nc(C(=O)Nc2ccc(F)c([C@]3(C(F)F)COCC(N)=N3)c2)c(C)o1,Moderate
NC1=N[C@@](c2cc(NC(=O)c3cn4ccccc4n3)ccc2F)(C(F)F)COC1,Moderate
COc1cc(Br)cnc1C(=O)Nc1ccc(F)c([C@]2(C(F)F)COCC(N)=N2)c1,Active
CCc1nc(C(=O)Nc2ccc(F)c([C@]3(C(F)F)COCC(N)=N3)c2)co1,Moderate
NC1=N[C@@](c2cc(NC(=O)c3ccc(C(F)F)cn3)ccc2F)(C(F)F)COC1,Active
Cn1ccnc1C(=O)Nc1ccc(F)c([C@]2(C(F)F)COCC(N)=N2)c1,Moderate
NC1=N[C@@](c2cc(NC(=O)c3ccc(O)nn3)ccc2F)(C(F)F)COC1,Moderate
COCCOc1cnc(C(=O)Nc2ccc(F)c([C@]3(C(F)F)COCC(N)=N3)c2)cn1,Active
NC1=N[C@@](c2cc(NC(=O)c3cnc(OCCF)cn3)ccc2F)(C(F)F)COC1,Moderate
NC1=N[C@@](c2cc(NC(=O)c3ccc(Cl)cn3)ccc2F)(C(F)F)COC1,Active
NC1=N[C@@](c2cc(NC(=O)c3ccc(OC(F)F)cn3)ccc2F)(C(F)F)COC1,Active
NC1=N[C@@](c2cc(NC(=O)c3ccc(OCF)cn3)ccc2F)(C(F)F)COC1,Active
NC1=N[C@@](c2cc(NC(=O)c3ncc(Cl)cc3F)ccc2F)(C(F)F)COC1,Active
NC1=N[C@@](c2cc(NC(=O)c3cnc(Cl)cn3)ccc2F)(C(F)F)COC1,Active
Cc1cc(C(=O)Nc2ccc(F)c([C@]3(C(F)F)COCC(N)=N3)c2)n[nH]1,Moderate
Cc1ccc(C(=O)Nc2ccc(F)c([C@]3(C(F)F)COCC(N)=N3)c2)cn1,Moderate
COc1cnc(C(=O)Nc2ccc(F)c([C@]3(C(F)F)COCC(N)=N3)c2)cn1,Active
Cc1nc(C(=O)Nc2ccc(F)c([C@]3(C(F)F)COCC(N)=N3)c2)cs1,Moderate
Cc1cnc(C(=O)Nc2ccc(F)c([C@]3(C(F)F)COCC(N)=N3)c2)s1,Moderate
Cn1ccc(C(=O)Nc2ccc(F)c([C@]3(C(F)F)COCC(N)=N3)c2)n1,Moderate
Cn1cc([N+](=O)[O-])c(C(=O)Nc2ccc(F)c([C@]3(C(F)F)COCC(N)=N3)c2)n1,Moderate
C[C@@]1(c2cc(NC(=O)c3ncc(Cl)cc3N)ccc2F)CO[C@@](C)(C(F)(F)F)C(N)=N1,Active
CC1(c2cc(NC(=O)c3ncc(C(F)(F)F)cc3Cl)ccc2F)N=C(N)COCC1(F)F,Moderate
COc1cc(Br)cnc1C(=O)Nc1ccc(F)c(C2(C)N=C(N)COCC2(F)F)c1,Moderate
CC1(c2cc(NC(=O)c3ccc(C#N)cn3)ccc2F)N=C(N)COCC1(F)F,Active
NC1=N[C@@](c2cc(NC(=O)c3cc4cncnc4[nH]3)ccc2F)(C(F)F)COC1,Moderate
COCCOc1cnc(C(=O)Nc2ccc(F)c([C@]3(C(F)F)COCC(N)=N3)c2)c(N)n1,Active
CCc1ccc(C(=O)Nc2ccc(F)c([C@]3(C(F)F)COCC(N)=N3)c2)nc1,Moderate
NC1=N[C@@](c2cc(NC(=O)c3ncc(Cl)cc3N)ccc2F)(C(F)F)COC1,Active
COc1cnc(C(=O)Nc2ccc(F)c([C@]3(C(F)F)COCC(N)=N3)c2)c(Cl)c1,Active
NC1=N[C@@](c2cc(NC(=O)c3ccc(=O)[nH]c3)ccc2F)(C(F)F)COC1,Moderate
NC1=N[C@@](c2cc(NC(=O)c3cc4cccn4cn3)ccc2F)(C(F)F)COC1,Moderate
CC#CCOc1cnc(C(=O)Nc2ccc(F)c([C@]3(C(F)F)COCC(N)=N3)c2)cn1,Active
NC1=N[C@@](c2cc(NC(=O)c3ncc(Br)cc3N)ccc2F)(C(F)F)COC1,Active
CCn1ccnc1C(=O)Nc1ccc(F)c([C@]2(C(F)F)COCC(N)=N2)c1,Moderate
C#CCOc1cnc(C(=O)Nc2ccc(F)c([C@]3(C(F)F)COCC(N)=N3)c2)cn1,Active
Cc1nc(C(=O)Nc2ccc(F)c([C@]3(C(F)F)COCC(N)=N3)c2)c(N)o1,Moderate
NC1=N[C@@](c2cc(NC(=O)c3ncc(Cl)cc3O)ccc2F)(C(F)F)COC1,Active
CC(C)Oc1cnc(C(=O)Nc2ccc(F)c([C@]3(C(F)F)COCC(N)=N3)c2)cn1,Moderate
CCOc1cnc(C(=O)Nc2ccc(F)c([C@]3(C(F)F)COCC(N)=N3)c2)cn1,Active
Cc1c(C(=O)Nc2ccc(F)c([C@]3(C(F)F)COCC(N)=N3)c2)oc2ccc(CN(C)C)cc12,Active
COc1cnc(C(=O)Nc2ccc(F)c([C@]3(C(F)F)COCC(N)=N3)c2)c(C)n1,Moderate
COc1cnc(C(=O)Nc2ccc(F)c([C@]3(C(F)F)COCC(N)=N3)c2)c(N)n1,Active
Cc1cc(OC(F)F)cnc1C(=O)Nc1ccc(F)c([C@]2(C(F)F)COCC(N)=N2)c1,Active
Cc1cc(OCF)cnc1C(=O)Nc1ccc(F)c([C@]2(C(F)F)COCC(N)=N2)c1,Active
COCCOc1cnc(C(=O)Nc2ccc(F)c([C@]3(C(F)F)COCC(N)=N3)c2)c(C)n1,Moderate
COc1cnc(C(=O)Nc2ccc(F)c([C@]3(C(F)F)COCC(N)=N3)c2)c(OC)c1,Moderate
COCCOc1ccc(C(=O)Nc2ccc(F)c([C@]3(C(F)F)COCC(N)=N3)c2)nc1,Moderate
COCCOc1cnc(C(=O)Nc2ccc(F)c([C@]3(C(F)F)COCC(N)=N3)c2)c(F)c1,Moderate
CC#CCOc1cnc(C(=O)Nc2ccc(F)c([C@]3(C(F)F)COCC(N)=N3)c2)c(C)n1,Active
COCc1cnc(C(=O)Nc2ccc(F)c([C@]3(C(F)F)COCC(N)=N3)c2)c(Cl)c1,Moderate
NC1=N[C@@](c2cc(NC(=O)c3ncc(OCF)cc3Cl)ccc2F)(C(F)F)COC1,Active
NC1=N[C@@](c2cc(NC(=O)c3ncc(CC(F)F)cc3Cl)ccc2F)(C(F)F)COC1,Active
Cc1cc(Cl)cnc1C(=O)Nc1ccc(F)c([C@]2(CF)COCC(N)=N2)c1,Active
Cc1cc(Cl)cnc1C(=O)Nc1ccc(F)c([C@]2(C(F)F)COCC(N)=N2)c1,Active
Cc1cc(Br)cnc1C(=O)Nc1ccc(F)c([C@]2(C(F)F)COCC(N)=N2)c1,Active
Cc1cc(C#N)cnc1C(=O)Nc1ccc(F)c([C@]2(C(F)F)COCC(N)=N2)c1,Active
CC1=NC2(CCOc3ccc(-c4cc(Cl)cc(Cl)c4)cc32)N=C1N,Moderate
CC1=NC2(CCOc3ccc(-c4cncc(Cl)c4)cc32)N=C1N,Moderate
CC1=NC2(CCOc3ccc(-c4cc(F)cc(F)c4)cc32)N=C1N,Moderate
CC1=NC2(CCOc3ccc(NC(=O)c4ccc(Cl)cn4)cc32)N=C1N,Moderate
CC1=NC2(CCOc3ccc(NC(=O)c4ccc(C(F)(F)F)cn4)cc32)N=C1N,Moderate
CC#CCOc1ccc(C(=O)Nc2ccc3c(c2)C2(CCO3)N=C(C)C(N)=N2)nc1,Moderate
CC#CCOc1cnc(C(=O)Nc2ccc3c(c2)C2(CCO3)N=C(C)C(N)=N2)cn1,Active
CC1=NC2(CCOc3ccc(NC(=O)c4ccc(C)s4)cc32)N=C1N,Moderate
CC1=NC2(CCOc3ccc(NC(=O)c4ncc(Cl)cc4Cl)cc32)N=C1N,Moderate
CC1=NC2(N=C1N)c1cc(Br)ccc1CC21CCC(OC(F)F)CC1,Moderate
COC1CCC2(CC1)Cc1ccc(Br)cc1[C@@]21N=C(C)C(N)=N1,Inactive
CC#Cc1cncc(-c2ccc3c(c2)[C@]2(N=C(C)C(N)=N2)C2(CCC(OC)CC2)C3)c1,Moderate
CC1=NC2(N=C1N)c1cc(Br)ccc1CC21CCOCC1,Moderate
CC1=NC2(N=C1N)c1cc(-c3cccc(Cl)c3)ccc1CC21CCOCC1,Active
CC1=NC2(N=C1N)c1cc(-c3ccc(F)c(Cl)c3)ccc1CC21CCOCC1,Moderate
CC1=NC2(N=C1N)c1cc(Br)ccc1CC21CCC(F)(F)CC1,Moderate
CC1=NC2(N=C1N)c1cc(-c3cncc(Cl)c3)ccc1CC21CCC(F)(F)CC1,Active
CC1=NC2(N=C1N)c1cc(NC(=O)c3ccc(Cl)cn3)ccc1CC21CCC(F)(F)CC1,Moderate
CC#Cc1cncc(-c2ccc3c(c2)C2(N=C(C)C(N)=N2)C2(CCC(F)(F)CC2)C3)c1,Active
COC1CCC2(CC1)Oc1ccc(Br)cc1C21N=C(C)C(N)=N1,Moderate
COC1CCC2(CC1)Oc1ccc(-c3cccc(Cl)c3)cc1C21N=C(C)C(N)=N1,Active
COC1CCC2(CC1)Oc1ccc(-c3cncc(Cl)c3)cc1C21N=C(C)C(N)=N1,Active
CC1=NC2(CC3(CCCOC3)Oc3ccc(-c4cccc(Cl)c4)cc32)N=C1N,Moderate
CC1=NC2(CC3(CCCOC3)Oc3ccc(-c4ccc(F)c(Cl)c4)cc32)N=C1N,Moderate
CC1=NC2(CC(C3CCCOC3)Oc3ccc(Br)cc32)N=C1N,Moderate
CC1=NC2(CC(C3CCCOC3)Oc3ccc(-c4cccc(Cl)c4)cc32)N=C1N,Moderate
CC1=N[C@]2(C[C@@H]([C@@H]3CCCOC3)Oc3ccc(-c4cccc(Cl)c4)cc32)N=C1N,Active
CC1=N[C@]2(C[C@H]([C@H]3CCCOC3)Oc3ccc(-c4cccc(Cl)c4)cc32)N=C1N,Moderate
CC1=N[C@]2(C[C@H]([C@@H]3CCCOC3)Oc3ccc(-c4cccc(Cl)c4)cc32)N=C1N,Moderate
CC1=N[C@]2(C[C@@H]([C@H]3CCCOC3)Oc3ccc(-c4cccc(Cl)c4)cc32)N=C1N,Moderate
CC1=NC2(CC(C3CCOC(C)(C)C3)Oc3ccc(Br)cc32)N=C1N,Active
CC1=NC2(CC(C3CCOC(C)(C)C3)Oc3ccc(-c4cccc(Cl)c4)cc32)N=C1N,Active
CC1=NC2(CCCc3ccc(Br)cc32)N=C1N,Inactive
CC1=NC2(CCCc3ccc(-c4cncc(Cl)c4)cc32)N=C1N,Moderate
CC#Cc1cncc(-c2ccc3c(c2)C2(CCC3)N=C(C)C(N)=N2)c1,Active
CC1=NC2(N=C1N)c1cc(Br)ccc1CC21CCC1,Moderate
CC1=NC2(N=C1N)c1cc(-c3cncc(Cl)c3)ccc1CC21CCC1,Moderate
CC#Cc1cncc(-c2ccc3c(c2)C2(N=C(C)C(N)=N2)C2(CCC2)C3)c1,Active
CC1=NC2(N=C1N)c1cc(C#CC3CC3)ccc1CC21CCC1,Moderate
CC1=NC2(N=C1N)c1cc(C#CC(C)(C)C)ccc1CC21CCC1,Moderate
CCC1=NC2(N=C1N)c1cc(Br)ccc1C[C@]21CC[C@@H](OC)CC1,Moderate
CCC1=NC2(N=C1N)c1cc(-c3cncc(Cl)c3)ccc1C[C@]21CC[C@@H](OC)CC1,Active
CC#Cc1cncc(-c2ccc3c(c2)C2(N=C(N)C(CC)=N2)[C@]2(CC[C@H](OC)CC2)C3)c1,Active
CCC1=NC2(N=C1N)c1cc(-c3cncc(C#N)c3)ccc1C[C@]21CC[C@@H](OC)CC1,Active
CCC1=NC2(N=C1N)c1cc(-c3cccc(C#N)c3)ccc1C[C@]21CC[C@@H](OC)CC1,Active
CC#Cc1cncc(-c2ccc3c(c2)[C@@]2(N=C(C)C(N)=N2)[C@]2(CC[C@H](O)CC2)C3)c1,Active
CC1=NC2(N=C1N)c1cc(Br)ccc1CC21CC1,Inactive
CC1=NC2(N=C1N)c1cc(-c3cc(Cl)cc(C#N)c3)ccc1CC21CC1,Active
COCc1cccc(-c2ccc3c(c2)C2(N=C(C)C(N)=N2)[C@]2(CC[C@H](OC)CC2)C3)c1,Active
COCc1cc(F)cc(-c2ccc3c(c2)C2(N=C(C)C(N)=N2)[C@]2(CC[C@H](OC)CC2)C3)c1,Active
Cc1nnc([C@H]2CC3CSC(N)=N[C@@]3(c3ccc(F)cc3F)CO2)o1,Moderate
Cn1ccc([C@H]2C[C@H]3CSC(N)=N[C@@]3(c3ccc(F)cc3F)CO2)n1,Moderate
Cn1cccc1[C@H]1C[C@H]2CSC(N)=N[C@@]2(c2ccc(F)cc2F)CO1,Moderate
Cc1cnc([C@H]2C[C@H]3[C@@H](C)SC(N)=N[C@@]3(c3ccc(F)cc3F)CO2)o1,Moderate
C[C@H]1SC(N)=N[C@@]2(c3ccc(F)cc3F)CO[C@@H](c3ncco3)C[C@@H]12,Moderate
CC1N=CC([C@H]2CC3CSC(N)=N[C@@]3(c3ccc(F)cc3F)CO2)=N1,Active
Cc1csc([C@H]2CC3CSC(N)=N[C@@]3(c3ccc(F)cc3F)CO2)n1,Moderate
Cc1nccc([C@H]2CC3CSC(N)=N[C@@]3(c3ccc(F)cc3F)CO2)n1,Moderate
Cc1nc([C@H]2CC3CSC(N)=N[C@@]3(c3ccc(F)cc3F)CO2)co1,Moderate
Cc1ccnc([C@H]2CC3CSC(N)=N[C@@]3(c3ccc(F)cc3F)CO2)n1,Moderate
NC1=N[C@@]2(c3ccc(F)cc3F)CO[C@@H](c3nnco3)CC2CS1,Moderate
Cc1noc([C@H]2CC3CSC(N)=N[C@@]3(c3ccc(F)cc3F)CO2)n1,Moderate
Cc1nc([C@H]2CC3CSC(N)=N[C@@]3(c3ccc(F)cc3F)CO2)oc1C,Moderate
NC1=N[C@@]2(c3ccc(F)cc3F)CO[C@@H](c3ccncn3)C[C@H]2CS1,Moderate
NC1=N[C@@]2(c3ccc(F)cc3F)CO[C@@H](c3ccn(C4CC4)n3)C[C@H]2CS1,Moderate
NC1=N[C@@]2(c3ccc(F)cc3F)CO[C@@H](c3nc(C(F)(F)F)co3)C[C@H]2CS1,Moderate
NC1=N[C@@]2(c3ccc(F)cc3F)CO[C@@H](c3ncccn3)C[C@H]2CS1,Moderate
NC1=N[C@@]2(c3ccc(F)cc3F)CO[C@@H](c3ncc(F)cn3)C[C@H]2CS1,Moderate
Cc1cnc([C@H]2C[C@H]3CSC(N)=N[C@@]3(c3ccc(F)cc3F)CO2)nc1,Moderate
COc1cc(Cl)cc(-c2ccc3c(c2)C2(N=C(N)N(C)O2)C2(CCC(OC)CC2)C3)c1,Active
COC1CCC2(CC1)Cc1ccc(-c3cc(F)cc(C#N)c3)cc1C21N=C(N)N(C)O1,Active
COC1CCC2(CC1)Cc1ccc(-c3cccc(OC(F)(F)F)c3)cc1C21N=C(N)N(C)O1,Active
CN1OC2(N=C1N)c1cc(-c3cc(Cl)cc(C#N)c3)ccc1CC21CCc2ccccc2CC1,Active
COC1CCC2(CC1)Cc1ccc(-c3cccc(OC(F)(F)F)c3)cc1C21N=C(N)N(C)C1=O,Active
COC1CCC2(CC1)Cc1ccc(-c3ccc(F)c(C#N)c3)cc1C21N=C(N)N(C)O1,Active
COC1CCC2(CC1)Cc1ccc(-c3ccc(F)c(Cl)c3)cc1C21N=C(N)N(C)O1,Active
COC1CCC2(CC1)Cc1ccc(-c3cc(F)cc(Cl)c3)cc1C21N=C(N)N(C)C1=O,Active
CN1OC2(N=C1N)c1cc(-c3cc(F)cc(Cl)c3)ccc1CC21CCc2ccccc2CC1,Active
COc1cc(Cl)cc(-c2ccc3c(c2)C2(N=C(N)N(C)C2=O)C2(CCC(OC)CC2)C3)c1,Active
CN1OC2(N=C1N)c1cc(-c3cccc(Cl)c3)ccc1CC21CCc2ccccc2CC1,Active
COC1CCC2(CC1)Cc1ccc(-c3cccnc3)cc1C21N=C(N)N(C)O1,Active
COC1CCC2(CC1)Cc1ccc(-c3cc(C)cc(C)c3)cc1C21N=C(N)N(C)O1,Active
COC1CCC2(CC1)Cc1ccc(-c3cccc(C(F)(F)F)c3)cc1C21N=C(N)N(C)O1,Active
CN1OC2(N=C1N)c1cc(-c3cc(Cl)cc(Cl)c3)ccc1CC21CCc2ccccc2CC1,Active
CN1OC2(N=C1N)c1cc(-c3cccc(C#N)c3)ccc1CC21CCc2ccccc2CC1,Active
CCOC1CCC2(CC1)Cc1ccc(C#CC3CC3)cc1C21N=C(N)N(C)O1,Active
COC1CCC2(CC1)Cc1ccc(-c3cccc(C#N)c3)cc1C21N=C(N)N(C)O1,Active
COc1cc(Cl)cc(-c2ccc3c(c2)C2(N=C(N)N(C)O2)C2(CCc4ccccc4CC2)C3)c1,Active
CN1C(=O)C2(N=C1N)c1cc(-c3cccc(C#N)c3)ccc1CC21CCc2ccccc2CC1,Active
CN1OC2(N=C1N)c1cc(Cl)ccc1CC21CCc2ccccc2CC1,Active
CN1OC2(N=C1N)c1cc(Br)ccc1CC21CCc2ccccc2CC1,Active
COC1CCC2(CC1)Cc1ccc(-c3cc(F)ccc3C)cc1C21N=C(N)N(C)O1,Active
CN1OC2(N=C1N)c1cc(-c3cccc(C#N)c3)ccc1CC21CCc2cc(F)c(F)cc2C1,Active
CN1OC2(N=C1N)c1cc(-c3cccc(C#N)c3)ccc1CC21CC=C(F)CC1,Active
CN1OC2(N=C1N)c1ccccc1CC21CCc2ccccc2CC1,Moderate
CN1OC2(N=C1N)c1cc(-c3cccc(C#N)c3)ccc1CC21CCOc2ccccc2C1,Moderate
COC1CCC2(CC1)Cc1ccc(-c3ccc4cc[nH]c4c3)cc1C21N=C(N)N(C)O1,Moderate
CN1OC2(N=C1N)c1cc(-c3cccc(OC(F)(F)F)c3)ccc1CC21CCc2ccccc2CC1,Moderate
CN1OC2(N=C1N)c1cc(-c3cccc(C(F)(F)F)c3)ccc1CC21CCc2ccccc2CC1,Moderate
CN1OC2(N=C1N)c1cc(-c3cccc(C#N)c3)ccc1CC21Cc2ccccc2C1,Moderate
CC1=C(C)CC2(CC1)Cc1ccc(-c3cccc(C#N)c3)cc1C21N=C(N)N(C)O1,Moderate
COC1CCC2(CC1)Cc1ccc(-c3cc(F)cc(Cl)c3)cc1C21CC(=O)N(C)C(N)=N1,Moderate
CN1OC2(N=C1N)c1cc(-c3cccc(C#N)c3)ccc1CC21CCc2cc(F)ccc2C1,Moderate
CN1OC2(N=C1N)c1cc(-c3cccc(C#N)c3)ccc1CC21CCC(F)(F)CC1,Moderate
CN1OC2(N=C1N)c1cc(-c3cccc(C#N)c3)ccc1CC21CCc2ccccc2C1,Moderate
CN1OC2(N=C1N)c1cc(-c3cccc(C#N)c3)ccc1CC21CCCc2ccccc2C1,Moderate
CN1OC2(N=C1N)c1cc(-c3cccc(C#N)c3)ccc1CC21C=CC(c2ccccc2)C1,Moderate
CN1OC2(N=C1N)c1cc(-c3cccc(C#N)c3)ccc1CC21CCc2c(ccc(F)c2F)C1,Moderate
[C-]#[N+]c1cccc(-c2ccc3c(c2)C2(CC(=N)N(C)O2)C2(CCC(OCC)CC2)C3)c1,Active
CN1OC2(N=C1N)c1cc(-c3cccc(C#N)c3)ccc1CC21CCCC1,Moderate
CN1OC2(N=C1N)c1cc(-c3cccc(C#N)c3)ccc1CC21CCOCC1,Moderate
COC1CCC2(CCc3ccc(-c4cccc(C#N)c4)cc3C23N=C(N)N(C)O3)CC1,Moderate
CN1OC2(N=C1N)c1cc(-c3cccc(C#N)c3)ccc1CC21CCc2c(F)cccc2C1,Moderate
CN1C(=O)C2(N=C1N)c1cc(Br)ccc1CC21CCc2ccccc2CC1,Active
CO[C@H]1CC2(Cc3ccc(-c4cccc(C#N)c4)cc3C23N=C(N)N(C)O3)C[C@H]1OC,Moderate
COC1CCC2(CC1)Cc1ccc(-c3cccnc3)cc1C21CC(=O)N(C)C(N)=N1,Moderate
CN1O[C@]2(N=C1N)c1cc(-c3cccc(C#N)c3)ccc1C[C@]21CCc2ccccc2C1,Moderate
CN1OC2(N=C1N)c1cc(-c3cccc(C#N)c3)ccc1CCC21CCc2ccccc2CC1,Moderate
CN1OC2(N=C1N)c1cc(Br)ccc1OC21CCc2ccccc2CC1,Moderate
COC1CCC2(CC1)Oc1ccc(-c3cccc(C#N)c3)cc1C21N=C(N)N(C)O1,Moderate
CN1OC2(CC3(CCOCC3)c3ccc(-c4cccc(C#N)c4)cc32)N=C1N,Moderate
COC1CCC2(CC1)Cc1ccc(C#CC3CC3)cc1C21N=C(N)N(C)C1=O,Active
CCOC1CCC2(CC1)Cc1ccc(-c3cccc(C#N)c3)cc1C21N=C(N)N(C)O1,Moderate
CCC(C)N1C(=O)C2(N=C1N)c1cc(C#N)ccc1C[C@]21CC[C@@H](OC)CC1,Moderate
CCCCN1C(=O)C2(N=C1N)c1cc(C#N)ccc1CC21CCC(OC)CC1,Active
CCCN1C(=O)C2(N=C1N)c1cc(C#N)ccc1CC21CCC(OC)CC1,Active
COCCOc1ccc2c(c1)C1(N=C(N)N(C(C)C)C1=O)C1(CCC(OC)CC1)C2,Active
CCCc1ccc2c(c1)C1(N=C(N)N(C)O1)[C@]1(CC[C@H](OC)CC1)C2,Active
CCCCCc1ccc2c(c1)C1(N=C(N)N(C)O1)[C@]1(CC[C@H](OC)CC1)C2,Active
CCCc1ccc2c(c1)C1(N=C(N)N(C(C)C)C1=O)[C@]1(CC[C@H](OC)CC1)C2,Active
CCc1ccc2c(c1)C1(N=C(N)N(C(C)C)C1=O)[C@]1(CC[C@H](OC)CC1)C2,Moderate
CCc1ccc2c(c1)C1(N=C(N)N(C)O1)[C@]1(CC[C@H](OC)CC1)C2,Moderate
CCCCCc1ccc2c(c1)C1(N=C(N)N(C(C)C)C1=O)[C@]1(CC[C@H](OC)CC1)C2,Active
CCCCc1ccc2c(c1)C1(N=C(N)N(C(C)C)C1=O)[C@]1(CC[C@H](OC)CC1)C2,Active
COc1cccc(-c2ccc3c(c2)C2(N=C(N)N(C)C2=O)[C@]2(CC[C@H](OC(C)C)CC2)C3)c1,Active
COCCN1C(=O)C2(N=C1N)c1cc(CCC(C)C)ccc1C[C@]21CC[C@@H](OC)CC1,Active
CCN1C(=O)C2(N=C1N)c1cc(CCC(C)C)ccc1C[C@]21CC[C@@H](OC)CC1,Active
COc1cccc(-c2ccc3c(c2)C2(N=C(N)N(C)O2)[C@]2(CC[C@](C)(O)CC2)C3)c1,Moderate
COCCN1C(=O)C2(N=C1N)c1cc(OC(F)F)ccc1C[C@]21CC[C@@H](OC)CC1,Moderate
COCCN1C(=O)C2(N=C1N)c1cc(C3CC3)ccc1C[C@]21CC[C@@H](OC)CC1,Moderate
COCCN1C(=O)C2(N=C1N)c1cc(Cl)ccc1C[C@]21CC[C@@H](OC)CC1,Active
COCCOc1ccc2c(c1)C1(CC(=N)N(CC(F)(F)F)C1=O)[C@]1(CC[C@H](OC)CC1)C2,Active
CN1C(=O)C2(N=C1N)c1cc(CCC3CC3)ccc1O[C@]21CC[C@@H](OC(F)F)CC1,Moderate
CN1C(=O)[C@@]2(N=C1N)c1ccccc1CC21CCc2ccccc2CC1,Moderate
CN1C(=O)[C@]2(N=C1N)c1ccccc1CC21CCc2ccccc2CC1,Moderate
CN1C(=O)[C@]2(N=C1N)c1cc(C#N)ccc1CC21CCc2ccccc2CC1,Active
CN1C(=O)[C@@]2(N=C1N)c1cc(C#N)ccc1CC21CCc2ccccc2CC1,Moderate
CN1C(=O)C2(N=C1N)c1cc(Br)ccc1CC21CNC1,Inactive
COCCOc1ccc2c(c1)C1(N=C(N)N(C3CCC3)C1=O)[C@]1(CC[C@H](OC)CC1)C2,Moderate
CN1C(=O)C2(N=C1N)c1cc(C#CC3CC3)ccc1O[C@]21CC[C@@H](OC(F)F)CC1,Moderate
CN1C(=O)C2(N=C1N)c1cc(Br)ccc1O[C@]21CC[C@@H](OC(F)F)CC1,Moderate
COCCCOc1ccc2c(c1)C1(N=C(N)N(CC(F)F)C1=O)[C@]1(CC[C@H](OC)CC1)C2,Active
CCOCCCc1ccc2c(c1)C1(N=C(N)N(CC(F)F)C1=O)[C@]1(CC[C@H](OC)CC1)C2,Moderate
CCc1cc(C#N)cc(-c2ccc3c(c2)C2(N=C(C)C(N)=N2)[C@]2(CC[C@H](OC)CC2)C3)c1,Active
COCc1cc(C#N)cc(-c2ccc3c(c2)C2(N=C(C)C(N)=N2)[C@]2(CC[C@H](OC)CC2)C3)c1,Active
CC1=N[C@]2(N=C1N)c1cc(-c3cc(F)cc(C#N)c3)ccc1C[C@]21CC[C@@H](OC(F)F)CC1,Active
COc1cc(C#N)cc(-c2ccc3c(c2)[C@@]2(N=C(C)C(N)=N2)[C@]2(CC[C@H](OC(F)F)CC2)C3)c1,Active
CC1=NC2(N=C1N)c1cc(-c3cncc(C(F)(F)F)c3)ccc1C[C@]21CC[C@@H](OC(F)F)CC1,Active
CC1=NC2(N=C1N)c1cc(-c3cc(F)cc(F)c3)ccc1C[C@]21CC[C@@H](OC(F)F)CC1,Active
COc1cc(-c2ccc3c(c2)C2(N=C(C)C(N)=N2)[C@]2(CC[C@H](OC(F)F)CC2)C3)cc(C#N)c1F,Active
CC1=NC2(N=C1N)c1cc(-c3cc(F)cc(C#N)c3)ccc1CC21CCC(=O)CC1,Moderate
CC1=NC2(N=C1N)c1cc(Br)ccc1CC21CCC(C(F)(F)F)CC1,Inactive
COCc1cc(-c2ccc3c(c2)C2(N=C(C)C(N)=N2)[C@]2(CC[C@H](OC)CC2)C3)cc(C#N)c1F,Active
CC1=NC2(N=C1N)c1cc(Br)ccc1CC21CCC(C(F)F)CC1,Moderate
CC1=NC2(N=C1N)c1cc(-c3cncc(Cl)c3)ccc1CC21CCC(C(F)F)CC1,Moderate
CC1=NC2(CCOc3ccc(-c4cc(C)cc(C)c4)cc32)N=C1N,Moderate
COc1ccc(OC)c(-c2ccc3c(c2)C2(CCO3)N=C(C)C(N)=N2)c1,Moderate
CC1=NC2(CCOc3ccc(-c4cccc(F)c4F)cc32)N=C1N,Moderate
CC1=NC2(CCOc3ccc(-c4cc(C)ccc4C)cc32)N=C1N,Moderate
COc1ccc(F)cc1-c1ccc2c(c1)C1(CCO2)N=C(C)C(N)=N1,Inactive
COc1cccc(-c2ccc3c(c2)C2(CCO3)N=C(C)C(N)=N2)c1F,Moderate
COc1ccc(C)cc1-c1ccc2c(c1)C1(CCO2)N=C(C)C(N)=N1,Moderate
CC1=NC2(CCOc3ccc(-c4cc(C)ccc4F)cc32)N=C1N,Moderate
COc1ccc(F)c(-c2ccc3c(c2)C2(CCO3)N=C(C)C(N)=N2)c1,Moderate
COCCN1C(=O)[C@]2(N=C1N)c1cc(C#N)ccc1C[C@@]21CC[C@H](OC)[C@@H](C)C1,Active
C=C1C[C@@](C)(c2cc(NC(=O)c3ccc(C#N)cn3)ccc2F)N=C(N)O1,Active
C=C1C[C@@](C)(c2cc(NC(=O)c3ccc(Cl)cn3)ccc2F)N=C(N)O1,Active
COc1cnc(C(=O)Nc2ccc(F)c([C@]3(C)CCOC(N)=N3)c2)cn1,Active
CC1=C[C@@](C)(c2cc(NC(=O)c3ccc(C#N)cn3)ccc2F)N=C(N)O1,Active
COc1ccc(C(Cc2cccc(Br)c2)c2cn(C)c(N)n2)cc1,Moderate
COc1ccc(C(Cc2cccc(-c3ccc(C(F)(F)F)cc3Cl)c2)c2cn(C)c(N)n2)cc1,Inactive
COc1ccc(C2(c3cn(C)c(N)n3)CCCCC2)cc1,Inactive
COc1ccc(C(Cc2ccc(-c3ccc(=O)[nH]c3)cc2)c2cn(C)c(N)n2)cc1,Inactive
COc1ccc2c(c1)CCC2(Cc1cc([N+](=O)[O-])ccc1OC)c1cn(C)c(N)n1,Moderate
COc1ccc2c(c1)CCC2(Cc1ccc(C(F)(F)F)nc1)c1cn(Cc2ccccc2)c(N)n1,Active
COc1ccc2c(c1)CCC2(Cc1ccc(C(F)(F)F)nc1)c1cn(CCCO)c(N)n1,Moderate
Cn1cc(C2(Cc3ccccc3)CCc3ccccc32)nc1N,Inactive
COc1ccc(C(Cc2ccc(C(F)(F)F)cc2)c2[nH]c(N)nc2C(O)c2ccccc2)cc1,Moderate
CC(C)CNC(=O)C(NCC(O)C(Cc1ccccc1)NC(=O)c1cccc(C(=O)N(C)C(C)c2ccccc2)c1)C(C)O,Moderate
CCCC(O)C(NCC(O)C(Cc1ccccc1)NC(=O)c1cccc(C(=O)N(C)C(C)c2ccccc2)c1)C(=O)NCC(C)C,Moderate
CCCC(O)C(NCC(O)C(Cc1ccccc1)NC(=O)c1cccc(C(=O)N2CCCC2OC)c1)C(=O)NCC(C)C,Moderate
CCCC(O)C(NCC(O)C(Cc1ccccc1)NC(=O)c1cc(C)cc(C(=O)N2CCCC2OC)c1)C(=O)NCC(C)C,Active
NC1=N[C@@]2(c3cccc(NC(=O)c4ccc(F)cn4)c3)CN(c3ncc(F)cn3)C[C@H]2CS1,Active
NC1=N[C@@]2(c3cccc(NC(=O)c4cnc(CO)cn4)c3)CN(c3ncc(F)cn3)C[C@H]2CS1,Active
NC1=N[C@@]2(c3cc(NC(=O)c4ccc(F)cn4)ccc3F)CN(c3ncc(F)cn3)C[C@H]2CS1,Active
NC1=N[C@@]2(c3cc(NC(=O)c4cnc(CO)cn4)ccc3F)CN(c3ncc(F)cn3)C[C@H]2CS1,Active
[C-]#[N+]c1ccc(C(=O)Nc2cccc([C@]34CN(c5ncc(F)cn5)C[C@H]3CSC(N)=N4)c2)nc1,Active
NC1=N[C@@]2(c3cccc(NC(=O)c4ncc(F)cc4F)c3)CN(c3ncc(F)cn3)C[C@H]2CS1,Active
[C-]#[N+]c1ccc(C(=O)Nc2ccc(F)c([C@]34CN(c5ncc(F)cn5)C[C@H]3CSC(N)=N4)c2)nc1,Active
NC1=N[C@@]2(c3cc(NC(=O)c4ncc(F)cc4F)ccc3F)CN(c3ncc(F)cn3)C[C@H]2CS1,Active
COc1cnc(C(=O)Nc2cccc(C3(C4CCCCC4)CSC(N)=N3)c2)cn1,Moderate
NC1=NC(c2cccc(NC(=O)c3ccc(O)cn3)c2)(C2CCCCC2)CS1,Moderate
CC(C)=C1C[C@@](C)(c2cc(NC(=O)c3cnc(C)cn3)ccc2F)N=C(N)S1,Active
COc1cnc(C(=O)Nc2ccc(F)c([C@]3(C)CC(=C(C)C)SC(N)=N3)c2)cn1,Active
COc1cnc(C(=O)Nc2ccc(F)c([C@@]3(C)N=C(N)SC=C3C)c2)cn1,Moderate
CC1=CSC(N)=N[C@]1(C)c1cc(NC(=O)c2cnc(C)cn2)ccc1F,Moderate
C#CCOc1cnc(C(=O)Nc2ccc(F)c([C@@]3(C)N=C(N)SC=C3C)c2)cn1,Active
COCCOc1ccc(C(=O)Nc2ccc(F)c([C@]3(C)C=CSC(N)=N3)c2)nc1,Active
Cc1cc(C(=O)Nc2ccc(F)c([C@]3(C)C=CSC(N)=N3)c2)n(C)n1,Active
C[C@@]1(c2cc(NC(=O)c3cnc(-c4ncco4)cn3)ccc2F)C=CSC(N)=N1,Moderate
C[C@@]1(c2cc(NC(=O)c3ccc(-c4ccc[nH]4)cn3)ccc2F)C=CSC(N)=N1,Active
Cc1cnc(C(=O)Nc2cccc(C3(C(F)(F)F)CCSC(N)=N3)c2)cn1,Moderate
NC1=NC(c2cccc(NC(=O)c3cnc(OCCF)cn3)c2)(C(F)(F)F)CCS1,Moderate
COc1cnc(C(=O)Nc2cccc(C3(C(F)(F)F)CCSC(N)=N3)c2)cn1,Moderate
C=C1C[C@@](C)(c2cc(NC(=O)c3cnc(OC)cn3)ccc2F)N=C(N)S1,Active
C=C1C[C@@](C)(c2cc(NC(=O)c3cnc(C)cn3)ccc2F)N=C(N)S1,Active
NC1=NC(c2cccc(F)c2)(c2cccc(NC(=O)c3ncc(Cl)cc3Cl)c2)CS1,Moderate
COc1ccc(C2(c3cccc(NC(=O)c4ncc(Cl)cc4Cl)c3)CSC(N)=N2)cc1O,Moderate
C[C@@]1(c2cc(NC(=O)c3ncc(C#N)cc3Cl)ccc2F)C=CSC(N)=N1,Active
Cn1ccnc1COc1cnc(C(=O)Nc2ccc(F)c([C@]3(C)C=CSC(N)=N3)c2)cn1,Moderate
C[C@@]1(c2cc(NC(=O)c3cnc(OCc4ncc[nH]4)cn3)ccc2F)C=CSC(N)=N1,Moderate
C[C@@]1(c2cc(NC(=O)c3cc4n(n3)CCN4)ccc2F)C=CSC(N)=N1,Moderate
C[C@@]1(c2cc(NC(=O)c3cnc(NS(C)(=O)=O)cn3)ccc2F)C=CSC(N)=N1,Moderate
C[C@@]1(c2cc(NC(=O)c3cnc(-n4cncn4)cn3)ccc2F)C=CSC(N)=N1,Active
C[C@@]1(c2cc(NC(=O)c3cnc(-n4ccnn4)cn3)ccc2F)C=CSC(N)=N1,Moderate
C[C@@]1(c2cc(NC(=O)c3cnc(-n4nccn4)cn3)ccc2F)C=CSC(N)=N1,Moderate
Cc1ncnn1-c1cnc(C(=O)Nc2ccc(F)c([C@]3(C)C=CSC(N)=N3)c2)cn1,Moderate
C[C@@]1(c2cc(NC(=O)c3ccc(F)cn3)ccc2F)C=CSC(N)=N1,Active
C[C@@]1(c2cc(NC(=O)c3ncc(Br)cn3)ccc2F)C=CSC(N)=N1,Active
Cc1c(C(=O)Nc2ccc(F)c([C@]3(C)C=CSC(N)=N3)c2)oc2ccc(Br)cc12,Active
C=C1C[C@@](C)(c2cc(NC(=O)c3cnc(OC)cn3)cnc2Cl)N=C(N)S1,Active
C=C1C[C@@](C)(c2cc(NC(=O)c3ncc(C#N)cc3F)cnc2Cl)N=C(N)S1,Active
C=C1C[C@@](C)(c2cc(NC(=O)c3cnc(OC)cn3)cnc2C)N=C(N)S1,Active
C=C1C[C@@](C)(c2cncc(NC(=O)c3cnc(OC)cn3)c2)N=C(N)S1,Active
C=C1C[C@@](C)(c2cncc(NC(=O)c3ncc(C(F)(F)F)cc3Cl)c2)N=C(N)S1,Moderate
C[C@@]1(c2cccc(NC(=O)c3ccc(Br)cn3)n2)COCC(N)=N1,Moderate
CC1(c2cccc(NC(=O)c3ccc(Br)cn3)n2)COCC(N)=N1,Moderate
NC1=NC(CF)(c2cccc(NC(=O)c3ccc(Cl)cn3)n2)COC1,Moderate
NC1=NC(CF)(c2cccc(NC(=O)c3ccc(Br)cn3)n2)COC1,Moderate
Cc1cc(C#N)cnc1C(=O)Nc1cccc(C2(CF)COCC(N)=N2)n1,Moderate
NC(=S)c1ccc(C(=O)Nc2cccc(C3(CF)COCC(N)=N3)n2)nc1,Moderate
Cc1cc(C#N)cnc1C(=O)Nc1cccc([C@]2(C)CO[C@@](C)(C(F)(F)F)C(N)=N2)n1,Active
C[C@]1(c2cccc(NC(=O)c3ccc(C#N)cn3)n2)CO[C@@](C)(C(F)(F)F)C(N)=N1,Moderate
C[C@@]1(c2cccc(NC(=O)c3ccc(C#N)cn3)n2)CO[C@@](C)(C(F)(F)F)C(N)=N1,Moderate
Cc1cc(C#N)cnc1C(=O)Nc1ccc(F)c([C@@]2(C)CO[C@@](C)(C(F)(F)F)C(N)=N2)n1,Moderate
NC1=NC(CF)(c2ccnc(NC(=O)c3ccc(Cl)cn3)c2)COC1,Moderate
Cc1cc(C(N)=S)cnc1C(=O)Nc1cc(C2(CF)COCC(N)=N2)ccn1,Moderate
Cc1cc(C#N)cnc1C(=O)Nc1cc([C@@]2(C)CO[C@@](C)(C(F)(F)F)C(N)=N2)c(F)cn1,Moderate
NC1=NC(CF)(c2cc(NC(=O)c3ccc(Br)cn3)cnc2Cl)COC1,Moderate
C[C@@]1(c2cccc(NC(=O)c3ncc(C#N)cc3N)n2)CO[C@@](C)(C(F)(F)F)C(N)=N1,Active
C[C@@]1(c2cccc(NC(=O)c3ncc(C#N)cc3Cl)n2)CO[C@@](C)(C(F)(F)F)C(N)=N1,Active
C[C@@]1(c2cccc(NC(=O)c3ncc(Br)cc3Cl)n2)CO[C@@](C)(C(F)(F)F)C(N)=N1,Active
C[C@@]1(c2cccc(NC(=O)c3ncc(OCC(F)(F)F)nc3N)n2)CO[C@@](C)(C(F)(F)F)C(N)=N1,Moderate
C[C@@]1(c2nc(NC(=O)c3ncc(C#N)cc3Cl)ccc2F)CO[C@@](C)(C(F)(F)F)C(N)=N1,Moderate
COc1cnc(C(=O)Nc2ccc(F)c([C@]3(C)CO[C@@](C)(C(F)(F)F)C(N)=N3)n2)c(C)c1,Active
C[C@@]1(c2nc(NC(=O)c3ncc(OCC(F)(F)F)nc3N)ccc2F)CO[C@@](C)(C(F)(F)F)C(N)=N1,Moderate
C[C@@]1(c2nc(NC(=O)c3ncc(C#N)cc3N)ccc2F)CO[C@@](C)(C(F)(F)F)C(N)=N1,Active
C[C@]1(c2nc(NC(=O)c3ncc(C#N)cc3Cl)ccc2F)CO[C@@](C)(C(F)(F)F)C(N)=N1,Moderate
Cc1cc(OC(F)F)cnc1C(=O)Nc1ccc(F)c([C@]2(C)CO[C@@](C)(C(F)(F)F)C(N)=N2)n1,Active
C[C@@]1(c2nc(NC(=O)c3ncc(OC(F)F)cc3Cl)ccc2F)CO[C@@](C)(C(F)(F)F)C(N)=N1,Moderate
C[C@@]1(c2nc(NC(=O)c3ncc(Cl)cc3Cl)ccc2F)CO[C@@](C)(C(F)(F)F)C(N)=N1,Active
Cc1cc(OCF)cnc1C(=O)Nc1ccc(F)c([C@]2(C)CO[C@@](C)(C(F)(F)F)C(N)=N2)n1,Active
Cc1cnc(C(=O)Nc2ccc(F)c([C@]3(C)CO[C@@](C)(C(F)(F)F)C(N)=N3)n2)cn1,Moderate
C[C@@]1(c2nc(NC(=O)c3ncc(C(F)(F)F)cc3Cl)ccc2F)CO[C@@](C)(C(F)(F)F)C(N)=N1,Active
C[C@@]1(c2cc(NC(=O)c3ncc(C#N)cc3Cl)ncc2F)CO[C@@](C)(C(F)(F)F)C(N)=N1,Moderate
C[C@@]1(c2cc(NC(=O)c3ncc(OC(F)F)cc3Cl)ncc2F)CO[C@@](C)(C(F)(F)F)C(N)=N1,Moderate
Cc1cc(C#N)cnc1C(=O)Nc1cc([C@]2(C)COC(CF)(CF)C(N)=N2)c(F)cn1,Moderate
Cc1cc(C#N)cnc1C(=O)Nc1ccc(F)c([C@]2(C(F)F)COCC(N)=N2)n1,Active
Cc1cc(C#N)cnc1C(=O)Nc1ccc(F)c([C@@]2(C(F)F)COCC(N)=N2)n1,Moderate
N#Cc1cnc(C(=O)Nc2ccc(F)c([C@]3(C(F)F)COCC(N)=N3)n2)c(Cl)c1,Active
Cc1cnc(C(=O)Nc2ccc(F)c([C@]3(C)CO[C@@](C)(C(F)(F)F)C(N)=N3)n2)c(C)n1,Moderate
C[C@@]1(c2nc(NC(=O)c3ncc(OCCCF)nc3N)ccc2F)CO[C@@](C)(C(F)(F)F)C(N)=N1,Moderate
COCCn1ccc2nc(C(=O)Nc3ccc(F)c([C@]4(C)CO[C@@](C)(C(F)(F)F)C(N)=N4)n3)c(N)nc21,Moderate
C[C@@]1(c2nc(NC(=O)c3ncc(C(F)(F)F)nc3N)ccc2F)CO[C@@](C)(C(F)(F)F)C(N)=N1,Active
C[C@@]1(c2nc(NC(=O)c3nc4ccn(CC(F)F)c4nc3N)ccc2F)CO[C@@](C)(C(F)(F)F)C(N)=N1,Moderate
C[C@@]1(c2nc(NC(=O)c3nn(C(F)F)cc3Cl)ccc2F)CO[C@@](C)(C(F)(F)F)C(N)=N1,Active
C[C@@]1(c2nc(NC(=O)c3nc4ccn(CC(F)F)c4cc3Cl)ccc2F)CO[C@@](C)(C(F)(F)F)C(N)=N1,Moderate
COCCn1ccc2nc(C(=O)Nc3ccc(F)c([C@]4(C)CO[C@@](C)(C(F)(F)F)C(N)=N4)n3)c(Cl)cc21,Moderate
C[C@]1(c2cc(NC3CCc4cc(Cl)cnc43)ccc2F)N=C(N)COC[C@@H]1F,Active
C[C@]1(c2cc(NCc3nn(C(F)F)cc3Cl)ccc2F)N=C(N)COC[C@@H]1F,Active
C[C@]1(c2cc(NC3CCOC3)ccc2F)N=C(N)COC[C@@H]1F,Moderate
C[C@]1(c2cc(NC3CCCOC3)ccc2F)N=C(N)COC[C@@H]1F,Moderate
C[C@]1(c2cc(NC3CCOCC3)ccc2F)N=C(N)COC[C@@H]1F,Moderate
C[C@]1(c2cc(NCc3nn(C(F)F)cc3Cl)ccc2F)N=C(N)COCC1(F)F,Active
CC[C@]1(c2cc(NCc3nn(C(F)F)cc3Cl)ccc2F)N=C(N)COCC1(F)F,Moderate
C[C@]1(c2cc(N[C@H]3CCc4cc(Cl)cnc43)ccc2F)N=C(N)COCC1(F)F,Active
C[C@]1(c2cc(N[C@@H]3CCc4cc(Cl)cnc43)ccc2F)N=C(N)COCC1(F)F,Moderate
C[C@]1(c2cc(Nc3ccc(C#N)cc3)ccc2F)N=C(N)COCC1(F)F,Moderate
CC1(C)OCC(N)=N[C@](C)(c2cc(N[C@H]3CCc4cc(C#N)cnc43)ccc2F)C1(F)F,Moderate
CC1(C)OCC(N)=N[C@](C)(c2cc(N[C@@H]3CCc4cc(C#N)cnc43)ccc2F)C1(F)F,Moderate
CC1(C)OCC(N)=N[C@](C)(c2cc(NC3CCc4cc(Cl)cnc43)ccc2F)C1(F)F,Active
CC1(C)OCC(N)=N[C@](C)(c2cc(NC3COc4cc(Cl)cnc43)ccc2F)C1(F)F,Active
CC1(C)OCC(N)=N[C@](C)(c2cc(NC3CCCc4cc(C#N)cnc43)ccc2F)C1(F)F,Moderate
CC1(C)OCC(N)=N[C@](C)(c2cc(NC3COc4cc(Cl)ccc43)ccc2F)C1(F)F,Moderate
Cn1ccc(Nc2ccc(F)c([C@@]3(C)N=C(N)COC(C)(C)C3(F)F)c2)n1,Moderate
CC1(C)OCC(N)=N[C@](C)(c2cc(Nc3ccc(F)cc3)ccc2F)C1(F)F,Moderate
CC1(C)OCC(N)=N[C@](C)(c2cc(N[C@H]3CCc4cc(C#N)cnc43)c(F)cc2F)C1(F)F,Moderate
CC1(C)OCC(N)=N[C@](C)(c2cc(Nc3ccc(Cl)nc3)ccc2F)C1(F)F,Moderate
CC1(C)OCC(N)=N[C@](C)(c2cc(Nc3cncc(F)c3)ccc2F)C1(F)F,Moderate
CC1(C)OCC(N)=N[C@](C)(c2cc(Nc3cccnc3)ccc2F)C1(F)F,Moderate
COc1ccc(Nc2ccc(F)c([C@@]3(C)N=C(N)COC(C)(C)C3(F)F)c2)cn1,Moderate
CC1(C)OCC(N)=N[C@](C)(c2cc(Nc3cncc(C(F)(F)F)c3)ccc2F)C1(F)F,Moderate
Cc1ccc(Nc2ccc(F)c([C@@]3(C)N=C(N)COC(C)(C)C3(F)F)c2)cn1,Moderate
CC1(C)OCC(N)=N[C@](C)(c2cc(Nc3ccc(OCC(F)(F)F)nc3)ccc2F)C1(F)F,Inactive
CC(C)C[C@H](NC(=O)[C@@H](NC(=O)[C@@H](N)CNC(=O)C(=O)O)C(C)C)C(=O)N[C@@H](Cc1ccccc1)[C@@H](O)C(=O)Nc1cccc(C(=O)O)c1,Active
Cc1cc(/C=C/C(=O)CC(=O)/C=C/c2ccc(O)cc2)ccc1O,Moderate
O=C(/C=C/c1ccc(O)cc1)CC(=O)/C=C/c1ccc(O)c(Cl)c1,Moderate
COc1ccc(/C=C/C(=O)CC(=O)/C=C/c2ccc(O)cc2)c(OC)c1,Moderate
COc1cc(/C=C/C(=O)CC(=O)/C=C/c2ccc(O)cc2OC)ccc1O,Moderate
COc1ccc(/C=C/C(=O)CC(=O)/C=C/c2ccc(O)cc2OC)cc1O,Moderate
O=C(/C=C/c1ccc(O)cc1)CC(=O)/C=C/c1cc(O)ccc1O,Moderate
COc1ccc(/C=C/C(=O)CC(=O)/C=C/c2cc(O)ccc2O)cc1O,Moderate
COc1cc(/C=C/C(=O)CC(=O)/C=C/c2ccc(O)c(OC)c2)cc(OC)c1,Moderate
O=C(/C=C/c1ccc(O)cc1)CC(=O)/C=C/c1c[nH]c2ccccc12,Moderate
COc1ccc2ccccc2c1/C=C/C(=O)CC(=O)/C=C/c1ccc(O)cc1,Moderate
COc1cc(/C=C/C(=O)CC(=O)/C=C/c2ccc(OC)c3ccccc23)ccc1O,Moderate
O=C(/C=C/c1ccc(O)cc1)CC(=O)/C=C/c1ccc(O)cc1Cl,Moderate
COc1cc(/C=C/C(=O)CC(=O)/C=C/c2ccc(O)cc2Cl)ccc1O,Moderate
COc1ccc(/C=C/C(=O)CC(=O)/C=C/c2ccc(O)cc2Cl)cc1O,Moderate
O=C(/C=C/c1ccc(O)cc1)CC(=O)/C=C/c1cc(O)ccc1[N+](=O)[O-],Moderate
COc1cc(/C=C/C(=O)CC(=O)/C=C/c2cc(O)ccc2[N+](=O)[O-])ccc1O,Moderate
COc1ccc(/C=C/C(=O)CC(=O)/C=C/c2cc(O)ccc2[N+](=O)[O-])cc1O,Moderate
COc1cc(/C=C/C(=O)CC(=O)/C=C/c2ccc(O)cc2)ccc1F,Moderate
COc1cc(/C=C/C(=O)CC(=O)/C=C/c2ccc(F)c(OC)c2)ccc1O,Moderate
COc1cc(/C=C/C(=O)CC(=O)/C=C/c2c[nH]c3ccccc23)ccc1O,Moderate
COc1cc(/C=C/C(=O)CC(=O)/C=C/c2cccc3ccccc23)ccc1O,Moderate
COc1cc(N(C)C)ccc1/C=C/C(=O)CC(=O)/C=C/c1ccc(O)cc1,Moderate
COc1ccc(/C=C/C(=O)CC(=O)/C=C/c2ccc(N(C)C)c3ccccc23)cc1O,Moderate
COc1cc(/C=C/C(=O)CC(=O)/C=C/c2ccc3[nH]ccc3c2)ccc1O,Moderate
O=C(/C=C/c1ccc(O)cc1)CC(=O)/C=C/c1ccc2cc[nH]c2c1,Moderate
COc1cc(/C=C/C(=O)CC(=O)/C=C/c2ccc(N(C)C)cc2[N+](=O)[O-])ccc1O,Moderate
COc1ccc(/C=C/C(=O)CC(=O)/C=C/c2ccc3[nH]ccc3c2)cc1O,Moderate
CN(C)c1ccc(/C=C/C(=O)CC(=O)/C=C/c2ccc(O)cc2)c([N+](=O)[O-])c1,Moderate
CN(C)c1ccc(/C=C/C(=O)CC(=O)/C=C/c2ccc(O)cc2)c(Cl)c1,Moderate
COc1cc(/C=C/C(=O)CC(=O)/C=C/c2ccc(N(C)C)cc2Cl)ccc1O,Moderate
COc1ccc(/C=C/C(=O)CC(=O)/C=C/c2ccc(N(C)C)cc2[N+](=O)[O-])cc1O,Moderate
COc1ccc(/C=C/C(=O)CC(=O)/C=C/c2ccc(N(C)C)cc2Cl)cc1O,Moderate
COc1cc(/C=C/C(=O)CC(=O)/C=C/c2ccc(O)cc2)cc(OC)c1OC,Moderate
COc1ccc(/C=C/C(=O)CC(=O)/C=C/c2cc(OC)c(OC)c(OC)c2)cc1O,Moderate
COc1ccc(/C=C/C(=O)CC(=O)/C=C/c2cccc(Oc3ccccc3)c2)cc1O,Moderate
COCOc1c(O)cccc1/C=C/C(=O)CC(=O)/C=C/c1ccc(O)cc1,Moderate
COc1cccc(/C=C/C(=O)CC(=O)/C=C/c2ccc(O)cc2)c1O,Moderate
COc1ccc(O)c(/C=C/C(=O)CC(=O)/C=C/c2ccc(O)cc2)c1,Moderate
COc1ccc(/C=C/C(=O)CC(=O)/C=C/c2ccc(O)c(OC)c2)c(O)c1,Moderate
COCOc1cccc(O)c1/C=C/C(=O)CC(=O)/C=C/c1ccc(O)c(OC)c1,Moderate
CCN(CC)c1ccc(/C=C/C(=O)CC(=O)/C=C/c2ccc(O)cc2)c(OCOC)c1,Moderate
COc1cc(/C=C/C(=O)CC(=O)/C=C/c2c(O)cccc2OC)ccc1O,Moderate
COc1ccc(/C=C/C(=O)CC(=O)/C=C/c2c(O)cccc2OC)cc1O,Moderate
O=C(/C=C/c1ccc(O)cc1)CC(=O)/C=C/c1cc(Cl)cc(Cl)c1O,Moderate
COCOc1cccc(O)c1/C=C/C(=O)CC(=O)/C=C/c1ccc(OC)c(O)c1,Moderate
O=C(/C=C/c1ccc(O)cc1)CC(=O)/C=C/c1cccc2cccnc12,Moderate
O=C(/C=C/c1ccc(O)cc1)CC(=O)/C=C/c1cn(Cc2ccccc2)c2ccccc12,Moderate
COc1cc(O)cc(/C=C/C(=O)CC(=O)/C=C/c2cc(O)cc(OC)c2)c1,Moderate
O=C(/C=C/c1ccc(O)cc1Cl)CC(=O)/C=C/c1ccc(O)cc1Cl,Moderate
COc1ccc(O)cc1/C=C/C(=O)CC(=O)/C=C/c1cc(O)ccc1OC,Moderate
O=C(/C=C/c1cc(O)ccc1[N+](=O)[O-])CC(=O)/C=C/c1cc(O)ccc1[N+](=O)[O-],Moderate
O=C(/C=C/c1cccc2cc[nH]c12)CC(=O)/C=C/c1cccc2cc[nH]c12,Moderate
CC1=N[C@@]2(N=C1N)c1cc(OCC(C)C)ccc1C[C@]21CC[C@@H](O)CC1,Active
CC1=NC2(N=C1N)c1cc(Br)ccc1C[C@]21CC[C@@H](O)CC1,Active
CC1=N[C@@]2(N=C1N)c1cc(Br)ccc1C[C@]21CC[C@@H](O)CC1,Moderate
CC1=N[C@]2(N=C1N)c1cc(OCCCF)ccc1C[C@]21CC[C@@H](OC(F)F)CC1,Active
CC1=N[C@@]2(N=C1N)c1cc(OCCCF)ccc1C[C@]21CC[C@@H](OC(F)F)CC1,Moderate
CC1=N[C@]2(N=C1N)c1cc(-c3cc(Cl)cc(C#N)c3)ccc1C[C@]21CC[C@@H](O)CC1,Active
CC1=N[C@@]2(N=C1N)c1cc(-c3cc(Cl)cc(C#N)c3)ccc1C[C@]21CC[C@@H](O)CC1,Moderate
CC[C@@H](C)Oc1ccc2c(c1)C1(N=C(C)C(N)=N1)[C@]1(CC[C@H](OC)CC1)C2,Active
CC#Cc1cncc(-c2ccc3c(c2)[C@]2(N=C(C)C(N)=N2)[C@]2(CC[C@H](O)CC2)C3)c1,Moderate
COC1CCC2(CC1)Cc1cc(F)c(Br)cc1C21N=C(C)C(N)=N1,Moderate
CC1=NC2(N=C1N)c1cc(Br)ccc1CCC21CC1,Moderate
CC1=NC2(N=C1N)c1cc(-c3cc(F)cc(C#N)c3)ccc1CCC21CC1,Active
CC1=NC2(N=C1N)c1cc(-c3cc(F)cc(F)c3)ccc1CCC21CC1,Moderate
CC1=NC2(N=C1N)c1cc(-c3cncc(Cl)c3)ccc1CCC21CC1,Active
CO[C@H]1CC[C@@]2(CCc3ccc(Br)cc3C23N=C(C)C(N)=N3)CC1,Moderate
CO[C@H]1CC[C@]2(CCc3ccc(Br)cc3C23N=C(C)C(N)=N3)CC1,Moderate
COc1cc(C#N)cc(-c2ccc3c(c2)C2(N=C(C)C(N)=N2)[C@]2(CC3)CC[C@@H](OC)CC2)c1,Active
COc1cc(C#N)cc(-c2ccc3c(c2)C2(N=C(C)C(N)=N2)[C@]2(CC3)CC[C@H](OC)CC2)c1,Moderate
CO[C@H]1CC[C@@]2(CCc3ccc(-c4cncc(Cl)c4)cc3C23N=C(C)C(N)=N3)CC1,Active
CO[C@H]1CC[C@]2(CCc3ccc(-c4cncc(Cl)c4)cc3C23N=C(C)C(N)=N3)CC1,Moderate
CC#Cc1cncc(-c2ccc3c(c2)C2(N=C(C)C(N)=N2)[C@]2(CC3)CC[C@H](OC)CC2)c1,Moderate
CC#Cc1cncc(-c2ccc3c(c2)C2(N=C(C)C(N)=N2)[C@]2(CC3)CC[C@@H](OC)CC2)c1,Active
CC1=NC2(N=C1N)c1cc(-c3cc(Cl)cc(C#N)c3)ccc1CCC21CC1,Active
COC1CCC2(CCc3ccc(-c4cc(Cl)cc(C#N)c4)cc3C23N=C(C)C(N)=N3)CC1,Active
CO[C@H]1CC[C@@]2(CCc3ccc(-c4cc(Cl)cc(C#N)c4)cc3C23N=C(C)C(N)=N3)CC1,Moderate
CO[C@H]1CC[C@]2(CCc3ccc(-c4cc(Cl)cc(C#N)c4)cc3C23N=C(C)C(N)=N3)CC1,Active
CN1C(=N)N[C@](C)(c2cc(NC(=O)c3ccc(Cl)cn3)ccc2F)CS1(=O)=O,Active
CN1C(=N)N[C@](C)(c2cc(NC(=O)c3ccc(C(F)(F)F)cn3)ccc2F)CS1(=O)=O,Active
Cc1cnc(C(=O)Nc2ccc(F)c([C@]3(C)CS(=O)(=O)N(C)C(=N)N3)c2)cn1,Active
COc1cnc(C(=O)Nc2cc(F)c(F)c([C@]3(C)CS(=O)(=O)N(C)C(=N)N3)c2)cn1,Active
Cc1ccc(C(=O)Nc2ccc(F)c([C@]3(C)CS(=O)(=O)N(C)C(=N)N3)c2)nc1,Active
CN1C(=N)N[C@](C)(c2cc(-c3cccc(C#N)c3)cs2)CS1(=O)=O,Moderate
CN1C(=N)N[C@](C)(c2cc(-c3ccc(F)c(C#N)c3)cs2)CS1(=O)=O,Active
COc1cnc(C(=O)Nc2ccc(F)c([C@]3(C)CS(=O)(=O)N(C)C(=N)N3)c2)cn1,Active
NC1=N[C@@]2(c3cc(NC(=O)c4ccc(F)cn4)ccc3F)COC[C@@]2(F)CS1,Active
COc1cnc(C(=O)Nc2ccc(F)c([C@]34COC[C@@]3(F)CSC(N)=N4)c2)cn1,Active
[C-]#[N+]c1ccc(C(=O)Nc2ccc(F)c([C@]34COC[C@@]3(F)CSC(N)=N4)c2)nc1,Active
[C-]#[N+]c1ccc(C(=O)Nc2ccc(F)c([C@]34COC[C@@]3(F)COC(N)=N4)c2)nc1,Active
NC1=N[C@@]2(c3cc(NC(=O)c4cnc(OCC5(F)CC5)cn4)ccc3F)COC[C@@]2(F)CO1,Active
COc1cc(F)c(C23CO[C@@H](COCc4ccccc4)C[C@H]2CSC(N)=N3)cc1C#N,Moderate
N#Cc1cc(C23CO[C@@H](COCc4ccccc4)C[C@H]2CSC(N)=N3)c(F)cc1F,Moderate
N#Cc1cc(C23CO[C@@H](CO)C[C@H]2CSC(N)=N3)c(F)cc1F,Moderate
N#Cc1cc(C23CO[C@@H](CF)C[C@H]2CSC(N)=N3)c(F)cc1F,Moderate
COC[C@H]1C[C@H]2CSC(N)=NC2(c2cc(C#N)c(F)cc2F)CO1,Moderate
C[C@H]1C[C@H]2CSC(N)=NC2(c2cc(C#N)ccc2Cl)CO1,Moderate
C[C@H]1C[C@H]2CSC(N)=NC2(c2cccc(C#N)c2)CO1,Moderate
NC1=N[C@@]2(c3cc(CNCC(F)(F)F)c(F)cc3F)CO[C@@H](CF)C[C@H]2CS1,Active
C[C@H]1C[C@H]2CSC(N)=N[C@@]2(c2cc(CNCC(F)(F)F)c(F)cc2F)CO1,Active
Cc1cc([C@H]2C[C@H]3CSC(N)=NC3(c3cc(C#N)ccc3F)CO2)on1,Active
Cc1coc([C@H]2C[C@H]3CSC(N)=NC3(c3cc(C#N)ccc3F)CO2)n1,Moderate
Cn1cc([C@H]2C[C@H]3CSC(N)=NC3(c3cc(C#N)ccc3F)CO2)cn1,Active
N#Cc1ccc(F)c(C23CO[C@@H](C4CC4)C[C@H]2CSC(N)=N3)c1,Moderate
C[C@H]1C[C@H]2CSC(N)=NC2(c2cc(C#N)ccc2F)CO1,Moderate
NC1=N[C@@]2(c3cc(CNCC(F)(F)F)ccc3F)CO[C@@H](CF)C[C@H]2CS1,Moderate
Cn1cc([C@H]2C[C@H]3CSC(N)=N[C@@]3(c3cc(CNCC(F)(F)F)ccc3F)CO2)cn1,Active
Cc1cc([C@H]2C[C@H]3[C@@H](C)SC(N)=NC3(c3cc(C#N)ccc3F)CO2)on1,Active
COC[C@@H](C)NCc1ccc(F)c([C@]23CO[C@@H](c4cnn(C)c4)C[C@H]2CSC(N)=N3)c1,Active
C[C@H]1C[C@H]2[C@@H](CF)SC(N)=N[C@@]2(c2cc(CNCC(F)(F)F)ccc2F)CO1,Moderate
C[C@H]1C[C@H]2[C@@H](CF)SC(N)=N[C@@]2(c2cc(CNCC(F)(F)F)c(F)cc2F)CO1,Active
COC1CCC2(CC1)Cc1ccc(-c3cc(F)cc(Cl)c3)cc1C21N=C(N)N2CCON=C21,Active
COC1CCC2(CC1)Cc1ccc(-c3cccc(OC(F)(F)F)c3)cc1C21N=C(N)N2CCON=C21,Active
COC1CCC2(CC1)Cc1ccc(-c3cc(F)cc(Cl)c3)cc1C21N=C(N)N2CCCN=C21,Active
COC1CCC2(CC1)Cc1ccc(C#CC3CC3)cc1C21N=C(N)N2CCCN=C21,Active
COC1CCC2(CC1)Cc1ccc(-c3cccnc3)cc1C21N=C(N)N2CCCN=C21,Active
COC1CCC2(CC1)Cc1ccc(-c3cc(F)cc(Cl)c3)cc1C21N=C(N)N2CC(F)(F)CN=C21,Active
COC1CCC2(CC1)Cc1ccc(-c3cc(F)cc(Cl)c3)cc1C21N=C(N)N2CC(C)(C)CN=C21,Moderate
CCC1CN=C2N(C1)C(N)=NC21c2cc(-c3cc(F)cc(Cl)c3)ccc2CC12CCC(OC)CC2,Active
COC1CCC2(CC1)Cc1ccc(C#CC3CC3)cc1C21N=C(N)N2CC(F)(F)CN=C21,Active
COC1CCC2(CC1)Cc1ccc(C#CC3CC3)cc1C21N=C(N)N2CC3(CC3)CN=C21,Moderate
COC1CCC2(CC1)Cc1ccc(Br)cc1C21N=C(N)N2CC3(CC3)CN=C21,Moderate
COc1ccc2c(c1)C1(N=C(N)N3C(C(F)(F)F)CCCC31)C1(CCC(OC)CC1)C2,Inactive
COC1CCC2(CC1)Cc1ccc(Br)cc1C21N=C(N)c2ccccc21,Active
COC1CCC2(CC1)Cc1ccc(C#CC3CC3)cc1C21N=C(N)c2ccccc21,Active
COC1CCC2(CC1)Cc1ccc(-c3cccc(C#N)c3)cc1C21N=C(N)c2ccccc21,Active
COC1CCC2(CC1)Cc1ccc(-c3cncc(C(F)(F)F)c3)cc1C21N=C(N)c2ccccc21,Active
COC1CCC2(CC1)Cc1ccc(C#CC3CC3)cc1C21N=C(N)c2ccc(C#N)cc21,Active
COC1CCC2(CC1)Cc1ccc(-c3cc(F)cc(Cl)c3)cc1C21N=C(N)c2ccc(C#N)cc21,Active
COC1CCC2(CC1)Oc1ccc(C#CC3CC3)cc1C21N=C(N)c2ccccc21,Active
COC1CCC2(CC1)Oc1ccc(Cl)cc1C21N=C(N)c2ccccc21,Moderate
COC1CCC2(CC1)Oc1ccc(Cl)cc1C21N=C(N)c2ccc(C#N)cc21,Active
COc1ccc2c(c1)C1(N=C2N)c2cc(Br)ccc2CC12CCC(OC)CC2,Moderate
COc1ccc2c(c1)C1(N=C2N)c2cc(C#CC3CC3)ccc2CC12CCC(OC)CC2,Active
COC1CCC2(CC1)Cc1ccc(Br)cc1C21N=C(N)c2ccc(C(F)(F)F)cc21,Active
COC1CCC2(CC1)Cc1ccc(C#CC3CC3)cc1C21N=C(N)c2ccc(C(F)(F)F)cc21,Active
COC1CCC2(CC1)Cc1ccc(OCC3CC3)cc1C21N=C(N)c2ccccc21,Active
COC1CCC2(CC1)Cc1ccc(C#CC3CC3)cc1C21N=C(N)c2c(F)cccc21,Active
COC1CCC2(CC1)Cc1ccc(CCC3CC3)cc1C21N=C(N)c2c(F)cccc21,Active
COC1CCC2(CC1)Cc1ccc(Br)cc1C21N=C(N)c2cc(C#N)ccc21,Active
COC1CCC2(CC1)Cc1ccc(C#CC3CC3)cc1C21N=C(N)c2cc(C#N)ccc21,Active
O=C(/C=C/c1ccc(O)cc1)CC(=O)/C=C/c1ccc2ccn(Cc3ccccc3)c2c1,Moderate
CS(=O)(=O)n1ccc2ccc(/C=C/C(=O)CC(=O)/C=C/c3ccc(O)cc3)cc21,Moderate
CC(C)(C)[Si](C)(C)OCc1ccccc1/C=C/C(=O)CC(=O)/C=C/c1ccc(O)cc1,Moderate
CCN(CC)c1ccc(/C=C/C(=O)CC(=O)/C=C/c2ccc(O)cc2)c(OCc2ccccc2)c1,Moderate
N[C@@H](Cc1ccccc1)C(=O)Nc1ccc(/C=C/C(=O)CC(=O)/C=C/c2ccc(O)cc2)cc1,Moderate
N[C@H](Cc1ccccc1)C(=O)Nc1ccc(/C=C/C(=O)CC(=O)/C=C/c2ccc(O)cc2)cc1,Moderate
CCN(CC)c1ccc(/C=C/C(=O)CC(=O)/C=C/c2ccc(O)cc2)c(OCC=C(C)C)c1,Moderate
CCN(CC)c1ccc(/C=C/C(=O)CC(=O)/C=C/c2ccc(O)cc2)c(OC(C)C)c1,Moderate
COCOc1ccc(OC)cc1/C=C/C(=O)CC(=O)/C=C/c1cc(OC)ccc1O,Moderate
O=C(/C=C/c1ccc(O)cc1)CC(=O)/C=C/c1c[nH]c2cccc([N+](=O)[O-])c12,Moderate
COc1ccc(/C=C/C(=O)CC(=O)/C=C/c2c[nH]c3cccc([N+](=O)[O-])c23)cc1O,Moderate
O=C(/C=C/c1ccc(O)cc1)CC(=O)/C=C/c1cccc(Br)c1,Moderate
O=C(/C=C/c1ccc(O)cc1)CC(=O)/C=C/c1cc(Cl)ccc1[N+](=O)[O-],Moderate
O=C(/C=C/c1ccc(O)cc1)CC(=O)/C=C/c1ccccc1C(F)(F)F,Moderate
O=C(/C=C/c1ccc(O)cc1)CC(=O)/C=C/c1cc(F)cc(F)c1,Moderate
O=C(/C=C/c1ccc(O)cc1)CC(=O)/C=C/c1ccccc1-c1ccccc1,Moderate
O=C(/C=C/c1ccc(O)cc1)CC(=O)/C=C/c1cc(C(F)(F)F)ccc1F,Moderate
CCCN(CCC)C(=O)c1cccc(/C=C/C(=O)CC(=O)/C=C/c2ccc(O)cc2)c1,Moderate
O=C(/C=C/c1ccc(O)cc1)CC(=O)/C=C/c1cc(OCc2ccccc2)ccc1[N+](=O)[O-],Moderate
O=C(/C=C/c1ccc(O)cc1)CC(=O)/C=C/c1ccccc1[N+](=O)[O-],Moderate
COC(=O)c1ccccc1/C=C/C(=O)CC(=O)/C=C/c1ccc(O)cc1,Moderate
COc1ccc([N+](=O)[O-])c(/C=C/C(=O)CC(=O)/C=C/c2ccc(O)cc2)c1,Moderate
CSc1ccccc1/C=C/C(=O)CC(=O)/C=C/c1ccc(O)cc1,Moderate
O=C(/C=C/c1ccc2ccn(Cc3ccccc3)c2c1)CC(=O)CCc1ccc(O)cc1,Moderate
O=C(/C=C/c1ccc(O)cc1Cl)CC(=O)CCc1ccc(O)cc1,Moderate
CN(C)c1ccc(/C=C/C(=O)CC(=O)CCc2ccc(O)cc2)c([N+](=O)[O-])c1,Moderate
CN(C)c1ccc(/C=C/C(=O)CC(=O)CCc2ccc(O)cc2)c(Cl)c1,Moderate
O=C(/C=C/c1ccc(O)cc1)CC(=O)/C=C/c1cc(O)ccc1-c1ccccc1,Moderate
O=C(/C=C/c1ccc(O)cc1)CC(=O)/C=C/c1cc(OCc2ccccc2)ccc1-c1ccccc1,Moderate
O=C(/C=C/c1ccc(O)cc1)CC(=O)/C=C/c1ccccc1-c1cccc2ccccc12,Moderate
O=C(/C=C/c1ccc(O)cc1)CC(=O)/C=C/c1ccccc1-c1ccc2ccccc2c1,Moderate
O=C(/C=C/c1cc(O)ccc1[N+](=O)[O-])CC(=O)CCc1ccc(O)cc1,Moderate
O=C(/C=C/c1ccc(O)cc1)CC(=O)/C=C/c1cc(OCc2ccccc2)ccc1Br,Moderate
O=C(/C=C/c1ccc(O)cc1)CC(=O)/C=C/c1cc(O)ccc1Br,Moderate
COc1cc(/C=C/C(=O)CC(=O)/C=C/c2ccc(O)cc2)c(Br)cc1O,Moderate
O=C(/C=C/c1ccc(O)cc1)CC(=O)/C=C/c1cc(O)c(Br)cc1Br,Moderate
COCOc1cc(O)ccc1/C=C/C(=O)CC(=O)/C=C/c1ccc(O)cc1,Moderate
COc1cc(F)c2c(c1)C1(N=C(N)n3ccnc31)c1cc(-c3cccnc3F)ccc1O2,Active
NC1=N[C@]2(c3cc(-c4cccnc4F)ccc3Oc3c(F)cc(-c4ccnc(F)c4)cc32)c2nccn21,Active
NC1=N[C@@]2(c3cc(-c4cccnc4F)ccc3Oc3c(F)cc(-c4ccnc(F)c4)cc32)c2nccn21,Active
NC1=N[C@@]2(c3cc(-c4cccnc4F)ccc3Oc3c(F)cc(C4=CCCOC4)cc32)c2nccn21,Active
NC1=N[C@]2(c3cc(-c4cccnc4F)ccc3Oc3c(F)cc(C4=CCCOC4)cc32)c2nccn21,Active
Cc1ccc(-c2cc(F)c3c(c2)[C@]2(N=C(N)n4ccnc42)c2cc(-c4cccnc4F)ccc2O3)cc1,Moderate
Cc1ccc(-c2cc(F)c3c(c2)[C@@]2(N=C(N)n4ccnc42)c2cc(-c4cccnc4F)ccc2O3)cc1,Active
NC1=N[C@@]2(c3cc(-c4cccnc4F)ccc3Oc3c(F)cc(N4CCOCC4)cc32)c2nccn21,Active
NC1=N[C@]2(c3cc(-c4cccnc4F)ccc3Oc3c(F)cc(N4CCOCC4)cc32)c2nccn21,Moderate
COc1cc(F)c2c(c1)[C@@]1(N=C(N)N3CCCN=C31)c1cc(-c3cccnc3F)ccc1O2,Active
C[C@]1(c2cc(NC(=O)c3ccc(Cl)cn3)ccc2F)N=C(N)OC[C@@H]1F,Active
C[C@]1(c2cc(NC(=O)c3ncc(Cl)cc3Cl)ccc2F)N=C(N)OC[C@@H]1F,Active
C[C@]1(c2cc(NC(=O)c3ncc(F)cc3F)ccc2F)N=C(N)OC[C@@H]1F,Active
C[C@]1(c2cc(NC(=O)c3ccc(OCF)cn3)ccc2F)N=C(N)OC[C@@H]1F,Active
C[C@]1(c2cc(NC(=O)c3ccc(OC(F)F)cn3)ccc2F)N=C(N)OC[C@@H]1F,Active
C[C@]1(c2cc(NC(=O)c3ncc(C#N)cc3Cl)ccc2F)N=C(N)OC[C@@H]1F,Active
C[C@]1(c2cc(NC(=O)c3ncc(Cl)cc3F)ccc2F)N=C(N)OC[C@@H]1F,Active
C[C@]1(c2cc(NC(=O)c3ncc(C(F)(F)F)cc3Cl)ccc2F)N=C(N)OC[C@@H]1F,Active
C[C@]1(c2cc(NC(=O)c3cnc(OCF)cn3)ccc2F)N=C(N)OC[C@@H]1F,Active
C[C@]1(c2cc(NC(=O)c3ccc(C(F)F)cn3)ccc2F)N=C(N)OC[C@@H]1F,Active
C[C@]1(c2cc(NC(=O)c3ncc(C(F)(F)F)cc3F)ccc2F)N=C(N)OC[C@@H]1F,Active
COc1ccc(C(=O)Nc2ccc(F)c([C@@]3(C)N=C(N)OC[C@@H]3F)c2)nc1,Active
C[C@]1(c2cc(NC(=O)c3ccc(C#CC4CC4)cn3)ccc2F)N=C(N)OC[C@@H]1F,Active
C[C@]1(c2cc(NC(=O)c3cnc(C(F)F)cn3)ccc2F)N=C(N)OC[C@@H]1F,Active
C[C@]1(c2cc(NC(=O)c3cnc(OCC4CC4)cn3)ccc2F)N=C(N)OC[C@@H]1F,Active
C[C@]1(c2cc(NC(=O)c3ccc(OCC(F)(F)F)cn3)ccc2F)N=C(N)OC[C@@H]1F,Active
Cc1cc(C(=O)Nc2ccc(F)c([C@@]3(C)N=C(N)OC[C@@H]3F)c2)c(C)o1,Active
C[C@]1(c2cc(NC(=O)c3cnc(OCC(F)F)cn3)ccc2F)N=C(N)OC[C@@H]1F,Active
C[C@]1(c2cc(NC(=O)c3ccc(F)cn3)ccc2F)N=C(N)OC[C@@H]1F,Active
C[C@]1(c2cc(NC(=O)c3ccc(OCC(F)F)cn3)ccc2F)N=C(N)OC[C@@H]1F,Active
C[C@]1(c2cc(NC(=O)c3ccc(C4CC4)cn3)ccc2F)N=C(N)OC[C@@H]1F,Active
C[C@]1(c2cc(NC(=O)c3ccc(OCC4CC4)cn3)ccc2F)N=C(N)OC[C@@H]1F,Active
C[C@]1(c2cc(NC(=O)c3ccc(OCC(F)(F)C(F)F)cn3)ccc2F)N=C(N)OC[C@@H]1F,Active
C[C@]1(c2cc(NC(=O)c3ccc(OCC(F)(F)C(F)(F)F)cn3)ccc2F)N=C(N)OC[C@@H]1F,Active
C[C@]1(c2cc(NC(=O)c3cnc(Cl)s3)ccc2F)N=C(N)OC[C@@H]1F,Active
Cn1nc(C(F)(F)F)cc1C(=O)Nc1ccc(F)c([C@@]2(C)N=C(N)OC[C@@H]2F)c1,Active
C[C@]1(c2cc(NC(=O)c3[nH]ncc3Cl)ccc2F)N=C(N)OC[C@@H]1F,Moderate
C[C@]1(c2cc(NC(=O)c3cncs3)ccc2F)N=C(N)OC[C@@H]1F,Moderate
Cc1cc(C(=O)Nc2ccc(F)c([C@@]3(C)N=C(N)OC[C@@H]3F)c2)nn1C,Moderate
C[C@]1(c2cc(NC(=O)C3(C#N)CC3)ccc2F)N=C(N)OC[C@@H]1F,Active
C[C@]1(c2cc(NC(=O)C3CC3)ccc2F)N=C(N)OC[C@@H]1F,Moderate
C[C@]1(c2cc(NC(=O)c3ccc(Cl)cn3)ccc2F)N=C(N)OC[C@H]1F,Active
C[C@]1(c2cc(NC(=O)c3ncc(C#N)cc3Cl)ccc2F)N=C(N)OC[C@H]1F,Active
C[C@]1(c2cc(NC(=O)c3ncc(C(F)(F)F)cc3Cl)ccc2F)N=C(N)OC[C@H]1F,Moderate
C[C@]1(F)COC(N)=N[C@]1(C)c1cc(NC(=O)c2ncccc2OCC(F)(F)F)ccc1F,Active
C[C@]1(F)COC(N)=N[C@]1(C)c1cc(NC(=O)c2ccc(C#N)cn2)ccc1F,Active
C[C@]1(F)COC(N)=N[C@]1(C)c1cc(NC(=O)c2ncc(Cl)cc2Cl)ccc1F,Active
C[C@]1(F)COC(N)=N[C@]1(C)c1cc(NC(=O)c2nn(C(F)F)cc2Cl)ccc1F,Active
C[C@]1(F)COC(N)=N[C@]1(C)c1cc(NC(=O)c2ccc(Cl)cn2)ccc1F,Active
C[C@]1(F)COC(N)=N[C@]1(C)c1cc(NC(=O)c2ccc(F)cn2)ccc1F,Active
C[C@]1(F)COC(N)=N[C@]1(C)c1cc(NC(=O)C2CC2(F)F)ccc1F,Active
C[C@]1(c2cc(NC(=O)c3ccc(Cl)cn3)ccc2F)N=C(N)OC[C@@H]1OCC(F)(F)F,Active
C[C@]1(c2cc(NC(=O)c3ccc(F)cn3)ccc2F)N=C(N)OC[C@@H]1OCC(F)(F)F,Active
C[C@]1(c2cc(NC(=O)c3ccc(C#N)cn3)ccc2F)N=C(N)OC[C@@H]1OCC(F)(F)F,Active
C[C@]1(c2cc(NC(=O)c3ncc(Cl)cc3Cl)ccc2F)N=C(N)OC[C@@H]1OCC(F)(F)F,Active
C[C@]1(c2cc(NC(=O)c3ccc(OCC(F)(F)F)cn3)ccc2F)N=C(N)OC[C@@H]1OCC(F)(F)F,Active
CC#CCOc1cnc(C(=O)Nc2ccc(F)c([C@@]3(C)N=C(N)OC[C@]3(C)F)c2)cn1,Active
[C-]#[N+]c1ccc(C(=O)Nc2ccc(F)c([C@@]3(CF)N=C(N)OC[C@@H]3F)c2)nc1,Active
[C-]#[N+]c1ccc(C(=O)Nc2ccc(F)c([C@@]3(CF)N=C(N)OC[C@H]3F)c2)nc1,Active
COc1cc(Cl)cnc1C(=O)Nc1ccc(F)c([C@@]2(C(F)F)N=C(N)O[C@@H]3C[C@@H]32)c1,Moderate
Cc1cc(OCC#CC(C)(C)O)cnc1C(=O)Nc1ccc(F)c(C2(C)N=C(N)O[C@H]3C[C@H]32)c1,Moderate
Cc1cc(NC(=O)c2ccc(Cl)cn2)cc([C@@]2(C(F)F)N=C(N)O[C@@H]3C[C@@H]32)c1F,Active
NC1=N[C@@](CF)(c2cc(NC(=O)c3ccc(Cl)cn3)cc(F)c2F)[C@@H]2C[C@@H]2O1,Moderate
C#CCOc1cnc(C(=O)Nc2cc(F)c(F)c([C@@]3(CF)N=C(N)O[C@@H]4C[C@@H]43)c2)cn1,Active
C#CCOc1cnc(C(=O)Nc2cc(F)c(F)c([C@]3(CF)N=C(N)O[C@H]4C[C@H]43)c2)cn1,Moderate
CC#CCOc1cnc(C(=O)Nc2cc(F)c(F)c([C@@]3(CF)N=C(N)O[C@@H]4C[C@@H]43)c2)cn1,Active
CC#CCOc1cnc(C(=O)Nc2cc(F)c(F)c([C@]3(CF)N=C(N)O[C@H]4C[C@H]43)c2)cn1,Moderate
N#Cc1ccc(C(=O)Nc2cc(F)c(F)c([C@@]3(CF)N=C(N)O[C@@H]4C[C@@H]43)c2)nc1,Active
N#Cc1ccc(C(=O)Nc2cc(F)c(F)c([C@]3(CF)N=C(N)O[C@H]4C[C@H]43)c2)nc1,Inactive
NC1=N[C@](CF)(c2cc(NC(=O)c3ccc(Br)cn3)cc(F)c2F)[C@H]2C[C@H]2O1,Active
NC1=N[C@@](CF)(c2cc(NC(=O)c3ccc(Br)cn3)cc(F)c2F)[C@@H]2C[C@@H]2O1,Moderate
COc1ccc(C(=O)Nc2cc(F)c(F)c([C@@]3(CF)N=C(N)O[C@@H]4C[C@@H]43)c2)nc1,Moderate
COCc1cc(Cl)cnc1C(=O)Nc1ccc(F)c([C@@]2(C(F)F)N=C(N)O[C@@H]3C[C@@H]32)c1,Active
Cc1cc(Cl)cnc1C(=O)Nc1ccc(F)c([C@@]2(C(F)F)N=C(N)O[C@@H]3C[C@@H]32)c1,Active
Cc1cc(C#N)cnc1C(=O)Nc1ccc(F)c([C@@]2(C(F)F)N=C(N)O[C@@H]3C[C@@H]32)c1,Active
COc1cc(C#N)cnc1C(=O)Nc1ccc(F)c([C@@]2(C(F)F)N=C(N)O[C@@H]3C[C@@H]32)c1,Active
NC1=N[C@](CF)(c2cc(NC(=O)c3nn(C(F)F)cc3Cl)cc(F)c2F)[C@H]2C[C@H]2O1,Active
NC1=N[C@@](CF)(c2cc(NC(=O)c3nn(C(F)F)cc3Cl)cc(F)c2F)[C@@H]2C[C@@H]2O1,Inactive
NC1=N[C@](CF)(c2cc(NC(=O)c3ccc(Cl)cn3)cc(F)c2F)[C@H]2C[C@H]2O1,Active
Cc1cc(C#N)cnc1C(=O)Nc1cc(F)c(F)c([C@@]2(CF)N=C(N)O[C@@H]3C[C@@H]32)c1,Active
Cc1cc(C#N)cnc1C(=O)Nc1cc(F)c(F)c([C@]2(CF)N=C(N)O[C@H]3C[C@H]32)c1,Inactive
Cc1cc(C(F)(F)F)cnc1C(=O)Nc1cc(F)c(F)c([C@@]2(CF)N=C(N)O[C@@H]3C[C@@H]32)c1,Active
Cc1nc(Cl)cnc1C(=O)Nc1ccc(F)c([C@]2(C(F)F)N=C(N)O[C@H]3C[C@H]32)c1,Active
Cc1ncc(Cl)nc1C(=O)Nc1ccc(F)c([C@]2(C(F)F)N=C(N)O[C@H]3C[C@H]32)c1,Moderate
NC1=N[C@](c2cc(NC(=O)c3ccc(Cl)cn3)ccc2F)(C(F)F)[C@@H]2C[C@@H]2O1,Active
CC#CCOc1cnc(C(=O)Nc2ccc(F)c([C@@]3(C)N=C(N)O[C@@H]4C[C@@H]43)c2)c(C)c1,Active
CC#CCOc1cnc(C(=O)Nc2ccc(F)c([C@]3(C)N=C(N)O[C@H]4C[C@H]43)c2)c(C)c1,Moderate
COc1cnc(C(=O)Nc2ccc(F)c([C@]3(C(F)F)N=C(N)O[C@H]4C[C@H]43)c2)c(C)n1,Moderate
N#Cc1ccc(C(=O)Nc2ccc(F)c([C@]3(C(F)F)N=C(N)O[C@H]4C[C@H]43)c2)nc1,Moderate
Cc1c(C(=O)Nc2ccc(F)c([C@]3(C(F)F)N=C(N)O[C@H]4C[C@H]43)c2)nc2ccc(Cl)cn12,Moderate
N#Cc1cnc(C(=O)Nc2ccc(F)c([C@]3(C(F)F)N=C(N)O[C@H]4C[C@H]43)c2)c(Cl)c1,Moderate
COc1cnc(C(=O)Nc2ccc(F)c([C@@]3(C(F)F)N=C(N)O[C@@H]4C[C@@H]43)c2)c(C)n1,Active
N#Cc1cnc(C(=O)Nc2ccc(F)c([C@@]3(C(F)F)N=C(N)O[C@@H]4C[C@@H]43)c2)c(Cl)c1,Active
C[C@]1(c2cc(NC(=O)c3ccc(Cl)cn3)ccc2F)N=C(N)O[C@@H]2C[C@@H]21,Active
Cc1c(C(=O)Nc2ccc(F)c([C@@]3(C(F)F)N=C(N)O[C@@H]4C[C@@H]43)c2)nc2ccc(Cl)cn12,Moderate
COc1cnc(C(=O)Nc2ccc(F)c([C@@]3(C(F)F)N=C(N)O[C@@H]4C[C@@H]43)c2)c(Cl)c1,Active
NC1=N[C@@](c2cc(NC(=O)c3ncc(Cl)cc3Cl)ccc2F)(C(F)F)[C@H]2C[C@H]2O1,Active
COc1cnc(C(=O)Nc2ccc(F)c([C@@]3(C(F)F)N=C(N)O[C@@H]4C[C@@H]43)c2)cn1,Active
NC1=N[C@](c2cc(NC(=O)c3ccc(Cl)cn3)cnc2F)(C(F)F)[C@@H]2C[C@@H]2O1,Moderate
NC1=N[C@@](c2cc(NC(=O)c3ccc(Br)cn3)ccc2F)(C(F)F)[C@H]2C[C@H]2O1,Active
N#Cc1ccc(C(=O)Nc2cnc(F)c([C@]3(C(F)F)N=C(N)O[C@H]4C[C@H]43)c2)nc1,Moderate
NC1=N[C@@](c2cc(NC(=O)c3ccc(Cl)cn3)ccc2F)(C(F)F)[C@H]2C[C@H]2O1,Active
N#Cc1ccc(C(=O)Nc2ccc(F)c([C@@]3(C(F)F)N=C(N)O[C@@H]4C[C@@H]43)c2)nc1,Active
COc1ccc(C(=O)Nc2ccc(F)c([C@@]3(CF)N=C(N)O[C@@H]4C[C@@H]43)c2F)nc1,Moderate
COC[C@]1(c2cc(NC(=O)c3cnc(OC)cn3)ccc2F)N=C(N)O[C@@H]2C[C@@H]21,Moderate
COC[C@]1(c2cc(NC(=O)c3ccc(Cl)cn3)ccc2F)N=C(N)O[C@@H]2C[C@@H]21,Moderate
COc1cnc(C(=O)Nc2ccc(F)c([C@@]3(C(F)F)N=C(N)O[C@@H]4C[C@@H]43)c2)c(OC)n1,Moderate
COc1cnc(C(=O)Nc2cc(Cl)c(F)c([C@@]3(CF)N=C(N)O[C@@H]4C[C@@H]43)c2)cn1,Active
COc1cc(C#N)cnc1C(=O)Nc1cc(Cl)c(F)c([C@@]2(CF)N=C(N)O[C@@H]3C[C@@H]32)c1,Active
Cc1cc(OC(F)F)cnc1C(=O)Nc1cc(Cl)c(F)c([C@@]2(CF)N=C(N)O[C@@H]3C[C@@H]32)c1,Active
N#Cc1ccc(C(=O)Nc2cc(Cl)c(F)c([C@@]3(CF)N=C(N)O[C@@H]4C[C@@H]43)c2)nc1,Active
COc1cnc(C(=O)Nc2cc(Cl)c(F)c([C@@]3(CF)N=C(N)O[C@@H]4C[C@@H]43)c2)c(C)n1,Active
NC1=N[C@](CF)(c2cc(NC(=O)c3cnc(OCC(F)(F)F)cn3)cc(Cl)c2F)[C@H]2C[C@H]2O1,Active
Cc1cc(C#N)cnc1C(=O)Nc1cc(Cl)c(F)c([C@@]2(CF)N=C(N)O[C@@H]3C[C@@H]32)c1,Active
NC1=N[C@](c2cc(NC(=O)c3ccc(Cl)cn3)ccc2Cl)(C(F)F)[C@@H]2C[C@@H]2O1,Inactive
N#Cc1ccc(C(=O)Nc2ccc(Cl)c([C@@]3(C(F)F)N=C(N)O[C@@H]4C[C@@H]43)c2)nc1,Active
N#Cc1ccc(C(=O)Nc2ccc(Cl)c([C@]3(C(F)F)N=C(N)O[C@H]4C[C@H]43)c2)nc1,Inactive
C#CCOc1cnc(C(=O)Nc2ccc(F)c([C@@]3(C(F)F)N=C(N)O[C@@H]4C[C@@H]43)c2)cn1,Active
CC#CCOc1cnc(C(=O)Nc2ccc(F)c([C@@]3(C(F)F)N=C(N)O[C@@H]4C[C@@H]43)c2)cn1,Active
NC1=N[C@@](c2cc(NC(=O)c3ccc(Cl)cn3)ccc2Cl)(C(F)F)[C@H]2C[C@H]2O1,Active
COc1ccc(C(=O)Nc2ccc(Cl)c([C@@]3(C(F)F)N=C(N)O[C@@H]4C[C@@H]43)c2)nc1,Active
COc1cnc(C(=O)Nc2ccc(Cl)c([C@@]3(C(F)F)N=C(N)O[C@@H]4C[C@@H]43)c2)c(C)c1,Active
NC1=N[C@@](c2cc(NC(=O)c3cnc(OCc4cocn4)cn3)ccc2Cl)(C(F)F)[C@H]2C[C@H]2O1,Active
COc1cnc(C(=O)Nc2ccc(F)c([C@@]3(C(F)F)N=C(N)O[C@@H]4C[C@@H]43)c2)nc1,Moderate
COc1cnc(C(=O)Nc2ccc(Cl)c([C@@]3(C(F)F)N=C(N)O[C@@H]4C[C@@H]43)c2)nc1,Active
NC1=N[C@@](CF)(c2nc(NC(=O)c3ccc(Cl)cn3)ccc2F)[C@@H]2C[C@@H]2O1,Inactive
NC1=N[C@](CF)(c2nc(NC(=O)c3ccc(Cl)cn3)ccc2F)[C@H]2C[C@H]2O1,Moderate
NC1=N[C@@](c2cc(NC(=O)c3ccc(Cl)cn3)cc(F)c2F)(C(F)F)[C@H]2C[C@H]2O1,Active
NC1=N[C@](c2cc(NC(=O)c3ccc(Cl)cn3)cc(F)c2F)(C(F)F)[C@@H]2C[C@@H]2O1,Inactive
N#Cc1ccc(C(=O)Nc2cc(F)c(F)c([C@]3(C(F)F)N=C(N)O[C@H]4C[C@H]43)c2)nc1,Inactive
C#CCOc1cnc(C(=O)Nc2cc(F)c(F)c([C@@]3(C(F)F)N=C(N)O[C@@H]4C[C@@H]43)c2)cn1,Moderate
N#Cc1ccc(C(=O)Nc2cc(F)c(F)c([C@@]3(C(F)F)N=C(N)O[C@@H]4C[C@@H]43)c2)nc1,Active
NC1=N[C@@](c2cc(NC(=O)c3nn(C(F)F)cc3Cl)cc(F)c2F)(C(F)F)[C@H]2C[C@H]2O1,Active
NC1=N[C@@](c2cc(NC(=O)c3ccc(Br)cn3)cc(F)c2F)(C(F)F)[C@H]2C[C@H]2O1,Active
NC1=N[C@](CF)(c2cc(NC(=O)c3ccc(Cl)cn3)ccc2F)[C@H]2C[C@H]2O1,Active
NC1=N[C@@](CF)(c2cc(NC(=O)c3ccc(Cl)cn3)ccc2F)[C@@H]2C[C@@H]2O1,Moderate
NC1=N[C@@](c2cc(NC(=O)c3ncc(Cl)cn3)ccc2F)(C(F)F)[C@H]2C[C@H]2O1,Active
Cc1nc(OCC(F)(F)F)cnc1C(=O)Nc1ccc(F)c([C@@]2(C(F)F)N=C(N)O[C@@H]3C[C@@H]32)c1,Active
COc1ccc(C(=O)Nc2cc(F)c(F)c([C@@]3(C(F)F)N=C(N)O[C@@H]4C[C@@H]43)c2)nc1,Active
Cc1cc(C(F)F)cnc1C(=O)Nc1ccc(Cl)c([C@@]2(CF)N=C(N)O[C@@H]3C[C@@H]32)c1,Active
Cc1cc(NC(=O)c2ccc(Cl)cn2)cc([C@]2(C(F)F)N=C(N)O[C@H]3C[C@H]32)c1F,Moderate
Cc1cc(C(F)(F)F)cnc1C(=O)Nc1ccc(Cl)c([C@@]2(CF)N=C(N)O[C@@H]3C[C@@H]32)c1,Active
Cc1cc(OC(F)F)cnc1C(=O)Nc1ccc(Cl)c([C@@]2(CF)N=C(N)O[C@@H]3C[C@@H]32)c1,Active
N#Cc1cnc(C(=O)Nc2ccc(Cl)c([C@@]3(CF)N=C(N)O[C@@H]4C[C@@H]43)c2)c(Cl)c1,Active
COCc1cc(Cl)cnc1C(=O)Nc1ccc(Cl)c([C@@]2(CF)N=C(N)O[C@@H]3C[C@@H]32)c1,Active
NC1=N[C@@](c2cc(NC(=O)c3ncc(Cl)cc3F)ccc2F)(C(F)F)[C@H]2C[C@H]2O1,Active
COc1ccc(C(=O)Nc2ccc(F)c([C@@]3(C(F)F)N=C(N)O[C@@H]4C[C@@H]43)c2)nc1,Active
COc1cnc(C(=O)Nc2ccc(F)c([C@@]3(C(F)F)N=C(N)O[C@@H]4C[C@@H]43)c2)c(C)c1,Moderate
Cc1cc(C#N)cnc1C(=O)Nc1cc(C)c(F)c([C@@]2(C(F)F)N=C(N)O[C@@H]3C[C@@H]32)c1,Active
Cc1cc(NC(=O)c2ncc(C#N)cc2Cl)cc([C@@]2(C(F)F)N=C(N)O[C@@H]3C[C@@H]32)c1F,Active
COc1cc(Cl)cnc1C(=O)Nc1cc(C)c(F)c([C@@]2(C(F)F)N=C(N)O[C@@H]3C[C@@H]32)c1,Moderate
Cc1cc(NC(=O)c2ncc(Cl)cc2Cl)cc([C@@]2(C(F)F)N=C(N)O[C@@H]3C[C@@H]32)c1F,Active
N#Cc1ccc(C(=O)Nc2cc(F)c(Cl)c([C@]3(CF)N=C(N)O[C@H]4C[C@H]43)c2)nc1,Moderate
Cc1cc(C#N)cnc1C(=O)Nc1cc(F)c(Cl)c([C@]2(CF)N=C(N)O[C@H]3C[C@H]32)c1,Moderate
Cc1cc(C#N)cnc1C(=O)Nc1cc(F)c(Cl)c([C@@]2(CF)N=C(N)O[C@@H]3C[C@@H]32)c1,Active
C#CCOc1ccc(C(=O)Nc2cc(F)c(Cl)c([C@]3(CF)N=C(N)O[C@H]4C[C@H]43)c2)nc1,Active
COc1cnc(C(=O)Nc2cc(F)c(F)c([C@@]3(CF)N=C(N)O[C@@H]4C[C@@H]43)c2)cn1,Moderate
COc1c(F)cc(NC(=O)c2ccc(Cl)cn2)cc1[C@@]1(CF)N=C(N)O[C@@H]2C[C@@H]21,Moderate
CC(C)Oc1cnc(C(=O)Nc2ccc(F)c([C@@]3(C(F)F)N=C(N)O[C@@H]4C[C@@H]43)c2)cn1,Moderate
C#C[C@@H](C)Oc1cnc(C(=O)Nc2ccc(F)c([C@@]3(C(F)F)N=C(N)O[C@@H]4C[C@@H]43)c2)cn1,Moderate
NC1=N[C@@](c2cc(NC(=O)c3csc(C(F)F)n3)ccc2F)(C(F)F)[C@H]2C[C@H]2O1,Moderate
NC1=N[C@@](c2cc(NC(=O)c3coc(C(F)F)n3)ccc2F)(C(F)F)[C@H]2C[C@H]2O1,Active
NC1=N[C@@](c2cc(NC(=O)c3coc(C#CC4CC4)n3)ccc2F)(C(F)F)[C@H]2C[C@H]2O1,Inactive
COc1cnc(C(=O)Nc2cc(F)c(Cl)c([C@]3(CF)N=C(N)O[C@H]4C[C@H]43)c2)cn1,Moderate
Cc1cc(OC(F)F)cnc1C(=O)Nc1cc(F)c(Cl)c([C@]2(CF)N=C(N)O[C@H]3C[C@H]32)c1,Moderate
Cn1nc(C(F)F)cc1C(=O)Nc1ccc(F)c([C@@]2(C(F)F)N=C(N)O[C@@H]3C[C@@H]32)c1,Moderate
COc1cnc(C(=O)Nc2cc(F)c(Cl)c([C@@]3(CF)N=C(N)O[C@@H]4C[C@@H]43)c2)cn1,Active
Cc1cc(OC(F)F)cnc1C(=O)Nc1cc(F)c(Cl)c([C@@]2(CF)N=C(N)O[C@@H]3C[C@@H]32)c1,Active
Cc1nc(OCC(F)(F)F)cnc1C(=O)Nc1cc(F)c(Cl)c([C@]2(CF)N=C(N)O[C@H]3C[C@H]32)c1,Active
C#C[C@H](C)Oc1cnc(C(=O)Nc2ccc(F)c([C@@]3(C(F)F)N=C(N)O[C@@H]4C[C@@H]43)c2)cn1,Active
NC1=N[C@@](c2cc(NC(=O)c3nn(C(F)F)cc3Cl)ccc2F)(C(F)F)[C@H]2C[C@H]2O1,Active
NC1=N[C@](CF)(c2cc(NC(=O)c3nn(C(F)F)cc3Cl)ccc2F)[C@H]2C[C@H]2O1,Active
NC1=N[C@@](c2cc(NC(=O)c3cnc(OCc4nccs4)cn3)ccc2F)(C(F)F)[C@H]2C[C@H]2O1,Active
Cc1nc(C(=O)Nc2ccc(F)c([C@@]3(C(F)F)N=C(N)O[C@@H]4C[C@@H]43)c2)co1,Active
NC1=N[C@@](c2cc(NC(=O)c3cnc(OCc4ncco4)cn3)ccc2F)(C(F)F)[C@H]2C[C@H]2O1,Active
NC1=N[C@@](c2cc(NC(=O)c3coc(CF)n3)ccc2F)(C(F)F)[C@H]2C[C@H]2O1,Active
NC1=N[C@@](c2cc(NC(=O)c3cnc(OCc4cscn4)cn3)ccc2F)(C(F)F)[C@H]2C[C@H]2O1,Active
NC1=N[C@@](c2cc(NC(=O)c3cnc(OCc4cncs4)cn3)ccc2F)(C(F)F)[C@H]2C[C@H]2O1,Active
NC1=N[C@@](c2cc(NC(=O)c3cnc(OCc4cnco4)cn3)ccc2F)(C(F)F)[C@H]2C[C@H]2O1,Active
NC1=N[C@@](c2cc(NC(=O)c3ccc(OCc4nccs4)cn3)ccc2F)(C(F)F)[C@H]2C[C@H]2O1,Active
NC1=N[C@@](c2cc(NC(=O)c3ccc(OCc4ncco4)cn3)ccc2F)(C(F)F)[C@H]2C[C@H]2O1,Active
NC1=N[C@@](c2cc(NC(=O)c3cnc(OCc4cocn4)cn3)ccc2F)(C(F)F)[C@H]2C[C@H]2O1,Active
C[C@H](F)c1nc(C(=O)Nc2ccc(F)c([C@@]3(C(F)F)N=C(N)O[C@@H]4C[C@@H]43)c2)co1,Moderate
Cc1csc(C(=O)Nc2ccc(F)c([C@@]3(C(F)F)N=C(N)O[C@@H]4C[C@@H]43)c2)c1,Moderate
NC1=N[C@@](c2cc(NC(=O)c3cc(Cl)cs3)ccc2F)(C(F)F)[C@H]2C[C@H]2O1,Moderate
N#Cc1csc(C(=O)Nc2ccc(F)c([C@@]3(C(F)F)N=C(N)O[C@@H]4C[C@@H]43)c2)c1,Moderate
NC1=N[C@@](c2cc(NC(=O)c3ccc(Cl)s3)ccc2F)(C(F)F)[C@H]2C[C@H]2O1,Moderate
NC1=N[C@@](c2cc(NC(=O)c3ccc(OCF)cn3)ccc2F)(C(F)F)[C@H]2C[C@H]2O1,Active
NC1=N[C@@](c2cc(NC(=O)c3csc(Cl)c3)ccc2F)(C(F)F)[C@H]2C[C@H]2O1,Moderate
CS(=O)(=O)c1ccc(C(=O)Nc2ccc(F)c([C@@]3(C(F)F)N=C(N)O[C@@H]4C[C@@H]43)c2)nc1,Inactive
NC1=N[C@](CF)(c2cc(NC(=O)c3ccc(OCF)cn3)ccc2Cl)[C@H]2C[C@H]2O1,Active
Cc1cnc(C(=O)Nc2ccc(F)c([C@@]3(C(F)F)N=C(N)O[C@@H]4C[C@@H]43)c2)c(C)c1,Moderate
Cc1cc(C(F)F)cnc1C(=O)Nc1ccc(F)c([C@@]2(C(F)F)N=C(N)O[C@@H]3C[C@@H]32)c1,Active
COc1ccc(C(=O)Nc2ccc(F)c([C@@]3(C(F)F)N=C(N)O[C@@H]4C[C@@H]43)c2)nn1,Moderate
Cc1cc(C(F)(F)F)cnc1C(=O)Nc1ccc(F)c([C@@]2(C(F)F)N=C(N)O[C@@H]3C[C@@H]32)c1,Active
Cc1cc(OCC(F)(F)F)cnc1C(=O)Nc1ccc(F)c([C@@]2(C(F)F)N=C(N)O[C@@H]3C[C@@H]32)c1,Moderate
Cc1ccc(C(=O)Nc2ccc(F)c([C@@]3(C(F)F)N=C(N)O[C@@H]4C[C@@H]43)c2)nc1,Moderate
CC(F)(F)Oc1ccc(C(=O)Nc2ccc(F)c([C@@]3(C(F)F)N=C(N)O[C@@H]4C[C@@H]43)c2)nc1,Moderate
N#Cc1ccc(C(=O)Nc2ccc(F)c([C@@]3(CF)N=C(N)O[C@@H]4C[C@@H]43)c2)nc1,Active
NC1=N[C@](CF)(c2cc(NC(=O)c3ncc(Cl)cc3Cl)ccc2F)[C@H]2C[C@H]2O1,Active
COc1cnc(C(=O)Nc2ccc(F)c([C@@]3(CF)N=C(N)O[C@@H]4C[C@@H]43)c2)cn1,Moderate
COc1ccc(C(=O)Nc2ccc(F)c([C@@]3(CF)N=C(N)O[C@@H]4C[C@@H]43)c2)nc1,Moderate
Cc1cc(C#N)cnc1C(=O)Nc1ccc(F)c([C@@]2(CF)N=C(N)O[C@@H]3C[C@@H]32)c1,Active
C#CCOc1cnc(C(=O)Nc2ccc(F)c([C@@]3(CF)N=C(N)O[C@@H]4C[C@@H]43)c2)cn1,Active
Cc1cc(Cl)cnc1C(=O)Nc1ccc(F)c([C@@]2(CF)N=C(N)O[C@@H]3C[C@@H]32)c1,Active
CC#CCOc1cnc(C(=O)Nc2ccc(F)c([C@@]3(CF)N=C(N)O[C@@H]4C[C@@H]43)c2)cn1,Active
Cc1c(C(=O)Nc2ccc(F)c([C@@]3(CF)N=C(N)O[C@@H]4C[C@@H]43)c2)nc2ccc(Cl)cn12,Moderate
Cc1cc(C(F)F)cnc1C(=O)Nc1ccc(F)c([C@@]2(CF)N=C(N)O[C@@H]3C[C@@H]32)c1,Active
NC1=N[C@](CF)(c2cc(NC(=O)c3cc4ccccc4cn3)ccc2F)[C@H]2C[C@H]2O1,Moderate
CC#CCOc1ccc(C(=O)Nc2ccc(F)c([C@@]3(CF)N=C(N)O[C@@H]4C[C@@H]43)c2)nc1,Active
N#Cc1ccc(C(=O)Nc2cnc(F)c([C@@]3(CF)N=C(N)O[C@@H]4C[C@@H]43)c2)nc1,Moderate
C#CCOc1ccc(C(=O)Nc2ccc(F)c([C@@]3(CF)N=C(N)O[C@@H]4C[C@@H]43)c2)nc1,Active
C#CCOc1cnc(C(=O)Nc2cnc(F)c([C@@]3(CF)N=C(N)O[C@@H]4C[C@@H]43)c2)cn1,Active
NC1=N[C@](CF)(c2cc(NC(=O)c3nn(C(F)F)cc3Cl)cnc2F)[C@H]2C[C@H]2O1,Active
NC1=N[C@](c2cccc(NC(=O)c3ccc(Cl)cn3)c2)(C(F)(F)F)[C@@H]2C[C@@H]2O1,Moderate
Cc1cc(OC(F)F)cnc1C(=O)Nc1ccc(Cl)c(C2(C(F)F)N=C(N)O[C@@H]3C[C@@H]32)c1,Active
CC#CCOc1cnc(C(=O)Nc2ccc(Cl)c([C@]3(C(F)F)N=C(N)O[C@H]4C[C@H]43)c2)cn1,Active
NC1=N[C@@](c2cc(NC(=O)c3ncc(Cl)cc3Cl)ccc2Cl)(C(F)F)[C@H]2C[C@H]2O1,Active
Cc1cc(OC(F)F)cnc1C(=O)Nc1ccc(Cl)c([C@@]2(C(F)F)N=C(N)O[C@@H]3C[C@@H]32)c1,Active
Cc1cc(OC(F)F)cnc1C(=O)Nc1ccc(Cl)c([C@]2(C(F)F)N=C(N)O[C@H]3C[C@H]32)c1,Moderate
NC1=N[C@@](c2cc(NC(=O)c3ccc(Br)cn3)ccc2Cl)(C(F)F)[C@H]2C[C@H]2O1,Active
CC#CCOc1cnc(C(=O)Nc2ccc(Cl)c([C@@]3(C(F)F)N=C(N)O[C@@H]4C[C@@H]43)c2)cn1,Active
Cc1cc(C(F)(F)F)cnc1C(=O)Nc1ccc(Cl)c([C@@]2(C(F)F)N=C(N)O[C@@H]3C[C@@H]32)c1,Active
NC1=N[C@](c2cc(NC(=O)c3ccc(Cl)cn3)ccc2F)(C(F)(F)F)[C@@H]2C[C@@H]2O1,Moderate
C#CCOc1cnc(C(=O)Nc2ccc(Cl)c([C@]3(C(F)F)N=C(N)O[C@H]4C[C@H]43)c2)cn1,Active
NC1=N[C@](c2cc(NC(=O)c3nn(C(F)F)cc3Cl)ccc2Cl)(C(F)F)[C@@H]2C[C@@H]2O1,Moderate
C#CCOc1cnc(C(=O)Nc2ccc(Cl)c([C@@]3(C(F)F)N=C(N)O[C@@H]4C[C@@H]43)c2)cn1,Active
Cc1cc(C#N)cnc1C(=O)Nc1ccc(Cl)c([C@@]2(C(F)F)N=C(N)O[C@@H]3C[C@@H]32)c1,Active
NC1=N[C@@](c2cc(NC(=O)c3nn(C(F)F)cc3Cl)ccc2Cl)(C(F)F)[C@H]2C[C@H]2O1,Active
COc1cnc(C(=O)Nc2ccc(Cl)c([C@@]3(C(F)F)N=C(N)O[C@@H]4C[C@@H]43)c2)cn1,Active
N#Cc1cnc(C(=O)Nc2ccc(F)c([C@]3(CF)N=C(N)O[C@H]4C[C@H]43)c2)c(Cl)c1,Active
N#Cc1cnc(C(=O)Nc2ccc(F)c([C@@]3(CF)N=C(N)O[C@@H]4C[C@@H]43)c2)c(Cl)c1,Active
COc1cnc(C(=O)Nc2ccc(F)c([C@@]3(CF)N=C(N)O[C@@H]4C[C@@H]43)c2)c(Cl)c1,Active
NC1=N[C@@](CF)(c2cc(NC(=O)c3ccc(Cl)cn3)cnc2F)[C@@H]2C[C@@H]2O1,Inactive
NC1=N[C@](CF)(c2cc(NC(=O)c3ccc(Cl)cn3)cnc2F)[C@H]2C[C@H]2O1,Moderate
C#CCOc1ccc(C(=O)Nc2ccc(F)c([C@@]3(C(F)F)N=C(N)O[C@@H]4C[C@@H]43)c2)nc1,Active
CC#CCOc1ccc(C(=O)Nc2ccc(F)c([C@@]3(C(F)F)N=C(N)O[C@@H]4C[C@@H]43)c2)nc1,Active
Cc1cc(C(F)F)cnc1C(=O)Nc1cnc(F)c([C@@]2(CF)N=C(N)O[C@@H]3C[C@@H]32)c1,Moderate
NC1=N[C@](CF)(c2cc(NC(=O)c3ccc(Br)cn3)cnc2F)[C@H]2C[C@H]2O1,Moderate
NC1=N[C@@](c2cc(NC(=O)c3ccc(OCC(F)(F)F)cn3)ccc2F)(C(F)F)[C@H]2C[C@H]2O1,Moderate
Cc1cc(OC(F)F)cnc1C(=O)Nc1ccc(F)c([C@@]2(C(F)F)N=C(N)O[C@@H]3C[C@@H]32)c1,Active
NC1=N[C@@](c2cc(NC(=O)c3cnc(OC(F)F)cn3)ccc2F)(C(F)F)[C@H]2C[C@H]2O1,Active
COCC(=O)Nc1ccc(F)c([C@@]2(C(F)F)N=C(N)O[C@@H]3C[C@@H]32)c1,Moderate
NC1=N[C@@](c2cc(NC(=O)C3=CCCCC3)ccc2F)(C(F)F)[C@H]2C[C@H]2O1,Inactive
NC1=N[C@@](c2cc(NC(=O)[C@H]3CCCO3)ccc2F)(C(F)F)[C@H]2C[C@H]2O1,Moderate
COCCC(=O)Nc1ccc(F)c([C@@]2(C(F)F)N=C(N)O[C@@H]3C[C@@H]32)c1,Inactive
Cn1cc(C(=O)Nc2ccc(F)c([C@@]3(C(F)F)N=C(N)O[C@@H]4C[C@@H]43)c2)ccc1=O,Inactive
NC1=N[C@@](c2cc(NC(=O)c3ccc(OCC#CC4CC4)cn3)ccc2F)(C(F)F)[C@H]2C[C@H]2O1,Active
NC1=N[C@@](c2cc(NC(=O)CC(F)(F)F)ccc2F)(C(F)F)[C@H]2C[C@H]2O1,Moderate
NC1=N[C@@](c2cc(NC(=O)[C@@H]3CCOC3)ccc2F)(C(F)F)[C@H]2C[C@H]2O1,Inactive
NC1=N[C@@](c2cc(NC(=O)COc3ccccc3)ccc2F)(C(F)F)[C@H]2C[C@H]2O1,Moderate
CO[C@H](C)C(=O)Nc1ccc(F)c([C@@]2(C(F)F)N=C(N)O[C@@H]3C[C@@H]32)c1,Moderate
NC1=N[C@@](c2cc(NC(=O)C3CC(=O)C3)ccc2F)(C(F)F)[C@H]2C[C@H]2O1,Inactive
C[C@H](C#N)Oc1ccc(C(=O)Nc2ccc(F)c([C@@]3(C(F)F)N=C(N)O[C@@H]4C[C@@H]43)c2)nc1,Moderate
NC1=N[C@@](c2cc(NC(=O)C3CC3)ccc2F)(C(F)F)[C@H]2C[C@H]2O1,Moderate
NC1=N[C@@](c2cc(NC(=O)c3cnc(Cl)cn3)ccc2F)(C(F)F)[C@H]2C[C@H]2O1,Active
NC1=N[C@@](c2cc(NC(=O)C#Cc3ccccc3)ccc2F)(C(F)F)[C@H]2C[C@H]2O1,Moderate
NC1=N[C@@](c2cccc(NC(=O)c3ccc(Cl)cn3)c2)(C(F)F)[C@H]2C[C@H]2O1,Moderate
NC1=N[C@](c2cccc(NC(=O)c3ccc(Cl)cn3)c2)(C(F)F)[C@@H]2C[C@@H]2O1,Inactive
Cc1cnc(C(=O)Nc2ccc(F)c([C@@]3(C(F)F)N=C(N)O[C@@H]4C[C@@H]43)c2)cn1,Moderate
NC1=N[C@@](c2cc(NC(=O)c3ncc(Br)cn3)ccc2F)(C(F)F)[C@H]2C[C@H]2O1,Active
Cc1ccc(NC(=O)c2ccc(C#N)cn2)cc1[C@@]1(C(F)F)N=C(N)O[C@@H]2C[C@@H]21,Active
NC1=N[C@](CF)(c2cc(NC(=O)c3ccc(Cl)cn3)ccc2Cl)[C@H]2C[C@H]2O1,Active
NC1=N[C@@](CF)(c2cc(NC(=O)c3ccc(Cl)cn3)ccc2Cl)[C@@H]2C[C@@H]2O1,Moderate
COc1cnc(C(=O)Nc2ccc(Cl)c([C@@]3(CF)N=C(N)O[C@@H]4C[C@@H]43)c2)cn1,Moderate
COc1cnc(C(=O)Nc2ccc(Cl)c([C@]3(CF)N=C(N)O[C@H]4C[C@H]43)c2)cn1,Inactive
NC1=N[C@](CF)(c2cc(NC(=O)c3ccc(Br)cn3)ccc2Cl)[C@H]2C[C@H]2O1,Active
NC1=N[C@@](CF)(c2cc(NC(=O)c3ccc(Br)cn3)ccc2Cl)[C@@H]2C[C@@H]2O1,Moderate
N#Cc1ccc(C(=O)Nc2ccc(Cl)c([C@@]3(CF)N=C(N)O[C@@H]4C[C@@H]43)c2)nc1,Active
N#Cc1ccc(C(=O)Nc2ccc(Cl)c([C@]3(CF)N=C(N)O[C@H]4C[C@H]43)c2)nc1,Moderate
C#CCOc1cnc(C(=O)Nc2ccc(Cl)c([C@@]3(CF)N=C(N)O[C@@H]4C[C@@H]43)c2)cn1,Active
C#CCOc1cnc(C(=O)Nc2ccc(Cl)c([C@]3(CF)N=C(N)O[C@H]4C[C@H]43)c2)cn1,Moderate
NC1=N[C@](CF)(c2cc(NC(=O)c3ncc(Cl)cc3Cl)ccc2Cl)[C@H]2C[C@H]2O1,Active
COc1ccc(C(=O)Nc2ccc(Cl)c([C@@]3(CF)N=C(N)O[C@@H]4C[C@@H]43)c2)nc1,Moderate
Cc1cc(C#N)cnc1C(=O)Nc1ccc(Cl)c([C@@]2(CF)N=C(N)O[C@@H]3C[C@@H]32)c1,Active
COc1cnc(C(=O)Nc2ccc(Cl)c([C@@]3(CF)N=C(N)O[C@@H]4C[C@@H]43)c2)c(Cl)c1,Moderate
CC#CCOc1cnc(C(=O)Nc2ccc(Cl)c([C@@]3(CF)N=C(N)O[C@@H]4C[C@@H]43)c2)cn1,Active
NC1=N[C@@](c2cc(NC(=O)c3cccc(Cl)n3)ccc2F)(C(F)F)[C@H]2C[C@H]2O1,Moderate
NC1=N[C@@](c2cc(NC(=O)c3cc(Cl)ccn3)ccc2F)(C(F)F)[C@H]2C[C@H]2O1,Moderate
CC(C)c1cccnc1C(=O)Nc1ccc(F)c([C@@]2(C(F)F)N=C(N)O[C@@H]3C[C@@H]32)c1,Moderate
CC(C)c1cc(Cl)cnc1C(=O)Nc1ccc(F)c([C@@]2(C(F)F)N=C(N)O[C@@H]3C[C@@H]32)c1,Moderate
NC1=N[C@@](c2cc(NC(=O)c3ccc(-c4ccccc4)cn3)ccc2F)(C(F)F)[C@H]2C[C@H]2O1,Moderate
NC1=N[C@@](c2cc(NC(=O)c3ccccn3)ccc2F)(C(F)F)[C@H]2C[C@H]2O1,Moderate
Cc1cccnc1C(=O)Nc1ccc(F)c([C@@]2(C(F)F)N=C(N)O[C@@H]3C[C@@H]32)c1,Moderate
COc1cnc(C(=O)Nc2ccc(C)c([C@@]3(C(F)F)N=C(N)O[C@@H]4C[C@@H]43)c2)cn1,Moderate
Cc1ccc(NC(=O)c2ccc(Cl)cn2)cc1[C@@]1(C(F)F)N=C(N)O[C@@H]2C[C@@H]21,Active
NC1=N[C@](c2cc(NC(=O)c3ccc(Br)cn3)ccc2F)(C(F)F)[C@@H]2C[C@@H]2O1,Moderate
COc1cc(Cl)cnc1C(=O)Nc1ccc(Cl)c([C@@]2(CF)N=C(N)O[C@@H]3C[C@@H]32)c1,Moderate
Cc1cc(NC(=O)c2ncc(C#N)cn2)cc([C@@]2(C(F)F)N=C(N)O[C@@H]3C[C@@H]32)c1F,Active
COc1cnc(C(=O)Nc2cc(C)c(F)c([C@@]3(C(F)F)N=C(N)O[C@@H]4C[C@@H]43)c2)cn1,Active
COc1cnc(C(=O)Nc2cc(C)c(F)c([C@@]3(C(F)F)N=C(N)O[C@@H]4C[C@@H]43)c2)c(C)n1,Moderate
COc1cnc(C(=O)Nc2ccc(Cl)c([C@@]3(CF)N=C(N)O[C@@H]4C[C@@H]43)c2)c(C)n1,Moderate
Cc1cc(NC(=O)c2ncc(Cl)cc2F)cc([C@@]2(C(F)F)N=C(N)O[C@@H]3C[C@@H]32)c1F,Active
Cc1cc(Cl)cnc1C(=O)Nc1cc(C)c(F)c([C@@]2(C(F)F)N=C(N)O[C@@H]3C[C@@H]32)c1,Active
COc1ccc(C(=O)Nc2cc(C)c(F)c([C@@]3(C(F)F)N=C(N)O[C@@H]4C[C@@H]43)c2)nc1,Active
COc1cnc(C(=O)Nc2cc(C)c(F)c([C@@]3(C(F)F)N=C(N)O[C@@H]4C[C@@H]43)c2)c(C)c1,Moderate
COc1cnc(C(=O)Nc2ccc(F)c([C@@]3(C(F)F)N=C(N)O[C@@H]4C[C@@H]43)c2)c(F)c1,Active
COc1cc(F)cnc1C(=O)Nc1ccc(F)c([C@@]2(C(F)F)N=C(N)O[C@@H]3C[C@@H]32)c1,Moderate
NC1=N[C@@](c2cc(NC(=O)c3ncc(Cl)cc3CF)ccc2F)(C(F)F)[C@H]2C[C@H]2O1,Active
Cc1cc(C#N)cnc1C(=O)Nc1cc(F)c(C)c([C@@]2(C(F)F)N=C(N)O[C@@H]3C[C@@H]32)c1,Active
Cc1cc(C#N)cnc1C(=O)Nc1cc(F)c(C)c([C@]2(C(F)F)N=C(N)O[C@H]3C[C@H]32)c1,Active
NC1=N[C@@](c2cc(NC(=O)c3ccc(OC(F)F)cn3)ccc2F)(C(F)F)[C@H]2C[C@H]2O1,Active
C#Cc1ccc(C(=O)Nc2ccc(F)c([C@@]3(C(F)F)N=C(N)O[C@@H]4C[C@@H]43)c2)nc1,Active
CC#Cc1ccc(C(=O)Nc2ccc(F)c([C@@]3(C(F)F)N=C(N)O[C@@H]4C[C@@H]43)c2)nc1,Active
Cc1nc(OCC(F)(F)F)cnc1C(=O)Nc1cc(F)c(Cl)c([C@@]2(CF)N=C(N)O[C@@H]3C[C@@H]32)c1,Active
C#CCOc1cnc(C(=O)Nc2cc(F)c(Cl)c([C@@]3(CF)N=C(N)O[C@@H]4C[C@@H]43)c2)cn1,Active
C#CCOc1cnc(C(=O)Nc2cc(F)c(Cl)c([C@]3(CF)N=C(N)O[C@H]4C[C@H]43)c2)cn1,Moderate
NC1=N[C@](CF)(c2cc(NC(=O)c3ncc(Cl)cc3CF)ccc2Cl)[C@H]2C[C@H]2O1,Active
NC1=N[C@](CF)(c2cc(NC(=O)c3ncc(Cl)cc3F)ccc2Cl)[C@H]2C[C@H]2O1,Active
Cc1cc(Cl)cnc1C(=O)Nc1ccc(Cl)c([C@@]2(CF)N=C(N)O[C@@H]3C[C@@H]32)c1,Active
Cc1cc(NC(=O)c2ccc(Cl)cc2CF)cc([C@@]2(C(F)F)N=C(N)O[C@@H]3C[C@@H]32)c1F,Active
NC1=N[C@](CF)(c2cc(NC(=O)c3ccc(F)cn3)ccc2Cl)[C@H]2C[C@H]2O1,Moderate
COc1cnc(C(=O)Nc2ccc(F)c([C@]3(C)N=C(N)O[C@H]4C[C@H]43)c2)cn1,Inactive
NC1=N[C@@](c2nc(NC(=O)c3ccc(Cl)cn3)ccc2F)(C(F)F)[C@H]2C[C@H]2O1,Moderate
COc1cnc(C(=O)Nc2ccc(F)c([C@@]3(C)N=C(N)O[C@@H]4C[C@@H]43)n2)cn1,Moderate
C[C@]1(c2nc(NC(=O)c3ccc(C#N)cn3)ccc2F)N=C(N)O[C@@H]2C[C@@H]21,Moderate
C[C@]1(c2nc(NC(=O)c3ccc(Cl)cn3)ccc2F)N=C(N)O[C@@H]2C[C@@H]21,Moderate
C[C@@]1(c2nc(NC(=O)c3ccc(Cl)cn3)ccc2F)N=C(N)O[C@H]2C[C@H]21,Moderate
C[C@]1(c2nc(NC(=O)c3ncc(Cl)cc3Cl)ccc2F)N=C(N)O[C@@H]2C[C@@H]21,Moderate
[C-]#[N+]c1ccc(C(=O)Nc2ccc(F)c([C@@]3(C(F)F)N=C(N)O[C@@H]4C[C@@H]43)n2)nc1,Moderate
C[C@@]1(c2cc(NC(=O)c3ccc(Cl)cn3)cnc2F)N=C(N)O[C@H]2C[C@H]21,Moderate
C[C@]1(c2cc(NC(=O)c3ccc(Cl)cn3)cnc2F)N=C(N)O[C@@H]2C[C@@H]21,Active
COc1cnc(C(=O)Nc2cnc(F)c([C@]3(C)N=C(N)O[C@H]4C[C@H]43)c2)cn1,Moderate
COc1cnc2c(Nc3ccc(F)c([C@@]4(C)N=C(N)O[C@H]5C[C@H]54)c3)nccc2c1,Moderate
COc1cnc2c(Nc3ccc(F)c([C@]4(C)N=C(N)O[C@H]5C[C@H]54)c3)nccc2c1,Moderate
COc1cnc2c(Nc3ccc(F)c([C@@]4(C)N=C(N)O[C@@H]5C[C@@H]54)c3)nccc2c1,Moderate
NC1=C[C@@](CF)(c2cc(Nc3nccc4cc(Cl)cnc34)cc(F)c2F)[C@@H]2C[C@@H]2O1,Moderate
NC1=N[C@](CF)(c2cc(Nc3nccc4cc(Cl)cnc34)cc(F)c2F)[C@H]2C[C@H]2O1,Active
N#Cc1cnc2c(Nc3ccc(F)c([C@@]4(CF)N=C(N)O[C@@H]5C[C@@H]54)c3)ncc(F)c2c1,Active
NC1=N[C@](CF)(c2cc(Nc3nccc4cc(Cl)cnc34)ccc2F)[C@H]2C[C@H]2O1,Active
N#Cc1cnc2c(Nc3ccc(F)c([C@@]4(CF)N=C(N)O[C@@H]5C[C@@H]54)c3)nccc2c1,Active
NC1=N[C@](CF)(c2cc(Nc3ncnc4cc(Cl)cnc34)ccc2F)[C@H]2C[C@H]2O1,Moderate
COc1cnc2c(Nc3ccc(F)c([C@@]4(C(F)F)N=C(N)O[C@@H]5C[C@@H]54)c3)nccc2c1,Moderate
N#Cc1cnc2c(Nc3ccc(Cl)c([C@]4(C(F)F)N=C(N)O[C@H]5C[C@H]54)c3)ncc(F)c2c1,Moderate
N#Cc1cnc2c(Nc3ccc(Cl)c([C@@]4(C(F)F)N=C(N)O[C@@H]5C[C@@H]54)c3)ncc(F)c2c1,Active
N#Cc1cnc2c(Nc3ccc(F)c([C@@]4(C(F)F)N=C(N)O[C@@H]5C[C@@H]54)c3)ncc(F)c2c1,Active
NC1=N[C@@](c2cc(Nc3ncnc4cc(Cl)cnc34)ccc2F)(C(F)F)[C@H]2C[C@H]2O1,Active
COc1cnc2c(Nc3ccc(F)c([C@]4(CF)N=C(N)O[C@H]5C[C@H]54)c3F)nccc2n1,Inactive
COc1cnc2c(Nc3cc(Cl)c(F)c([C@@]4(CF)N=C(N)O[C@@H]5C[C@@H]54)c3)nccc2n1,Active
CC(C)Oc1cnc2c(Nc3cc(Cl)c(F)c([C@@]4(CF)N=C(N)O[C@@H]5C[C@@H]54)c3)nccc2n1,Moderate
Cn1cc2ccnc(Nc3ccc(F)c([C@@]4(C(F)F)N=C(N)O[C@@H]5C[C@@H]54)c3)c2n1,Moderate
NC1=N[C@](CF)(c2cc(Nc3nccc4cc(Cl)cnc34)ccc2Cl)[C@H]2C[C@H]2O1,Active
COc1cnc2c(Nc3ccc(Cl)c([C@@]4(CF)N=C(N)O[C@@H]5C[C@@H]54)c3)nccc2n1,Moderate
NC1=N[C@@](c2cc(Nc3ncc(F)c4cc(Cl)cnc34)ccc2F)(C(F)F)[C@H]2C[C@H]2O1,Active
NC1=N[C@@](c2cc(Nc3nccc4cc(Cl)cnc34)ccc2F)(C(F)F)[C@H]2C[C@H]2O1,Active
N#Cc1cnc2c(Nc3ccc(Cl)c([C@@]4(CF)N=C(N)O[C@@H]5C[C@@H]54)c3)ncc(F)c2c1,Active
COc1cnc2c(Nc3ccc(F)c([C@@]4(C(F)F)N=C(N)O[C@@H]5C[C@@H]54)c3)ncnc2c1,Moderate
NC1=N[C@@](c2cc(Nc3nccc4nc(C(F)(F)F)cnc34)ccc2F)(C(F)F)[C@H]2C[C@H]2O1,Moderate
N#Cc1cnc2c(Nc3ccc(F)c([C@@]4(C(F)F)N=C(N)O[C@@H]5C[C@@H]54)c3)nccc2c1,Active
COc1cnc2c(Nc3ccc(F)c([C@@]4(C(F)F)N=C(N)O[C@@H]5C[C@@H]54)c3)nccc2n1,Moderate
COc1cnc2c(Nc3ccc(F)c([C@@]4(C(F)F)N=C(N)O[C@@H]5C[C@@H]54)c3)ncc(F)c2c1,Moderate
NC1=N[C@@](c2cc(Nc3ncnc4cc(C(F)(F)F)cnc34)ccc2F)(C(F)F)[C@H]2C[C@H]2O1,Moderate
N#Cc1cnc2c(Nc3cc(F)c(F)c([C@@]4(C(F)F)N=C(N)O[C@@H]5C[C@@H]54)c3)ncc(F)c2c1,Active
NC1=N[C@@](c2cc(NCC3CCC3)ccc2F)(C(F)F)[C@H]2C[C@H]2O1,Moderate
NC1=N[C@@](c2cc(NCC#Cc3ccccc3)ccc2F)(C(F)F)[C@H]2C[C@H]2O1,Moderate
NC1=N[C@@](c2cc(NCC3(c4ccc(Cl)cc4)CC3)ccc2F)(C(F)F)[C@H]2C[C@H]2O1,Inactive
NC1=N[C@@](c2cc(NC[C@@H]3C[C@H]3c3ccccc3)ccc2F)(C(F)F)[C@H]2C[C@H]2O1,Inactive
NC1=N[C@@](c2cc(NC[C@H]3C[C@H]3c3ccccc3)ccc2F)(C(F)F)[C@H]2C[C@H]2O1,Moderate
NC1=N[C@](CF)(c2cc(NCc3nn(C(F)F)cc3Cl)ccc2F)[C@H]2C[C@H]2O1,Moderate
NC1=N[C@@](c2cc(NCc3nn(C(F)F)cc3Cl)ccc2F)(C(F)F)[C@H]2C[C@H]2O1,Active
C=C1CC(CNc2ccc(F)c([C@@]3(C(F)F)N=C(N)O[C@@H]4C[C@@H]43)c2)C1,Moderate
NC1=N[C@@](c2cc(NCC3(C(F)(F)F)CC3)ccc2F)(C(F)F)[C@H]2C[C@H]2O1,Moderate
NC1=N[C@@](c2cc(NCc3ccc(Cl)cn3)ccc2F)(C(F)F)[C@H]2C[C@H]2O1,Moderate
C[C@@H](Nc1ccc(F)c([C@@]2(C(F)F)N=C(N)O[C@@H]3C[C@@H]32)c1)c1ccc(Cl)cn1,Inactive
NC1=N[C@@](c2cc(NCC3CC3)ccc2F)(C(F)F)[C@H]2C[C@H]2O1,Moderate
NC1=N[C@@](c2cc(N[C@H]3CCc4cc(Br)cnc43)ccc2F)(C(F)F)[C@H]2C[C@H]2O1,Moderate
NC1=N[C@@](c2cc(N[C@H]3CCCc4cc(Br)cnc43)ccc2F)(C(F)F)[C@H]2C[C@H]2O1,Moderate
N#Cc1cnc2c(c1)OCC[C@@H]2Nc1ccc(F)c([C@@]2(C(F)F)N=C(N)O[C@@H]3C[C@@H]32)c1,Moderate
NC1=N[C@@](c2cc(N[C@@H]3CCc4cc(Br)ccc43)ccc2F)(C(F)F)[C@H]2C[C@H]2O1,Moderate
NC1=N[C@@](c2cc(Nc3coc4cc(Cl)ccc34)ccc2F)(C(F)F)[C@H]2C[C@H]2O1,Moderate
COCc1cc(C#N)cnc1C(=O)Nc1ccc(Cl)c([C@@]2(CF)N=C(N)O[C@@H]3C[C@@H]32)c1,Active
N#Cc1cnc(C(=O)Nc2ccc(Cl)c([C@@]3(CF)N=C(N)O[C@@H]4C[C@@H]43)c2)c(CO)c1,Active
CN(C)c1cc(C#N)cnc1C(=O)Nc1ccc(F)c([C@@]2(C(F)F)N=C(N)O[C@@H]3C[C@@H]32)c1,Active
Cc1cc(NC(=O)c2ccc(C#N)cn2)cc([C@@]2(C(F)F)N=C(N)O[C@@H]3C[C@@H]32)c1F,Active
COCc1cc(C#N)cnc1C(=O)Nc1ccc(F)c([C@@]2(C(F)F)N=C(N)O[C@@H]3C[C@@H]32)c1,Active
N#Cc1cnc2c(Nc3ccc(F)c([C@@]4(CF)N=C(N)O[C@@H]5C[C@@H]54)c3)ncnc2c1,Moderate
CC(C)c1cc(C#N)cnc1C(=O)Nc1ccc(F)c([C@@]2(C(F)F)N=C(N)O[C@@H]3C[C@@H]32)c1,Moderate
N#Cc1cnc(C(=O)Nc2ccc(F)c([C@@]3(C(F)F)N=C(N)O[C@@H]4C[C@@H]43)c2)c(C(F)F)c1,Active
N#Cc1cnc(C(=O)Nc2ccc(F)c([C@@]3(C(F)F)N=C(N)O[C@@H]4C[C@@H]43)c2)c(CO)c1,Active
COc1cc(C#N)cnc1C(=O)Nc1ccc(Cl)c([C@@]2(CF)N=C(N)O[C@@H]3C[C@@H]32)c1,Active
Cc1cc(NC(=O)c2ncc(C#N)cc2F)cc([C@@]2(C(F)F)N=C(N)O[C@@H]3C[C@@H]32)c1F,Active
COc1cc(C#N)cnc1C(=O)Nc1cc(C)c(F)c([C@@]2(C(F)F)N=C(N)O[C@@H]3C[C@@H]32)c1,Active
N#Cc1cnc(C(=O)Nc2ccc(Cl)c([C@@]3(CF)N=C(N)O[C@@H]4C[C@@H]43)c2)c(F)c1,Active
[C-]#[N+]c1cnc2c(c1)CC[C@H]2Nc1ccc(F)c([C@@]2(C(F)F)N=C(N)O[C@@H]3C[C@@H]32)c1,Moderate
N#Cc1cnc2c(c1)CC[C@@H]2Nc1ccc(F)c([C@@]2(C(F)F)N=C(N)O[C@@H]3C[C@@H]32)c1,Moderate
N#Cc1cnc2c(c1)CCC[C@H]2Nc1ccc(F)c([C@@]2(C(F)F)N=C(N)O[C@@H]3C[C@@H]32)c1,Moderate
N#Cc1cnc2c(c1)CC[C@H]2Nc1ccc(F)c([C@@]2(C(F)F)N=C(N)O[C@@H]3C[C@@H]32)c1,Moderate
COCCOc1cnc(C(=O)Nc2cccc(C3(C)CC(=O)N(C)C(N)=N3)c2)cn1,Active
C#CCOc1cnc(C(=O)Nc2cccc(C3(C)CC(=O)N(C)C(N)=N3)c2)cn1,Active
CC#CCOc1cnc(C(=O)Nc2cccc(C3(C)CC(=O)N(C)C(N)=N3)c2)cn1,Active
CN1C(=O)CC(C)(c2cccc(NC(=O)c3cnc(Cl)cn3)c2)N=C1N,Active
COc1cnc(C(=O)Nc2cccc(C3(C)CC(=O)N(C)C(N)=N3)c2)cn1,Active
COc1cnc(C(=O)Nc2cccc(CNc3cccnc3N)c2)cn1,Moderate
COCCOc1cnc(C(=O)Nc2cccc(CNc3cccnc3N)c2)cn1,Moderate
C#CCOc1cnc(C(=O)Nc2cccc(CNc3cccnc3N)c2)cn1,Moderate
CC#CCOc1cnc(C(=O)Nc2cccc(CNc3cccnc3N)c2)cn1,Active
NC1=N[C@@]2(c3ccc(F)cc3F)CO[C@@H](COCc3ccccc3)C[C@H]2CO1,Active
NC1=N[C@@]2(c3ccccc3F)CO[C@@H](COc3ccccc3)C[C@H]2CS1,Moderate
NC1=N[C@@]2(c3ccccc3F)CO[C@@H](COc3ccccn3)C[C@H]2CS1,Moderate
CCOC[C@H]1C[C@H]2CSC(N)=N[C@@]2(c2ccccc2F)CO1,Moderate
NC1=N[C@@]2(c3ccc(F)cc3)COCC[C@H]2CS1,Moderate
NC1=N[C@@]2(c3ccccc3F)COCC[C@H]2CS1,Moderate
Cc1ccc([C@]23COCC[C@H]2CSC(N)=N3)c(F)c1,Moderate
NC1=N[C@@]2(c3ccccc3)COCC[C@H]2CS1,Inactive
NC1=N[C@@]2(c3ccccc3F)CO[C@@H](COC(=O)c3ccccc3)C[C@H]2CS1,Inactive
NC1=N[C@@]2(c3c(F)cccc3F)COCC[C@H]2CS1,Inactive
NC1=N[C@@]2(c3ccc(Cl)cc3F)COCC[C@H]2CS1,Inactive
NC1=N[C@@]2(c3ccc(O)cc3F)COCC[C@H]2CS1,Moderate
NC1=N[C@@]2(c3ccccc3F)CO[C@@H](COc3cnccn3)C[C@H]2CS1,Moderate
NC1=N[C@@]2(c3ccccc3F)CO[C@@H](COc3ncccn3)C[C@H]2CS1,Moderate
NC1=N[C@@]2(c3ccccc3OC(F)(F)F)COCC[C@H]2CS1,Inactive
COC[C@H]1C[C@H]2CSC(N)=N[C@@]2(c2ccccc2F)CO1,Moderate
C[C@H]1SC(N)=N[C@@]2(c3ccccc3F)COCC[C@@H]12,Moderate
C[C@@H]1SC(N)=N[C@@]2(c3ccccc3F)COCC[C@@H]12,Inactive
NC1=N[C@@]2(c3ccccc3F)CO[C@@H](CO)C[C@H]2CS1,Moderate
C[C@H]1SC(N)=N[C@@]2(c3cc(Br)ccc3F)COCC[C@@H]12,Inactive
C[C@H]1SC(N)=N[C@@]2(c3cc(-c4cncnc4)ccc3F)COCC[C@@H]12,Moderate
CC(C)OC[C@H]1C[C@H]2CSC(N)=N[C@@]2(c2ccccc2F)CO1,Moderate
NC1=N[C@@]2(c3ccc(F)cc3F)CO[C@@H](CO)C[C@H]2CS1,Moderate
NC1=N[C@@]2(c3ccccc3F)CO[C@@H](CF)C[C@H]2CS1,Moderate
NC1=N[C@@](c2cc(NC(=O)c3ccc(C#CC4CC4)cn3)ccc2F)(C(F)F)[C@H]2C[C@H]2O1,Active
NC1=N[C@@](c2cc(Nc3nccc4cc(C#CC5CC5)cnc34)ccc2F)(C(F)F)[C@H]2C[C@H]2O1,Active
NC1=N[C@@](c2cc(NC(=O)c3cnc(C#CC4CC4)cn3)ccc2F)(C(F)F)[C@H]2C[C@H]2O1,Active
NC1=N[C@@](c2cc(Nc3ncc(F)c4cc(C#CC5CC5)cnc34)ccc2F)(C(F)F)[C@H]2C[C@H]2O1,Active
CC1(C#Cc2ccc(C(=O)Nc3ccc(F)c([C@@]4(C(F)F)N=C(N)O[C@@H]5C[C@@H]54)c3)nc2)COC1,Moderate
NC1=N[C@@](c2cc(NC(=O)c3cnc(OCC#CC4CC4)cn3)ccc2F)(C(F)F)[C@H]2C[C@H]2O1,Active
NC1=N[C@@](c2cc(NC(=O)c3cnc(OCC4CCOCC4)cn3)ccc2F)(C(F)F)[C@H]2C[C@H]2O1,Moderate
NC1=N[C@@](c2cc(NC(=O)c3cnc(OCC4CCOC4)cn3)ccc2F)(C(F)F)[C@H]2C[C@H]2O1,Moderate
C=CCOc1cnc(C(=O)Nc2ccc(F)c([C@@]3(C(F)F)N=C(N)O[C@@H]4C[C@@H]43)c2)cn1,Active
NC1=N[C@@](c2cc(NC(=O)c3cnc(OCC4CC4)cn3)ccc2F)(C(F)F)[C@H]2C[C@H]2O1,Active
NC1=N[C@@](c2cc(NC(=O)c3cnc(OCC4CCCCC4)cn3)ccc2F)(C(F)F)[C@H]2C[C@H]2O1,Active
CCOc1cnc(C(=O)Nc2ccc(F)c([C@@]3(C(F)F)N=C(N)O[C@@H]4C[C@@H]43)c2)cn1,Moderate
NC1=N[C@@](c2cc(NC(=O)c3cnc(OCC4CCCC4)cn3)ccc2F)(C(F)F)[C@H]2C[C@H]2O1,Active
NC1=N[C@@](c2cc(NC(=O)c3ncc(Cl)cc3CO)ccc2F)(C(F)F)[C@H]2C[C@H]2O1,Active
NC1=N[C@](CF)(c2cc(NC(=O)c3ncc(Cl)cc3CO)ccc2Cl)[C@H]2C[C@H]2O1,Active
NC1=N[C@@](c2cc(NS(=O)(=O)c3ccc(Cl)cn3)ccc2F)(C(F)F)[C@H]2C[C@H]2O1,Inactive
NC1=N[C@@](c2cc(N[C@H](c3ccc(Cl)cn3)C(F)(F)F)ccc2F)(C(F)F)[C@H]2C[C@H]2O1,Moderate
NC1=NC(CF)(c2cccc(NC(=O)c3ccc(Cl)cn3)c2)C2CC2O1,Moderate
CS(=O)(=O)c1c(F)cc(NC(=O)c2ccc(Cl)cn2)cc1[C@@]1(CF)N=C(N)O[C@@H]2C[C@@H]21,Moderate
NC1=N[C@](c2cc(-c3nc4ccc(Cl)cc4o3)ccc2F)(C(F)F)[C@@H]2C[C@@H]2O1,Moderate
NC1=N[C@@](c2cc(-c3nc4ccc(Cl)cc4o3)ccc2F)(C(F)F)[C@H]2C[C@H]2O1,Moderate
CC#Cc1cncc(-c2ccc(F)c([C@@]3(C(F)F)N=C(N)O[C@@H]4C[C@@H]43)c2)c1,Moderate
CC#Cc1cncc(-c2cc(C3(CF)N=C(N)OC4CC43)c(F)cc2CO)c1,Inactive
N=C1NC(CF)(c2cc(-c3cncc(F)c3)c(CO)cc2F)C2CC2O1,Inactive
CC#Cc1cnn(-c2ccc(F)c([C@@]3(C(F)F)N=C(N)O[C@@H]4C[C@@H]43)c2)c1,Moderate
NC1=N[C@@](c2cc(-n3cc(C#CC4CC4)cn3)ccc2F)(C(F)F)[C@H]2C[C@H]2O1,Moderate
NC1=N[C@@](c2cc(N3Cc4cc(Cl)cnc4C3=O)ccc2F)(C(F)F)[C@H]2C[C@H]2O1,Moderate
COc1cnc(C(=O)Nc2cccc([C@@]3(C(F)F)N=C(N)O[C@@H]4C[C@@H]43)c2)cn1,Moderate
CNc1cnc(C(=O)Nc2ccc(F)c([C@@]3(C(F)F)N=C(N)O[C@@H]4C[C@@H]43)c2)nc1,Moderate
NC1=N[C@@](c2cc(NC(=O)c3c(F)cc(F)cc3F)ccc2F)(C(F)F)[C@H]2C[C@H]2O1,Moderate
COc1cnc(C(=O)Nc2ccc(F)c([C@]3(C)N=C(N)O[C@@H]4C[C@@H]43)c2)cn1,Moderate
COc1cnc(C(=O)Nc2ccc(F)c([C@@]3(C)N=C(N)O[C@H]4C[C@H]43)c2)cn1,Moderate
COc1cnc(C(=O)Nc2ccc(F)c([C@@]3(C)N=C(N)O[C@@H]4C[C@@H]43)c2)cn1,Active
CC(C)CN1CCN[C@@H]([C@@H](O)[C@H](Cc2ccccc2)NC(=O)c2cc(C(=O)N[C@H](C)c3ccccc3)cc(N(C)S(C)(=O)=O)c2)C1=O,Active
COc1ccc(CN2CCN[C@@H]([C@@H](O)[C@H](Cc3ccccc3)NC(=O)c3cc(C(=O)N[C@H](C)c4ccccc4)cc(N(C)S(C)(=O)=O)c3)C2=O)cc1,Active
COc1cccc(CN2CCN[C@@H]([C@@H](O)[C@H](Cc3ccccc3)NC(=O)c3cc(C(=O)N[C@H](C)c4ccccc4)cc(N(C)S(C)(=O)=O)c3)C2=O)c1,Moderate
COc1ccc2c(c1)[C@]1(N=C(N)N(C)C1=O)c1cc(-c3cncnc3)ccc1O2,Active
CN1C(=O)[C@]2(N=C1N)c1cc(C3=CCOCC3)ccc1Oc1ccc(-c3cccnc3F)cc12,Active
COc1ccc2c(c1)[C@]1(N=C(N)N(C)C1=O)c1cc(-c3ccc(C)cc3)cc(F)c1O2,Active
CC#Cc1cncc(-c2ccc3c(c2)[C@]2(N=C(N)N(C)C2=O)c2cc(C4=CCOCC4)cc(F)c2O3)c1,Active
CC#Cc1cncc(-c2ccc3c(c2)[C@@]2(N=C(N)N(C)C2=O)c2cc(C4=CCOCC4)cc(F)c2O3)c1,Moderate
Cc1ccc(-c2cc(F)c3c(c2)[C@]2(N=C(N)N(C)C2=O)c2cc(-c4cccc(Cl)c4)ccc2O3)cc1,Active
Cc1ccc(-c2cc(F)c3c(c2)[C@@]2(N=C(N)N(C)C2=O)c2cc(-c4cccc(Cl)c4)ccc2O3)cc1,Active
CN1C(=O)[C@]2(N=C1N)c1cc(-c3cccc(Cl)c3)ccc1Oc1c(F)cc(C3=CCOCC3)cc12,Active
CN1C(=O)[C@@]2(N=C1N)c1cc(-c3cccc(Cl)c3)ccc1Oc1c(F)cc(C3=CCOCC3)cc12,Active
CN1C(=O)[C@@]2(N=C1N)c1cc(-c3cccnc3F)ccc1Oc1c(F)cc(-c3ccnc(F)c3)cc12,Moderate
CN1C(=O)[C@]2(N=C1N)c1cc(-c3cccnc3F)ccc1Oc1c(F)cc(-c3ccnc(F)c3)cc12,Active
CN1C(=O)C[C@]2(N=C1N)c1cc(-c3cccnc3F)ccc1Oc1cnc(C3=CCOCC3)cc12,Active
CN1C(=O)C[C@]2(N=C1N)c1cc(-c3cccnc3F)ccc1Oc1cnc(C3=CCCOC3)cc12,Active
CN1C(=O)C[C@@]2(N=C1N)c1cc(-c3cccnc3F)ccc1Oc1cnc(C3=CCOCC3)cc12,Moderate
CN1C(=O)C[C@@]2(N=C1N)c1cc(-c3cccnc3F)ccc1Oc1cnc(C3=CCCOC3)cc12,Moderate
CN1C(=O)C[C@@]2(N=C1N)c1cc(-c3cccnc3F)ccc1Oc1cnc(-c3ccnc(F)c3)cc12,Moderate
CN1C(=O)C[C@]2(N=C1N)c1cc(-c3cccnc3F)ccc1Oc1cnc(-c3ccnc(F)c3)cc12,Active
CN1C(=O)CC2(N=C1N)c1cc(-c3cccnc3F)ccc1Oc1c2cc(C2=CCCOC2)nc1F,Active
CN1C(=O)C[C@@]2(N=C1N)c1cc(-c3cccnc3F)ccc1Oc1c2cc(Cl)nc1F,Moderate
CN1C(=O)C[C@]2(N=C1N)c1cc(-c3cccnc3F)ccc1Oc1c2cc(Cl)nc1F,Active
CN1C(=O)C[C@]2(N=C1N)c1cc(-c3cccnc3F)ccc1Oc1c2cc(-c2ccnc(F)c2)nc1F,Active
CN1C(=N)NC2(CC1=O)c1cc(-c3cccnc3F)ccc1Oc1cnc(-c3cccnc3F)cc12,Active
CN1C(=O)C[C@]2(N=C1N)c1cc(-c3cccnc3F)ccc1Oc1c2cc(C2=CCCOC2)nc1F,Active
CN1C(=O)CC2(N=C1N)c1cc(-c3cccnc3F)ccc1Oc1c2cc(-c2cccnc2F)nc1F,Active
CN1C(=O)C[C@]2(N=C1N)c1cc(-c3cccnc3F)ccc1Oc1c2cc(C2=CC(C)(C)OCC2)nc1F,Active
CN1C(=O)C[C@]2(N=C1N)c1cc(-c3cccnc3F)ccc1Oc1c2cc(C2=CCOC(C)(C)C2)nc1F,Active
CN1C(=O)C[C@]2(N=C1N)c1cc(-c3cccnc3F)ccc1Oc1c2cc(C2CCOC(C)(C)C2)nc1F,Active
COc1ccc2c(c1)C1(N=C(N)N(C)C1=O)c1cc(NC(=O)c3ccc(Cl)cn3)ccc1O2,Active
CN(C)c1ccc(NC(=O)Nc2cc(C(F)(F)F)cc(C(F)(F)F)c2)cc1C(=O)NCCCN1CCOCC1,Moderate
Cl.NC1=N[C@@]2(c3ccns3)CN(c3ncc(F)cn3)C[C@H]2CS1,Moderate
Cl.N#Cc1ccc([C@]23CN(c4ncc(F)cn4)C[C@H]2CSC(N)=N3)s1,Moderate
CC(C)[C@H](NC(=O)[C@H](C)C[C@H](O)[C@@H]1CCCCCC[C@H](NC(=O)OC(C)(C)C)C(=O)N[C@@H](C)C(=O)N1)C(=O)NCc1ccncc1,Moderate
CN1C(=N)N[C@](C)(c2c(F)ccc(NC(=O)c3ccc(F)cn3)c2F)CS1(=O)=O,Active
NC1=NC2(CO1)c1cc(Br)ccc1OCC21CCCO1,Inactive
NC1=NC2(CO1)c1cc(Br)ccc1OCC21COC1,Inactive
NC1=NC2(CO1)c1cc(Br)ccc1OC1(CCC1)C21COC1,Inactive
COCc1cnn(-c2ccc3c(c2)C2(COC(N)=N2)C2(COC2)C2(CCC2)O3)c1,Moderate
NC1=NC2(CO1)c1cc(-c3cncnc3)ccc1OC1(CCC1)C21COC1,Moderate
CC1(C)Oc2ccc(Br)cc2C2(COC(N)=N2)C12COC2,Moderate
C[C@H]1Oc2ccc(Br)cc2[C@@]2(COC(N)=N2)C12COC2,Inactive
C[C@@H]1Oc2ccc(Br)cc2[C@@]2(COC(N)=N2)C12COC2,Inactive
NC1=NC2(CO1)c1cc(Br)ccc1OCC21CCC1,Inactive
CCC1Oc2ccc(Br)cc2C2(COC(N)=N2)C12COC2,Inactive
NC1=NC2(CO1)c1cc(Br)ccc1OC1(CCCC1)C21COC1,Moderate
CCCC1Oc2ccc(Br)cc2C2(C=C(N)OC2)C12COC2,Inactive
NC1=NC2(CO1)c1cc(Br)ccc1OC(C1CC1)C21COC1,Inactive
CC(C)CC1Oc2ccc(Br)cc2C2(COC(N)=N2)C12COC2,Inactive
NC1=NC2(CO1)c1cc(Br)ccc1OC(CCC(F)(F)F)C21COC1,Inactive
NC1=NC2(CO1)c1cc(Br)ccc1OC(Cc1ccccc1)C21COC1,Moderate
NC1=NC2(CO1)c1cc(Br)ccc1OC(CC1CC1)C21COC1,Moderate
NC1=NC2(CO1)c1cc(Br)ccc1OCC21CC1,Inactive
NC1=NC2(CO1)c1cc(Br)c(F)cc1OCC21CC1,Inactive
COCC#Cc1cncc(-c2ccc3c(c2)C2(COC(N)=N2)C2(COC2)CO3)c1,Moderate
CC#Cc1cc(-c2ccc3c(c2)C2(COC(N)=N2)C2(COC2)CO3)ccn1,Moderate
CC#Cc1cc(-c2ccc3c(c2)C2(COC(N)=N2)C2(COC2)CO3)ncn1,Moderate
CC#Cc1cncc(-c2ccc3c(c2)C2(COC(N)=N2)C2(COC2)CO3)n1,Moderate
C#Cc1cncc(-c2ccc3c(c2)C2(COC(N)=N2)C2(COC2)CO3)c1,Moderate
NC1=NC2(CO1)c1cc(C3=CCOCC3)ccc1OCC21COC1,Inactive
NC1=NC2(CO1)c1cc(Nc3ccccn3)ccc1OCC21COC1,Inactive
COc1cccnc1Nc1ccc2c(c1)C1(COC(N)=N1)C1(COC1)CO2,Moderate
CC1(C)Oc2ccc(NC(=O)c3ccc(Cl)cn3)cc2C2(COC(N)=N2)C12COC2,Active
CC1(C)Oc2ccc(NC(=O)c3ccc(F)cn3)cc2C2(COC(N)=N2)C12COC2,Moderate
NC1=NC2(CO1)c1cc(NC(=O)c3ncc(Cl)cc3F)ccc1OCC21CC1,Moderate
CC1(C)Oc2ccc(NC(=O)c3ncc(Cl)cc3F)cc2C2(COC(N)=N2)C12COC2,Active
NC1=NC2(CO1)c1cc(NC(=O)c3ccc(F)cn3)ccc1OCC21CC1,Moderate
NC1=NC2(CO1)c1cc(NC(=O)c3ccc(Cl)cn3)ccc1OCC21CC1,Moderate
COc1ccc(F)c(-c2ccc3c(c2)C2(COC(N)=N2)C2(COC2)CO3)c1,Moderate
NC1=NC2(CO1)c1cc(-c3cc(Cl)cnc3F)ccc1OCC21COC1,Moderate
COCCCc1ccc2c(c1)C1(COC(N)=N1)C1(COC1)CO2,Inactive
NC1=NC2(CO1)c1cc(-c3cncnc3)ccc1OCC21COC1,Moderate
Cc1cc(-c2ccc3c(c2)C2(COC(N)=N2)C2(COC2)CO3)ccn1,Inactive
Cc1cccc(CCc2ccc3c(c2)C2(COC(N)=N2)C2(COC2)CO3)c1,Inactive
NC1=NC2(c3cc(Br)ccc3OCC23CC3)c2cccc(F)c21,Inactive
NC1=NC2(CS1)c1cc(Br)ccc1OCC21COC1,Inactive
CC1(C)Oc2ccc(Br)cc2C2(CSC(N)=N2)C12COC2,Moderate
NC1=NC2(CO1)c1cc(Nc3ncccc3Cl)ccc1OCC21COC1,Moderate
NC1=NC2(CO1)c1cc(Nc3ncccc3Cl)ccc1OC1(CCC1)C21COC1,Moderate
COc1cccnc1Nc1ccc2c(c1)C1(COC(N)=N1)C1(COC1)C1(CCC1)O2,Moderate
CC(C)Cc1ccc2c(c1)C1(COC(N)=N1)C1(COC1)C1(CCC1)O2,Moderate
CCC(CC)Cc1ccc2c(c1)C1(COC(N)=N1)C1(COC1)C1(CCC1)O2,Moderate
NC1=NC2(CO1)c1cc(-c3cncc(C#CC4CC4)c3)ccc1OC1(CCC1)C21COC1,Moderate
CC1(C)Oc2ccc(-c3cncnc3)cc2C2(COC(N)=N2)C12COC2,Moderate
CC#Cc1cncc(-c2ccc3c(c2)C2(COC(N)=N2)C2(CC2)CO3)c1,Moderate
CC#Cc1cncc(-c2ccc3c(c2)C2(COC(N)=N2)C2(COC2)CO3)c1,Moderate
CC1(C)Oc2ccc(-c3cncnc3)cc2C2(CSC(N)=N2)C12COC2,Moderate
CC#Cc1ccnc(-c2ccc3c(c2)C2(COC(N)=N2)C2(COC2)CO3)c1,Moderate
NC1=NC2(CO1)c1cc(-c3cncc(C4CC4)c3)ccc1OCC21CC1,Moderate
NC1=NC2(CO1)c1cc(-c3cncc(OCC(F)(F)F)c3)ccc1OCC21CC1,Moderate
NC1=NC2(CO1)c1cc(-c3cncc(OCC(F)F)c3)ccc1OCC21CC1,Moderate
NC1=NC2(CO1)c1cc(-c3cncc(OC(F)F)c3)ccc1OCC21CC1,Moderate
NC1=NC2(CO1)c1cc(-c3cnc4[nH]ccc4c3)ccc1OCC21CC1,Moderate
NC1=NC2(CO1)c1cc(-c3cnc4[nH]cc(Cl)c4c3)ccc1OCC21CC1,Moderate
CCc1cncc(-c2ccc3c(c2)C2(COC(N)=N2)C2(CC2)CO3)c1,Moderate
NC1=NC2(CO1)c1cc(-c3cncc(OCC(F)(F)C(F)F)c3)ccc1OCC21CC1,Moderate
COc1ccnc(-c2ccc3c(c2)C2(COC(N)=N2)C2(COC2)C(C)(C)O3)c1,Moderate
CC#Cc1cncc(-c2ccc3c(c2)C2(CSC(N)=N2)C2(COC2)CO3)c1,Moderate
NC1=NC2(CO1)c1cc(-c3cncc(F)c3)ccc1OC1(CCC1)C21COC1,Moderate
NC1=NC2(CO1)c1cc(-c3cccnc3F)ccc1OC1(CCC1)C21COC1,Moderate
COc1cncc(-c2ccc3c(c2)C2(COC(N)=N2)C2(COC2)C2(CCC2)O3)c1,Moderate
NC1=NC2(CO1)c1cc(-c3cc(Cl)cnc3F)ccc1OC1(CCC1)C21COC1,Moderate
Cc1ncccc1-c1ccc2c(c1)C1(COC(N)=N1)C1(COC1)C1(CCC1)O2,Inactive
Cc1cncc(-c2ccc3c(c2)C2(COC(N)=N2)C2(COC2)C2(CCC2)O3)c1,Moderate
Cc1cnnc(-c2ccc3c(c2)C2(COC(N)=N2)C2(COC2)C2(CCC2)O3)c1,Inactive
C[C@H]1Oc2ccc(-c3cccnc3F)cc2[C@@]2(COC(N)=N2)C12COC2,Moderate
C[C@H]1Oc2ccc(-c3cncnc3)cc2[C@@]2(COC(N)=N2)C12COC2,Moderate
C[C@@H]1Oc2ccc(-c3cccnc3F)cc2[C@@]2(COC(N)=N2)C12COC2,Moderate
C[C@@H]1Oc2ccc(-c3cncnc3)cc2[C@@]2(COC(N)=N2)C12COC2,Moderate
COc1cncc(-c2ccc3c(c2)[C@@]2(COC(N)=N2)C2(COC2)[C@@H](C)O3)c1,Moderate
CC1(C)Oc2ccc(-c3cccnc3F)cc2C2(COC(N)=N2)C12COC2,Moderate
COc1cncc(-c2ccc3c(c2)C2(COC(N)=N2)C2(COC2)C(C)(C)O3)c1,Moderate
CCC1Oc2ccc(-c3cncnc3)cc2C2(COC(N)=N2)C12COC2,Moderate
NC1=NC2(CO1)c1cc(-c3cncnc3)ccc1OC1(CCCC1)C21COC1,Moderate
CC#Cc1cncc(-c2ccc3c(c2)C2(COC(N)=N2)C2(COC2)C(CC)O3)c1,Moderate
NC1=NC2(CO1)c1cc(-c3cncnc3)ccc1OC(C1CC1)C21COC1,Moderate
CC(C)CC1Oc2ccc(-c3cncnc3)cc2C2(COC(N)=N2)C12COC2,Moderate
CCCC1Oc2ccc(-c3cncnc3)cc2C2(COC(N)=N2)C12COC2,Moderate
CC#Cc1cncc(-c2ccc3c(c2)C2(COC(N)=N2)C2(COC2)C(CCC)O3)c1,Active
NC1=NC2(CO1)c1cc(-c3cncnc3)ccc1OC(CCC(F)(F)F)C21CCC1,Moderate
CC#Cc1cncc(-c2ccc3c(c2)C2(COC(N)=N2)C2(COC2)C(CCC(F)(F)F)O3)c1,Moderate
NC1=NC2(CO1)c1cc(-c3cncnc3)ccc1OCC21CCCO1,Inactive
NC1=NC2(CO1)c1cc(-c3cncc(C(F)(F)F)c3)ccc1OC1(CCC1)C21COC1,Moderate
NC1=NC2(CO1)c1cc(-c3cncnc3)ccc1OCC21CC1,Moderate
NC1=NC2(CO1)c1cc(-c3cncnc3)ccc1OCC21CCC1,Moderate
NC1=NC2(CO1)c1cc(-c3cncnc3)c(F)cc1OCC21CC1,Moderate
NC1=NC2(CO1)c1cc(-c3cccnc3F)ccc1OCC21CC1,Moderate
NC1=NC2(CO1)c1cc(-c3cc(Cl)cnc3F)ccc1OCC21CC1,Moderate
COc1cncc(-c2ccc3c(c2)C2(COC(N)=N2)C2(CC2)CO3)c1,Moderate
CCOc1cncc(-c2ccc3c(c2)C2(COC(N)=N2)C2(CC2)CO3)c1,Moderate
NC1=NC2(CO1)c1cc(-c3cncc(Cl)c3)ccc1OCC21CC1,Moderate
CC#Cc1cncc(-c2ccc3c(c2)C2(COC(N)=N2)C2(COC2)C2(CCC2)O3)c1,Moderate
CC#Cc1cncc(-c2ccc3c(c2)C2(COC(N)=N2)C2(COC2)C(C)(C)O3)c1,Active
CC#Cc1cncc(-c2cc3c(cc2F)OCC2(CC2)C32COC(N)=N2)c1,Moderate
CC#Cc1cncc(-c2ccc3c(c2)C2(COC(N)=N2)C2(CCC2)CO3)c1,Moderate
NC1=NC2(COC1)c1cc(Br)ccc1OCC21COC1,Inactive
N#Cc1ncccc1-c1ccc2c(c1)C1(COC(N)=N1)C1(COC1)C1(CCC1)O2,Moderate
Cc1cnc(F)c(-c2ccc3c(c2)C2(COC(N)=N2)C2(COC2)C2(CCC2)O3)c1,Moderate
Cc1ncncc1-c1ccc2c(c1)C1(COC(N)=N1)C1(COC1)C1(CCC1)O2,Moderate
NC1=NC2(CO1)c1cc(-c3cncc(C(F)F)c3)ccc1OC1(CCC1)C21COC1,Moderate
NC1=NC2(CO1)c1cc(-c3ccc(F)nc3)ccc1OC1(CCC1)C21COC1,Moderate
N#Cc1cncc(-c2ccc3c(c2)C2(COC(N)=N2)C2(COC2)C2(CCC2)O3)c1,Moderate
NC1=NC2(CO1)c1cc(-c3ccc(F)nc3F)ccc1OC1(CCC1)C21COC1,Moderate
COc1cc(-c2ccc3c(c2)C2(COC(N)=N2)C2(COC2)C2(CCC2)O3)c(F)cn1,Moderate
NC1=NC2(CO1)c1cc(-c3ccccc3)ccc1OC1(CCC1)C21COC1,Moderate
CC(C)C(=O)c1cc(C(=O)N[C@@H](Cc2ccccc2)[C@H](O)CNC2CC2)cc(N(C)S(C)(=O)=O)c1,Moderate
CCCC(O)C(NCC(O)C(Cc1ccccc1)NC(=O)c1cc(C)cc(C(=O)N(C)C(C)c2ccccc2)c1)C(=O)NCC(C)C,Moderate
Cc1cc(C(=O)NC(Cc2ccccc2)C(O)CNC(C(=O)NCC(C)C)C(C)O)cc(C(=O)N(C)C(C)c2ccccc2)c1,Moderate
NC1=N[C@@]2(c3ccns3)CN(c3ncc(F)cn3)C[C@H]2CS1,Moderate
NC1=N[C@@]2(c3ccc(F)s3)CN(c3ncc(F)cn3)C[C@H]2CS1,Active
NC1=N[C@@]2(c3ccccc3)CN(c3ncc(F)cn3)C[C@H]2CS1,Active
NC1=N[C@@]2(c3cccs3)CN(c3ncc(F)cn3)C[C@H]2CS1,Active
NC1=N[C@@]2(c3ccc(F)s3)CN(c3ncccn3)C[C@H]2CS1,Moderate
N#Cc1ccc([C@]23CN(c4ncc(F)cn4)C[C@H]2CSC(N)=N3)s1,Moderate
CCN1CCN2CCS(=O)(=O)N(C)c3cc(C(=O)N[C@@H](Cc4ccccc4)[C@H](O)CNC4CC4)cc1c32,Moderate
CCNc1cc(C(=O)N[C@@H](Cc2ccccc2)[C@H](O)CNC2CC2)cc2c1CCCS(=O)(=O)N2C,Moderate
CCN1CCN2CCS(=O)(=O)N(C)c3cc(C(=O)N[C@@H](Cc4ccccc4)[C@H](O)CNCc4cccc(C(F)(F)F)c4)cc1c32,Active
COc1ccc2c(c1)CCC2(Cc1ccc(C(F)(F)F)cc1)c1cn(C)c(N)n1,Moderate
COc1ccc2c(c1F)CCC2(Cc1ccc(C(F)(F)F)cc1)c1cn(C)c(N)n1,Active
CN(c1cc(/C=C/C2CC2)cc(C(=O)N[C@@H](Cc2ccccc2)[C@H](O)CNC2CC2)c1)S(C)(=O)=O,Moderate
CC[C@H](C)[C@H](NC(=O)OC(C)(C)C)C(=O)N1CCCCC[C@@H]([C@@H](O)C[C@@H](C)C(=O)N[C@H](C(=O)NCc2ccncc2)C(C)C)NC(=O)[C@@H]1C,Active
CC(C)[C@H](NC(=O)CC[C@H](O)[C@@H]1CCCCCC[C@H](NC(=O)OC(C)(C)C)C(=O)N[C@@H](C)C(=O)N1)C(=O)NCc1ccccc1,Moderate
C[C@@H](NC(=O)c1cc(COC[C@](C)(N)Cc2ccccc2)cc(N(C)S(C)(=O)=O)c1)c1ccc(F)cc1,Moderate
CCCN(CCC)C(=O)c1cc(C)cc(C(=O)N[C@@H](Cc2cc(F)cc(F)c2)[C@H](O)CNCc2cccc(I)c2)c1,Active
C[C@@]1(c2cc(NC(=O)c3ccc(C#N)cn3)ccc2F)C[S@]2(=O)=NCCCCN2C(N)=N1,Active
COc1cnc(-c2cc(-c3ccc(F)c([C@]4(C)C[S@]5(=O)=NCCCCN5C(N)=N4)c3)on2)cn1,Moderate
C[C@@]1(c2cc(C#Cc3ccc(C#N)cc3)ccc2F)C[S@@]2(=O)=NCCCCN2C(N)=N1,Active
C[C@@]1(c2cc(-c3cc(-c4ncc(Cl)cn4)no3)ccc2F)C[S@@]2(=O)=NCCCCN2C(N)=N1,Active
C[C@@]1(c2cc(-c3cc(-c4ncc(Cl)cn4)no3)ccc2F)C[S@]2(=O)=NCCCCN2C(N)=N1,Active
C[C@@]1(c2cc(-c3cn(-c4ccc(C#N)cn4)nn3)ccc2F)C[S@]2(=O)=NCCCCN2C(N)=N1,Active
COc1cnc(-c2cc(-c3ccc(F)c([C@]4(C)C[S@@]5(=O)=NCCCCN5C(N)=N4)c3)on2)cn1,Active
CC#CCOc1cnc(C(=O)Nc2ccc(F)c([C@]3(C)C[S@@]4(=O)=NCCCCN4C(N)=N3)c2)cn1,Active
C[C@@]1(c2cc(NC(=O)c3ncc(C#N)cc3Cl)ccc2F)C[S@@]2(=O)=NCCCCN2C(N)=N1,Active
Cc1cc(F)cnc1C(=O)Nc1ccc(F)c([C@]2(C)C[S@@]3(=O)=NCCCCN3C(N)=N2)c1,Active
C[C@@H](NC(=O)c1cc(OCC(=O)NCCCCCN)cc(OS(=O)(=O)Cc2ccccc2)c1)c1ccccc1,Moderate
COC(=O)CN1C[C@H](Nc2nc3cc(C)ccc3[nH]2)[C@@H](OC(=O)c2ccc(-c3ccccc3)cc2)C1,Moderate
Cc1ccc2[nH]c(N[C@H]3CNC[C@@H]3OC(=O)c3ccc(-c4ccccc4)cc3)nc2c1,Moderate
COc1ccc2[nH]c(N[C@H]3CN(C(=O)OC(C)(C)C)C[C@@H]3OC(=O)c3ccc(-c4ccccc4)cc3)nc2c1,Moderate
CCCS(=O)(=O)N1C[C@H](Nc2nc3cc(F)ccc3[nH]2)[C@@H](OC(=O)c2ccc(N(C)C)cc2)C1,Moderate
CC(C)c1ccc(C(=O)O[C@H]2CN(C(=O)OC(C)(C)C)C[C@@H]2Nc2nc3cc(F)ccc3[nH]2)cc1,Active
Cc1ccc2[nH]c(N[C@H]3CN(C(=O)OC(C)(C)C)C[C@@H]3OC(=O)c3ccc(-c4ccccc4)cc3)nc2c1,Moderate
CC(C)(C)OC(=O)N1C[C@H](Nc2nc3cc(Cl)ccc3[nH]2)[C@@H](OC(=O)c2cccc(Oc3ccccc3)c2)C1,Moderate
CC(C)(C)OC(=O)N1C[C@H](Nc2nc3cc(F)ccc3[nH]2)[C@@H](OC(=O)c2ccc(-c3ccccc3)cc2)C1,Active
CC(C)c1ccc(CO[C@H]2CN(C(=O)OC(C)(C)C)C[C@@H]2Nc2nc3cc(F)ccc3[nH]2)cc1,Moderate
Cc1ccc2[nH]c(N[C@H]3CN(C(=O)OC(C)(C)C)C[C@@H]3OC(=O)c3cccc(-c4ccc(F)cc4)c3)nc2c1,Moderate
CC(C)c1ccc(CO[C@H]2CN(S(=O)(=O)c3ccccc3)C[C@@H]2Nc2nc3cc(F)ccc3[nH]2)cc1,Moderate
COc1ccc(N2CCN([C@@H]3CN(C(=O)Nc4cc(Cl)cc(Cl)c4)CC[C@H]3OC(=O)c3ccc(Oc4ccccc4)cc3)CC2)cc1,Moderate
CC(C)(C)OC(=O)N1C[C@H](Nc2nc3cc(Cl)ccc3[nH]2)[C@@H](OC(=O)c2ccc(-c3ccccc3)cc2)C1,Moderate
CC(=O)N1C[C@H](Nc2nc3cc(C)ccc3[nH]2)[C@@H](OC(=O)c2ccc(-c3ccccc3)cc2)C1,Moderate
CN(C)c1ccc(C(=O)O[C@H]2CN(C(=O)OC(C)(C)C)C[C@@H]2Nc2nc3cc(F)ccc3[nH]2)cc1,Moderate
CC(C)c1ccc(C(=O)O[C@H]2CN(S(=O)(=O)c3ccccc3)C[C@@H]2Nc2nc3cc(F)ccc3[nH]2)cc1,Moderate
CCCS(=O)(=O)N1C[C@H](Nc2nc3cc(F)ccc3[nH]2)[C@@H](OC(=O)c2ccc(C(C)C)cc2)C1,Moderate
CCCS(=O)(=O)N1C[C@H](Nc2nc3cc(F)ccc3[nH]2)[C@@H](OCc2ccc(C(C)C)cc2)C1,Moderate
Cc1ccc2[nH]c(N[C@H]3CN(C(=O)c4ccccc4)C[C@@H]3OC(=O)c3ccc(-c4ccccc4)cc3)nc2c1,Moderate
CC(C)(C)OC(=O)N1C[C@H](Nc2nc3cc(F)ccc3[nH]2)[C@@H](OCc2ccc(-c3ccccc3)cc2)C1,Moderate
C[C@@H](NC(=O)c1cc(C(=O)OCC(N)(CO)Cc2ccccc2)cc(N(C)S(C)(=O)=O)c1)c1ccc(F)cc1,Moderate
c1ccc2oc(CNCCCCCCCNc3c4c(nc5ccccc35)CCCC4)cc2c1,Moderate
NC1=NC(c2ccc(F)cc2)NC(=O)N1,Inactive
Cl.Cl.c1ccc2c(NCCCCCCCNc3c4c(nc5ccccc35)CCCC4)c3c(nc2c1)CCCC3,Moderate
COc1cccc2cc(C(=O)NCCCCCCCNc3c4c(nc5ccccc35)CCCC4)oc12,Moderate
c1ccc2oc(CN(CCCCCCCNc3c4c(nc5ccccc35)CCCC4)Cc3cc4ccccc4o3)cc2c1,Moderate
COc1cccc2cc(CN(CCCCCCNc3c4c(nc5ccccc35)CCCC4)Cc3cc4cccc(OC)c4o3)oc12,Moderate
COc1ccc(/C=C/C(=N/NC(=N)N)c2ccc(Cl)cc2)cc1OC,Moderate
CCCN(CCC)C(=O)c1cccc(C(=O)N[C@@H](Cc2cc(F)cc(F)c2)[C@H](O)CN[C@@H](C)C(=O)NCC(C)C)c1,Moderate
CCCNC(=O)c1cccc(C(=O)N[C@@H](CC(C)C)[C@@H](O)C[C@@H](C)C(=O)N[C@H](C(=O)NC(C)C)C(C)C)c1,Moderate
CCNC[C@@H](O)[C@H](Cc1ccccc1)NC(=O)c1cc(C(=O)N[C@H](C)c2ccc(F)cc2)cc(N(C)S(C)(=O)=O)c1,Active
C[C@@H](NC(=O)c1cc(C(=O)N[C@@H](Cc2ccccc2)[C@H](O)CNC2CC2)cc(N(C)S(=O)(=O)N(C)C)c1)c1ccccc1,Active
O=C(/C=C(O)/C=C/c1ccc(OCc2cccc(F)c2)cc1)/C=C/c1ccc(OCc2cccc(F)c2)cc1,Moderate
COc1cc(/C=C/C(O)=C/C(=O)/C=C/c2ccc(C)cc2)ccc1O,Moderate
O=C(/C=C(O)/C=C/c1ccc(OCc2ccccc2)cc1)/C=C/c1ccc(OCc2ccccc2)cc1,Active
COc1ccc(/C=C/C(=O)/C=C(O)/C=C/c2ccc(OCc3ccccc3)cc2)cc1,Moderate
COc1cc(/C=C/C(O)=C/C(=O)/C=C/c2ccc(OCc3ccccc3)cc2)ccc1O,Moderate
O=C(/C=C(O)/C=C/c1ccc(OCc2ccc(F)cc2)cc1)/C=C/c1ccc(OCc2ccc(F)cc2)cc1,Moderate
O=C(/C=C(O)/C=C/c1ccc(OCc2ccc(F)cc2F)cc1)/C=C/c1ccc(OCc2ccc(F)cc2F)cc1,Moderate
Cc1nc(CNC(=O)c2cc(C(=O)N[C@@H](CC(C)C)[C@@H](O)C[C@@H](C)C(=O)N[C@H](C(=O)NC(C)C)C(C)C)cc(N(C)S(C)(=O)=O)c2)c(C)o1,Active
O=C(/C=C(O)/C=C/c1ccc(OCc2cc(F)cc(F)c2)cc1)/C=C/c1ccc(OCc2cc(F)cc(F)c2)cc1,Moderate
O=C(/C=C(O)/C=C/c1ccc(OCc2ccccc2)cc1)/C=C/c1ccc(O)cc1,Moderate
O=C(/C=C/c1ccc(OCc2ccc(F)cc2F)cc1)CC(=O)/C=C/c1ccc(OCc2ccc(F)cc2F)cc1,Moderate
O=C(/C=C/c1ccc(OCc2ccccc2)cc1)CC(=O)/C=C/c1ccc(OCc2ccccc2)cc1,Moderate
O=C(/C=C/c1ccc(OCc2cc(F)cc(F)c2)cc1)CC(=O)/C=C/c1ccc(OCc2cc(F)cc(F)c2)cc1,Moderate
CCCCNC(=O)[C@@H](NC(=O)[C@H](C)C[C@H](O)[C@@H]1CSC/C=C/CSC[C@H](NC(=O)OC(C)(C)C)C(=O)N[C@@H](C)C(=O)N1)C(C)C,Moderate
COc1cc(O)c2c(=O)cc(-c3ccc(OC)c(-c4c(O)cc(O)c5c(=O)cc(-c6ccc(O)cc6)oc45)c3)oc2c1,Moderate
CCCCNC(=O)[C@H](C)C[C@H](O)[C@@H]1COC/C=C/CSC[C@H](NC(=O)OC(C)(C)C)C(=O)N[C@@H](C)C(=O)N1,Moderate
O=C(Nc1cc(-c2ccccc2)ccc1N1CCN(CCO)CC1)c1cccc2ccccc12,Moderate
C[C@H](NC[C@H](Cc1ccccc1)NC(=O)c1cc(C(=O)N[C@H](C)c2ccc(F)cc2)cc(N(C)S(C)(=O)=O)c1)C(=O)N1CCC[C@H]1C(=O)O,Inactive
C[C@@H](NC(=O)c1cc(C(=O)N[C@@H](Cc2ccccc2)[C@H](O)CNC2CC2)cc(N(C)S(C)(=O)=O)c1)c1ccc(F)cc1,Active
O=C(Nc1cc(Br)ccc1N1CCNCC1)c1ccc2ccccc2n1.O=C(O)C(F)(F)F,Moderate
O=C(Nc1cc(Br)ccc1N1CCNCC1)c1cccc2ccccc12,Moderate
O=C(Nc1cc(-c2ccccc2)ccc1N1CCN(CC[C@H](O)c2ccccc2)CC1)c1cccc2ccccc12,Active
COc1ccc(-c2cc(=O)c3c(O)cc(O)cc3o2)cc1-c1c(O)cc(O)c2c(=O)cc(-c3ccc(O)cc3)oc12,Moderate
C[C@@H](NC(=O)c1cc(C(=O)N[C@@H](Cc2ccccc2)[C@H](O)CNC2CC2)cc(N(C)S(C)(=O)=O)c1)c1ccccc1,Active
CCCCNC(=O)[C@H](C)C[C@H](O)[C@@H]1CSC/C=C/CSC[C@H](NC(=O)OC(C)(C)C)C(=O)N[C@@H](C)C(=O)N1,Moderate
O=C(Nc1cc(-c2ccccc2)ccc1N1CCN(CCCCCN2C(=O)c3ccccc3C2=O)CC1)c1cccc2ccccc12,Active
COc1cccc2cc(C(=O)Nc3cc(Br)ccc3N3CCOCC3)c(=O)oc12,Moderate
O=C(Nc1cc(-c2ccccc2)ccc1N1CCN(Cc2ccccc2)CC1)c1cccc2ccccc12,Moderate
CC(=O)Nc1ccc(S(=O)(=O)NCC(=O)Nc2ccc(C)cc2C)cc1,Moderate
CC(C)CNC(=O)[C@H](C)NC[C@H](Cc1ccccc1)NC(=O)c1cc(C(=O)N[C@H](C)c2ccc(F)cc2)cc(N(C)S(C)(=O)=O)c1,Active
CCc1nc(N2C[C@H]3C(=O)N(C)C(=N)N[C@@]3(c3ccc(Cl)s3)C2)nc(OC)c1F,Active
CSc1nc(N2C[C@H]3C(=O)N(C)C(=N)N[C@@]3(c3ccc(C#N)s3)C2)nc(C)c1F,Active
CC(C)CNC(=O)[C@H](CCO)NC[C@H](Cc1ccccc1)NC(=O)c1cc(C(=O)N[C@H](C)c2ccc(F)cc2)cc(N(C)S(C)(=O)=O)c1,Active
COc1nc(N2C[C@H]3C(=O)N(C)C(=N)N[C@@]3(c3ccc(Cl)s3)C2)nc(C)c1F,Active
NCCCCCN1CCN(c2ccc(-c3ccccc3)cc2NC(=O)c2cccc3ccccc23)CC1,Active
COc1nc(N2C[C@H]3C(=O)N(C)C(=N)N[C@@]3(c3ccc(C#N)s3)C2)nc(C)c1F,Active
CCCc1nc(N2C[C@H]3C(=O)N(C)C(=N)N[C@@]3(c3ccc(Cl)s3)C2)nc(OC)c1F,Active
CCOc1nc(N2C[C@H]3C(=O)N(C)C(=N)N[C@@]3(c3ccc(C#N)s3)C2)nc(C)c1F,Moderate
CNc1nc(N2C[C@H]3C(=O)N(C)C(=N)N[C@@]3(c3ccc(C#N)s3)C2)nc(C)c1F,Moderate
COc1nc(N2C[C@H]3C(=O)N(C)C(=N)N[C@@]3(c3cc(-c4cccc(C#N)c4)cs3)C2)ncc1F,Active
COc1nc(N2C[C@H]3C(=O)N(C)C(=N)N[C@@]3(c3ccc(C#N)s3)C2)ncc1F,Moderate
C[C@@H](NC(=O)c1cc(C(=O)N[C@H](CO)Cc2ccccc2)cc(N(C)S(C)(=O)=O)c1)c1ccc(F)cc1,Moderate
CC(C)C[C@H](NC(=O)[C@@H](NC(=O)[C@@H](N)CNC(=O)c1[nH]c(=O)[nH]c(=O)c1F)C(C)C)C(=O)N[C@@H](Cc1ccccc1)[C@@H](O)C(=O)Nc1cccc(-c2nn[nH]n2)c1,Active
Cc1noc(C)c1[C@@H]1C[C@@](C)(c2cc(NC(=O)c3ccc(Cl)cn3)c(F)cc2F)N=C(N)S1,Active
O=C(Nc1cc(Br)ccc1N1CCN(Cc2ccccc2)CC1)c1cccc2ccccc12,Moderate
Cc1noc(C)c1[C@@H]1C[C@@](C)(c2cccc(NC(=O)c3ccc(Cl)cn3)c2F)N=C(N)S1,Moderate
COc1cnc(C(=O)Nc2cc(F)c(F)c([C@]3(C)C[C@@H](c4c(C)noc4C)SC(N)=N3)c2)cn1,Active
COc1ccc([C@@H]2C[C@@H](c3cc(-c4cncnc4)c(F)cc3F)N=C(N)S2)cc1OC,Moderate
Cc1noc(C)c1[C@@H]1C[C@@H](c2cc(NC(=O)c3ccc(Cl)cn3)ccc2F)N=C(N)S1,Active
Cc1noc(C)c1[C@]1(C)C[C@@H](c2cc(-c3cncnc3)c(F)cc2F)N=C(N)S1,Moderate
COc1ccc([C@@H]2C[C@@H](c3cccc(-c4cncnc4)c3)N=C(N)S2)cc1OC,Moderate
Cc1noc(C)c1[C@@H]1C[C@@](C)(c2cc(F)cc(NC(=O)c3ccc(Cl)cn3)c2)N=C(N)S1,Active
Cc1oncc1[C@]1(C)C[C@@H](c2cc(-c3cncnc3)c(F)cc2F)N=C(N)S1,Moderate
Cc1noc(C)c1[C@@H]1C[C@@](C)(c2cc(NC(=O)c3ccc(Cl)cn3)cc(F)c2F)N=C(N)S1,Active
CC(C)(C)CCNC(=O)CCc1cc2cc(-c3ccccc3C#CCC3(NC(=O)c4ccc(F)cc4)CC3)ccc2nc1N,Active
Cc1ccccc1-c1ccc2nc(N)c(CCC(=O)NCCC(C)(C)C)cc2c1,Moderate
CC(C)(C)CCNC(=O)CCc1cc2cc(-c3ccccc3C#CC3CC(NC(=O)c4ccc(F)cc4)C3)ccc2nc1N,Active
Cc1cccnc1-c1ccc2nc(N)c(C[C@H](C)C(=O)NCCC(C)(C)C)cc2c1,Active
NC1=NC2(CO1)c1cc(NC(=O)c3ccc(Cl)cn3)ccc1Oc1ccc(C3=CCCOC3)cc12,Active
CC(C)(C)CCNC(=O)CCc1cc2cc(-c3ccccc3CCc3ccc(NC(=O)c4ccc(F)cc4)cn3)ccc2nc1N,Active
CC(C)(C)CCNC(=O)CCc1cc2cc(-c3ccccc3C#Cc3ccc(NC(=O)c4ccc(F)cc4)cn3)ccc2nc1N,Active
O=C(Nc1cc(Br)ccc1N1CCNCC1)c1cc(=O)c2ccccc2o1.O=C(O)C(F)(F)F,Moderate
CC[C@H](C)[C@H](NC(=O)C[C@H](O)[C@H](Cc1ccccc1)NC(=O)[C@H](CCC(N)=O)N(C)C(=O)[C@@H](NC(=O)[C@H](C)O)[C@@H](C)CC)C(=O)NCC(=O)N(C)[C@H](Cc1ccccc1)C(=O)N1CCC[C@H]1C(=O)OC,Moderate
COc1cccc2cc(C(=O)Nc3cc(Br)ccc3N3CCN(Cc4ccccc4)CC3)c(=O)oc12,Moderate
CC(C)(C)OC(=O)N1CCN(c2ccc(Br)cc2NC(=O)c2cccc3ccccc23)CC1,Moderate
COc1ccc2c(c1)C/C(=C\C1CCN(Cc3ccccc3)CC1)C2=O,Moderate
CC(C)C[C@H](NC(=O)[C@@H](NC(=O)[C@@H](N)CNC(=O)c1nn[nH]n1)C(C)C)C(=O)N[C@@H](Cc1ccccc1)[C@@H](O)C(=O)Nc1cccc(-c2nn[nH]n2)c1,Active
O=C(Nc1cc(Br)ccc1N1CCNCC1)c1cc2ccccc2oc1=O.O=C(O)C(F)(F)F,Moderate
CCC(=O)c1cc(C(=O)N[C@@H](Cc2ccccc2)[C@H](O)CNC2CC2)cc(N(C)S(C)(=O)=O)c1,Moderate
O=C(OC[C@H]1O[C@@H](OC(=O)c2cc(O)c(O)c(O)c2)[C@H](OC(=O)c2cc(O)c(O)c(O)c2)[C@@H](OC(=O)c2cc(O)c(O)c(O)c2)[C@@H]1OC(=O)c1cc(O)c(O)c(O)c1)c1cc(O)c(O)c(O)c1,Moderate
CN(c1cc(C(=O)N[C@@H](Cc2ccccc2)[C@H](O)CNC2CC2)cc(C(=O)C2CCCC2)c1)S(C)(=O)=O,Moderate
CC[C@H](NCC1Cc2cccc(c2)OCCNC(=O)c2cc(cc(N(C)S(C)(=O)=O)c2)C(=O)N1)C(=O)NCC(C)C,Moderate
CC(C)CNC(=O)CNC[C@H](Cc1ccccc1)NC(=O)c1cc(C(=O)N[C@H](C)c2ccc(F)cc2)cc(N(C)S(C)(=O)=O)c1,Moderate
CCCC[C@H](NC[C@@H]1Cc2cccc(c2)CCCCc2cc(cc(N(CCC)S(C)(=O)=O)c2)C(=O)N1)C(=O)NCC(C)C,Active
C[C@@H](NC(=O)c1cc(COC[C@@](N)(CO)Cc2ccccc2)cc(N(C)S(C)(=O)=O)c1)c1ccc(F)cc1,Moderate
CN(c1cc2cc(c1)C(=O)NC(CO)Cc1cccc(c1)OCCNC2=O)S(C)(=O)=O,Moderate
CC(C)C[C@H](NC(=O)c1cc(C(=O)N[C@H](C)c2ccccc2)cc(N(C)S(C)(=O)=O)c1)[C@@H](O)C[C@@H](C)C(=O)N[C@H](C(=O)NC(C)C)C(C)C,Active
CC(C)C[C@H](NC(=O)c1cc(C(=O)N[C@H](CO)c2ccccc2)cc(N(C)S(C)(=O)=O)c1)[C@@H](O)C[C@@H](C)C(=O)N[C@H](C(=O)NC(C)C)C(C)C,Moderate
CC(C)C[C@H](NC(=O)[C@@H](NC(=O)[C@@H](N)CNC(=O)O)C(C)C)C(=O)N[C@@H](Cc1ccccc1)[C@@H](O)C(=O)Nc1cccc(C(=O)O)c1,Active
OC[C@@H]1Cc2c([nH]c3ccccc23)CN1Cc1cn(C[C@@H]2Cc3c([nH]c4ccccc34)CN2)nn1,Inactive
N[C@@H](Cc1c[nH]c2ccccc12)Cn1cc(-c2ccc(Cl)c(Cl)c2)nn1,Inactive
CCn1cc(C(=O)Nc2csc(C34CO[C@@H](C)C[C@H]3CSC(N)=N4)n2)cn1,Moderate
CNS1(O)C[C@@](C)(c2cc(NC(=O)c3ccc(OC)cn3)ccc2F)NC(=N)N1C,Active
CN1C(=N)N[C@](C)(c2ncc(-c3cccc(-c4nnco4)c3)s2)CS1(=O)=O,Active
CO[C@H]1CC[C@]2(CC1)Cc1ccc(-c3nccs3)cc1C21N=C(N)N(CCF)C1=O,Moderate
CO[C@H]1CC[C@]2(CC1)Cc1ccc(C(C)C)cc1C21N=C(N)N(C)O1,Moderate
CO[C@H]1CC[C@]2(CC1)Cc1c(F)ccc(Br)c1C21N=C(N)N(C)C1=O,Moderate
CO[C@H]1CC[C@]2(CC1)Cc1ccc(Br)cc1[C@]21N=C(N)N(C)C1=O,Active
Cc1cncc(NC(=O)c2cc(Cl)c([C@]3(C)CS(=O)(=O)C4(CCCCC4)C(=N)N3)s2)c1,Moderate
COc1ccc(C(=O)Nc2ccc(F)c([C@@]34COC[C@@H]3S(=O)(=O)N(C)C(=N)N4)c2)nc1,Moderate
NC1=NC2(CCO1)c1cc(NC(=O)c3ccc(Cl)cn3)ccc1Oc1c2cc(C2=CCCOC2)nc1F,Active
CN1C(=N)N[C@](C)(c2sc(-c3nnc(-c4cccc5ccnn45)o3)cc2Cl)CS1(=O)=O,Moderate
CN1C(=N)N[C@](C)(c2sc(-c3cn(-c4ccccc4)nn3)cc2Cl)CS1(=O)=O,Moderate
CCOc1cccnc1Nc1ccc(F)c([C@]2(C(F)F)COCC(N)=N2)c1,Moderate
C[C@H]1C[C@H]2CSC(N)=N[C@@]2(c2nc(NC(=O)c3ncc(F)cc3F)cs2)CO1,Moderate
COc1cnc(C(=O)Nc2ccc3c(c2)C2(CCOC(N)=N2)c2cc(-c4ccnc(F)c4)nc(F)c2O3)cn1,Active
NC1=N[C@@]2(c3c(F)cccc3F)CO[C@@H](C3CC3)C[C@H]2CS1,Moderate
COC1CCC2(CC1)Cc1ccc(OCC3CC3)cc1C21N=C(N)N(C(C)C)C1=O,Active
C[C@H]1SC(N)=N[C@@]2(c3ccc(F)cc3F)CO[C@@H](c3cccc(C#N)c3)C[C@@H]12,Active
NC1=N[C@@](c2cc(Nc3ncnc4cc(Cl)cnc34)ccc2F)(C(F)F)COC1,Active
COC1CCC2(CC1)Cc1ccc(C#CC3CC3)cc1C21N=C(N)N(C[C@H](OC)c2ccccc2)C1=O,Active
NC1=N[C@@]2(c3cc(NC(=O)c4ncccc4F)ccc3F)OCC[C@H]2CS1,Moderate
C[C@H]1C[C@H]2CSC(N)=NC2(c2nc(NC(=O)c3cc4n(n3)CCC4)cs2)CO1,Moderate
CO[C@H]1CC[C@]2(CC1)Cc1ccc(-c3cc(Cl)cc(C#N)c3)cc1[C@@]21N=C(C)C(N)=N1,Active
Cc1nc(C(=O)Nc2ccc(F)c([C@@]3(C)N=C(N)[C@@](C)(F)CC3(F)F)c2)c(C)o1,Active
CN1C(=N)N[C@](C)(c2sc(-c3ccc(F)c(-c4nnco4)c3)cc2F)CS1(=O)=O,Active
C[C@@]1(c2cc(NC(=O)c3ccc(F)cn3)ccc2F)CS(=O)(=O)[C@]2(C[C@H](O)C2)C(=N)N1,Active
C[C@@]1(c2cc(NC(=O)c3cnc(OCC(F)(F)F)cn3)cc(Cl)c2F)C[C@@H](C(F)(F)F)OC(N)=N1,Active
CCN=S1(=O)C[C@@](C)(c2cc(NC(=O)c3ccc(Cl)cn3)ccc2F)NC(=N)N1C,Active
COc1ccc(C2(c3ccc(OC)cc3)NC(=N)N(C3CCN(C(C)=O)CC3)C2=O)cc1,Moderate
COc1ccc(C(=O)Nc2ccc3c(c2)C2(CCSC(N)=N2)c2cc(C4=CCOCC4)nc(F)c2O3)nc1,Active
CO[C@H]1CC[C@]2(CC1)Cc1ccc(O)cc1[C@@]21N=C(C)C(N)=N1,Moderate
COC1CCC2(CC1)Cc1ccc(C#Cc3ccccc3)cc1C21N=C(N)N(C)O1,Active
CO[C@H]1CC[C@]2(CC1)Cc1ccc(OCC3CC(F)(F)C3)cc1C21N=C(C)C(N)=N1,Active
CN1C(=N)N[C@](C)(c2sc(-c3cccc(-c4ncco4)c3)cc2Cl)CS1(=O)=O,Active
COc1ccc(C(=O)Nc2ccc(F)c([C@]3(C)CS(=O)(=O)C4(CNC4)C(=N)N3)c2)nc1,Active
NC1=N[C@@]2(c3cc(NC(=O)c4ccc(Cl)cn4)ccc3F)OCC[C@H]2CS1,Active
CN1C(=N)N[C@](C)(c2sc(-c3cncc(-c4cnco4)c3)cc2F)CS1(=O)=O,Active
NC1=N[C@](CF)(c2cc(NC(=O)c3ncc(Cl)cc3F)ccc2F)C[C@@H](C(F)(F)F)O1,Active
CC(C)N1C(=O)C2(N=C1N)c1cc(-c3cccc(C#N)c3)ccc1C[C@]21CC[C@@H](OC(F)F)CC1,Active
CO[C@H]1CC[C@]2(CC1)Cc1ccc(C#CC3CCC3)cc1[C@@]21N=C(C)C(N)=N1,Active
COc1cc(F)c2c(c1)C1(CCOC(N)=N1)c1cc(Nc3ncccc3OCc3ccccc3)ccc1O2,Moderate
COc1cnc(C(=O)Nc2ccc(F)c([C@]3(C)C=CSC(N)=N3)c2)cn1,Active
CO[C@H]1CC[C@]2(CC1)Cc1ccc(C#CC3CC3)cc1[C@@]21N=C(N)N(CC2CCO2)C1=O,Active
Cc1cc(C(=O)Nc2csc(C34CO[C@@H](C)C[C@H]3CSC(N)=N4)n2)no1,Moderate
C[C@H]1C[C@H]2CSC(N)=N[C@@]2(c2nc(NC(=O)c3cc(C4CCC4)nn3C)cs2)CO1,Moderate
CO[C@H]1CC[C@@]2(Cc3ccc(C#N)cc3[C@]23N=C(N)N(Cc2ccncn2)C3=O)C[C@@H]1C,Active
C[C@@]1(c2cc(NC(=O)c3ncccc3C(F)(F)F)ccc2F)CS(=O)(=O)[C@]2(CCOC2)C(=N)N1,Moderate
CN1C(=O)[C@@]2(N=C1N)c1cc(-c3cccnc3F)ccc1CC21CCc2ccccc2CC1,Moderate
C[C@@]1(c2cc(NC(=O)C3CCC3)ccc2F)CS(=O)(=O)[C@]2(CCOC2)C(=N)N1,Moderate
Cc1nc(-c2cccc(-c3cc(Cl)c([C@]4(C)CS(=O)(=O)N(C)C(=N)N4)s3)c2)no1,Active
CC1(c2cc(NCc3ccco3)ccc2F)COCC(N)=N1,Moderate
Cc1cc(C#N)cnc1C(=O)Nc1cc(Cl)c(F)c([C@]2(C)C[C@@H](C(F)(F)F)OC(N)=N2)c1,Active
CN1C(=N)N[C@](C)(c2sc(-c3cccc(-c4ccno4)c3)cc2F)CS1(=O)=O,Active
C[C@@]1(c2cc(Nc3nccc4cc(C#N)cnc34)cnc2F)C[C@@H](C(F)(F)F)OC(N)=N1,Active
CO[C@H]1CC[C@]2(CC1)Cc1ccc(C#CC(C)C)cc1[C@@]21N=C(C)C(N)=N1,Active
CC[C@@H]1C[C@@]2(Cc3ccc(C#N)cc3[C@]23N=C(N)N(CC(C)(C)F)C3=O)C[C@H](C)[C@H]1O,Active
COC1CCC2(CC1)Cc1ccc(OC(F)(F)F)cc1C21N=C(N)N(C)C1=O,Moderate
NC1=NC2(CCS1)c1cc(NC(=O)c3ncc(Cl)cc3F)ccc1Oc1c2cc(C2=CCOCC2)nc1F,Active
COC1CCC2(CC1)Cc1ccc(CCC3CC3)cc1C21NC(N)N(Cc2ncco2)C1=O,Active
Cc1cc(C#N)cnc1C(=O)Nc1ccc(F)c([C@@]2(C(F)F)N=C(N)CCC2(F)F)c1,Active
C[C@]1(F)CC(F)(F)[C@@](C)(c2cc(NC(=O)c3ccc(C#N)cn3)ccc2F)N=C1N,Active
Cc1cnc(C(=O)Nc2csc(C34CO[C@@H](C)C[C@H]3CSC(N)=N4)n2)cn1,Moderate
CN1C(=N)N[C@](C)(c2sc(-c3ccnc(-c4nc(C5CC5)no4)c3)cc2F)CS1(=O)=O,Moderate
COc1cccc(NC(=O)c2cc(Cl)c([C@]3(C)CS(=O)(=O)C4(CCCCC4)C(=N)N3)s2)n1,Moderate
CN1C(=N)N[C@](C)(c2sc(-c3cccc(-n4nccn4)c3)cc2Cl)CS1(=O)=O,Active
C[C@H]1C[C@H]2CSC(N)=N[C@@]2(c2nc(NC(=O)c3cnn(C)n3)cs2)CO1,Moderate
Cc1ccc(C(=O)Nc2ccc3c(c2)[C@@]2(CCOC(N)=N2)c2cc(C4=CCCOC4)ncc2O3)nc1,Active
CNS1(O)C[C@@](C)(c2cc(NC(=O)COC)ccc2F)NC(=N)C1(C)C,Moderate
COC1CCC2(CC1)Cc1ccc(C3CC3)cc1C21N=C(N)N(C)C1=O,Moderate
COc1cnc(C(=O)Nc2ccc3c(c2)C2(CCOC(N)=N2)c2cc(C4CC4)ncc2O3)cn1,Active
CN1C(=N)N[C@](C)(c2sc(-c3nnc(-c4ccncn4)o3)cc2Cl)CS1(=O)=O,Moderate
[C-]#[N+]c1ccc2c(c1)[C@@]1(N=C(C)C(N)=N1)[C@@]1(C2)C[C@@H](C)[C@H](O)[C@@H](C)C1,Active
Cc1cnn(-c2ccc(-c3nccc4c(Cl)c([C@]5(C)CS(=O)(=O)N(C)C(=N)N5)sc34)c(F)c2)c1,Moderate
CO[C@H]1CC[C@]2(CC1)Cc1ccc(Cl)cc1C21N=C(N)N(C)O1,Moderate
CC#CCOc1cnc(C(=O)Nc2ccc(F)c([C@]3(CF)C[C@@H](C(F)(F)F)OC(N)=N3)c2)cn1,Active
CCOC1(F)CCC2(CC1)Cc1ccc(-c3cccc(C#N)c3)cc1C21N=C(N)N(C)O1,Active
COC1CCC2(CC1)Cc1ccc(-c3cccc(Cl)c3)cc1C21N=C(N)N(C(C)C)C1=O,Active
COc1cnc(C(=O)Nc2ccc3c(c2)C2(CCSC(N)=N2)c2cc(-c4ccnc(F)c4)nc(F)c2O3)cn1,Active
COC1CCC2(CC1)Cc1ccc(F)cc1C21N=C(N)N(C)C1=O,Active
CN1C(=N)N[C@](C)(c2sc(-c3ccc(-c4nccs4)cc3)cc2Cl)CS1(=O)=O,Moderate
CN1C(=N)N[C@](C)(c2cc(-c3nnc(-c4cncs4)o3)ccc2F)CS1(=O)=O,Moderate
C[C@]1(F)CC(F)(F)[C@@](C)(c2cc(NC(=O)c3cnc(C(F)F)cn3)ccc2F)N=C1N,Active
NC1=N[C@](CF)(c2cc(Nc3cc(Cl)ccn3)ccc2F)C[C@@H](C(F)(F)F)O1,Inactive
CCO[C@H]1CC[C@]2(CC1)Cc1ccc(-c3cccc(OC)c3)cc1C21N=C(N)N(C)O1,Active
CO[C@H]1CC[C@]2(CC1)Cc1ccc(-c3cc(C#N)ccc3F)cc1[C@@]21N=C(C)C(N)=N1,Active
CN1C(=N)N[C@](C)(c2sc3c(-c4cnn(-c5ccccc5)c4)cccc3c2F)CS1(=O)=O,Moderate
Cc1noc2c1CC1(CC2)Cc2ccc(-c3cncc(Cl)c3)cc2C12N=C(N)N(C)O2,Active
NC1=N[C@](CF)(c2cc(NC(=S)c3ccc(Cl)cn3)ccc2F)C[C@@H](C(F)(F)F)O1,Moderate
CN1C(=N)N[C@](C)(c2sc3c(-c4ccc(-c5ccn[nH]5)cc4)nccc3c2Cl)CS1(=O)=O,Active
COC1CCC2(CC1)Cc1ccc(C(O)(O)C(F)(F)F)cc1C21N=C(N)N(C)C1=O,Moderate
C[C@@]1(c2cc(Nc3cc(F)cc4cc(Cl)cnc34)ccc2F)COCC(N)=N1,Active
C[C@@]1(c2cc(Nc3cccc4cc(OCCF)cnc34)ccc2F)COCC(N)=N1,Moderate
N#Cc1ccc(C(=O)Nc2ccc3c(c2)C2(CCOC(N)=N2)c2cc(C4=CCCOC4)nc(F)c2O3)nc1,Active
CO[C@H]1CC[C@]2(CC1)Cc1ccc(-c3cc(C)cc(C#N)c3)cc1C21N=C(C)C(N)=N1,Active
COc1ccc2c(c1)C1(NC(N)N(C)C1=O)C1(CCc3ccccc3CC1)C2,Active
COC1CCC2(CC1)Oc1ccc(Br)cc1C21CCSC(N)=N1,Inactive
COc1cccc2cc(-c3cc(Cl)c([C@]4(C)CS(=O)(=O)C5(CC5)C(=N)N4)s3)[nH]c12,Active
Cc1cc(C(F)F)cnc1C(=O)Nc1cc(F)c(F)c([C@]2(C)C[C@@H](C(F)(F)F)OC(N)=N2)c1,Active
CN1C(=N)N[C@](C)(c2sc3c(-c4ccc(-n5cccn5)nc4)nccc3c2Cl)CS1(=O)=O,Active
COc1cnc(C(=S)Nc2cc(F)c(F)c([C@]3(C)CS(=O)(=O)N(C)C(=N)N3)c2)cn1,Active
COc1cnc(C(=O)Nc2ccc(F)c([C@@]34COC[C@@H]3S(=O)(=O)N(C)C(=N)N4)c2)cn1,Moderate
C[C@H]1C[C@H]2CSC(N)=NC2(c2nc(NC(=O)c3cnn(C4CC4)c3)cs2)CO1,Moderate
COc1cc(F)c2c(c1)C1(CCOC(N)=N1)c1cc(NC(=O)c3cnc(OC)cn3)ccc1O2,Active
COC1CCC2(CC1)Cc1ccc(CCC3CC3)cc1C21N=C(N)N(CC2CCCO2)C1=O,Active
CN1CC2(C1)C(=N)N[C@](C)(c1cc(NC(=O)c3ncc(C#N)cc3C3CC3)ccc1F)CS2(=O)=O,Active
CN1/C(=N\C(=O)OC(C)(C)C)N[C@](C)(c2sc(-c3ncc(-c4ccccn4)[nH]3)cc2Cl)CS1(=O)=O,Moderate
CC#CCOc1cnc(C(=O)Nc2csc([C@]34CO[C@@H](C)C[C@H]3CSC(N)=N4)n2)cn1,Active
COCC(=S)Nc1cc(F)c(F)c([C@]2(C)CS(=O)(=O)N(C)C(=N)N2)c1,Moderate
COc1ccc(C(=O)Nc2ccc(F)c([C@]3(C)CS(=O)(=O)C4(CCOCC4)C(=N)N3)c2)nc1,Active
NC1=N[C@](CF)(c2cc(NC(=O)c3ccc(Cl)cn3)ccc2F)C[C@@H](C(F)(F)F)O1,Active
COc1ccc(COc2ccc3c(c2)C2(N=C(N)N(C)O2)[C@]2(CC[C@H](OC)CC2)C3)cc1,Moderate
COC1CCC2(CC1)Cc1ccc(C#CC3CC3)cc1[C@@]21N=C(N)N(C)C1=O,Moderate
CCC(=O)Nc1ccc(F)c([C@]2(C)CS(=O)(=O)[C@]3(CCOC3)C(=N)N2)c1,Moderate
[C-]#[N+]c1ccc(C(=O)Nc2ccc(F)c([C@]3(C)CS(=O)(=O)[C@]4(CCOC4)C(=N)N3)c2)nc1,Active
C[C@H]1C[C@H]2CSC(N)=N[C@@]2(c2nc(NC(=O)c3cnc(OCC(C)(F)F)cn3)cs2)CO1,Moderate
C[C@H]1C[C@H]2CSC(N)=N[C@@]2(c2nc(NC(=O)C3(C#N)CC3)cs2)CO1,Moderate
COC1CCC2(CC1)Cc1ccc(C#CC3CC3)cc1C21N=C(NC(C)=O)N(C)C1=O,Active
Cc1onc2c1CC1(CC2)Cc2ccc(-c3cccc(C#N)c3)cc2C12N=C(N)N(C)C2=O,Active
COc1cnc(C(=O)Nc2ccc(F)c([C@@]3(C(F)F)N=C(N)CCC3(F)F)c2)c(C)n1,Active
COCCOc1ccc2c(c1)[C@@]1(N=C(N)N(C)C1=O)C1(CCc3ccccc3CC1)C2,Active
COCC(F)(F)c1cnc(C(=O)Nc2csc([C@]34CO[C@@H](C)C[C@H]3CSC(N)=N4)n2)cn1,Moderate
COc1cnc(C(=O)Nc2ccc(F)c([C@]3(C)CS(=O)(=O)C4(CCC4)C(=N)N3)c2)cn1,Active
COC1CCC2(CC1)Cc1ccc(C#CC3CC3)cc1[C@@]21N=C(N)N(C[C@@H]2CCCO2)C1=O,Moderate
COc1cnc(C(=O)Nc2cc(C)c(F)c([C@]3(CF)C[C@@H](C(F)(F)F)OC(N)=N3)c2)cn1,Active
CN1C(=N)N[C@]2(c3cc(NC(=O)c4cnc(C(F)F)cn4)ccc3F)COC[C@@H]2S1(=O)=O,Moderate
CO[C@H]1[C@H](C)C[C@@]2(Cc3ccc(C#N)cc3[C@]23N=C(N)N(C[C@@H]2CCCO2)C3=O)C[C@@H]1C,Active
COC1CCC2(CC1)Cc1ccc(-c3ccc(F)c(C#N)c3)cc1C21N=C(N)N(C)C1=O,Active
CC1(c2cccc(NCc3ccc(Cl)cc3)c2)COCC(N)=N1,Moderate
C[C@@]1(c2cc(NC(=O)c3ccc(C#N)cn3)ccc2F)CS(=O)(=O)C2(CNC2)C(=N)N1,Active
CC(C)N1C(=O)C2(N=C1N)c1cc(-c3cncc(C(F)(F)F)c3)ccc1C[C@]21CC[C@@H](OC(N)F)CC1,Active
CN1OC2(C=C1N)c1cc(-c3cccc(C#N)c3)ccc1CCC21CCc2ccccc2CC1,Moderate
NC1=N[C@@](c2cc(Nc3nccn4c(Br)cnc34)ccc2F)(C(F)F)COC1,Moderate
CN1C(=N)N[C@]2(c3cc(NC(=O)c4ccc(C(F)(F)F)cn4)ccc3F)COC[C@@H]2S1(=O)=O,Moderate
COC[C@H]1SC(N)=N[C@@]2(c3ccc(F)cc3F)CO[C@@H](C3CC3)C[C@@H]12,Moderate
COc1cc([C@H]2C[C@H]3CSC(N)=N[C@@]3(c3ccc(F)cc3F)CO2)ccc1F,Moderate
COc1cnc(C(=O)Nc2ccc3c(c2)C2(CCOC(N)=N2)c2cc(Cl)nc(F)c2O3)cn1,Active
C[C@@]1(c2sc(-c3ccnc(-c4ccoc4)c3)cc2Cl)CS(=O)(=O)[C@]2(CCOC2)C(=N)N1,Moderate
NC1=N[C@](CF)(c2cc(NC(=O)c3ccc(OCC(F)(F)F)cn3)ccc2F)C[C@@H](C(F)(F)F)O1,Moderate
COC1CCC2(CC1)Cc1ccc(Br)cc1C21NC(=S)N(C2CCN(C)CC2)C1=O,Moderate
NC1=N[C@@]2(c3cc(NC(=O)c4ccccn4)ccc3F)OCC[C@H]2CS1,Moderate
COc1cccnc1Nc1ccc(F)c([C@]2(C)CO[C@@](C)(C(F)(F)F)C(N)=N2)c1,Moderate
CN1C(=O)C2(N=C1N)c1cc(Br)ccc1CC21CCC(F)(F)CC1,Moderate
C[C@@]1(c2cc(NC(=O)N3CCC(C(F)F)CC3)ccc2F)C[C@@H](C(F)(F)F)OC(N)=N1,Moderate
Cc1cnc(C(=O)Nc2ccc(F)c([C@]3(C)CS(=O)(=O)[C@]4(CCOC4)C(=N)N3)c2)cn1,Moderate
CO[C@H]1CC[C@]2(CC1)Cc1ccc(-c3cccc(F)c3F)cc1[C@@]21N=C(C)C(N)=N1,Active
COCC(=S)Nc1ccc(F)c([C@]2(C)CS(=O)(=O)N(C)C(=N)N2)c1,Moderate
COc1cccc(NC(=O)c2cc(Cl)c([C@]3(C)CS(=O)(=O)C4(CC4)C(=N)N3)s2)n1,Active
NC1=N[C@@](c2cc(Nc3nccc4cc(OCCCl)cnc34)ccc2F)(C(F)F)COC1,Moderate
COc1ccc(C(=O)Nc2ccc(F)c([C@]3(C)CS(=O)(=O)C4(CN(C(C)=O)C4)C(=N)N3)c2)nc1,Active
CO[C@H]1CC[C@@]2(Cc3ccc(Br)cc3C23N=C(C)C(N)=N3)C[C@@H]1C,Active
CCCCCOc1ccc(-c2nnc(-c3cc(Cl)c([C@]4(C)CS(=O)(=O)N(C)C(=N)N4)s3)o2)cc1,Moderate
COC1CCC2(CC1)Cc1ccc(CCC3CC3)cc1C21N=C(N)N(CC2CCOC2)C1=O,Active
CO[C@H]1CC[C@]2(CC1)Cc1ccc(C#CC3CC3)cc1C21CC(=O)N(C)C(N)=N1,Moderate
CO[C@H]1CC[C@]2(CC1)Cc1ccc(OCCC(F)(F)F)cc1[C@@]21N=C(C)C(N)=N1,Active
[C-]#[N+]c1cccc(-c2ccc3c(c2)C2(N=C(N)N(C)O2)C2(CCC(O)CC2)C3)c1,Active
CC(C)C[C@H](NC(=O)[C@@H](N)CCC(=O)O)C(=O)N[C@@H](CC(=O)O)C(=O)N[C@H](CC(C)C)P(=O)(O)CC(C)C(=O)N[C@H](C(=O)N[C@@H](CCC(=O)O)C(=O)N[C@@H](Cc1ccccc1)C(=O)O)C(C)C,Moderate
NC1=N[C@@]2(c3ccc(F)cc3F)CO[C@@H](c3ccc(Cl)cc3)C[C@H]2CS1,Active
CC(C)n1cc(Cl)c(C(=O)Nc2cnc(F)c([C@]3(C)C[C@@H](C(F)(F)F)OC(N)=N3)c2)n1,Inactive
COC1CCC2(CC1)Cc1ccc(C#CC(C)(C)C)cc1C21N=C(N)N(C)C1=O,Active
C[C@H]1C[C@H]2CSC(N)=N[C@@]2(c2nc(NC(=O)c3ccn(CC(F)F)n3)cs2)CO1,Moderate
CO[C@H]1CC[C@]2(CC1)Cc1ccc(NC(=O)c3ncc(Cl)cc3Cl)cc1C21N=C(C)C(N)=N1,Active
CO[C@H]1CC[C@]2(CC1)Cc1ccc(CCC(C)C)cc1C21N=C(N)N(C)C1=O,Active
CN1C(=N)N[C@](C)(c2sc(-c3ccnc(-c4ccccc4)c3)cc2F)CS1(=O)=O,Moderate
N#Cc1cnc2c(Nc3ccc(F)c([C@]4(C(F)F)COCC(N)=N4)c3)nccc2c1,Active
CN1C(=N)N[C@](C)(c2sc(-c3ccc(-c4ccccn4)cc3)cc2Cl)CS1(=O)=O,Moderate
Cc1nsc(C2CCN(c3nccc4c(Cl)c([C@]5(C)CS(=O)(=O)N(C)C(=N)N5)sc34)CC2)n1,Moderate
[C-]#[N+]c1ccc(C(=O)Nc2cc([C@]3(C)C[C@@H](C(F)(F)F)OC(N)=N3)c(=O)n(C)c2)nc1,Active
NC1=N[C@](CF)(c2cc(NC(=O)c3ccc(Br)cn3)cc(F)c2F)C[C@@H](C(F)(F)F)O1,Active
CC(C)(C)C#Cc1cc2c(cn1)Oc1ccc(NC(=O)c3ccc(Cl)cn3)cc1C21CCOC(N)=N1,Active
NC1=NC2(CCO1)c1cc(NC(=O)c3ccc(Cl)cn3)ccc1Oc1cnc(C3=CCCOC3)cc12,Active
C[C@@]1(c2sc(C(=O)NCc3ccc(F)cc3)cc2Cl)CS(=O)(=O)C2(CCCCC2)C(=N)N1,Moderate
CCC(C)N1C(=O)C2(N=C1N)c1cc(OCC3CC3)ccc1CC21CCC(OC)CC1,Active
CN1C(=N)N[C@](C)(c2sc(-c3nnc(-c4cnco4)o3)cc2Cl)CS1(=O)=O,Moderate
COC1CCC2(CC1)Cc1ccc(Oc3ccccc3)cc1C21N=C(N)N(C)C1=O,Active
COC1CCC2(CC1)Oc1ccc(-c3cccc(C#N)c3)cc1C21N=C(N)N(C)C1=O,Active
COc1cnc2c(Nc3cc(F)c(F)c([C@]4(C)C[C@@H](C(F)(F)F)OC(N)=N4)c3)nccc2n1,Moderate
CO[C@H]1CC[C@]2(CC1)Cc1ccc(OCC(C)F)cc1C21N=C(C)C(N)=N1,Active
COCC(=O)Nc1ccc(F)c([C@]2(C)CS(=O)(=O)[C@]3(CCOC3)C(=N)N2)c1,Moderate
CN1C(=N)N[C@](C)(c2cc(-c3nnc(-c4ccc(Cl)cc4)o3)ccc2F)CS1(=O)=O,Moderate
COC1CCC2(CC1)Cc1ccc(Br)cc1C21N=C(N)N(C)O1,Moderate
CO[C@H]1[C@H](C)C[C@@]2(Cc3ccc(-c4cncc(F)c4)cc3[C@@]23N=C(C)C(N)=N3)C[C@@H]1C,Active
Cc1nc(C(=O)Nc2ccc(F)c([C@]3(C)CS(=O)(=O)C4(CCCC4)C(=N)N3)c2)no1,Active
COc1ncc(NC(=O)c2ccc(Cl)cn2)cc1[C@]1(C)C[C@@H](C(F)(F)F)OC(N)=N1,Moderate
NC1=N[C@@]2(COCC1)c1cc(-c3cccnc3F)ccc1Oc1cnc(-c3ccc(F)c(F)c3)cc12,Active
COC1CCC2(CC1)Cc1ccc(CCC3CC3)cc1C21N=C(NCCCN(C)C)N(CCCN(C)C)C1=O,Inactive
CCOCc1cc(OC)nc(N2CC3C(c4ccccc4)(C2)NC(=N)N(C)S3(=O)=O)c1,Active
CN1OC2(N=C1N)c1cc(-c3cccnc3)ccc1CC21CCc2ccccc2CC1,Active
NC1=N[C@@]2(c3cc(F)cc(NC(=O)c4ccc(Cl)cn4)c3)OCC[C@H]2CS1,Moderate
CN1C(=N)N[C@](C)(c2sc(-c3cc(F)cc(-c4cnco4)c3)cc2Cl)CS1(=O)=O,Active
NC1=N[C@](CF)(c2cc(NC(=O)c3nn(C(F)F)cc3Cl)ccc2F)C[C@@H](C(F)(F)F)O1,Active
CC1(c2cccc(Nc3ccccc3OC(F)F)c2)COCC(N)=N1,Moderate
CC(C)n1cnc(C(=O)Nc2csc(C34CO[C@@H](C)C[C@H]3CSC(N)=N4)n2)c1,Moderate
COc1ccc(C(=O)Nc2ccc(F)c([C@]3(C)CS(=O)(=O)[C@]4(CCOC4)C(=N)N3)c2)nc1,Active
Cc1cc(C(=O)Nc2ccc(F)c([C@]3(C)C=CSC(N)=N3)c2)n(C)c1,Active
C[C@H]1C[C@H]2CSC(N)=NC2(c2nc(NC(=O)c3ccncn3)cs2)CO1,Moderate
CN1CCC2(CC1)C(=N)N[C@](C)(c1cc(NC(=O)c3ccc(C#N)cn3)ccc1F)CS2(=O)=O,Active
CO[C@H]1[C@H](C)CC2(Cc3ccc(Br)cc3[C@@]23N=C(C)C(N)=N3)C[C@@H]1C,Active
CC(C)N1C(=O)C2(N=C1N)c1cc(Br)ccc1C[C@]21CC[C@@H](OC(F)F)CC1,Moderate
COc1cnc(C(=O)Nc2cc(F)c(F)c([C@]3(C)C[C@@H](C(F)(F)F)OC(N)=N3)c2)c(C)n1,Active
CC#Cc1ccnc(-c2ccc3c(c2)C2(N=C(C)C(N)=N2)[C@]2(CC[C@H](OC)CC2)C3)c1,Active
C[C@H]1C[C@H]2CSC(N)=NC2(c2nc(NC(=O)C3CC(F)(F)C3)cs2)CO1,Moderate
COc1cnc(C(=O)Nc2ccc(F)c([C@@]3(C)N=C(N)[C@@](C)(F)CC3(F)F)c2)nc1,Active
C[C@H]1C[C@H]2CSC(N)=N[C@@]2(c2nc(NC(=O)c3cnccn3)cs2)CO1,Moderate
COc1cnc(C(=O)Nc2cc(F)c(F)c([C@]3(CF)C[C@@H](C(F)(F)F)OC(N)=N3)c2)cn1,Active
CN1C(=N)N[C@](C)(c2sc3c(-c4ccc(-n5cccn5)nc4)cccc3c2F)CS1(=O)=O,Active
NC1=NC(c2cc(NCc3cc(Br)co3)ccc2F)(C(F)F)COC1,Moderate
CN1CCC2(CC1)C(=N)N[C@](C)(c1cc(NC(=O)C(F)F)ccc1F)CS2(=O)=O,Moderate
Cc1nc(C(C)NC(=O)c2cc(C(=O)N[C@@H](CC(C)C)[C@@H](O)C[C@@H](C)C(=O)N[C@H](C(=O)NC(C)C)C(C)C)cc(N(C)S(C)(=O)=O)c2)c(C)o1,Moderate
NC1=N[C@](CF)(c2cccc(NC(=O)c3ccc(Cl)cn3)c2)C[C@@H](C(F)(F)F)O1,Moderate
CC1(c2cccc(Nc3noc4ccccc34)c2)COCC(N)=N1,Moderate
C[C@H](F)COc1cnc(C(=O)Nc2csc([C@]34CO[C@@H](C)C[C@H]3CSC(N)=N4)n2)cn1,Moderate
COC1CCC2(CC1)Cc1ccc(-c3cc(Cl)cc(C#N)c3)cc1C21N=C(N)N(C)C1=O,Active
CN1C(=N)N[C@](C)(c2sc3c(-c4ccc(-c5cn[nH]c5)cc4F)nccc3c2Cl)CS1(=O)=O,Moderate
COC1CCC2(CC1)Cc1ccc(-c3cc(Br)cs3)cc1C21N=C(N)N(C(C)C)C1=O,Active
Cc1nnc(-c2cccc(-c3cc(F)c([C@]4(C)CS(=O)(=O)N(C)C(=N)N4)s3)c2)o1,Moderate
CCCOc1ccc(-c2nnc(-c3cc(Cl)c([C@]4(C)CS(=O)(=O)N(C)C(=N)N4)s3)o2)cc1,Active
COc1cnc(C(=O)Nc2ccc3c(c2)C2(CCSC(N)=N2)c2cc(C4=CCOCC4)nc(F)c2O3)c(C)c1,Active
Cc1csc(C(=O)Nc2ccc(F)c([C@@]3(C(F)F)N=C(N)CCC3(F)F)c2)n1,Active
COC1CCC2(CC1)Cc1ccc(-c3cc(F)cc(Cl)c3)cc1C21CN(CC(F)(F)F)C(N)=N1,Moderate
C[C@]1(F)CC(F)(F)[C@@](C)(c2cc(NC(=O)c3ccc(F)cn3)ccc2F)N=C1N,Active
COc1cc(C#N)cc(-c2ccc3c(c2)[C@@]2(N=C(C)C(N)=N2)[C@]2(CC[C@H](OC)CC2)C3)c1,Active
CO[C@H]1CC[C@]2(CC1)Cc1ccc(-c3ncc(C)s3)cc1C21N=C(N)N(CC(F)(F)F)C1=O,Moderate
CO[C@H]1CC[C@]2(CC1)Cc1ccc(-c3cnc(C)c(Cl)c3)cc1[C@@]21N=C(C)C(N)=N1,Active
CN1C(=N)N[C@](C)(c2sc(-c3ccc(N4CCOCC4)nc3)cc2Cl)CS1(=O)=O,Moderate
N#Cc1cnc2c(Nc3cc(F)c(F)c([C@]4(CF)C[C@@H](C(F)(F)F)OC(N)=N4)c3)nccc2c1,Active
CCNS1(O)C[C@@](C)(c2cc(NC(=O)c3ccc(Cl)cn3)ccc2F)NC(=N)C1(C)C,Active
C[C@H]1C[C@H]2CSC(N)=NC2(c2nc(NC(=O)c3ccc(OC(F)F)cn3)cs2)CO1,Active
COC1CCC2(CC1)Cc1ccc(-c3cc(Cl)cc(Cl)c3)cc1C21N=C(N)N(C)C1=O,Active
CO[C@H]1CC[C@]2(CC1)Cc1cc(F)c(-c3cc(Cl)cc(C#N)c3)cc1[C@@]21N=C(C)C(N)=N1,Active
Cc1ccc([C@]23CO[C@@H](C4CC4)C[C@H]2CSC(N)=N3)c(F)c1,Moderate
Cc1cccc2c1CCC1(CCc3ccc(-c4cccc(C#N)c4)cc3C13N=C(N)N(C)O3)C2,Moderate
COc1ccnc(N2CCN(c3nccc4c(Cl)c([C@]5(C)CS(=O)(=O)N(C)C(=N)N5)sc34)CC2)c1,Moderate
C[C@@]1(c2cc(N[C@H]3CCC[C@H]3O)ccc2F)COCC(N)=N1,Moderate
CO[C@H]1CC[C@]2(CC1)Cc1ccc(Br)cc1C21CC(C)(C)SC(N)=N1,Moderate
Cc1cc(OC(F)F)cnc1C(=O)Nc1ccc(F)c([C@]2(C)C[C@@H](C(F)(F)F)OC(N)=N2)n1,Active
C[C@@]1(c2sc(-c3cccc(-c4nnco4)c3)cc2Cl)CS(=O)(=O)C2(CCC2)C(=N)N1,Active
NC1=NC2(CCO1)c1cc(NC(=O)c3ccc(Cl)cn3)ccc1Oc1cnc(-c3ccnc(F)c3)cc12,Active
[C-]#[N+]c1ccccc1CN1C(=O)C2(NC1N)c1cc(CCC3CC3)ccc1CC21CCC(OC)CC1,Active
C[C@H]1SC(N)=N[C@@]2(c3ccc(F)cc3F)CO[C@@H](c3ccc(F)cc3)C[C@@H]12,Active
CC#Cc1cncc(-c2ccc3c(c2)C2(N=C(N)N(C(C)C)C2=O)C2(CCC(OC)CC2)C3)c1,Active
CN1C(=N)N[C@](C)(c2cc(-c3nnc(-c4ccon4)o3)ccc2F)CS1(=O)=O,Moderate
NC1=NC2(CCS1)c1cc(NC(=O)c3ccc(F)cn3)ccc1Oc1c2cc(C2=CCOCC2)nc1F,Active
[C-]#[N+]c1ccc(C(=O)Nc2cc(F)c(F)c([C@]3(C)C[C@@H](C(F)(F)F)OC(N)=N3)c2)nc1,Moderate
CC(C)N1C(=O)C2(N=C1N)c1cc(OCC3CC3)ccc1CC21CCC(OC(F)F)CC1,Active
CO[C@H]1CC[C@]2(CC1)Cc1ccc(-c3cc(F)ccc3F)cc1[C@@]21N=C(C)C(N)=N1,Active
CN1CC2(C1)C(=N)N[C@](C)(c1cc(NC(=O)c3ccc(Cl)cn3)ccc1F)CS2(=O)=O,Active
CN1C(=N)N[C@](C)(c2sc(-c3cc(-c4nnco4)ccc3F)cc2F)CS1(=O)=O,Active
CNS1(O)C[C@@](C)(c2cc(NC(=O)c3ccc(F)cn3)ccc2F)NC(=N)N1C,Active
COC1CCC2(CC1)Cc1cc(F)c(-c3cccc(C#N)c3)cc1C21N=C(N)N(C)C1=O,Active
COC1CCC2(CC1)Cc1ccc(C#CC3CC3)cc1C21NC(N)N(CCC(N)=O)C1=O,Active
C[C@@]1(c2cc(NC(=O)C(F)F)ccc2F)CS(=O)(=O)[C@]2(CCOC2)C(=N)N1,Moderate
C[C@@]1(c2cc(NC(=O)c3ccc(C#N)cn3)cnc2F)C[C@@H](C(F)(F)F)OC(N)=N1,Active
N#Cc1cnc2c(Nc3ccc(F)c([C@]4(CF)C[C@@H](C(F)(F)F)OC(N)=N4)c3)ncc(F)c2c1,Active
CC#Cc1ccc2c(c1)C1(NC(N)N(C(C)C)C1=O)C1(CCc3ccccc3CC1)C2,Active
COc1cccc2c1OCC[C@@]21CNC[C@@H]1C(=O)N1CC[C@H](c2ccccc2)C[C@@H]1C1CCCC(F)(F)C1,Moderate
CO[C@H]1CC[C@]2(CC1)Cc1ccc(OCC3CC3)cc1[C@@]21N=C(N)N(CC(F)(F)F)C1=O,Moderate
C#CCOc1cnc(C(=O)Nc2cc(C)c(F)c([C@]3(CF)C[C@@H](C(F)(F)F)OC(N)=N3)c2)cn1,Active
COC1CCC2(CC1)Cc1ccc(OCC(C)C)cc1C21N=C(N)N(CCF)C1=O,Active
C[C@@]1(c2sc(Br)cc2Cl)CS(=O)(=O)C2(CCOCC2)C(=N)N1,Moderate
CC1(c2cccc(Nc3cc(F)cc4cc(Cl)cnc34)c2)COCC(N)=N1,Moderate
CN1C(=O)[C@@]2(N=C1N)c1cc(C#CC3CC3)ccc1C[C@]21CC[C@@H](OC(F)F)CC1,Active
CC#CCOc1cnc(C(=O)Nc2cc(F)c(F)c([C@]3(CF)C[C@@H](C(F)(F)F)OC(N)=N3)c2)cn1,Active
CN1OC2(N=C1N)c1cc(-c3cc(F)cc(Cl)c3)ccc1OC21CCc2ccccc2CC1,Active
C[C@@]1(c2sc(C(=O)NCc3ccncn3)cc2Cl)CS(=O)(=O)C2(CCCCC2)C(=N)N1,Moderate
C[C@@]1(c2cc(NC(=O)c3cscn3)ccc2F)CS(=O)(=O)[C@]2(CCOC2)C(=N)N1,Moderate
CC(C)C[C@H](NC(=O)[C@@H](N)CCC(=O)O)C(=O)N[C@@H](CC(=O)O)C(=O)N[C@@H](CC(C)C)[C@@H](O)C[C@@H](C)C(=O)N[C@H](C(=O)N[C@@H](CCC(=O)O)C(=O)N[C@@H](Cc1ccccc1)C(=O)O)C(C)C,Active
CC(C)N1C(=O)C2(N=C1N)c1cc(Br)ccc1OC21CCc2ccccc2CC1,Moderate
CN1C(=N)N[C@](C)(c2sc(-c3cc(-c4nnco4)ccc3F)cc2Cl)CS1(=O)=O,Active
Cc1nnc(-c2ccc(-c3cc(Cl)c([C@]4(C)CS(=O)(=O)N(C)C(=N)N4)s3)[nH]2)o1,Active
NC1=NC2(CCO1)c1cc(NC(=O)c3cnc(O)cn3)ccc1Oc1ncc(Br)cc12,Moderate
Cc1cccc(NC(=O)c2cc(Cl)c([C@]3(C)CS(=O)(=O)C4(CC4)C(=N)N3)s2)n1,Active
COc1ccc(C(=O)Nc2ccc3c(c2)C2(CCOC(N)=N2)c2cc(-c4ccnc(F)c4)nc(F)c2O3)nc1,Active
CN1C(=N)N[C@](C)(c2sc(-c3nnc(-c4ccccn4)o3)cc2Cl)CS1(=O)=O,Moderate
NC1=N[C@@]2(c3cc(NC(=O)c4ccc(OC(F)F)cn4)ccc3F)CO[C@@H](C(F)(F)F)C[C@H]2CS1,Active
CC#Cc1cncc(-c2ccc3c(c2)C2(N=C(C)C(N)=N2)[C@]2(CC[C@H](OC)CC2)C3)c1C,Active
COc1cccc2cc(-c3ccc(F)c([C@]4(C)CS(=O)(=O)C5(CCCC5)C(=N)N4)c3)n(C(=O)OC(C)(C)C)c12,Moderate
NC1=NC2(CCO1)c1cc(NC(=O)c3ccc(Cl)cn3)ccc1Oc1c2cc(C2CC2)nc1F,Active
CN1C(=O)C2(N=C1N)c1cc(C#N)ccc1CC21CCc2ccccc2CC1,Active
CN1C(=N)N[C@](C)(c2sc(-c3cncc(-c4ncco4)c3)cc2F)CS1(=O)=O,Active
COc1ccc(C(=O)Nc2ccc(F)c([C@]3(C)CS(=O)(=O)C4(CN(Cc5ccccc5)C4)C(=N)N3)c2)nc1,Active
COC1CCC2(CC1)Cc1ccc(OCc3ccccc3)cc1C21N=C(N)N(C)O1,Moderate
COC1CCC2(CC1)Cc1ccc(Br)cc1C21N=C(N)N(CC2CCCO2)C1=O,Active
C[C@@]1(c2cc(Nc3nc4cc(Cl)ccc4o3)ccc2F)C[C@@H](C(F)(F)F)OC(N)=N1,Moderate
C[C@@]1(c2sc(-c3cccc(-c4nnco4)c3)cc2Cl)CS(=O)(=O)C2(CC2)C(=N)N1,Active
C[C@@]1(c2cc(NC(=O)c3cnc(C(F)F)cn3)cc(Cl)c2F)C[C@@H](C(F)(F)F)OC(N)=N1,Active
COC1CCC2(CC1)Cc1ccc(-c3cc(F)cc(C(F)(F)F)c3)cc1C21N=C(N)N(C)C1=O,Moderate
COc1ccc(C(=O)Nc2cccc([C@]3(CF)C[C@@H](C(F)(F)F)OC(N)=N3)c2)nc1,Moderate
COc1ccc(C(=O)Nc2ccc(F)c([C@]3(C)CS(=O)(=O)C4(CC4)C(=N)N3)c2)nc1,Active
CO[C@H]1CC[C@]2(CC1)Cc1ccc(-c3cnc(C)nc3)cc1C21N=C(N)N(C(C)C)C1=O,Active
CC(C)(O)c1nc(N2C[C@H]3CSC(N)=N[C@@]3(c3cccnc3)C2)ncc1F,Active
C[C@]1(F)CC(F)(F)[C@@](C)(c2cc(NC(=O)c3ccn(C(F)F)n3)ccc2F)N=C1N,Active
CO[C@H]1CC[C@]2(CC1)Cc1ccc(OCC3CC3(F)F)cc1C21N=C(C)C(N)=N1,Active
C[C@@]1(c2cc(NC(=O)C3CC3)ccc2F)CS(=O)(=O)[C@]2(CCOC2)C(=N)N1,Moderate
CO[C@H]1CC[C@]2(CC1)Cc1ccc(-c3cncc(Cl)c3)cc1[C@@]21N=C(C)C(N)=N1,Active
COCCCO[C@H]1CC[C@]2(CC1)Cc1ccc(-c3cccc(OC)c3)cc1C21N=C(N)N(C)O1,Moderate
Cc1cc([C@H]2C[C@H]3CSC(N)=N[C@@]3(c3ccc(F)cc3F)CO2)ccc1F,Active
C[C@H]1C[C@H]2CSC(N)=NC2(c2nc(NC(=O)c3coc(C(F)F)n3)cs2)CO1,Active
NC1=N[C@](CF)(c2cc(Nc3cc(-c4ccccc4)ccn3)ccc2F)C[C@@H](C(F)(F)F)O1,Moderate
NC1=N[C@](CF)(c2cc(Nc3nccc4cc(Cl)cnc34)ccc2F)C[C@@H](C(F)(F)F)O1,Active
CNS1(O)C[C@@](C)(c2cc(NC(=O)COC)ccc2F)NC(=N)N1C,Moderate
COc1ccc([C@H]2C[C@H]3CSC(N)=N[C@@]3(c3ccc(F)cc3F)CO2)c(F)c1,Active
CN1C(=O)C2(N=C1N)c1cc(CCC3CC3)ccc1OC21CCc2ccccc2CC1,Active
NC1=NC2(CCO1)c1cc(NC(=O)c3cnc(Cl)cn3)ccc1Oc1c2cc(Cl)nc1F,Active
CN1C(=N)N[C@](C)(c2sc3c(-c4ccc(-c5ncco5)cc4)cccc3c2F)CS1(=O)=O,Moderate
C[C@@]1(c2sc(-c3cncc(-c4ncco4)c3)cc2Cl)CS(=O)(=O)[C@]2(CCOC2)C(=N)N1,Active
COC1CCC2(CC1)Cc1ccc(-c3cncs3)cc1C21N=C(N)N(C)O1,Active
C[C@@]1(c2sc(-c3cccc(-c4nnco4)c3)cc2Cl)CS(=O)(=O)[C@@]2(CCOC2)C(=N)N1,Active
COC1CCC2(CC1)Cc1ccccc1C21N=C(N)N(C(C)C)C1=O,Moderate
C[C@@]1(c2cc(Nc3ncc(F)c4cc(C#N)cnc34)cc(F)c2F)C[C@@H](C(F)(F)F)OC(N)=N1,Active
CN1C(=O)C2(N=C1N)c1cc(-c3cccc(C#N)c3)ccc1C[C@]21CC[C@@H](OC(F)F)CC1,Moderate
COC1CCC2(CC1)Cc1ccc(CCC3CC3)cc1[C@@]21N=C(N)N([C@@H](C)c2ccccc2)C1=O,Moderate
COc1ccc(C2(c3ccc(OC)cc3)NC(=N)N(CC3CCN(C(=O)OC(C)(C)C)CC3)C2=O)cc1,Moderate
Cc1nc(C(=O)Nc2ccc(F)c([C@@]3(C)N=C(N)[C@@](C)(F)CC3(F)F)c2)co1,Active
CC#Cc1cncc(-c2ccc(F)c([C@]3(CF)C[C@@H](C(F)(F)F)OC(N)=N3)c2)c1,Moderate
Cc1cc2cccc(NC(=O)c3cc(Cl)c([C@]4(C)CS(=O)(=O)C5(CCCCC5)C(=N)N4)s3)c2o1,Moderate
CC1(c2cccc(C=CC(=O)Nc3ccc(Cl)cn3)c2)CCSC(=N)N1,Moderate
CN1C(=N)N[C@](C)(c2sc(-c3nnc(-c4ccc(Cl)cc4)o3)cc2F)CS1(=O)=O,Active
CCCCNc1ccc(F)c([C@]2(C)COCC(N)=N2)c1,Moderate
CC(C)N1C(=O)C2(NC1N)c1cc(OCC3CC3)ccc1CC21CCc2ccccc2CC1,Active
NC1=N[C@@]2(c3ccc(F)cc3F)CO[C@@H](c3ccccc3OC(F)(F)F)C[C@H]2CS1,Active
COc1cccc(-c2cccc(C3(C4CC4)NC(=N)N(C4CCOCC4)C3=O)c2)c1,Moderate
C[C@@]1(c2cc(Nc3cccc4cc(Cl)cnc34)ccc2F)COCC(N)=N1,Moderate
COc1cncc(-c2cc(Cl)c([C@]3(C)CS(=O)(=O)C4(CCOCC4)C(=N)N3)s2)c1,Moderate
COc1ccc2c(c1)C1(N=C(N)N(C)C1=O)C1(CCC(OC)CC1)C2,Moderate
CO[C@H]1CC[C@]2(CC1)Cc1ccc(OCC(C)C)cc1C21N=C(N)N(C(C)C)C1=O,Active
COC1CCC2(CC1)Cc1ccc(-c3cnc(C)s3)cc1C21N=C(N)N(C)C1=O,Active
CN1C(=N)N[C@](C)(c2sc3c(-c4ccc(-n5ccnn5)cc4)cccc3c2F)CS1(=O)=O,Active
COC1CCC2(CC1)Cc1ccc(CCC3CC3)cc1C21N=C(N)N(Cc2cccc(C#N)c2)C1=O,Active
COc1cc(C#N)cc(-c2ccc3c(c2)C2(N=C(C)C(N)=N2)[C@]2(CC[C@H](OC)CC2)C3)c1,Active
Cc1cccc(C2CC(c3ccccc3)CCN2C(=O)[C@@H]2CNC[C@]23CCCc2nc(Cl)ccc23)c1,Moderate
NC1=N[C@@]2(c3ccc(F)cc3F)CO[C@@H](c3ccc4c(c3)OCO4)C[C@H]2CS1,Active
CO[C@H]1CC[C@]2(CC1)Cc1ccc(C(C)C)cc1C21N=C(N)N(C(C)C)C1=O,Moderate
CN1C(=N)N[C@](C)(c2sc(-c3cc(-c4nnco4)ncc3F)cc2F)CS1(=O)=O,Moderate
CN1C(=N)N[C@](C)(c2sc(-c3nnc(-c4ccc(Cl)cc4F)o3)cc2Cl)CS1(=O)=O,Active
C[C@@]1(c2cc(NC(=O)c3ccc(OC(F)(F)F)cn3)ccc2F)CS(=O)(=O)[C@]2(CCOC2)C(=N)N1,Moderate
COc1cc(F)c2c(c1)C1(CCOC(N)=N1)c1cc(NC(=O)c3ccc(Cl)cc3F)ccc1O2,Moderate
NC1=NC2(CCO1)c1cc(NC(=O)c3cnc(F)cn3)ccc1Oc1c2cc(-c2cccnc2)nc1F,Active
NC1=N[C@]2(c3ccccc3F)CO[C@H](C3CC3)C[C@@H]2CS1,Inactive
COC1CCC2(CC1)Cc1ccc(C#CC3CCCC3)cc1C21N=C(N)N(C)O1,Active
COC1CCC2(CC1)Cc1ccc(CCC3CC3)cc1C21N=C(N)N(Cc2ccc3nccnc3c2)C1=O,Active
C#CCOc1cnc(C(=O)Nc2ccc(F)c([C@]3(C)C[C@@H](C(F)(F)F)OC(N)=N3)n2)cn1,Active
CN1C(=N)N[C@](C)(c2sc(-c3cccc(-c4ncon4)c3)cc2F)CS1(=O)=O,Active
CN1C(=N)N[C@](C)(c2sc(-c3ccnc(-c4cccnc4)c3)cc2F)CS1(=O)=O,Moderate
COc1ccc(C(=O)Nc2ccc3c(c2)C2(CCOC(N)=N2)c2cc(-c4cncc(F)c4)nc(F)c2O3)nc1,Active
NC1=N[C@@](c2cc(NC(=O)c3ccc(Cl)cn3)ccc2F)(C(F)F)C(F)(F)CC1,Active
NC1=NC2(CCS1)c1cc(NC(=O)c3ccc(F)cn3)ccc1Oc1c2cc(-c2ccnc(F)c2)nc1F,Active
COc1ccc(C2(c3cccnc3)NC(=N)N(C3CCOCC3)C2=O)cc1,Moderate
COC1CCN(C(=O)Nc2ccc(F)c([C@]3(C)C[C@@H](C(F)(F)F)OC(N)=N3)c2)CC1,Inactive
NC1=N[C@](CF)(c2cc(Nc3nccc4cn(C(F)F)nc34)ccc2F)C[C@@H](C(F)(F)F)O1,Inactive
COc1cccc(Oc2ccc3c(c2)C2(N=C(N)N(C)C2=O)C2(CCC(OC)CC2)C3)c1,Active
CO[C@H]1CC[C@]2(CC1)Cc1ccc(Oc3cc(Cl)cc(Cl)c3)cc1C21N=C(N)N(C)C1=O,Active
NC1=N[C@](CO)(c2cc(Oc3cc(Br)ccn3)ccc2F)C[C@@H](C(F)(F)F)O1,Active
C[C@H]1C[C@H]2CSC(N)=N[C@@]2(c2nc(NC(=O)c3ccc(=O)n(C)c3)cs2)CO1,Moderate
NC1=N[C@](CF)(c2cccc(Nc3nccc4cc(Cl)cnc34)c2)C[C@@H](C(F)(F)F)O1,Active
C[C@H]1C[C@H]2CSC(N)=N[C@@]2(c2cc(NC(=O)c3ccc(C#N)cn3)cs2)CO1,Active
COC1CCC2(CC1)Cc1ccc(CCC3CC3)cc1C21N=C(N)N(Cc2cscn2)C1=O,Active
COC1CCC2(CC1)Cc1ccc(-c3cccnn3)cc1C21N=C(N)N(C)O1,Moderate
CO[C@H]1CC[C@]2(CC1)Cc1ccc(OCCOC(C)C)cc1C21N=C(N)N(C(C)C)C1=O,Moderate
C[C@@]1(c2cc(NC(=O)c3cnsn3)ccc2F)CS(=O)(=O)C2(CCCC2)C(=N)N1,Moderate
NC1=NC2(CCO1)c1cc(NC(=O)c3ccc(Cl)cn3)ccc1Oc1ncccc12,Active
CO[C@H]1CC[C@]2(CC1)Cc1ccc(-c3cc(Cl)cnc3C)cc1C21N=C(C)C(N)=N1,Active
NC1=N[C@@]2(c3cc(NC(=O)c4ncc(Cl)cc4Cl)ccc3F)OCC[C@H]2CS1,Active
CO[C@H]1CC[C@]2(CC1)Cc1ccc(CC(C)(C)C)cc1C21N=C(N)N(C(C)C)C1=O,Moderate
CN1C(=N)N[C@](C)(c2sc3c(-c4ccc(-c5cnn(C)c5)cc4F)nccc3c2Cl)CS1(=O)=O,Moderate
COC(=O)c1ccc2c(c1)C1(N=C(N)N(C)C1=O)C1(CCC(OC)CC1)C2,Active
C[C@@]1(c2cc(NC(=O)c3ccc(Br)cn3)cc(F)c2F)C[C@@H](C(F)(F)F)OC(N)=N1,Active
CNCCC#Cc1cc(Cl)c([C@]2(C)CS(=O)(=O)C3(CCC3)C(=N)N2)s1,Moderate
COc1cnc(C(=O)Nc2ccc3c(c2)C2(CCOC(N)=N2)c2cc(-c4cncc(F)c4)nc(F)c2O3)cn1,Active
C[C@H]1C[C@H]2CSC(N)=NC2(c2nc(NC(=O)c3cn(C)nn3)cs2)CO1,Inactive
C[C@@]1(c2cc(NCCC(F)(F)F)ccc2F)COCC(N)=N1,Moderate
CN1C(=N)N[C@](C)(c2sc(-c3cccc(-c4ncno4)c3)cc2F)CS1(=O)=O,Active
Cc1ccc(C(=O)Nc2ccc(F)c([C@]3(C)CS(=O)(=O)[C@]4(CCOC4)C(=N)N3)c2)nc1,Active
COc1cnc(C(=O)Nc2csc([C@]34CO[C@@H](C)C[C@H]3CSC(N)=N4)n2)c(C)n1,Moderate
CO[C@H]1CC[C@]2(CC1)Cc1ccc(CC3CCCCC3)cc1C21N=C(N)N(C)O1,Active
C[C@H]1C[C@H]2CSC(N)=N[C@@]2(c2nc(NC(=O)c3nc(C(F)F)co3)cs2)CO1,Active
C[C@@]1(c2cc(NC(=O)c3ccc(C#N)cn3)ccc2F)CS(=O)(=O)C2(CCCCC2)C(=N)N1,Active
CN1C(=N)N[C@](C)(c2sc(-c3cc(-c4ccccc4)no3)cc2Cl)CS1(=O)=O,Moderate
COc1cnc(C(=S)Nc2ccc(F)c([C@]3(C)CS(=O)(=O)N(C)C(=N)N3)c2)cn1,Active
Cc1noc(C(=O)Nc2ccc(F)c([C@@]3(C)N=C(N)[C@@](C)(F)CC3(F)F)c2)n1,Active
NC1=N[C@@]2(c3cc(NC(=O)c4ccc(OC(F)F)cn4)ccc3F)OCC[C@H]2CS1,Moderate
COC1CCC2(CC1)Cc1ccc(CCC3CC3)cc1C21N=C(N)N(CC2CCOCC2)C1=O,Active
CO[C@H]1CC[C@]2(CC1)Cc1ccc(Br)cc1C21NC(=O)N(C(C)c2cccnn2)C1=O,Moderate
CCCCN1C(=O)C2(N=C1N)c1cc(C#CC3CC3)ccc1CC21CCC(OC)CC1,Active
CCCOc1ccc(-c2csc(-c3ccccc3Cl)c2CC(=O)NC(=N)N)cc1,Moderate
Cc1nc(C(=O)Nc2csc([C@]34CO[C@@H](C)C[C@H]3CSC(N)=N4)n2)co1,Moderate
COC1CCC2(CC1)Cc1ccc(-c3cc(F)cc(F)c3)cc1C21N=C(N)N(C)C1=O,Active
CCCc1cncc(-c2ccc3c(c2)C2(N=C(N)N(C(C)C)C2=O)C2(CCC(OC)CC2)C3)c1,Active
CO[C@H]1CC[C@]2(CC1)Cc1ccc(C#CC3CC3)cc1C21N=C(N)c2ccc(C#N)cc21,Active
COc1cnc(C(=O)Nc2ccc(F)c([C@]3(C)CS(=O)(=O)C4(CCN(C)CC4)C(=N)N3)c2)cn1,Active
CCCOc1ccc(-c2scc(-c3ccccc3Cl)c2CC(=O)/N=C(/N)NCCCO)c(C)c1,Moderate
CCCCNC(=O)c1ccc(-c2scc(-c3ccccc3Cl)c2CC(=O)/N=C(/N)NCCCO)cc1,Moderate
C[C@@]1(c2cc(Nc3ncnc4cc(Cl)cnc34)cnc2F)C[C@@H](C(F)(F)F)OC(N)=N1,Active
NC1=N[C@@](c2cc(NC(=O)c3cnc(C(F)F)cn3)ccc2F)(C(F)F)C(F)(F)CC1,Active
[C-]#[N+]c1ccc(C(=O)Nc2ccc(F)c([C@]3(C)CS(=O)(=O)C4(CCC4)C(=N)N3)c2)nc1,Active
CN1C(=N)N[C@](C)(c2sc3c(-c4ccc(-c5ccnn5C)cc4F)nccc3c2Cl)CS1(=O)=O,Moderate
COC1CCC2(CC1)Cc1ccc(C#CC3CC3)cc1C21N=C(N)N(Cc2nncn2C)C1=O,Active
CCCCS(=O)(=O)C[C@@H](NC(=O)c1ncc[nH]1)C(=O)N[C@@H](Cc1cc(F)cc(F)c1)[C@H](O)CNCc1cccc(CC)c1,Active
Cc1cc(C(=O)Nc2ccc(F)c([C@]3(C)CS(=O)(=O)[C@]4(CCOC4)C(=N)N3)c2)no1,Moderate
CCCCS(=O)(=O)C[C@@H](NC(=O)OCCNC(C)=O)C(=O)N[C@@H](Cc1cc(F)cc(F)c1)[C@H](O)CNCc1cccc(CC)c1,Active
COc1cnc2c(Nc3cc(F)c(F)c([C@]4(C)C[C@@H](C(F)(F)F)OC(N)=N4)c3)nccc2c1,Moderate
CCc1cc(C(=O)Nc2csc(C34CO[C@@H](C)C[C@H]3CSC(N)=N4)n2)on1,Moderate
CN1C(=O)C2(CC3(CC=CC3)c3ccc(Br)cc32)N=C1S,Inactive
Cc1ccc([C@H]2C[C@H]3CSC(N)=N[C@@]3(c3ccc(F)cc3F)CO2)cc1,Active
C[C@H]1C[C@H]2CSC(N)=NC2(c2nc(NC(=O)c3cn(C)nc3C(F)(F)F)cs2)CO1,Moderate
C[C@H]1C[C@H]2CSC(N)=N[C@@]2(c2nc(NC(=O)c3coc(C(F)(F)F)n3)cs2)CO1,Moderate
C[C@]1(F)CC(F)(F)[C@@](C)(c2cc(NC(=O)c3nc(CF)co3)ccc2F)N=C1N,Active
CC#Cc1ccc(-c2ccc(F)c([C@]3(CF)C[C@@H](C(F)(F)F)OC(N)=N3)c2)cn1,Inactive
COc1cnc(C(=O)Nc2ccc(F)c([C@]3(CF)C[C@@H](C(F)(F)F)OC(N)=N3)c2)cn1,Active
CN1C(=N)N[C@](C)(c2sc(-c3nnc(C4Cc5ccccc5C4)o3)cc2Cl)CS1(=O)=O,Moderate
NC1=N[C@@]2(c3c(F)cc(F)cc3F)CO[C@@H](C3CC3)C[C@H]2CS1,Moderate
CC1(c2sc(-c3cncc(C#N)c3)cc2Cl)CS(=O)(=O)[C@]2(CCOC2)C(=N)N1,Active
COC1CCC2(CC1)Cc1ccc(C#CCC(C)C)cc1[C@@]21N=C(N)N(C)C1=O,Moderate
COC1CCC2(CC1)Cc1ccc(-c3cncc(Cl)c3)cc1C21N=C(N)N(C(C)C)C1=O,Active
C[C@@]1(c2nc(Nc3ncnc4cc(C(F)(F)F)cnc34)ccc2F)CO[C@@](C)(C(F)(F)F)C(N)=N1,Active
COC1CCC2(CC1)Cc1ccc(-c3cncc(C(F)(F)F)c3)cc1C21N=C(N)N(C(C)C)C1=O,Active
COC1CCC2(CC1)Cc1ccc(OCC3CC3)cc1[C@@]21N=C(N)N(C)C1=O,Active
COC(=O)c1ccnc(Oc2ccc(F)c([C@]3(CF)C[C@@H](C(F)(F)F)OC(N)=N3)c2)c1,Moderate
C[C@@]1(c2cc(NC(=O)c3ccno3)ccc2F)CS(=O)(=O)[C@]2(CCOC2)C(=N)N1,Moderate
C[C@@]1(c2cc(-c3cccc(C#N)c3)ccc2F)CS(=O)(=O)C2(CCCC2)C(=N)N1,Moderate
C#CCOc1ccc(C(=O)Nc2ccc(F)c([C@]3(C)C[C@@H](C(F)(F)F)OC(N)=N3)c2)nc1,Active
CN1C(=N)N[C@](C)(c2sc(-c3nnc(-c4cnn5ccccc45)o3)cc2Cl)CS1(=O)=O,Moderate
COc1ccccc1[C@H]1C[C@H]2CSC(N)=N[C@@]2(c2ccc(F)cc2F)CO1,Moderate
C[C@@]1(c2sc(-c3cncc(F)c3)cc2Cl)CS(=O)(=O)C2(CCOCC2)C(=N)N1,Moderate
CN1C(=O)C2(N=C1N)c1ccccc1CC21CCc2ccccc2CC1,Active
CN1C(=N)N[C@](C)(c2sc(-c3nnc(C4CC4)o3)cc2Cl)CS1(=O)=O,Moderate
C[C@@]1(c2cc(NC(=O)c3ccn(C(F)F)n3)ccc2F)CS(=O)(=O)C2(CCCC2)C(=N)N1,Active
CN1C(=N)N[C@](C)(c2sc(-c3cc(F)cc(-c4cnco4)c3)cc2F)CS1(=O)=O,Active
CO[C@H]1CC[C@]2(CC1)Cc1ccc(C#N)cc1C21N=C(N)N(Cc2ccccc2)C1=O,Active
C[C@@]1(c2cc(NC(=O)c3ccc(Cl)cn3)ccc2F)CS(=O)(=O)[C@]2(CCOC2)C(=N)N1,Active
CC#Cc1cncc(-c2cc3c(cc2C)C[C@]2(CC[C@@H](OC)CC2)C32N=C(C)C(N)=N2)c1,Active
N#Cc1cccc([C@H]2C[C@H]3CSC(N)=N[C@@]3(c3ccc(F)cc3F)CO2)c1,Active
CO[C@H]1CC[C@]2(CC1)Cc1ccc(OC(C)C)cc1C21N=C(N)N(C)C1=O,Moderate
C[C@@]1(c2sc(-c3cncnc3)cc2Cl)CS(=O)(=O)C2(CCCCC2)C(=N)N1,Moderate
CCOCc1ccc2c(c1)C1(N=C(SCC)N(C)C1=O)C1(CCC(OC)CC1)C2,Active
C[C@H]1C[C@H]2CSC(N)=NC2(c2nc(NC(=O)c3ccn(C4CC4)n3)cs2)CO1,Moderate
NC1=N[C@](CF)(c2cc(Nc3nccc4cc(Cl)cnc34)cc(F)c2F)C[C@@H](C(F)(F)F)O1,Moderate
COc1ccc(C2(C3CCCCC3)NC(=N)N(C3CCCCC3)C2=O)cc1,Inactive
[C-]#[N+]c1cccc(-c2ccc3c(c2)C2(N=C(N)N(C)O2)C2(CCC(OC(F)F)CC2)C3)c1,Active
CN1CC2(C1)C(=N)N[C@](C)(c1cc(NC(=O)c3ccc(C#N)cn3)ccc1F)CS2(=O)=O,Active
C[C@@]1(c2sc(C(=O)NCc3cnsn3)cc2Cl)CS(=O)(=O)C2(CCCCC2)C(=N)N1,Moderate
COc1ccc(C(=O)Nc2cc(F)c(F)c([C@]3(C)C[C@@H](C(F)(F)F)OC(N)=N3)c2)nc1,Active
CO[C@H]1CC[C@]2(CC1)Cc1ccc(NC(=O)c3ncc(Br)cn3)cc1C21N=C(C)C(N)=N1,Active
CN1C(=N)N[C@](C)(c2sc(-c3cc(F)cc(-c4nnco4)c3)cc2F)CS1(=O)=O,Active
C[C@@]1(c2cc(NC(=O)c3ncc(Cl)cc3Cl)ccc2F)CS(=O)(=O)C2(CCOCC2)C(=N)N1,Active
Cc1cn(-c2cc(-c3cc(F)c([C@]4(C)CS(=O)(=O)N(C)C(=N)N4)s3)ccn2)cn1,Active
COc1nc(C2=CCOCC2)cc2c1Oc1ccc(NC(=O)c3ccc(F)cn3)cc1C21CCOC(N)=N1,Active
C[C@@]1(c2cc([N+](=O)[O-])ccc2F)CS(=O)(=O)C2(CCC2)C(=N)N1,Moderate
COC1CCC2(CC1)Cc1ccc(-c3cnccn3)cc1C21N=C(N)N(C)O1,Active
NC1=NC2(CCO1)c1cc(NC(=O)c3ccc(F)cn3)ccc1Oc1c2cc(-c2cncc(F)c2)nc1F,Active
NC1=N[C@@](c2cc(Nc3nccc4cc(Br)cnc34)ccc2F)(C(F)F)COC1,Active
Cc1cn2ccnc(Nc3ccc(F)c([C@]4(C(F)F)COCC(N)=N4)c3)c2n1,Moderate
CN1C(=N)N[C@](C)(c2sc(-c3cccc(-c4nnc(C5CC5)o4)c3)cc2F)CS1(=O)=O,Moderate
CN1C(=N)N[C@](C)(c2sc(-c3cnn(-c4ccccc4)c3)cc2Cl)CS1(=O)=O,Moderate
COC1CCC2(CC1)Cc1ccc(OCC3CCCC3)cc1C21N=C(N)N(C)C1=O,Active
NC1=NC2(CCS1)c1cc(NC(=O)c3ccc(Cl)cn3)ccc1Oc1c2cc(C2=CCCOC2)nc1F,Active
COc1cnn(-c2ccc(-c3nccc4c(Cl)c([C@]5(C)CS(=O)(=O)N(C)C(=N)N5)sc34)c(F)c2)c1,Active
[C-]#[N+]c1ccc(C(=O)Nc2cc(F)c(F)c([C@]3(CF)C[C@@H](C(F)(F)F)OC(N)=N3)c2)nc1,Active
CCN1C(=O)C2(N=C1N)c1cc(-c3cccc(Cl)c3)ccc1CC21CCC(OC)CC1,Active
N#Cc1cnc(C(=O)Nc2cc(F)c(F)c([C@]3(CF)C[C@@H](C(F)(F)F)OC(N)=N3)c2)c(F)c1,Active
C[C@@]1(c2sc(-c3ccnc(-c4ccccc4)c3)cc2Cl)CS(=O)(=O)[C@]2(CCOC2)C(=N)N1,Moderate
CO[C@H]1CC[C@]2(CC1)Cc1c(F)cccc1C21N=C(N)N(C)C1=O,Moderate
[C-]#[N+]c1ccc(CNC(=O)c2cc(Cl)c([C@]3(C)CS(=O)(=O)C4(CCCCC4)C(=N)N3)s2)cc1,Moderate
CSCCCNc1ccc(F)c([C@]2(C)COCC(N)=N2)c1,Moderate
C[C@H]1C[C@H]2CSC(N)=N[C@@]2(c2nc(NC(=O)c3cc(C4CC4)on3)cs2)CO1,Moderate
COc1cccc2cc(-c3cc(Cl)c([C@]4(C)CS(=O)(=O)[C@@]5(CCOC5)C(=N)N4)s3)[nH]c12,Active
CN1C(=N)N[C@](C)(c2sc(-c3ccnc(-n4cccn4)c3)cc2F)CS1(=O)=O,Moderate
CN1C(=N)N[C@](C)(c2cc(-c3nnc(-c4ncco4)o3)ccc2F)CS1(=O)=O,Moderate
CCNS1(O)C[C@@](C)(c2cc(NC(=O)c3ccc(F)cn3)ccc2F)NC(=N)C1(C)C,Active
C[C@H]1SC(N)=N[C@@]2(c3ccc(F)cc3F)CO[C@@H](C3CC3)C[C@@H]12,Moderate
CN1C(=O)C2(N=C1N)c1cc(Cl)ccc1CC21CCc2ccccc2CC1,Active
NC1=N[C@](CF)(c2cc(NC(=O)c3ccc(Cl)cn3)cnc2F)C[C@@H](C(F)(F)F)O1,Moderate
CN1C(=N)N[C@](C)(c2sc(-c3cc(-c4ccccc4)on3)cc2Cl)CS1(=O)=O,Moderate
COCCN1C(=O)C2(N=C1N)c1cc(C#N)ccc1CC21CCC(OC)CC1,Active
COC1CCC2(CC1)Cc1ccc(CCC3CC3)cc1C21NC(N)N(CCN(C)C)C1=O,Active
CO[C@H]1CC[C@]2(CC1)Cc1ccc(C#CC3CC3)cc1C21N=C(N)N(CC(N)=O)C1=O,Active
COc1cnc(C(=O)Nc2cnc(F)c([C@]3(C)C[C@@H](C(F)(F)F)OC(N)=N3)c2)c(Cl)c1,Active
[C-]#[N+]c1ccc2c(c1)[C@@]1(N=C(C)C(N)=N1)[C@]1(CC[C@H](OC)[C@@H](C)C1)C2,Active
COC1CCC2(CC1)Cc1ccc(OCC(F)(F)F)cc1C21CN(C)C(N)=N1,Active
Cc1cc(OCC2CC2)cnc1C(=O)Nc1cc(F)c(F)c([C@]2(C)C[C@@H](C(F)(F)F)OC(N)=N2)c1,Moderate
CO[C@H]1CC[C@]2(CC1)Cc1ccc(C3CCCC3)cc1C21N=C(N)N(C(C)C)C1=O,Moderate
CN1C(=N)N[C@](C)(c2sc(-c3ccnc(-c4cnco4)c3)cc2F)CS1(=O)=O,Active
COc1cnc(C(=O)Nc2cc(F)c(F)c([C@]3(C)C[C@@H](C(F)(F)F)OC(N)=N3)c2)cn1,Active
COCc1cc(OC)nc(N2CC3C(c4ccccc4)(C2)NC(=N)N(C)S3(=O)=O)c1,Active
NC1=N[C@@](c2cc(NC(=O)c3ccc(Br)cn3)ccc2F)(C(F)F)C(F)(F)CC1,Active
COC1CCC2(CC1)Cc1ccc(Sc3ccccc3)cc1C21NC(N)N(C)C1=O,Active
N#Cc1cccnc1Oc1ccc(F)c([C@]2(CF)C[C@@H](C(F)(F)F)OC(N)=N2)c1,Moderate
CC1=N[C@@]2(C[C@H]([C@H]3CCCOC3)Oc3ccc(-c4cccc(Cl)c4)cc32)N=C1N,Active
CN1C(=N)N[C@](C)(c2sc(-c3nnc(-c4ccc(Cl)cc4)o3)cc2Cl)CS1(=O)=O,Active
Cn1cc(Br)nc1C(=O)Nc1ccc(F)c([C@@]2(C)N=C(N)[C@@](C)(F)CC2(F)F)c1,Active
CO[C@H]1CC[C@]2(CC1)Cc1ccc(OCC3(C)CC3)cc1C21N=C(C)C(N)=N1,Active
C[C@@]1(c2sc(C(=O)NCc3ccsn3)cc2Cl)CS(=O)(=O)C2(CCCCC2)C(=N)N1,Moderate
CN1CC2(C1)C(=N)N[C@](C)(c1cc(NC(=O)c3ccc(OC(F)F)cn3)ccc1F)CS2(=O)=O,Active
Cc1cc(C#N)cnc1C(=O)Nc1ccc(F)c([C@]2(C)CS(=O)(=O)C3(CNC3)C(=N)N2)c1,Active
CN1C(=O)C2(N=C1N)c1cc(-c3cccnc3F)ccc1CC21CCc2ccccc2CC1,Active
CO[C@H]1CC[C@]2(CC1)Cc1cc(F)c(-c3cc(F)cc(C#N)c3)cc1[C@@]21N=C(C)C(N)=N1,Active
NC1=N[C@](CF)(c2cc(C#Cc3ccc(OC4CCC4)cn3)ccc2F)C[C@@H](C(F)(F)F)O1,Inactive
C#CCn1ccc(C(=O)Nc2csc([C@]34CO[C@@H](C)C[C@H]3CSC(N)=N4)n2)n1,Active
C[C@@]1(c2cc(NC(=O)c3ccc(C#N)cn3)ccc2F)C=CSC(N)=N1,Active
CO[C@H]1CC[C@]2(CC1)Cc1ccc(C#CC3CC3)cc1C21N=C(N)N(CC(=O)OC(C)C)C1=O,Active
COC1CCC2(CC1)Cc1ccc(-c3cncs3)cc1C21N=C(N)N(C)C1=O,Active
CN1CCC2(CC1)C(=N)N[C@](C)(c1cc(NC(=O)c3ccc(F)cn3)ccc1F)CS2(=O)=O,Active
COC1CCC2(CC1)Cc1ccc(-c3cncc(F)c3)cc1C21N=C(N)N(Cc2ccccc2)C1=O,Active
COc1cccc(-c2ccc3c(c2)[C@@]2(N=C(C)C(N)=N2)[C@]2(CC[C@H](OC)CC2)C3)c1F,Active
CO[C@H]1CC[C@@]2(Cc3ccc(C#N)cc3[C@]23N=C(N)N(Cc2ncccn2)C3=O)C[C@@H]1C,Active
Cc1nc(C(=O)Nc2csc([C@]34CO[C@@H](C)C[C@H]3CSC(N)=N4)n2)no1,Active
CN1C(=N)N[C@](C)(c2sc(-c3nnc(-c4ccc(F)c(F)c4)o3)cc2Cl)CS1(=O)=O,Moderate
C[C@@]1(c2cc(NC(=O)c3ncc(C#N)cc3Cl)cc(F)c2F)C[C@@H](C(F)(F)F)OC(N)=N1,Active
CO[C@H]1CC[C@]2(CC1)Cc1ccc(-c3ccc(F)cc3F)cc1[C@@]21N=C(C)C(N)=N1,Active
CC1(C)CCC([C@H]2C[C@H]3CSC(N)=N[C@@]3(c3ccc(F)cc3F)CO2)O1,Moderate
COc1cnc(C(=O)Nc2ccc(F)c([C@]3(C)CS(=O)(=O)C4(CN(C)C4)C(=N)N3)c2)c(C)c1,Active
NC1=NC2(CCO1)c1cc(NC(=O)c3ccc(Cl)cn3)ccc1Oc1ncc(C3=CCCOC3)cc12,Active
C[C@@]1(c2nc(NC(=O)c3ncc(C(F)(F)F)cc3Cl)ccc2F)C[C@@H](C(F)(F)F)OC(N)=N1,Active
CN1C(=N)N[C@](C)(c2sc3c(-c4ccc(C5CC5)nc4)nccc3c2Cl)CS1(=O)=O,Moderate
CO[C@H]1CC[C@]2(CC1)Cc1ccc(-c3ccc4[nH]cc(C)c4c3)cc1C21N=C(C)C(N)=N1,Active
CCO[C@H]1CC[C@]2(CC1)Cc1ccc(-c3cc(C#N)cc(C(F)F)c3)cc1C21N=C(C)C(N)=N1,Active
C=C(c1ccc2c(c1)C1(N=C(N)N(C)C1=O)C1(CCC(OC)CC1)C2)C(F)(F)F,Moderate
Cc1nnc(-c2cccc(-c3cc(Cl)c([C@]4(C)CS(=O)(=O)N(C)C(=N)N4)s3)c2)o1,Moderate
COc1cnc(C(=O)Nc2ccc3c(c2)C2(CCSC(N)=N2)c2cc(C4=CCOCC4)nc(F)c2O3)cn1,Active
COc1cccc(-c2cccc(C3(c4ccccc4)NC(=N)N(C4CCCCC4)C3=O)c2)c1,Moderate
C[C@H]1C[C@H]2CSC(N)=N[C@@]2(c2nc(NC(=O)c3ccc(C(F)(F)F)cn3)cs2)CO1,Active
Cc1cc(Br)cnc1C(=O)Nc1ccc2c(c1)C1(CCSC(N)=N1)c1cc(C3=CCOCC3)nc(F)c1O2,Active
CN1C(=N)N[C@]2(c3cc(NC(=O)c4ccc(F)cn4)ccc3F)COC[C@@H]2S1(=O)=O,Moderate
COc1ccc(C(=O)Nc2ccc(F)c([C@]3(C)CS(=O)(=O)C4(CN(c5ccc([N+](=O)[O-])cc5)C4)C(=N)N3)c2)nc1,Active
CO[C@H]1CC[C@]2(CC1)Cc1ccc(CCc3ccccc3)cc1C21N=C(N)N(C(C)C)C1=O,Moderate
CN1C(=N)N[C@](C)(c2sc(-c3cccc(-c4nnco4)c3F)cc2F)CS1(=O)=O,Moderate
CN1C(=N)N[C@](C)(c2sc(-c3nnc(-c4ccon4)o3)cc2Cl)CS1(=O)=O,Moderate
NC1=N[C@@]2(c3ccc(F)cc3F)CO[C@@H](c3ccc(C(F)F)cc3)C[C@H]2CS1,Active
C[C@H]1C[C@H]2CSC(N)=N[C@@]2(c2nc(NC(=O)c3cnc(OC4CC4)cn3)cs2)CO1,Moderate
CN1C(=N)N[C@](C)(c2sc(-c3ccc(C4=NCCO4)[nH]3)cc2Cl)CS1(=O)=O,Moderate
NC1=N[C@@](c2cc(Nc3ncccc3OCC(F)F)ccc2F)(C(F)F)COC1,Moderate
CC(C)(C)OC(=O)N(C(=O)c1ccccc1)C1=N[C@](CF)(c2cc(Br)cnc2F)C[C@@H](C(F)(F)F)O1,Moderate
CN1C(=N)N[C@](C)(c2cc(-c3nnc(-c4cocn4)o3)ccc2F)CS1(=O)=O,Moderate
NC1=N[C@@]2(c3ccccc3F)CO[C@@H](C3CC3)C[C@H]2CS1,Moderate
CC1=N[C@@](c2cc(Nc3nccn4ccnc34)ccc2F)(C(F)F)COC1,Moderate
COC1CCC2(CC1)Cc1ccc(OCC3CC3)cc1[C@@]21N=C(N)N(C(C)C)C1=O,Moderate
COC1CCC2(CC1)Cc1ccc(C#CC3CC3)cc1[C@@]21N=C(N)N(Cc2ccccc2)C1=O,Moderate
CN1OC2(C=C1N)c1cc(-c3cccc(C#N)c3)ccc1CC21CCCc2ccccc2C1,Moderate
COCC(C)N1C(=O)C2(NC1N)c1cc(Br)ccc1CC21CCC(OC)CC1,Moderate
CN1C(=N)N[C@](C)(c2sc(-c3cccc(-c4nnco4)c3)cc2F)CS1(=O)=O,Active
C[C@@]1(c2sc(-c3ccnc(-c4ccoc4)c3)cc2Cl)CS(=O)(=O)[C@@]2(CCOC2)C(=N)N1,Moderate
NC1=NC2(CS1)c1cc(Br)ccc1CC21CCC(O)CC1,Moderate
CCCNc1ccc2c(c1)C1(N=C(N)N(C)C1=O)C1(CCC(OC)CC1)C2,Active
[C-]#[N+]c1cccc(-c2ccc3c(c2)C2(N=C(N)N(C)O2)C2(CCC(NCC(F)(F)F)CC2)C3)c1,Moderate
Cc1noc2c1CC1(CC2)Cc2ccc(-c3cccnc3)cc2C12N=C(N)N(C)O2,Active
CC(C)(C)C#Cc1cc(Cl)c([C@]2(C)CS(=O)(=O)C3(CCC3)C(=N)N2)s1,Moderate
CC#Cc1cncc(-c2ccc3c(c2)C2(N=C(C)C(N)=N2)[C@]2(CC[C@](C)(OC)CC2)C3)c1,Active
C[C@@]1(c2cc(NC(=O)c3ccc(F)cn3)ccc2F)CS(=O)(=O)C2(CCCCC2)C(=N)N1,Active
COC1CCC2(CC1)Cc1ccc(C#CC3CC3)cc1C21N=C(N)N(CCN(C)C)C1=O,Active
C[C@@]1(c2cc(NC(=O)c3ncc(Br)cc3F)cc(F)c2F)C[C@@H](C(F)(F)F)OC(N)=N1,Active
C[C@H]1C[C@H]2CSC(N)=N[C@@]2(c2nc(NC(=O)c3ncc(OC(F)F)cn3)cs2)CO1,Moderate
CCN1C(=N)N[C@](C)(c2cc(NC(=O)c3ccc(Cl)cn3)ccc2F)CS1(=O)=NC,Active
COc1cnc(C(=O)Nc2ccc3c(c2)C2(CCOC(N)=N2)c2cc(C4CCOCC4)cc(F)c2O3)cn1,Active
C[C@@]1(c2cc(NC(=O)c3ccc(Cl)cn3)ccc2F)CS(=O)(=O)[C@@]2(CCOC2)C(=N)N1,Active
C[C@@]1(c2cc(Nc3cccc4cc(OC(F)F)cnc34)ccc2F)COCC(N)=N1,Moderate
NC1=N[C@@]2(c3cc(NC(=O)c4ccc(Br)cn4)ccc3F)OCC[C@H]2CS1,Active
CO[C@H]1CC[C@]2(CC1)Cc1ccc(CCC(C)C)cc1C21N=C(N)N(CC(F)(F)F)C1=O,Active
CCOC(=O)C(F)=Cc1cccc(C2(C)CCSC(=N)N2)c1,Moderate
COC1CCC2(CC1)Cc1ccc(CCC3CC3)cc1C21N=C(N)N(Cc2cccc(N(C)C)c2)C1=O,Active
C[C@H]1C[C@H]2CSC(N)=N[C@@]2(c2nc(NC(=O)C34CC(C3)C4)cs2)CO1,Active
Cc1noc(-c2cc(-c3cc(F)c([C@]4(C)CS(=O)(=O)N(C)C(=N)N4)s3)ccn2)n1,Active
CN1C(=N)N[C@](C)(c2sc(-c3cccc(N4CCS(=O)(=O)CC4)c3)cc2Cl)CS1(=O)=O,Moderate
CNS1(O)C[C@@](C)(c2cc(NC(=O)c3ccc(Cl)cn3)ccc2F)NC(=N)N1C,Active
NC1=N[C@@]2(c3ccc(F)cc3F)CO[C@@H](c3ccc(F)cc3F)C[C@H]2CS1,Active
C[C@H]1C[C@H]2CSC(N)=NC2(c2nc(NC(=O)c3ccc(C#N)cn3)cs2)CO1,Active
Cc1cc(Cl)cnc1C(=O)Nc1ccc(F)c([C@]2(CF)C[C@@H](C(F)(F)F)OC(N)=N2)c1,Active
COC1CCC2(CC1)Cc1ccc(CCC3CC3)cc1C21N=C(N)N(Cc2c[nH]cn2)C1=O,Active
COC1CCC2(CC1)Cc1ccc(CCC3CC3)cc1C21N=C(N)N(CC(F)F)C1=O,Active
NC1=N[C@@]2(c3cc(F)ccc3F)CO[C@@H](C3CC3)C[C@H]2CS1,Moderate
CO[C@H]1CC[C@]2(CC1)Cc1ccc(CCC(C)C)cc1C21N=C(N)N(C)O1,Active
C[C@@]1(c2cc(NC(=O)c3ccc(C(F)(F)F)cn3)ccc2F)CS(=O)(=O)[C@]2(CCOC2)C(=N)N1,Active
COC1CCC2(CC1)Cc1ccc(OC(F)(F)C(F)F)cc1[C@@]21N=C(N)N(C)C1=O,Active
CC(C)N1C(=O)C2(N=C1N)c1ccccc1CC21CCC(OC(F)F)CC1,Moderate
CN1C(=N)N[C@](C)(c2sc(-c3ccc(-c4ncco4)cc3)cc2Cl)CS1(=O)=O,Moderate
CN1C(=O)C2(N=C1N)c1cc(C#CC3CC3)ccc1CC21CCC(O)CC1,Active
CN1C(=N)N[C@](C)(c2cc(-c3ccc(-c4nnco4)[nH]3)ccc2F)CS1(=O)=O,Active
C[C@@]1(c2sc(-c3cncc(N4CCOCC4)c3)cc2Cl)CS(=O)(=O)[C@@]2(CCOC2)C(=N)N1,Moderate
NC1=N[C@](CF)(c2cc(C#Cc3ccc4[nH]ccc4c3)ccc2F)C[C@@H](C(F)(F)F)O1,Moderate
COC1CCC2(CC1)Oc1ccc(CCC3CC3)cc1C21N=C(N)N(C)C1=O,Active
NC1=N[C@@]2(COCC1)c1cc(-c3cccnc3F)ccc1Oc1cnc(N3CCC(F)(F)C3)cc12,Active
COC1CCC2(CC1)Cc1ccc(C#CC3CCCC3)cc1C21N=C(N)N(C)C1=O,Active
C[C@]1(F)CC(F)(F)[C@@](C)(c2cc(NC(=O)c3ccc(Cl)cn3)ccc2F)N=C1N,Active
NC1=N[C@](CF)(c2cc(Oc3cccc(Cl)n3)ccc2F)C[C@@H](C(F)(F)F)O1,Moderate
CCc1cccc(NC(=O)c2cc(Cl)c([C@]3(C)CS(=O)(=O)C4(CCCCC4)C(=N)N3)s2)n1,Moderate
Cc1noc(-c2cccc(-c3cc(Cl)c([C@]4(C)CS(=O)(=O)N(C)C(=N)N4)s3)c2)n1,Active
CN1C(=N)N[C@](C)(c2sc(-c3cccc(-c4ccccc4)c3)cc2Cl)CS1(=O)=O,Moderate
CN1C(=N)N[C@](C)(c2cc(-c3nnc(-c4nccs4)o3)ccc2F)CS1(=O)=O,Moderate
NC1=NC2(CCO1)c1cc(NC(=O)c3ccc(Cl)cn3)ccc1Oc1cnc(C3CC3)cc12,Active
CC(C)N1C(=O)C2(N=C1N)c1cc(-c3cncc(C(F)(F)F)c3)ccc1C[C@]21CC[C@@H](OC(F)F)CC1,Active
CO[C@H]1CC[C@@]2(Cc3ccc(C#N)cc3[C@]23N=C(N)N(CC2COCCO2)C3=O)C[C@@H]1C,Active
C[C@@]1(c2cc(N)ccc2F)CS(=O)(=O)C2(CCOCC2)C(=N)N1,Moderate
CN1C(=N)N[C@](C)(c2sc3c(-c4ccc(N5CCOCC5)nc4)cccc3c2F)CS1(=O)=O,Moderate
C[C@H]1C[C@H]2CSC(N)=NC2(c2nc(NC(=O)c3cc(Cl)n(C)n3)cs2)CO1,Moderate
COC1CCC2(CC1)Cc1ccc(CCC3CC3)cc1C21N=C(N)N(CCc2nccs2)C1=O,Active
CN1C(=N)N[C@](C)(c2sc(-c3nnc(-c4cncs4)o3)cc2Cl)CS1(=O)=O,Moderate
C[C@@]1(c2sc(-c3cccc(C#N)c3)cc2Cl)CS(=O)(=O)C2(CCOCC2)C(=N)N1,Moderate
C[C@H]1C[C@@]2(CC[C@@H]1O)Cc1ccc(-c3cccnc3)cc1[C@]21N=C(N)N(Cc2ncccn2)C1=O,Active
Cc1cc(C#N)cnc1C(=O)Nc1cnc(F)c([C@]2(C)C[C@@H](C(F)(F)F)OC(N)=N2)c1,Active
COC1CCC2(CC1)Cc1ccc(C#CC3CC3)cc1C21N=C(N)N(Cc2ccccc2)C1=O,Active
CCOc1ccc2c(c1)C1(NC(N)N(C(C)C)C1=O)C1(CCc3ccccc3CC1)C2,Active
CC#CCOc1ccc(C(=O)Nc2csc([C@]34CO[C@@H](C)C[C@H]3CSC(N)=N4)n2)nc1,Active
COC1CCC2(CC1)Cc1ccc(CCC3CC3)cc1[C@]21N=C(N)N([C@@H](C)c2ccccc2)C1=O,Moderate
COC1CCC2(CC1)Cc1ccc(Br)cc1C21NC(=S)N(C2CCOCC2)C1=O,Active
CCOc1ccc([C@H]2C[C@H]3CSC(N)=N[C@@]3(c3ccc(F)cc3F)CO2)cc1,Active
COc1cnc(C(=O)Nc2cc(F)c(F)c([C@]3(C)C[C@@H](C(F)(F)F)OC(N)=N3)c2)c(Cl)c1,Active
C[C@@]1(c2sc(-c3cccc(C#N)c3)cc2Cl)CS(=O)(=O)C2(CCCCC2)C(=N)N1,Active
COc1ccc(C(=O)Nc2ccc(F)c([C@]3(C)CS(=O)(=O)[C@]4(CCOC4)C(=N)N3)c2)nn1,Moderate
COC1CCC2(CC1)Cc1ccc(OCC3CC3(F)F)cc1C21N=C(N)N(C(C)C)C1=O,Active
COc1cnc(C(=O)Nc2ccc(F)c([C@@]3(C)N=C(N)[C@@](C)(F)CC3(F)F)c2)c(F)c1,Active
CO[C@H]1CC[C@]2(CC1)Cc1ccc(NC(=O)c3oc4cc(Cl)ccc4c3C)cc1C21N=C(C)C(N)=N1,Active
C[C@H]1C[C@H]2CSC(N)=NC2(c2nc(NC(=O)c3ncnn3C)cs2)CO1,Moderate
COC1CCC2(CC1)Cc1ccc(O)cc1C21N=C(N)N(C)O1,Moderate
Cc1cc(C#N)cnc1C(=O)Nc1ccc(F)c([C@]2(C)CS(=O)(=O)C3(CN(C)C3)C(=N)N2)c1,Active
C[C@H]1C[C@H]2CSC(N)=N[C@@]2(c2nc(NC(=O)c3cnc(OCC4CC4)cn3)cs2)CO1,Moderate
CO[C@H]1CC[C@]2(CC1)Cc1ccc(NC(=O)c3ncc(Cl)cc3C)cc1C21N=C(C)C(N)=N1,Active
CO[C@H]1CC[C@]2(CC1)Cc1ccc(-c3cnc(C)nc3)cc1C21CC(=N)N(C(C)C)C1=O,Active
COc1ccc(C(=O)Nc2csc([C@]34CO[C@@H](C)C[C@H]3CSC(N)=N4)n2)nc1,Active
COc1cccc(-c2cccc(C3(C4CC4)NC(=N)N(C4CCCCC4)C3=O)c2)c1,Moderate
COc1cncc(-c2ccc3c(c2)C2(N=C(N)N(C)O2)C2(CCC(OC)CC2)C3)n1,Moderate
CN1C(=N)N[C@](C)(c2cc(NC(=S)c3ccc(C(F)(F)F)cn3)ccc2F)CS1(=O)=O,Active
NC1=NC2(CCO1)c1cc(NC(=O)c3ccc(Cl)cn3)ccc1Oc1c2cc(-c2ccnc(F)c2)nc1F,Active
CN1C(=N)N[C@](C)(c2sc(-c3nnc(-c4cccc(C#N)c4)o3)cc2Cl)CS1(=O)=O,Moderate
CO[C@H]1CC[C@]2(CC1)Cc1ccc(C#N)cc1C21N=C(N)N(C)O1,Moderate
COC1CCC2(CC1)Cc1ccc(CCC3CC3)cc1C21N=C(N)N(CC2CCN(C(C)=O)CC2)C1=O,Active
CN1C(=N)N[C@](C)(c2sc(-c3cncc(-c4cnco4)c3)cc2Cl)CS1(=O)=O,Active
CO[C@H]1CC[C@]2(CC1)Cc1ccc(-c3cc(F)cc(C#N)c3)cc1C21N=C(C)C(N)=N1,Active
CC(C)(C)OC(=O)N(C(=O)c1ccccc1)C1=N[C@](C)(c2cc(Br)cnc2F)C[C@@H](C(F)(F)F)O1,Moderate
CO[C@H]1CC[C@]2(CC1)Cc1ccc(OCC3CC3)cc1C21N=C(C)C(N)=N1,Active
C[C@@]1(c2cc(NC(=O)c3ncc(Cl)cc3Cl)cc(F)c2F)C[C@@H](C(F)(F)F)OC(N)=N1,Active
[C-]#[N+]c1cnc(C(=O)Nc2cc([C@]3(C)C[C@@H](C(F)(F)F)OC(N)=N3)c(=O)n(C)c2)c(C)c1,Active
NC1=N[C@](CF)(c2cc(NC(=O)c3ccc(F)cn3)ccc2F)C[C@@H](C(F)(F)F)O1,Active
CN1C(=N)N[C@](C)(c2cc(NC(=S)c3ccc(C(F)(F)F)cn3)cc(F)c2F)CS1(=O)=O,Active
CN(c1cc2cc(n1)NCCCCc1cccc(c1)C[C@@](C)(N)C(=O)OC2)S(C)(=O)=O,Moderate
C[C@H]1C[C@H]2CSC(N)=NC2(c2nc(NC(=O)c3ncccn3)cs2)CO1,Moderate
C[C@@]1(c2cc(NC(=O)c3ccc(C(F)(F)F)cn3)ccc2F)CS(=O)(=O)C2(CCOCC2)C(=N)N1,Active
CC#CCOc1ccc(C(=O)Nc2ccc(F)c([C@]3(C)CS(=O)(=O)C4(CN(C)C4)C(=N)N3)c2)nc1,Active
C[C@H]1C[C@H]2CSC(N)=N[C@@]2(c2nc(NC(=O)c3cn(C4CCC4)cn3)cs2)CO1,Inactive
C[C@@]1(c2cc(NC(=O)c3ccc(F)cn3)ccc2F)CS(=O)(=O)C2(CCC2)C(=N)N1,Active
CO[C@H]1CC[C@]2(CC1)Cc1ccc(OCC3CCCO3)cc1C21N=C(N)N(CC(F)F)C1=O,Active
CN1C(=N)N[C@](C)(c2sc(-c3nnc(-c4cocn4)o3)cc2Cl)CS1(=O)=O,Moderate
Cc1cc(C#N)cnc1C(=O)Nc1cnc(F)c([C@]2(CF)C[C@@H](C(F)(F)F)OC(N)=N2)c1,Moderate
Cc1cc(C(F)F)cnc1C(=O)Nc1cc(C)c(F)c([C@]2(CF)C[C@@H](C(F)(F)F)OC(N)=N2)c1,Active
C[C@@]1(c2cc(NC(=O)C3CCO3)ccc2F)CS(=O)(=O)[C@]2(CCOC2)C(=N)N1,Moderate
CN1C(=N)N[C@](C)(c2cc(-c3nnc(-c4cnco4)o3)ccc2F)CS1(=O)=O,Moderate
NC1=N[C@](CF)(c2cc(-c3cncc(-c4nnco4)c3)ccc2F)C[C@@H](C(F)(F)F)O1,Moderate
CN1C(=N)N[C@]2(c3cc(NC(=O)c4ccc(Cl)cn4)ccc3F)COC[C@@H]2S1(=O)=O,Moderate
COC1CCC2(CC1)Cc1ccc(C#CC3CC3)cc1C21N=C(N)N(Cc2cnc3ccccc3n2)C1=O,Active
CCCc1ccc2c(c1)C1(NC(=O)N(CCF)C1=O)C1(CCC(OC)CC1)C2,Active
N#Cc1ccc(C(=O)Nc2ccc3c(c2)C2(CCOC(N)=N2)c2cc(Cl)nc(F)c2O3)nc1,Active
CC#CCOc1ccc(C(=O)Nc2cc(F)c(F)c([C@]3(C)C[C@@H](C(F)(F)F)OC(N)=N3)c2)nc1,Active
C[C@@]1(c2cc(NC(=O)c3cn4ccsc4n3)ccc2F)CS(=O)(=O)C2(CCCC2)C(=N)N1,Active
CO[C@H]1CC[C@]2(CC1)Cc1ccc(CCc3ccccc3)cc1C21N=C(N)N(C)O1,Moderate
CN1C(=N)N[C@](C)(c2sc(-c3cncc(-c4nnco4)c3)cc2F)CS1(=O)=O,Active
C[C@H]1C[C@H]2CSC(N)=N[C@@]2(c2nc(NC(=O)c3ncc(OC(F)F)cc3Cl)cs2)CO1,Active
COc1nc(N2CC3C(c4ccccc4)(C2)NC(=N)N(C)S3(=O)=O)nc(C)c1F,Active
Cc1onc2c1CC1(CC2)Cc2ccc(C#CC3CC3)cc2C12N=C(N)N(C)C2=O,Active
CC1=N[C@@]2(C[C@@H]([C@H]3CCCOC3)Oc3ccc(-c4cccc(Cl)c4)cc32)N=C1N,Moderate
NC1=NC2(CO1)c1cc(-c3cncnc3)ccc1OC(CCC(F)(F)F)C21COC1,Moderate
CN1C(=N)N[C@](C)(c2sc(-c3nnc(-c4ccc(C(F)(F)F)cc4)o3)cc2Cl)CS1(=O)=O,Active
NC1=N[C@](CF)(c2cc(NC(=O)c3ncc(C(F)F)cc3Cl)ccc2F)C[C@@H](C(F)(F)F)O1,Moderate
NC1=N[C@@](c2cc(Nc3ncccn3)ccc2F)(C(F)F)COC1,Moderate
C[C@@]1(c2nc(Nc3ncc(F)c4cc(C#N)cnc34)ccc2F)C[C@@H](C(F)(F)F)OC(N)=N1,Moderate
CN1C(=N)N[C@](C)(c2sc(-c3cccc(-c4noc(C5CC5)n4)c3)cc2F)CS1(=O)=O,Moderate
CO[C@H]1CC[C@]2(CC1)Cc1ccc(C(=O)O)cc1C21N=C(N)N(Cc2ccccc2)C1=O,Moderate
CO[C@H]1CC[C@]2(CC1)Cc1cc(F)c(OCCCF)cc1C21N=C(C)C(N)=N1,Active
CNC(=O)c1ccc(C#Cc2ccc(F)c([C@]3(CF)C[C@@H](C(F)(F)F)OC(N)=N3)c2)nc1,Inactive
CO[C@H]1CC[C@]2(CC1)Cc1ccc(C#CC3CC3)cc1C21N=C(N)N(Cc2nnc(C)s2)C1=O,Active
CC#Cc1csc(-c2ccc3c(c2)C2(N=C(N)N(C(C)C)C2=O)C2(CCC(OC)CC2)C3)c1,Active
CO[C@H]1CC[C@]2(CC1)Cc1ccc(NC(=O)c3ccc(Cl)cn3)cc1C21N=C(C)C(N)=N1,Active
CCC(CC)CN1C(=O)C2(N=C1N)c1cc(CCC3CC3)ccc1CC21CCC(OC)CC1,Active
Cc1c(C(=O)Nc2ccc(F)c([C@]3(CF)C[C@@H](C(F)(F)F)OC(N)=N3)c2)nc2ccc(Cl)cn12,Active
CN1CC2(C1)C(=N)N[C@](C)(c1cc(NC(=O)c3ncc(C#N)cc3C(F)F)ccc1F)CS2(=O)=O,Active
CN1C(=O)C2(N=C1N)c1cc(-c3cccnc3)ccc1OC21CCc2ccccc2CC1,Active
COC1CCC2(CC1)Cc1ccc(C#CCC(C)C)cc1C21N=C(N)N(C)C1=O,Active
CN(c1cc2cc(c1)C(C(F)(F)F)N[C@@H](c1ccccc1)CCc1cccc(c1)C[C@@](C)(N)C(=O)OC2)S(C)(=O)=O,Moderate
CN1C(=N)N[C@](C)(c2sc(-c3nnc(-c4ccc(OCc5ccccc5)cc4)o3)cc2Cl)CS1(=O)=O,Moderate
COC1CCC2(CC1)Cc1ccc(-c3cccc(S(C)(=O)=O)c3)cc1C21N=C(N)N(C(C)C)C1=O,Active
Cc1cc(Cl)cnc1C(=O)Nc1cc(F)c(F)c([C@]2(C)C[C@@H](C(F)(F)F)OC(N)=N2)c1,Active
CN1C(=O)C2(N=C1N)c1cc(C#CC3CC3)ccc1CC21CCC(F)(F)CC1,Active
COc1cnc(C(=O)Nc2ccc(F)c([C@]3(C)CS(=O)(=O)C4(CN(C)C4)C(=N)N3)c2)c(C)n1,Active
Cc1cc(C#N)cnc1C(=O)Nc1ccc(F)c([C@]2(C)C[C@@H](C(F)(F)F)OC(N)=N2)n1,Active
COC1CCC2(CC1)Cc1ccc(C#CC3(O)CCCC3)cc1C21N=C(N)N(C)C1=O,Active
COc1ccc(C(=O)Nc2ccc(F)c([C@]3(C)CS(=O)(=O)C4(CN(S(C)(=O)=O)C4)C(=N)N3)c2)nc1,Active
Cc1nc(OCC(F)(F)F)cnc1C(=O)Nc1cc(F)c(F)c([C@]2(C)C[C@@H](C(F)(F)F)OC(N)=N2)c1,Active
C[C@@]1(c2cc(NC(=O)c3ccc(C#N)cn3)cc(F)c2Cl)C[C@@H](C(F)(F)F)OC(N)=N1,Active
CC1([C@H]2C[C@H]3CSC(N)=N[C@@]3(c3ccc(F)cc3F)CO2)CC1,Moderate
CN1CCN(c2ccc(-c3cccc4c(F)c([C@]5(C)CS(=O)(=O)N(C)C(=N)N5)sc34)cn2)CC1,Moderate
COc1cnc(C(=O)Nc2ccc3c(c2)C2(CCSC(N)=N2)c2cc(-c4cncc(F)c4)nc(F)c2O3)cn1,Active
COC1CCC2(CC1)Cc1ccc(C(O)C(F)(F)F)cc1C21N=C(N)N(C)C1=O,Moderate
CN1C(=O)C2(N=C1N)c1cc(Br)ccc1CC21CCC(N(C)C)CC1,Moderate
C[C@@]1(c2sc(Br)cc2Cl)CS(=O)(=O)C2(CCCCC2)C(=N)N1,Moderate
COc1cccc(-c2cccc(C3(C)CC(=O)N(C)C(N)=N3)c2)c1,Moderate
NC1=N[C@](CF)(c2cc(Nc3ncnc4sc(C(F)F)nc34)ccc2F)C[C@@H](C(F)(F)F)O1,Moderate
CN1C(=N)N[C@](C)(c2sc3c(-c4cnc(-c5ccc(F)cc5)o4)cccc3c2F)CS1(=O)=O,Moderate
NC1=N[C@](CF)(c2cc(NC(=O)c3ncc(Cl)cc3F)cc(F)c2F)C[C@@H](C(F)(F)F)O1,Active
CCO[C@H]1CC[C@]2(CC1)Cc1ccc(-c3cncc(C(F)(F)F)c3)cc1C21N=C(C)C(N)=N1,Active
COC1CCC2(CC1)Cc1ccc(C#N)cc1C21N=C(N)N(CC2CCCO2)C1=O,Active
COc1ccc(C(=O)Nc2cc(F)c(F)c([C@]3(CF)C[C@@H](C(F)(F)F)OC(N)=N3)c2)nc1,Active
CN1C(=N)N[C@](C)(c2sc(-c3ncc(-c4ccccc4)[nH]3)cc2Cl)CS1(=O)=O,Moderate
Cc1cc(C#N)cnc1C(=O)Nc1ccc(F)c([C@@]2(C)N=C(N)[C@@](C)(F)CC2(F)F)c1,Active
C[C@@]1(c2sc(C(=O)NCc3cccc(F)c3)cc2Cl)CS(=O)(=O)C2(CCCCC2)C(=N)N1,Moderate
COc1cc(F)c2c(c1)C1(CCOC(N)=N1)c1cc(NC(=O)c3ccc(C#N)cn3)ccc1O2,Active
CN1C(=N)N[C@](C)(c2sc(-c3nnc(-c4cncnc4)o3)cc2Cl)CS1(=O)=O,Moderate
CN1C(=N)N[C@](C)(c2sc(-c3[nH]cnc3-c3ccccc3)cc2Cl)CS1(=O)=O,Moderate
COc1nc(N2CC3C(c4ccccc4)(C2)NC(=N)N(C)S3(=O)=O)nc(C2CC2)c1F,Active
C[C@@]1(c2cc(NC(=O)c3ccc(OCC(F)(F)F)cn3)cnc2F)C[C@@H](C(F)(F)F)OC(N)=N1,Active
CO[C@H]1CC[C@]2(CC1)Cc1ccc(-c3ccc(F)c(C#N)c3)cc1[C@@]21N=C(C)C(N)=N1,Active
C[C@@H]1Oc2ccc(Br)cc2[C@]2(COC(=N)N2)C12COC2,Inactive
CO[C@H]1CC[C@]2(CC1)Cc1ccc(OCC3CCC3)cc1[C@@]21N=C(C)C(N)=N1,Active
NC1=NC2(CCS1)c1cc(Br)ccc1CC21CCc2ccccc2CC1,Inactive
C[C@H]1SC(N)=N[C@@]2(c3ccc(F)cc3F)CO[C@@H](c3ccc(C#N)cc3)C[C@@H]12,Active
C[C@@]1(c2sc(-c3cccc(-c4nnco4)c3)cc2Cl)CS(=O)(=O)C2(CCCC2)C(=N)N1,Active
COC1CCC2(CC1)Cc1ccc(C#CC3CC3)cc1C21N=C(N)N(CCC(F)(F)F)C1=O,Active
C[C@H]1C[C@H]2CSC(N)=N[C@@]2(c2nc(NC(=O)C3(C)CCC3)cs2)CO1,Moderate
CC#Cc1cncc(-c2ccc3c(c2)[C@@]2(N=C(C)C(N)=N2)[C@@]2(C3)C[C@@H](C)[C@H](OC)[C@@H](C)C2)c1,Active
CN1OC2(N=C1N)c1cc(-c3cccnn3)ccc1CC21CCc2ccccc2CC1,Active
N#Cc1ccc(C(=O)Nc2cnc(F)c([C@]3(CF)C[C@@H](C(F)(F)F)OC(N)=N3)c2)nc1,Moderate
Cc1cc(F)cnc1C(=O)Nc1ccc(F)c([C@@]2(C)N=C(N)[C@@](C)(F)CC2(F)F)c1,Active
COC1CCC2(CC1)Oc1ccc(Br)cc1C21N=C(N)N(C)C1=O,Moderate
CN1C(=N)N[C@](C)(c2sc(-c3ccc(F)c(-c4nnco4)c3)cc2Cl)CS1(=O)=O,Active
Cn1cc(NC(=O)c2ccc(Cl)cn2)cc([C@]2(C)C[C@@H](C(F)(F)F)OC(N)=N2)c1=O,Active
CO[C@H]1CC[C@]2(CC1)Cc1ccc(-c3ccccc3)cc1[C@@]21N=C(C)C(N)=N1,Active
NC1=N[C@@]2(c3ccc(F)cc3F)CO[C@@H](C3CC3)C[C@H]2[C@@H](CF)S1,Moderate
CC(C)Cc1cc(C(=O)Nc2csc(C34CO[C@@H](C)C[C@H]3CSC(N)=N4)n2)no1,Moderate
CN1OC2(N=C1N)c1cc(C#CC3CC3)ccc1CC21CCc2ccccc2CC1,Active
Cc1cc(C#N)cnc1C(=O)Nc1cc(C)c(F)c([C@]2(CF)C[C@@H](C(F)(F)F)OC(N)=N2)c1,Active
CO[C@H]1CC[C@]2(CC1)Cc1ccc(-c3ccc(F)c(C#N)c3)cc1C21N=C(C)C(N)=N1,Active
NC1=N[C@@]2(c3cc(F)cc(NC(=O)c4ccc(F)cn4)c3)OCC[C@H]2CS1,Moderate
C[C@H]1C[C@H]2CSC(N)=N[C@@]2(c2nc(NC(=O)c3coc(CC(F)(F)F)n3)cs2)CO1,Moderate
CO[C@H]1CC[C@]2(CC1)Cc1cc(C)c(Br)cc1C21N=C(C)C(N)=N1,Moderate
CN1C(=N)N[C@](C)(c2cc(-c3cncc(-c4cnco4)c3)cs2)CS1(=O)=O,Active
COC1CCC2(CC1)Cc1ccc(C#Cc3ccsc3)cc1C21N=C(N)N(C)C1=O,Active
CO[C@@H](C)C(=O)Nc1ccc(F)c([C@]23COC[C@H]2S(=O)(=O)C(C)(C)C(=N)N3)c1,Moderate
COC1CCC2(CC1)Cc1ccc(C#CC(F)(F)F)cc1C21N=C(N)N(C)O1,Active
CO[C@H]1CC[C@]2(CC1)Cc1ccc(-c3ncco3)cc1C21N=C(N)N(CCF)C1=O,Moderate
C[C@]1(F)CC(F)(F)[C@@](C)(c2cc(NC(=O)c3ccc(C(F)(F)F)cn3)ccc2F)N=C1N,Active
COc1cc(-c2ccc3c(c2)[C@@]2(N=C(C)C(N)=N2)[C@]2(CC[C@H](OC)CC2)C3)cc(C#N)c1F,Active
CO[C@H]1CC[C@@]2(Cc3ccc(C#N)cc3[C@]23N=C(N)N(CC2(C)COC2)C3=O)C[C@@H]1C,Active
COC1CCC2(CC1)Cc1ccc(-c3cncc(F)c3)cc1C21N=C(N)N(CC2CCO2)C1=O,Active
COC1CCC2(CC1)Cc1ccc(-c3cccc(S(C)(=O)=O)c3)cc1C21N=C(N)N(C)C1=O,Active
CN1C(=N)N[C@](C)(c2sc(-c3nnc(-c4ccc5[nH]cnc5c4)o3)cc2Cl)CS1(=O)=O,Moderate
Cc1nn(C)cc1C(=O)Nc1csc([C@]23CO[C@@H](C)C[C@H]2CSC(N)=N3)n1,Moderate
CN1C(=N)N[C@](C)(c2cc(-c3nnc(-c4cscn4)o3)ccc2F)CS1(=O)=O,Moderate
NC1=NC(CF)(c2cc(NCc3ccc(Br)cc3Cl)ccc2F)COC1,Moderate
C[C@@]1(c2cc(NC(=O)c3ccc(Cl)cn3)ccc2F)C[C@@H](C(F)(F)F)OC(N)=N1,Active
NC1=N[C@@]2(c3ccc(F)cc3F)CO[C@@H]([C@@H]3CCCO3)C[C@H]2CS1,Moderate
C[C@@]1(c2cc(NC(=O)C3CCC3(F)F)ccc2F)CS(=O)(=O)[C@]2(CCOC2)C(=N)N1,Moderate
CO[C@H]1CC[C@]2(CC1)Cc1ccc(Br)cc1C21NC(=O)N(Cc2ccccc2)C1=O,Active
C[C@@]1(c2cc(-n3cc(-c4cccnc4)nn3)ccc2F)CS(=O)(=O)C2(CCC2)C(=N)N1,Moderate
CN1C(=N)N[C@](C)(c2sc(-c3cccc(-c4nnc(C5CC5)o4)c3)cc2Cl)CS1(=O)=O,Moderate
C[C@@]1(c2cc(NC(=O)c3ncc(C(F)(F)F)cc3Cl)cc(F)c2F)C[C@@H](C(F)(F)F)OC(N)=N1,Active
CC[C@@H]1C[C@@]2(Cc3ccc(C#N)cc3[C@]23N=C(N)N(CC2COCCO2)C3=O)C[C@H](C)[C@H]1O,Active
C[C@@]1(c2cc(NC(=O)c3nn(C(F)F)cc3Cl)cc(F)c2F)C[C@@H](C(F)(F)F)OC(N)=N1,Active
C[C@@]1(c2cc([N+](=O)[O-])ccc2Cl)CS(=O)(=O)[C@]2(CCOC2)C(=N)N1,Moderate
CCCCOc1ccc(-c2nnc(-c3cc(Cl)c([C@]4(C)CS(=O)(=O)N(C)C(=N)N4)s3)o2)cc1,Active
[C-]#[N+]c1cccc(-c2cc(Cl)c([C@]3(C)CS(=O)(=O)C4(CCC4)C(=N)N3)s2)c1,Active
COc1ccc(C2(c3ccc(OC)cc3)NC(=N)N(CC34CC5CC(CC(C5)C3)C4)C2=O)cc1,Moderate
CC1(c2cccc(NC3CCc4cc(Cl)ccc43)c2)COCC(N)=N1,Moderate
COCCOc1ccc2c(c1)C1(N=C(N)N(CC(F)(F)F)C1=O)[C@]1(CC[C@H](OC)CC1)C2,Active
COc1cnc(C(=O)Nc2ccc(F)c([C@@]3(C)N=C(N)[C@@](C)(F)CC3(F)F)c2)cn1,Active
CCOCC(=O)Nc1ccc(F)c([C@]2(C)CS(=O)(=O)[C@]3(CCOC3)C(=N)N2)c1,Moderate
Cc1cc(OC(F)F)cnc1C(=O)Nc1ccc(F)c([C@]2(CF)C[C@@H](C(F)(F)F)OC(N)=N2)c1,Active
CN1C(=N)N[C@](C)(c2sc(-c3ccc(-c4cccnc4)cc3)cc2Cl)CS1(=O)=O,Moderate
CN1C(=N)N[C@](C)(c2sc3c(-c4ccc(C5CC5)nc4)cccc3c2F)CS1(=O)=O,Moderate
NC1=NC2(CCO1)c1cc(NC(=O)c3ccc(F)cn3)ccc1Oc1c2cc(C2=CCCOC2)nc1F,Active
C[C@@]1(c2cc(NC(=O)N3CC=C(C#CC4CC4)CC3)ccc2F)C[C@@H](C(F)(F)F)OC(N)=N1,Moderate
[C-]#[N+]c1cncc(-c2ccc3c(c2)C2(N=C(N)N(CC(F)(F)F)C2=O)C2(CCC(OC)CC2)C3)c1,Active
COCCO[C@H]1CC[C@]2(CC1)Cc1ccc(Cl)cc1C21N=C(N)N(C)C1=O,Moderate
C[C@@]1(c2nc(NC(=O)c3ncc(Br)cc3Cl)ccc2F)C[C@@H](C(F)(F)F)OC(N)=N1,Active
CN1C(=O)C2(N=C1N)c1cc(-c3ccccc3)ccc1OC21CCc2ccccc2CC1,Active
COC1CCC2(CC1)Cc1ccc(C#Cc3ccccc3)cc1C21N=C(N)N(C)C1=O,Active
CN1C(=N)N[C@](C)(c2sc(-c3nnc(-c4ccc(C(F)(F)F)c(F)c4)o3)cc2Cl)CS1(=O)=O,Moderate
C[C@@]1(c2cc(NC(=O)c3ccc(Cl)cn3)cc(F)c2F)C[C@@H](C(F)(F)F)OC(N)=N1,Active
CCCC(CCC)S(=O)(=O)C[C@@H](NC(=O)c1ccccc1C)C(=O)N[C@@H](Cc1cc(F)cc(F)c1)[C@H](O)CNCc1cccc(CC)c1,Active
CN1C(=N)N[C@](C)(c2sc(-c3nnc(-c4ccc(-n5cccn5)cc4)o3)cc2Cl)CS1(=O)=O,Moderate
COC1CCC2(CC1)Cc1ccc(C#CC3CC3)cc1C21NC(N)N(CCN(C)S(C)(=O)=O)C1=O,Active
CC(C)N1C(=O)C2(N=C1N)c1cc(C#CC3CC3)ccc1C[C@]21CC[C@@H](OC(F)F)CC1,Active
CN1C(=O)C2(NC1N)c1cc(OCC(F)(F)F)ccc1OC21CCc2ccccc2CC1,Active
COc1ccc(C(=O)Nc2ccc(F)c([C@]3(C)CS(=O)(=O)C4(CCCCC4)C(=N)N3)c2)nc1,Active
COCC(C)N1C(=O)C2(N=C1N)c1cc(C#CC3CC3)ccc1CC21CCC(OC)CC1,Active
CN1C(=N)N[C@](C)(c2sc(-c3nnc(-c4ccc(C5CCC(F)(F)C5)cc4)o3)cc2Cl)CS1(=O)=O,Moderate
CCOC[C@H]1C[C@H]2[C@@H](C)SC(N)=N[C@@]2(c2ccc(F)cc2F)CO1,Moderate
CC1CN=C(c2ccc(-c3cc(Cl)c([C@]4(C)CS(=O)(=O)N(C)C(=N)N4)s3)[nH]2)O1,Active
C[C@H]1C[C@H]2CSC(N)=NC2(c2nc(NC(=O)c3cnc(C4CC4)cn3)cs2)CO1,Moderate
CN1C(=N)N[C@](C)(c2cc(NC(=S)c3ccc(Cl)cn3)cc(F)c2F)CS1(=O)=O,Active
C[C@H]1C[C@H]2CSC(N)=NC2(c2nc(NC(=O)c3ccon3)cs2)CO1,Moderate
COC1CCC2(CC1)Cc1ccc(C#CC3CC3)cc1C21N=C(N)N(Cc2nccs2)C1=O,Active
CN1C(=N)N[C@](C)(c2sc(-c3ccc(-c4nnc(C5CC5)o4)[nH]3)cc2Cl)CS1(=O)=O,Active
C[C@H]1C[C@H]2CSC(N)=N[C@@]2(c2nc(NC(=O)c3coc(C4CC4)n3)cs2)CO1,Moderate
COc1ccc(C(=O)Nc2ccc(F)c([C@@]3(C)N=C(N)[C@@](C)(F)CC3(F)F)c2)nc1,Active
COc1ccc(C(=O)Nc2cnc(F)c([C@]3(CF)C[C@@H](C(F)(F)F)OC(N)=N3)c2)nc1,Moderate
COC(=O)Cc1ccc(-c2nnc(-c3cc(Cl)c([C@]4(C)CS(=O)(=O)N(C)C(=N)N4)s3)o2)cc1,Moderate
COc1cnc(C(=O)Nc2ccc3c(c2)C2(CCSC(N)=N2)c2cc(C4=CCOCC4)cc(F)c2O3)cn1,Active
C[C@H]1C[C@H]2CSC(N)=N[C@@]2(c2nc(NC(=O)c3ccn(C)n3)cs2)CO1,Active
NC1=N[C@@]2(c3ccc(F)cc3F)CO[C@@H](c3cccc(F)c3)C[C@H]2CS1,Active
C[C@@]1(c2cc(-c3cncc(C#N)c3)ccc2F)CS(=O)(=O)C2(CCCC2)C(=N)N1,Moderate
CN1C(=N)N[C@](C)(c2sc(-c3cccc(-c4cc[nH]n4)c3)cc2F)CS1(=O)=O,Active
COC1CCC2(CC1)Cc1ccc(Cl)cc1C21N=C(N)N(C)C1=O,Active
CO[C@H]1CC[C@]2(CC1)Cc1ccc(OC(C)C)cc1C21N=C(N)N(C)O1,Moderate
COC1CCC2(CC1)Cc1ccc(C#CC3CC3)cc1C21N=C(N)N(CC2CCCO2)C1=O,Active
COc1cnc(C(=O)Nc2cc(Cl)c(F)c([C@]3(C)C[C@@H](C(F)(F)F)OC(N)=N3)c2)c(C)n1,Active
[C-]#[N+]c1cc(C#N)cc(-c2ccc3c(c2)C2(N=C(N)N(C)C2=O)C2(CCC(OC)CC2)C3)c1,Active
CN1C(=N)N[C@](C)(c2sc3c(-c4ccc(-c5nccs5)cc4)cccc3c2F)CS1(=O)=O,Moderate
COC1CCC2(CC1)Cc1ccc(C3=CCN(C)C(=O)C3)cc1C21N=C(N)N(C)C1=O,Moderate
C[C@@]1(c2cc(NC(=O)c3ccc(Cl)cn3)cc(F)c2Cl)C[C@@H](C(F)(F)F)OC(N)=N1,Active
COC1CCC2(CC1)Cc1cc(F)ccc1C21N=C(N)N(C)C1=O,Moderate
COCCNS1(O)C[C@@](C)(c2cc(NC(=O)c3ccc(Cl)cn3)ccc2F)NC(=N)C1(C)C,Active
C[C@H]1C[C@H]2CSC(N)=NC2(c2nc(NC(=O)c3coc(CF)n3)cs2)CO1,Active
COC1CCC2(CC1)Cc1ccc(CCC3CC3)cc1C21N=C(N)N(CC2CCN(S(C)(=O)=O)CC2)C1=O,Active
CO[C@H]1CC[C@]2(CC1)Cc1ccc(-c3cncc(COCC(F)(F)F)c3)cc1C21N=C(C)C(N)=N1,Active
COC1CCC2(CC1)Cc1ccc(CCC3CC3)cc1C21N=C(N)N(Cc2ccc(F)cn2)C1=O,Active
COc1cnc(C(=O)Nc2ccc(F)c([C@]3(C)CS(=O)(=O)C4(CCN(C)CO4)C(=N)N3)c2)c(C)n1,Active
C[C@@]1(c2cc(N)ccc2F)CS(=O)(=O)C2(CC2)C(=N)N1,Moderate
CN1OC2(N=C1N)c1cc(-c3cccc(C#N)c3)ccc1CC21Cc2cccc3cccc(c23)C1,Moderate
C[C@H]1C[C@H]2CSC(N)=NC2(c2nc(NC(=O)c3ccc(Cl)cn3)cs2)CO1,Active
CN1C(=O)C2(N=C1N)c1ccccc1OC21CCc2ccccc2CC1,Moderate
C[C@@]1(c2sc(-c3cncnc3)cc2Cl)CS(=O)(=O)C2(CCOCC2)C(=N)N1,Moderate
Cc1cc(C#N)cnc1C(=O)Nc1ccc(F)c([C@]2(C)CS(=O)(=O)C3(CCN(C)CC3)C(=N)N2)c1,Active
COc1cnc(C(=O)Nc2ccc(F)c([C@]3(C)C[C@@H](C(F)(F)F)OC(N)=N3)n2)c(Cl)c1,Moderate
COc1cnc(C(=O)Nc2ccc(F)c([C@]3(C)CS(=O)(=O)C4(CCN(C)CC4)C(=N)N3)c2)c(C)c1,Active
COC1CCC2(CC1)Cc1ccc(C#N)cc1C21N=C(N)N(C(C)C)C1=O,Active
COC1CCC2(CC1)Cc1ccc(CCC3CC3)cc1C21N=C(N)N(CCc2ccccc2)C1=O,Active
CN1C(=N)N[C@](C)(c2sc3c(-c4ccc(-n5cccn5)cc4)cccc3c2F)CS1(=O)=O,Active
CN1C(=N)N[C@](C)(c2sc(-c3ccnc(-n4ccnc4)c3)cc2F)CS1(=O)=O,Moderate
N#Cc1cncc(-c2ccc(F)c([C@]3(CF)C[C@@H](C(F)(F)F)OC(N)=N3)c2)c1,Moderate
CO[C@H]1CC[C@]2(CC1)Cc1ccc(CCC(C)C)cc1C21N=C(N)N(CC(F)F)C1=O,Active
Cn1c(N)nc(CCc2cccc(-c3ccccc3)c2)cc1=O,Inactive
NC1=N[C@@]2(c3ccc(F)cc3F)CO[C@@H](CC3CC3)C[C@H]2CS1,Moderate
CN1/C(=N\C(=O)OC(C)(C)C)N[C@](C)(c2cc(-c3cccc(-c4ncco4)c3)ccc2F)CS1(=O)=O,Moderate
COC(=O)c1cccc(CN2C(=O)C3(N=C2N)c2cc(Br)ccc2CC32CCC(OC)CC2)c1,Active
Cc1cc(OCC(F)(F)F)cnc1C(=O)Nc1cc(F)c(F)c([C@]2(C)C[C@@H](C(F)(F)F)OC(N)=N2)c1,Moderate
C[C@@]1(c2cc([N+](=O)[O-])ccc2Cl)CS(=O)(=O)[C@@]2(CCOC2)C(=N)N1,Moderate
C#CCOc1cnc(C(=O)Nc2cnc(F)c([C@]3(C)C[C@@H](C(F)(F)F)OC(N)=N3)c2)cn1,Active
NC(N)=NC(=O)Cc1c(-c2ccccc2Cl)csc1-c1ccc(OCCc2cn[nH]c2)cc1,Moderate
C[C@@]1(c2cc(Nc3ccccc3OCC(F)F)ccc2F)COCC(N)=N1,Moderate
Cc1ccc2c(c1)C1(N=C(N)N(C)O1)C1(CCc3ccccc3CC1)C2,Moderate
COc1cccc(CN2C(=O)C3(N=C2N)c2cc(CCC4CC4)ccc2CC32CCC(OC)CC2)c1,Moderate
COC1CCC2(CC1)Cc1ccc(C#CC3CC3)cc1C21N=C(N)N(CC2CCN(C)C2)C1=O,Active
NC1=N[C@@]2(c3ccc(F)cc3F)CO[C@@H](c3ccc4c(c3)CCO4)C[C@H]2CS1,Active
Cc1noc(-c2cc(-c3cc(Cl)c([C@]4(C)CS(=O)(=O)N(C)C(=N)N4)s3)ccn2)n1,Active
CN1C(=N)N[C@](C)(c2sc(-c3cc(-c4nnco4)ncc3F)cc2Cl)CS1(=O)=O,Active
C[C@@]1(c2cc(NC(=O)CC(F)(F)F)ccc2F)CS(=O)(=O)[C@]2(CCOC2)C(=N)N1,Moderate
COC1CCC2(CC1)Cc1ccc(CCC3CC3)cc1C21N=C(N)N(CCC(F)(F)F)C1=O,Active
C#CCOc1cnc(C(=O)Nc2cc(F)c(F)c([C@]3(CF)C[C@@H](C(F)(F)F)OC(N)=N3)c2)cn1,Active
COc1ccc(C(=O)Nc2ccc3c(c2)C2(CCOC(N)=N2)c2cc(OC)cc(F)c2O3)c(F)c1,Moderate
CC(C)C[C@H](NC(=O)[C@@H](NC(=O)[C@@H](N)CNC(=O)O)C(C)C)C(=O)N[C@@H](Cc1ccccc1)[C@@H](O)C(=O)N[C@@H](CC(=O)O)C(=O)N[C@@H](C)C(=O)N[C@@H](CCC(=O)O)C(=O)O,Active
C[C@@]1(c2sc(C(=O)NCc3cnn4ccccc34)cc2Cl)CS(=O)(=O)C2(CCCCC2)C(=N)N1,Active
COC1CCC2(CC1)Cc1ccc(C#CC(C)(C)C)cc1C21N=C(N)N(C)O1,Active
CCCN1C(=O)C2(N=C1N)c1cc(OCC3CC3)ccc1CC21CCC(OC)CC1,Active
CN1C(=N)N[C@](C)(c2sc(-c3nnc(-c4cscn4)o3)cc2Cl)CS1(=O)=O,Moderate
CCOC1=CC=C/C(=C\Nc2cc(C)cc(C)c2O)C1=O,Active
COc1ccc(C(=O)Nc2cnc(F)c([C@]3(C)C[C@@H](C(F)(F)F)OC(N)=N3)c2)nc1,Active
Cc1cnn(-c2cc(-c3cc(F)c([C@]4(C)CS(=O)(=O)N(C)C(=N)N4)s3)ccn2)c1,Moderate
COc1cnc(C(=O)Nc2ccc3c(c2)C2(CCOC(N)=N2)c2cc(C#CC(C)(C)C)ncc2O3)cn1,Active
COc1cccc(-c2cccc(C3(c4ccccc4)NC(=N)N(C4CCOCC4)C3=O)c2)c1,Moderate
C[C@@]1(c2sc(Br)cc2Cl)CS(=O)(=O)C2(CC2)C(=N)N1,Moderate
C[C@@]1(c2cc(NC(=O)c3ccc(F)cn3)ccc2F)CS(=O)(=O)C2(CC2)C(=N)N1,Active
COC1CCC2(CC1)Cc1ccc(-c3cncc(F)c3)cc1C21N=C(N)N(CC(F)(F)F)C1=O,Active
COC1CCC2(CC1)Cc1ccc(OC3CC3)cc1C21N=C(N)N(C)C1=O,Active
C[C@@]1(c2sc(-c3cncc(C#N)c3)cc2Cl)CS(=O)(=O)C2(CCCC2)C(=N)N1,Active
COCC(C)N1C(=O)[C@@]2(N=C1N)c1cc(CCC3CC3)ccc1CC21CCC(OC)CC1,Active
C[C@@]1(c2cc(NC(=O)c3ccc(F)cn3)ccc2F)CS(=O)(=O)C2(CCCC2)C(=N)N1,Active
COCCN1C(=O)[C@@]2(N=C1N)c1cc(C#CC3CC3)ccc1C[C@]21CC[C@@H](OC)CC1,Moderate
COc1cnc(C(=O)Nc2ccc(F)c([C@@]3(C)N=C(N)[C@@](C)(F)CC3(F)F)c2)c(C)c1,Active
CO[C@H]1CC[C@]2(CC1)Cc1ccc(-c3cc(Br)cc(C#N)c3)cc1C21N=C(C)C(N)=N1,Active
COCc1cc(C(=O)Nc2csc([C@]34CO[C@@H](C)C[C@H]3CSC(N)=N4)n2)no1,Moderate
COC1CCC2(CC1)Oc1ccc(-c3cccnc3)cc1C21N=C(N)N(C)C1=O,Active
CC(C)N1CNc2c(NCc3ccc(N)cc3)nc(N3CCCCC3CCO)nc21,Moderate
NC1=N[C@@](c2cc(NC(=O)c3ccc(F)cn3)ccc2F)(C(F)F)C(F)(F)CC1,Active
CC[C@]1(C)CCC2=C1CC[C@H]1[C@H]2C[C@@H](Cl)C2=C[C@@H](O)[C@@H]3C[C@@]21C(=O)O3,Inactive
COc1ccc(C(=O)Nc2ccc(F)c([C@]3(C)CS(=O)(=O)C4(CN(C)C4)C(=N)N3)c2)nc1,Active
CN1C(=N)N[C@](C)(c2sc(-c3nnc(-c4ccn(C)n4)o3)cc2Cl)CS1(=O)=O,Moderate
Cc1oc(CF)nc1C(=O)Nc1csc([C@]23CO[C@@H](C)C[C@H]2CSC(N)=N3)n1,Active
CCCCS(=O)(=O)C[C@@H](NC(=O)OC)C(=O)N[C@@H](Cc1cc(F)cc(F)c1)[C@H](O)CNCc1cccc(CC)c1,Active
Cc1nonc1N1CCN(c2nccc3c(Cl)c([C@]4(C)CS(=O)(=O)N(C)C(=N)N4)sc23)CC1,Moderate
CO[C@H]1CC[C@]2(CC1)Cc1ccc(OCC3CC3)cc1[C@@]21N=C(C)C(N)=N1,Active
CO[C@H]1CC[C@]2(CC1)Cc1ccc(-c3cncc(F)c3)cc1C21N=C(C)C(N)=N1,Active
COc1cnc(C(=O)Nc2ccc(F)c([C@]3(C)CS(=O)(=O)C(C)(C)C(N)=N3)c2)cn1,Active
CN1C(=N)N[C@](C)(c2cc(-c3cc(F)cc(-c4cnco4)c3)cs2)CS1(=O)=O,Active
CN1C(=N)N[C@](C)(c2cc(-c3cc(F)cc(-c4nnco4)c3)cs2)CS1(=O)=O,Active
O=C(NC1=N[C@](c2nc(NC(=O)c3ccc(Cl)cn3)ccc2F)(C(F)F)C[C@@H](C(F)(F)F)O1)c1ccccc1,Active
Cc1cccc(C2CC(c3ccccc3)CCN2C(=O)C2CNC[C@]23CCCc2nc(Cl)ccc23)c1,Moderate
NC1=N[C@](CF)(c2cc(NC(=O)c3ncc(Br)cc3Cl)ccc2F)C[C@@H](C(F)(F)F)O1,Active
[C-]#[N+]c1cc(Cl)cc(-c2cc3c(cc2C)C[C@]2(CC[C@@H](OC)CC2)C32N=C(C)C(N)=N2)c1,Active
COC1CCC2(CC1)Cc1ccc(Br)cc1C21CON(C)C(N)=N1,Moderate
C[C@@]1(c2sc(-c3cccc(-c4nnco4)c3)cc2Cl)CS(=O)(=O)C2(CCCCC2)C(=N)N1,Active
COC1CCC2(CC1)Cc1ccc(CCC3CC3)cc1C21N=C(N)N(Cc2ccc(S(C)(=O)=O)cc2)C1=O,Active
Cc1cc(Cl)cnc1C(=O)Nc1ccc2c(c1)C1(CCSC(N)=N1)c1cc(C3=CCOCC3)nc(F)c1O2,Active
COC1CCC2(CC1)Cc1ccc(CCC3CC3)cc1C21N=C(N)N(C)O1,Active
NC1=NC2(CCO1)c1cc(NC(=O)c3ccc(F)cn3)ccc1Oc1c(F)cc(-c3ccnc(F)c3)cc12,Active
CCOc1cccnc1Nc1ccc2c(c1)C1(CCSC(N)=N1)c1cc(OC)cc(F)c1O2,Active
C[C@H]1C[C@H]2CSC(N)=NC2(c2nc(NC(=O)c3cn(C)cn3)cs2)CO1,Inactive
COC1CCC2(CC1)Cc1ccc(-c3cncc(F)c3)cc1C21N=C(N)N(C)C1=O,Active
C[C@H]1C[C@H]2CSC(N)=N[C@@]2(c2nc(NC(=O)c3ccc(OC(F)F)nc3)cs2)CO1,Moderate
C[C@@]1(c2cc(NC(=O)c3ccc(Cl)cn3)ccc2F)CS(=O)(=O)C2(CCCC2)C(=N)N1,Active
CN1C(=N)N[C@](C)(c2sc(-c3nnc(-c4ccc(OC(F)(F)F)cc4)o3)cc2Cl)CS1(=O)=O,Active
CO[C@H]1CC[C@]2(CC1)Cc1ccc(C#CC3CC3)cc1C21N=C(N)N(Cc2ccnnc2)C1=O,Moderate
COc1cnc(C(=O)Nc2ccc3c(c2)C2(CCSC(N)=N2)c2cc(O)cc(F)c2O3)cn1,Active
CN1C(=N)N[C@](C)(c2cc(-c3cc(-c4ccccc4)on3)ccc2F)CS1(=O)=O,Moderate
CC1CC1CNc1cc(C(=O)N[C@H](CN)Cc2ccccc2)cc(N(C)S(C)(=O)=O)n1,Active
Cn1cnc(C(=O)Nc2ccc(F)c([C@@]3(C)N=C(N)[C@@](C)(F)CC3(F)F)c2)n1,Moderate
NC1=N[C@](CF)(c2cc(C#Cc3cccc4cc[nH]c34)ccc2F)C[C@@H](C(F)(F)F)O1,Moderate
COC1CCC2(CC1)Cc1ccc(C#N)cc1[C@@]21N=C(N)N(C)C1=O,Moderate
CC(C)N1C(=O)C2(NC1N)c1ccccc1CC21CCc2ccccc2CC1,Moderate
COCCn1ccc(C(=O)Nc2csc([C@]34CO[C@@H](C)C[C@H]3CSC(N)=N4)n2)n1,Moderate
[C-]#[N+]c1ccc(C(=O)Nc2ccc(F)c([C@]3(C)C[C@@H](C(F)(F)F)OC(N)=N3)c2)nc1,Active
COc1cccc(-c2cccc(CCC3(C)CC(=O)N(C)C(N)=N3)c2)c1,Moderate
COC1CCC2(CC1)Cc1ccc(OC3CCCC3)cc1C21NC(N)N(C)C1=O,Moderate
CC1(C)C(=N)N[C@](C)(c2cc(NC(=O)c3ccc(Cl)cn3)ccc2F)CS1(O)NCCF,Active
N#Cc1cncc(-c2cccc(C3(C4CC4)NC(=N)N(C4CCCCC4)C3=O)c2)c1,Moderate
COC1CCC2(CC1)Cc1ccc(-c3cncc(C(F)(F)F)c3)cc1C21N=C(N)N(C2CC2)C1=O,Active
CN1C(=N)NC2(c3ccccc3F)COCC2S1(=O)=O,Moderate
C#CCOc1cnc(C(=O)Nc2ccc(F)c([C@]3(C)C[C@@H](C(F)(F)F)OC(N)=N3)c2)cn1,Active
CO[C@H]1CC[C@]2(CC1)Cc1ccc(-c3cncc(C(F)(F)F)c3)cc1[C@@]21N=C(C)C(N)=N1,Active
CC#Cc1cc(-c2ccc3c(c2)C2(N=C(C)C(N)=N2)[C@]2(CC[C@H](OC)CC2)C3)ccn1,Active
CC#CCOc1ccc(C(=O)Nc2ccc(F)c([C@]3(C)CS(=O)(=O)C4(CCN(C)CC4)C(=N)N3)c2)nc1,Active
CN1C(=O)C2(N=C1N)c1cc(-c3cccc(C#N)c3)ccc1CC21Cc2cnncc2C1,Moderate
Cc1ccc([C@]23CO[C@@H](C4CC4)C[C@H]2CSC(N)=N3)cc1F,Moderate
COc1ccnc(Nc2ccc(F)c([C@]3(C(F)F)COCC(N)=N3)c2)n1,Moderate
CN1C(=N)N[C@](C)(c2sc(-c3ccnc(-c4cncnc4)c3)cc2F)CS1(=O)=O,Moderate
CO[C@H]1CC[C@]2(CC1)Cc1ccc(Cl)cc1C21N=C(N)N(CC(F)F)C1=O,Moderate
C[C@@]1(c2nc(NC(=O)c3nn(C(F)F)cc3Cl)ccc2F)C[C@@H](C(F)(F)F)OC(N)=N1,Active
COc1cnc(C(=O)Nc2cnc(F)c([C@]3(C)C[C@@H](C(F)(F)F)OC(N)=N3)c2)cn1,Active
CN1C(=N)N[C@](C)(c2sc(-c3cccc(-c4ncon4)c3)cc2Cl)CS1(=O)=O,Active
COCCN1C(=O)C2(N=C1N)c1cc(-c3cccnc3F)ccc1CC21CCc2ccccc2CC1,Active
CO[C@H]1CC[C@]2(CC1)Cc1ccc(OCCC3CC3)cc1C21N=C(C)C(N)=N1,Active
COC1CCC2(CC1)Cc1ccc(C#CC3CC3)cc1C21NC(N)N(Cc2ncco2)C1=O,Active
C#CCOc1ccc(C(=O)Nc2cc(F)c(F)c([C@]3(C)C[C@@H](C(F)(F)F)OC(N)=N3)c2)nc1,Active
Cc1nc(C(=O)Nc2ccc(F)c([C@@]3(C(F)F)N=C(N)CCC3(F)F)c2)co1,Active
C[C@H]1C[C@H]2CSC(N)=N[C@@]2(c2nc(NC(=O)c3cnc(OCC(F)F)cn3)cs2)CO1,Moderate
Cc1cc(C#N)cnc1C(=O)Nc1cc(F)c(F)c([C@]2(C)C[C@@H](C(F)(F)F)OC(N)=N2)c1,Active
CC(C)N1C(=O)C2(N=C1N)c1cc(-c3cccnc3F)ccc1CC21CCC(OC(F)F)CC1,Active
COC1CCC2(CC1)Cc1ccc(Br)cc1C21NC(=S)N(N(C)C)C1=O,Moderate
NC1=N[C@](CF)(c2cc(Nc3ncc(F)c4cc(Cl)cnc34)ccc2F)C[C@@H](C(F)(F)F)O1,Moderate
CN1CC2(C1)C(=N)N[C@](C)(c1cc(NC(=O)c3ccc(OC(F)(F)F)cn3)ccc1F)CS2(=O)=O,Active
C[C@@]1(c2cc(NC(=O)c3cocn3)ccc2F)CS(=O)(=O)[C@]2(CCOC2)C(=N)N1,Moderate
NC1=N[C@](CF)(c2cc(C#Cc3ccc(OC(F)F)cn3)ccc2F)C[C@@H](C(F)(F)F)O1,Moderate
CN1C(=N)N[C@](C)(c2sc3c(-c4ccc(-c5ncco5)cc4)nccc3c2Cl)CS1(=O)=O,Moderate
Cc1cc(Nc2ncnc3cc(Cl)cnc23)cc([C@]2(CF)C[C@@H](C(F)(F)F)OC(N)=N2)c1F,Active
Cc1cc(F)cc([C@H]2C[C@H]3CSC(N)=N[C@@]3(c3ccc(F)cc3F)CO2)c1,Active
C=Cc1ccc2c(c1)C1(N=C(N)N(C)C1=O)C1(CCC(OC)CC1)C2,Moderate
CN1C(=N)N[C@](C)(c2sc3c(-c4ccc(-n5cccn5)cc4F)nccc3c2Cl)CS1(=O)=O,Active
C[C@@]1(c2sc(-c3cccc(-c4nnco4)c3)cc2Cl)CS(=O)(=O)C2(CCOCC2)C(=N)N1,Active
CC(=O)N1CCC2(CC1)Oc1ccc(Br)cc1C21N=C(N)N(C)C1=O,Inactive
CCc1cncc(-c2cc(Cl)c([C@]3(C)CS(=O)(=O)[C@@]4(CCOC4)C(=N)N3)s2)c1,Moderate
COCCOc1ccc2c(c1)[C@@]1(N=C(N)N(C)C1=O)C1(CCC(OC)CC1)C2,Moderate
NC1=N[C@@]2(c3ccccc3)CO[C@@H](C3CC3)C[C@H]2CS1,Moderate
COc1cnc(C(=O)Nc2csc([C@]34CO[C@@H](C)C[C@H]3CSC(N)=N4)n2)cn1,Moderate
COC1CCC2(CC1)Cc1ccc(OCC3CC3)cc1C21NC(N)N(CCF)C1=O,Active
CC#CCOc1ccc(C(=O)Nc2cc(F)c(F)c([C@]3(CF)C[C@@H](C(F)(F)F)OC(N)=N3)c2)nc1,Active
CCN1C(=O)C2(N=C1N)c1cc(OCC3CC3)ccc1CC21CCC(OC)CC1,Active
C[C@@]1(c2sc(C(=O)NCc3cnoc3)cc2Cl)CS(=O)(=O)C2(CCCCC2)C(=N)N1,Moderate
C[C@@]1(c2sc(C#CCN3CCOCC3)cc2Cl)CS(=O)(=O)C2(CCC2)C(=N)N1,Moderate
CO[C@H]1CC[C@]2(CC1)Cc1ccc(OCc3ccccc3)cc1C21N=C(N)N(C)O1,Moderate
CN1C(=N)N[C@](C)(c2sc(-c3nnc(-c4cnccn4)o3)cc2Cl)CS1(=O)=O,Moderate
COCCN1C(=O)C2(N=C1N)c1cc(C#CC3CC3)ccc1CC21CCC(OC)CC1,Active
CN(c1cc2cc(n1)N(CC1CC1)CCCCc1cccc(c1)C[C@@](C)(N)C(=O)OC2)S(C)(=O)=O,Moderate
CC1CCc2cccc(c2)C[C@@](C)(N)C(=O)OCc2cc(cc(N(C)S(C)(=O)=O)c2)CC1,Moderate
COC1CCC2(CC1)Cc1ccc(C#CC3CC3)cc1C21N=C(N)NC1=O,Active
C[C@H]1C[C@H]2CSC(N)=N[C@@]2(c2nc(NC(=O)c3ccc(OC(F)F)cn3)ccc2F)CO1,Active
COc1cnc2c(Nc3ccc(F)c([C@]4(CF)C[C@@H](C(F)(F)F)OC(N)=N4)c3)nccc2c1,Moderate
N#Cc1ccc([C@H]2C[C@H]3CSC(N)=N[C@@]3(c3ccc(F)cc3F)CO2)cc1,Active
Cc1cc(NC(=O)c2ccc(C(F)F)cn2)cc([C@]2(CF)C[C@@H](C(F)(F)F)OC(N)=N2)c1F,Active
COc1ccc(C(=O)Nc2ccc(F)c([C@]3(C)CS(=O)(=O)C4(CCCC4)C(=N)N3)c2)nc1,Active
O=C(NC1=N[C@](CF)(c2nc(Br)ccc2F)C[C@@H](C(F)(F)F)O1)c1ccccc1,Active
CCCC(CCC)S(=O)(=O)C[C@@H](NC(=O)OCc1ccncc1)C(=O)N[C@@H](Cc1cc(F)cc(F)c1)[C@H](O)CNCc1cccc(CC)c1,Active
CCCCS(=O)(=O)C[C@@H](NC(=O)c1ccncc1)C(=O)N[C@@H](Cc1cc(F)cc(F)c1)[C@H](O)CNCc1cccc(CC)c1,Active
CCC(C)N1C(=O)C2(N=C1N)c1cc(C#CC3CC3)ccc1CC21CCC(OC)CC1,Active
CN1C(=N)N[C@](C)(c2sc(-c3cc(F)cc(-c4nnco4)c3)cc2Cl)CS1(=O)=O,Active
Cc1cc(NC(=O)c2ccc(Cl)cn2)cc([C@]2(CF)C[C@@H](C(F)(F)F)OC(N)=N2)c1F,Active
CCc1ccc2c(c1)CCC[C@]21CNC[C@H]1C(=O)N1CCC(c2ccccc2)CC1,Inactive
CN1C(=O)C2(N=C1N)c1cc(CCC3CC3)ccc1CC21CCc2ccccc2CC1,Active
C[C@@]1(c2cc(N)ccc2F)CS(=O)(=O)C2(CCCC2)C(=N)N1,Moderate
CC1(C(=O)Nc2ccc(F)c([C@]3(C)CS(=O)(=O)[C@]4(CCOC4)C(=N)N3)c2)COC1,Moderate
NC1=N[C@@]2(c3ccc(F)cc3F)CO[C@@H](c3ccc(F)c(F)c3)C[C@H]2CS1,Active
Cc1nc(C)c(C(=O)Nc2csc(C34CO[C@@H](C)C[C@H]3CSC(N)=N4)n2)o1,Moderate
[C-]#[N+]c1cnc2c(Nc3ccc(F)c([C@]4(CF)C[C@@H](C(F)(F)F)OC(N)=N4)c3)ncnc2c1,Active
CO[C@H]1CC[C@]2(CC1)Cc1cc(F)c(-c3cc(F)cc(C#N)c3)cc1C21N=C(C)C(N)=N1,Active
[C-]#[N+]c1cccc(-c2ccc3c(c2)C2(N=C(N)N(C)O2)C2(CCC(Cc4ccccc4)CC2)C3)c1,Moderate
COC1CCC2(CC1)Cc1ccc(OCCC3CC3)cc1C21N=C(N)N(C)C1=O,Active
CN1CCC2(CC1)C(=N)N[C@](C)(c1cc(NC(=O)c3ccc(OC(F)F)cn3)ccc1F)CS2(=O)=O,Active
CN1C(=N)N[C@](C)(c2sc(-c3cncc(-c4nnc(C5CC5)o4)c3)cc2Cl)CS1(=O)=O,Moderate
COC1CCC2(CC1)Cc1ccc(-c3cncc(C#N)c3)cc1C21N=C(N)N(C(C)C)C1=O,Active
COC1CCC2(CC1)Cc1ccc(CCC3CC3)cc1C21N=C(N)N(Cc2ccc(C(F)(F)F)cn2)C1=O,Active
NC1=N[C@](CF)(c2cc(C#Cc3cccc4[nH]ccc34)ccc2F)C[C@@H](C(F)(F)F)O1,Moderate
C[C@@]1(c2cc(Nc3ncnc4cc(C(F)(F)F)cnc34)ccc2F)CO[C@@](C)(C(F)(F)F)C(N)=N1,Active
NC1=N[C@](CF)(c2cc(-c3nc4ccc(Cl)cc4o3)ccc2F)C[C@@H](C(F)(F)F)O1,Moderate
C[C@H]1C[C@H]2CSC(N)=N[C@@]2(c2nc(NC(=O)c3ccc(C(F)F)cn3)cs2)CO1,Active
COc1nc(C2=CCOCC2)cc2c1Oc1ccc(NC(=O)c3ccc(Cl)cn3)cc1C21CCOC(N)=N1,Active
COC1CCC2(CC1)Cc1ccc(CCC3CC3)cc1C21N=C(N)N(Cc2ccccn2)C1=O,Active
CN1C(=N)N[C@](C)(c2sc(-c3cccc(-c4nc(C5CC5)no4)c3)cc2Cl)CS1(=O)=O,Moderate
C[C@H]1C[C@H]2CSC(N)=N[C@@]2(c2nc(NC(=O)c3ccc(OCC(F)F)cn3)cs2)CO1,Moderate
COCc1nc(C(=O)Nc2csc([C@]34CO[C@@H](C)C[C@H]3CSC(N)=N4)n2)co1,Moderate
C[C@@]1(c2cc(Nc3nc4ccc(Cl)cc4o3)ccc2F)C[C@@H](C(F)(F)F)OC(N)=N1,Moderate
COC1CCC2(CC1)Cc1ccc(-c3cnccn3)cc1C21N=C(N)N(C)C1=O,Active
C[C@@]1(c2sc(-c3cncc(C(F)(F)F)c3)cc2Cl)CS(=O)(=O)C2(CCOCC2)C(=N)N1,Moderate
COC1CCC2(CC1)Cc1ccc(CCC(F)(F)F)cc1C21N=C(N)N(C)C1=O,Active
C[C@@]1(c2cc(NC(=O)c3ccc(C(F)F)cn3)cc(F)c2F)C[C@@H](C(F)(F)F)OC(N)=N1,Active
C[C@@]1(c2sc(Br)cc2Cl)CS(=O)(=O)C2(CCCC2)C(=N)N1,Moderate
COC1CCC2(CC1)Cc1ccc(-c3cccnc3)cc1C21N=C(N)N(Cc2ccccc2)C1=O,Active
COC1CCC2(CC1)Cc1ccc(CCC3CC3)cc1C21N=C(N)N(Cc2ccccc2F)C1=O,Active
COC1CCC2(CC1)Cc1ccc(CCC3CC3)cc1C21N=C(N)N(Cc2ccc(F)cc2)C1=O,Active
COC(C)c1ccc([C@H]2C[C@H]3CSC(N)=N[C@@]3(c3ccc(F)cc3F)CO2)cc1,Moderate
CN1C(=N)N[C@](C)(c2sc(-c3ccnc(-c4nc(C5CC5)no4)c3)cc2Cl)CS1(=O)=O,Moderate
CN1C(=N)N[C@](C)(c2sc(-c3cccc(-n4cccn4)c3)cc2Cl)CS1(=O)=O,Active
COc1cc(C#N)cnc1C(=O)Nc1cc(F)c(F)c([C@]2(C)C[C@@H](C(F)(F)F)OC(N)=N2)c1,Active
CC(=O)Nc1ccc(F)c([C@]2(C)CS(=O)(=O)[C@]3(CCOC3)C(=N)N2)c1,Moderate
NC1=N[C@]2(c3ccc(F)cc3)CO[C@H](C3CC3)C[C@@H]2CS1,Inactive
C[C@@]1(c2cc(NC(=O)c3ccc(Cl)cc3)ccc2F)CS(=O)(=O)[C@]2(CCOC2)C(=N)N1,Active
CN1CC2(C1)C(=N)N[C@](C)(c1cc(NC(=O)c3ccc(OCF)cn3)ccc1F)CS2(=O)=O,Active
CO[C@H]1CC[C@]2(CC1)Cc1ccc(C#CC(C)C)cc1C21N=C(C)C(N)=N1,Moderate
CO[C@H]1CC[C@]2(CC1)Cc1ccc(OCCCF)cc1C21N=C(C)C(N)=N1,Active
CCCCN1C(=O)C2(N=C1N)c1cc(OCC3CC3)ccc1CC21CCC(OC)CC1,Active
C[C@@]1(c2nc(NC(=O)c3ncc(C#N)cc3Cl)ccc2F)C[C@@H](C(F)(F)F)OC(N)=N1,Active
COc1cnc(C(=O)Nc2ccc(F)c([C@@]3(C)N=C(N)[C@@](C)(F)CC3(F)F)c2)c(C)n1,Active
CN1C(=N)N[C@](C)(c2sc(-c3ccnc(-c4ccncc4)c3)cc2F)CS1(=O)=O,Moderate
CC1(c2cccc(Nc3nsc4cc(Br)ccc34)c2)COCC(N)=N1,Moderate
Cc1nc(C(=O)Nc2ccc3c(c2)C2(CCOC(N)=N2)c2cc(-c4cncc(F)c4)nc(F)c2O3)cs1,Active
CC#Cc1csc(-c2ccc3c(c2)C2(N=C(N)N(C(C)C)C2=O)C2(CCC(OC)CC2)C3)n1,Active
Cc1ccccc1[C@H]1C[C@H]2CSC(N)=N[C@@]2(c2ccc(F)cc2F)CO1,Moderate
O=C([C@@H]1CNC[C@]12CCCc1nc(Cl)ccc12)N1CCC2(C=Cc3ccccc32)CC1c1ccccc1,Moderate
COCCOc1ccc2c(c1)C1(N=C(N)N(C)C1=O)C1(CCC(OC)CC1)C2,Active
COC1CCC2(CC1)Cc1ccc(Br)cc1C21N=C(N)N(C(C)C)C1=O,Moderate
C[C@H]1C[C@H]2CSC(N)=NC2(c2nc(NC(=O)c3ccnn3C3CC3)cs2)CO1,Moderate
CN1C(=N)N[C@](C)(c2sc3c(-c4cnc(-n5cccn5)nc4)nccc3c2Cl)CS1(=O)=O,Active
CCCN(CCC)C(=O)c1cc(C(=O)O)cc(C(=O)N[C@@H](Cc2ccccc2)[C@H](O)CNCc2cccc(OC)c2)c1,Active
CCCN(CCC)C(=O)c1cc(C(=O)N[C@@H](Cc2ccccc2)[C@H](O)CNCc2cccc(OC)c2)cc(C(=O)OCC)c1,Moderate
C[C@@]1(c2cc(NC(=O)c3ccc(Cl)cn3)cc(Cl)c2F)C[C@@H](C(F)(F)F)OC(N)=N1,Active
CN1C(=N)N[C@](C)(c2sc3c(-c4ccc(-c5cc(C(F)(F)F)n[nH]5)cc4)nccc3c2Cl)CS1(=O)=O,Moderate
CO[C@H]1CC[C@]2(CC1)Cc1ccc(Br)cc1C21N=C(C)C(N)=N1,Moderate
CCC(F)(F)Oc1ccc(C(=O)Nc2csc([C@]34CO[C@@H](C)C[C@H]3CSC(N)=N4)n2)nc1,Moderate
CN1C(=O)C2(N=C1N)c1cc(OCC(F)(F)F)ccc1C[C@]21CC[C@@H](OC(F)F)CC1,Active
C[C@]1(F)CC(F)(F)[C@@](C)(c2cc(NC(=O)c3coc(C(F)F)n3)ccc2F)N=C1N,Active
NC1=N[C@](CF)(c2cc(Nc3ncc(F)c4cc(C#CC5CC5)cnc34)ccc2F)C[C@@H](C(F)(F)F)O1,Moderate
COC1CCC2(CC1)Cc1ccc(NC(=O)c3ccccn3)cc1C21N=C(N)N(C)C1=O,Active
COC1CCC2(CC1)Cc1ccc(C3=CC(O)CC3)cc1C21N=C(N)N(C)C1=O,Active
COC1CCC2(CC1)Cc1ccc(-c3cc(Cl)cc(Cl)c3)cc1[C@@]21N=C(N)N(C)C1=O,Moderate
C[C@@]1(c2sc(C#CC3CCCC3)cc2Cl)CS(=O)(=O)C2(CCC2)C(=N)N1,Moderate
CO[C@H]1CC[C@]2(CC1)Cc1ccc(C#CC3CCC3)cc1C21N=C(C)C(N)=N1,Active
Cc1cc(C(=O)Nc2csc(C34CO[C@@H](C)C[C@H]3CSC(N)=N4)n2)nn1C,Inactive
CN1C(=O)C2(N=C1N)c1cc(Br)ccc1OC21CCc2ccccc2CC1,Active
CC(C)c1cc(C(=O)Nc2csc(C34CO[C@@H](C)C[C@H]3CSC(N)=N4)n2)n(C)n1,Inactive
CN1C(=N)N[C@](C)(c2sc(-c3nnc(-c4ccc(-c5ccon5)cc4)o3)cc2Cl)CS1(=O)=O,Moderate
COc1ccc(C(=O)Nc2ccc3c(c2)C2(CCSC(N)=N2)c2cc(N4CCOCC4)cc(F)c2O3)nc1,Active
Cc1onc2c1CC1(CC2)Cc2ccc(-c3cccnc3)cc2C12N=C(N)N(C)C2=O,Active
COc1cnc(C(=O)Nc2ccc(F)c([C@]3(C)CS(=O)(=O)[C@@]4(CCOC4)C(=N)N3)c2)cn1,Active
C[C@H]1C[C@H]2CSC(N)=N[C@@]2(c2nc(NC(=O)c3ccc(OC(F)(F)F)cn3)cs2)CO1,Active
CN1C(=N)N[C@](C)(c2cc(NC(=S)c3ccc(F)cn3)ccc2F)CS1(=O)=O,Active
C[C@H]1SC(N)=N[C@@]2(c3ccc(F)cc3F)CO[C@@H](CF)C[C@@H]12,Moderate
CO[C@H]1CC[C@]2(CC1)Cc1ccc(Br)cc1C21CC(=O)N(C)C(N)=N1,Inactive
CN1C(=N)N[C@](C)(c2sc(-c3nnc(-c4cccnc4)o3)cc2Cl)CS1(=O)=O,Moderate
Cc1noc(-c2cccc(-c3cc(F)c([C@]4(C)CS(=O)(=O)N(C)C(=N)N4)s3)c2)n1,Active
COC1CCC2(CC1)Cc1ccc(CCC3CC3)cc1C21N=C(N)N(CC(F)(F)F)C1=O,Active
CO[C@H]1CC[C@]2(CC1)Cc1cc(F)c(-c3cc(Cl)cc(C#N)c3)cc1C21N=C(C)C(N)=N1,Active
NC1=NC2(CCO1)c1cc(NC(=O)c3ccc(Cl)cn3)ccc1Oc1ncc(C3=CCOCC3)cc12,Active
Cc1onc2c1CC1(CC2)Cc2ccc(Br)cc2C12N=C(N)N(C)O2,Active
CN1C(=O)C2(N=C1N)c1cc(Br)ccc1C[C@]21CC[C@@H](O)CC1,Active
Cc1occc1-c1ccc(-c2nccc3c(Cl)c([C@]4(C)CS(=O)(=O)N(C)C(=N)N4)sc23)c(F)c1,Moderate
COC1CCC2(CC1)Cc1ccc(-c3cncc(C(F)(F)F)c3)cc1C21N=C(N)N(C)C1=O,Active
CN=S1(=O)C[C@@](C)(c2cc(NC(=O)c3ccc(Cl)cn3)ccc2F)NC(=N)[C@@]1(C)c1ccc(F)cc1,Moderate
COc1ccc(C2(C3CC3)NC(=N)N(C3CCOCC3)C2=O)cc1-c1cccc(C#N)c1,Moderate
Cc1noc(C(=O)Nc2csc([C@]34CO[C@@H](C)C[C@H]3CSC(N)=N4)n2)n1,Active
C[C@@]1(c2cc(NC(=O)c3ncc(F)cc3F)ccc2F)CS(=O)(=O)C2(CCC2)C(=N)N1,Active
COc1cnc(C(=O)Nc2ccc(F)c([C@]3(C)CS(=O)(=O)C4(CCCC4)C(=N)N3)c2)cn1,Active
NC1=N[C@@](c2cc(Nc3ncccc3OC(F)F)ccc2F)(C(F)F)COC1,Moderate
COC1CCC2(CC1)Cc1ccc(CCC3CC3)cc1C21N=C(N)N(Cc2ncc[nH]2)C1=O,Active
COc1cc(Cl)cnc1C(=O)Nc1cc(C)c(F)c([C@]2(CF)C[C@@H](C(F)(F)F)OC(N)=N2)c1,Active
C[C@H]1C[C@H]2CSC(N)=N[C@@]2(c2nc(NC(=O)c3ncn(C)n3)cs2)CO1,Moderate
CCO[C@H]1CC[C@]2(CC1)Cc1ccc(Br)cc1C21N=C(C)C(N)=N1,Moderate
NC1=N[C@@]2(c3ccc(F)cc3F)CO[C@@H](c3ccccc3F)C[C@H]2CS1,Active
CNS1(O)C[C@@](C)(c2cc(NC(=O)c3ccc(F)cn3)ccc2F)NC(=N)C1(C)C,Active
C[C@H]1C[C@H]2CSC(N)=NC2(c2nc(NC(=O)c3ccn(C(F)F)n3)cs2)CO1,Active
COc1ccc(C(=O)Nc2ccc3c(c2)[C@@]2(CCOC(N)=N2)c2cc(C4=CCOCC4)nc(F)c2O3)nc1,Active
CN1C(=N)N[C@](C)(c2sc3c(-c4ccc(-c5ccc(F)cc5F)nc4)cccc3c2F)CS1(=O)=O,Active
CCCN(CC1CC1)c1cc(C(=O)N[C@H](CO)Cc2cc(F)cc(F)c2)cc(N(C)S(=O)(=O)C(C)C)n1,Moderate
CN1CCC2(CC1)C(=N)N[C@](C)(c1cc(NC(=O)c3ccc(Cl)cn3)ccc1F)CS2(=O)=O,Active
NC1=NC2(CCO1)c1cc(NC(=O)c3ccc(Cl)cn3)ccc1Oc1c2cc(Cl)nc1F,Active
Cc1nc(C(=O)Nc2ccc3c(c2)C2(CCOC(N)=N2)c2cc(-c4ccnc(F)c4)nc(F)c2O3)cs1,Active
CN1C(=O)C2(N=C1N)c1cc(C#N)ccc1CC21CCC(O)CC1,Active
NC1=N[C@](CF)(c2nc(NC(=O)c3ccc(Cl)cn3)ccc2F)C[C@@H](C(F)(F)F)O1,Moderate
NC1=NC2(CCO1)c1cc(NC(=O)c3cnc(Cl)cn3)ccc1Oc1c2cc(-c2cncc(F)c2)nc1F,Active
C[C@@]1(c2cc(Nc3nccc4cc(Cl)cnc34)cc(F)c2F)C[C@@H](C(F)(F)F)OC(N)=N1,Active
CO[C@H]1CC[C@]2(CC1)Cc1ccc(Br)cc1[C@@]21N=C(N)N(Cc2cnccn2)C1=O,Moderate
CC(C)N1C(=O)C2(N=C1N)c1cc(Br)ccc1C[C@]21CC[C@@H](O)CC1,Moderate
COC1CCC2(CC1)Cc1ccc(C#CC3CC3)cc1C21C=C(N)N(C)O1,Active
COc1cncnc1Nc1ccc(F)c([C@]2(C(F)F)COCC(N)=N2)c1,Moderate
CN1C(=N)N[C@](C)(c2sc(-c3cccc(-c4ncco4)c3)cc2F)CS1(=O)=O,Active
Cc1nc2cc(-c3nnc(-c4cc(Cl)c([C@]5(C)CS(=O)(=O)N(C)C(=N)N5)s4)o3)ccc2s1,Moderate
CN1C(=N)N[C@](C)(c2sc(-c3cccc(-c4cnco4)c3)cc2F)CS1(=O)=O,Active
COc1cccc2cc(-c3cc(Cl)c([C@]4(C)CS(=O)(=O)C5(CCOCC5)C(=N)N4)s3)[nH]c12,Active
C[C@@]1(c2cc(NC(=O)c3ncc(Cl)cc3Cl)cnc2F)C[C@@H](C(F)(F)F)OC(N)=N1,Active
CC#Cc1ccc2c(c1)C1(N=C(N)N(C(C)C)C1=O)C1(CCc3ccccc3CC1)O2,Moderate
CCOC(=O)C=Cc1cccc(C2(C)CCSC(=N)N2)c1,Moderate
COC1CCC2(CC1)Cc1ccc(-c3cncc(C(F)(F)F)c3)cc1[C@@]21N=C(N)N(C(C)C)C1=O,Moderate
COc1ccc(F)c([C@H]2C[C@H]3CSC(N)=N[C@@]3(c3ccc(F)cc3F)CO2)c1,Moderate
C[C@@]1(c2cc(NC(=O)c3ccc(Br)cn3)cc(Cl)c2F)C[C@@H](C(F)(F)F)OC(N)=N1,Active
C[C@@]1(c2sc(-c3cncc(C#N)c3)cc2Cl)CS(=O)(=O)C2(CCCCC2)C(=N)N1,Moderate
COC1CCC2(CC1)Cc1ccc(C#CC3CC3)cc1C21NC(N)N(CCC(=O)O)C1=O,Active
C[C@@]1(c2sc(C(=O)Nc3cccc(F)n3)cc2Cl)CS(=O)(=O)C2(CC2)C(=N)N1,Moderate
COc1ccc(C(=O)Nc2ccc3c(c2)C2(CCSC(N)=N2)c2cc(C4=CCCOC4)nc(F)c2O3)nc1,Active
NC1=NC2(CCO1)c1cc(NC(=O)c3ccc(Cl)cn3)ccc1Oc1ncc(-c3ccnc(F)c3)cc12,Active
CN1C(=N)N[C@](C)(c2sc(-c3nnc(-c4nccs4)o3)cc2Cl)CS1(=O)=O,Moderate
CC1(c2cccc(C=Cc3ccc(Cl)cn3)c2)CCSC(=N)N1,Moderate
CC(C)S(=O)(=O)N(C)c1cc(C(=O)N[C@H](CO)Cc2cc(F)cc(F)c2)cc(NC[C@H]2C[C@@H]2C)n1,Active
COC1CCC2(CC1)Cc1ccc(OCCN(C)C)cc1C21N=C(N)N(C)C1=O,Moderate
NC1=N[C@](CF)(c2cc(Nc3nccc4nc(C(F)(F)F)cnc34)ccc2F)C[C@@H](C(F)(F)F)O1,Moderate
COc1ccc(C(=O)OCC(=O)CNC(=O)C(Cc2ccccc2)NC(=O)OCc2ccccc2)cc1,Moderate
C[C@H]1C[C@H]2CSC(N)=NC2(c2nc(NC(=O)c3cnn(C(F)F)c3)cs2)CO1,Moderate
CN1C(=N)N[C@](C)(c2sc(-c3ccc(-c4ccccc4)[nH]3)cc2Cl)CS1(=O)=O,Active
CCN1C(=O)C2(N=C1N)c1cc(Br)ccc1CC21CCC(OC)CC1,Active
CO[C@H]1CC[C@]2(CC1)Cc1ccc(Br)cc1[C@@]21N=C(N)N(C)C1=O,Moderate
NC1=NC2(COCC1)c1cc(-c3cccnc3F)ccc1Oc1cnc(-c3ccnc(F)c3)cc12,Active
COc1cncc(-c2ccc3c(c2)[C@]2(COC(=N)N2)C2(COC2)[C@H](C)O3)c1,Moderate
COc1cc(Cl)cnc1C(=O)Nc1ccc(F)c([C@]2(CF)C[C@@H](C(F)(F)F)OC(N)=N2)c1,Active
Cc1cccc(N2CC3C(c4ccccc4)(C2)NC(=N)N(C)S3(=O)=O)c1,Moderate
CO[C@H]1CC[C@]2(CC1)Cc1ccc(C#CC(C)(C)C)cc1C21N=C(C)C(N)=N1,Active
C[C@@]1(c2cc(Nc3cccc4cc(OCC(F)(F)F)cnc34)ccc2F)COCC(N)=N1,Moderate
C[C@]1(F)CC(F)(F)[C@@](C)(c2cc(NC(=O)c3nc(CF)cs3)ccc2F)N=C1N,Active
Cc1cn(-c2ccc3n(c2=O)CCN([C@@H](C)[C@@H]2CC[C@H](c4cc(F)c(Cl)cc4C(F)(F)F)O2)C3=O)cn1,Inactive
C#CCOC1CCN(C(=O)Nc2ccc(F)c([C@]3(C)C[C@@H](C(F)(F)F)OC(N)=N3)c2)CC1,Moderate
COc1cccnc1Nc1ccc(F)c([C@]2(C(F)F)COCC(N)=N2)c1,Moderate
CCCSc1ccc2c(c1)C1(N=C(N)N(CCOC)C1=O)C1(CCC(OC)CC1)C2,Active
C[C@H]1C[C@H]2CSC(N)=N[C@@]2(c2nc(NC(=O)c3ccc(OC(F)F)cn3)cs2)CO1,Active
NC1=N[C@](CF)(c2cc(Oc3ncc(Cl)cc3F)ccc2F)C[C@@H](C(F)(F)F)O1,Moderate
COCCN1C(=O)NC2(C1=O)c1cc(C#N)ccc1CC21CCc2ccccc2CC1,Active
CN1OC2(N=C1N)c1cc(-c3ccnnc3)ccc1CC21CCc2ccccc2CC1,Active
COc1cnc(C(=O)Nc2ccc3c(c2)C2(CCOC(N)=N2)c2cc(C4=CCOCC4)nc(F)c2O3)cn1,Active
CN1C(=N)N[C@](C)(c2sc(-c3nnc(-c4ccc(N5CCCC5=O)cc4)o3)cc2Cl)CS1(=O)=O,Moderate
CN1C(=N)N[C@](C)(c2sc3c(-c4ccc(-n5nccn5)cc4)cccc3c2F)CS1(=O)=O,Moderate
NC1=N[C@](CF)(c2cc(C#Cc3ccc4cc[nH]c4c3)ccc2F)C[C@@H](C(F)(F)F)O1,Moderate
COC1CCC2(CC1)Cc1ccc(Br)cc1C21NC(N)N(C2COC2)C1=O,Active
CO[C@H]1CC[C@]2(CC1)Cc1ccc(OCC(F)(F)F)cc1C21N=C(N)N(CCF)C1=O,Active
NC1=N[C@](CF)(c2cc(Oc3cc(Br)cc(Cl)n3)ccc2F)C[C@@H](C(F)(F)F)O1,Moderate
CCc1cccc(NC(=O)c2cc(Cl)c([C@]3(C)CS(=O)(=O)C4(CC4)C(=N)N3)s2)n1,Active
COc1ccc(-c2nnc(-c3cc(Cl)c([C@]4(C)CS(=O)(=O)N(C)C(=N)N4)s3)o2)cc1,Active
Cc1cc(Cl)cnc1C(=S)Nc1ccc(F)c([C@]2(CF)C[C@@H](C(F)(F)F)OC(N)=N2)c1,Moderate
CN1C(=N)N[C@](C)(c2sc(-c3cccc(-c4noc(C5CC5)n4)c3)cc2Cl)CS1(=O)=O,Moderate
NC1=N[C@@]2(CCO1)c1cc(NC(=O)c3ccc(Cl)cn3)ccc1Oc1c2cc(C2=CCOCC2)nc1F,Active
CO[C@H]1CC[C@]2(CC1)Cc1ccc(-c3cncc(C(F)F)c3)cc1C21N=C(C)C(N)=N1,Active
COC1CCC2(CC1)Cc1ccc(OC(F)(F)C(F)F)cc1C21N=C(N)N(C)C1=O,Active
COC(C)(C)C1CCCCN1C(=O)[C@@H]1CNC[C@@]12CCCc1ccccc12,Inactive
N#Cc1ccc(C#Cc2ccc(F)c([C@]3(CF)C[C@@H](C(F)(F)F)OC(N)=N3)c2)nc1,Moderate
CC#CCn1ccc(C(=O)Nc2csc([C@]34CO[C@@H](C)C[C@H]3CSC(N)=N4)n2)n1,Active
CN1OC2(N=C1N)c1cc(-c3cccc(C#N)c3)ccc1CC21Cc2cnncc2C1,Moderate
CN1C(=O)C2(N=C1N)c1cc(-c3cccc(C#N)c3)ccc1OC21CCc2ccccc2CC1,Moderate
COC1CCC2(CC1)Cc1ccc(CCCC(C)C)cc1C21N=C(N)N(C)C1=O,Active
COC1CCC2(CC1)Cc1ccc(-c3cncs3)cc1C21N=C(N)N(Cc2ccccc2)C1=O,Active
C[C@@]1(c2cc(Nc3nccc4cc(Cl)cnc34)cnc2F)C[C@@H](C(F)(F)F)OC(N)=N1,Active
CO[C@H]1CC[C@]2(CC1)Cc1ccc(-c3cc(F)cc(F)c3)cc1[C@@]21N=C(C)C(N)=N1,Active
C[C@@H]1Oc2ccc(-c3cncnc3)cc2[C@]2(COC(=N)N2)C12COC2,Moderate
CO[C@H]1CC[C@]2(CC1)Cc1ccc(OCC3CCC3)cc1C21N=C(N)N(CC(F)(F)F)C1=O,Moderate
C[C@H]1C[C@H]2CSC(N)=N[C@@]2(c2nc(NC(=O)C3CCC3)cs2)CO1,Moderate
C[C@H]1C[C@@]2(CC[C@@H]1O)Cc1ccc(C#N)cc1[C@]21N=C(N)N(CC2CC(F)(F)C2)C1=O,Active
C[C@@H]1C[C@H]1[C@H]1C[C@H]2CSC(N)=N[C@@]2(c2ccc(F)cc2F)CO1,Moderate
C#CCOc1ccc(C(=O)Nc2cc(F)c(F)c([C@]3(CF)C[C@@H](C(F)(F)F)OC(N)=N3)c2)nc1,Active
CNS1(O)C[C@@](C)(c2cc(NC(=O)c3ccc(OC)cn3)ccc2F)NC(=N)C1(C)C,Active
CN1C(=N)N[C@](C)(c2sc(-c3nnc(-c4ccnn4C)o3)cc2Cl)CS1(=O)=O,Moderate
N#Cc1cnc(C(=O)Nc2ccc(F)c([C@]3(CF)C[C@@H](C(F)(F)F)OC(N)=N3)c2)c(Cl)c1,Active
C[C@H]1C[C@H]2CSC(N)=N[C@@]2(c2nc(NC(=O)c3cnc(C(F)(F)F)cn3)cs2)CO1,Moderate
CC(C)[C@H]1C[C@@H](c2ccccc2)CCN1C(=O)[C@H]1CNC[C@@]12CCCc1ccccc12,Inactive
COC1CCC2(CC1)Cc1ccc(Br)cc1C21N=C(N)N(C2CC2)C1=O,Moderate
CO[C@H]1CC[C@]2(CC1)Cc1ccc(Oc3cccc(Cl)c3)cc1C21N=C(N)N(C)O1,Active
NC1=N[C@](CF)(c2cc(Oc3cc(Br)ccn3)ccc2F)C[C@@H](C(F)(F)F)O1,Moderate
COc1cnc(C(=O)Nc2ccc(F)c([C@]3(C)CS(=O)(=O)C4(CCOCC4)C(=N)N3)c2)cn1,Active
CN1C(=N)N[C@](C)(c2sc3c(-c4ccc(-n5ccnn5)cc4)nccc3c2Cl)CS1(=O)=O,Active
C[C@@H]1Oc2ccc(-c3cccnc3F)cc2[C@]2(COC(=N)N2)C12COC2,Moderate
CN1C(=N)N[C@](C)(c2sc(-c3nnc(-c4ncco4)o3)cc2Cl)CS1(=O)=O,Moderate
COc1cc(C#N)cc(-c2cc(Cl)c([C@]3(C)CS(=O)(=O)C4(CCOCC4)C(=N)N3)s2)c1,Moderate
CC1(C)C(N)=N[C@](C)(c2cc(NC(=O)c3cnc(C(F)F)cn3)ccc2F)CS1(=O)=O,Active
CN1C(=N)N[C@](C)(c2cc(NC(=N)c3ccc(Br)cn3)ccc2F)CS1(=O)=O,Moderate
CN1CCN(c2ccc(-c3cccc4c(F)c([C@]5(C)CS(=O)(=O)N(C)C(=N)N5)sc34)cc2)CC1,Moderate
C[C@@]1(c2cc(NC(=O)c3cnc(OCc4ncco4)cn3)cc(F)c2F)C[C@@H](C(F)(F)F)OC(N)=N1,Active
COC1CCC2(CC1)Oc1ccc(OCC(F)(F)F)cc1C21N=C(N)N(C)C1=O,Active
C[C@H]1C[C@H]2CSC(N)=N[C@@]2(c2nc(NC(=O)c3ccc(F)cc3)cs2)CO1,Moderate
COC1CCC2(CC1)Cc1ccc(OCC3CC3)cc1C21NC(=S)N(CCC(F)(F)F)C1=O,Active
COc1cc(Cl)cc(-c2ccc3c(c2)C2(C=C(N)N(C)C2=O)C2(CCC(OC)CC2)C3)c1,Active
[C-]#[N+]c1cccc(-c2ccc3c(c2)C2(CCSC(N)=N2)C2(CCC(OC)CC2)O3)c1,Moderate
C[C@@]1(c2sc(-c3ccnc(-c4ccsc4)c3)cc2Cl)CS(=O)(=O)[C@@]2(CCOC2)C(=N)N1,Moderate
CC1(c2cccc(C=CC(=O)Nc3ccc(Cl)cc3)c2)CCSC(=N)N1,Moderate
COc1cnc(C(=O)Nc2cc(F)c(Cl)c([C@]3(C)C[C@@H](C(F)(F)F)OC(N)=N3)c2)cn1,Active
CO[C@H]1CC[C@]2(CC1)Cc1ccc(-c3cc(C#N)cc(C(F)F)c3)cc1[C@@]21N=C(C)C(N)=N1,Active
CN1C(=O)C2(NC1N)c1cc(OCC3CC3)ccc1OC21CCc2ccccc2CC1,Active
NC1=N[C@](CF)(c2cc(Oc3cc(C(F)(F)F)ccn3)ccc2F)C[C@@H](C(F)(F)F)O1,Moderate
Cc1onc2c1CC1(CC2)Cc2ccc(-c3cncc(Cl)c3)cc2C12N=C(N)N(C)C2=O,Active
N#Cc1ccc(C(=O)Nc2ccc3c(c2)C2(CCOC(N)=N2)c2cc(-c4ccnc(F)c4)nc(F)c2O3)nc1,Active
CC(C)OC[C@H]1C[C@H]2[C@@H](C)SC(N)=N[C@@]2(c2ccc(F)cc2F)CO1,Moderate
CN1C(=N)N[C@](C)(c2cc(NC(=S)C(F)F)cc(F)c2F)CS1(=O)=O,Active
CN1C(=N)N[C@](C)(c2sc(-c3nnc(-c4ccc(C#N)cc4)o3)cc2Cl)CS1(=O)=O,Active
COC1CCC2(CC1)Cc1ccc(-c3cccc(C#N)c3)cc1C21N=C(N)N(C(C)C)C1=O,Active
COC1CCC2(CC1)C(C)(C)c1ccc(Br)cc1C21N=C(N)N(C)C1=O,Inactive
NC1=N[C@](CF)(c2cc(Oc3ncccc3F)ccc2F)C[C@@H](C(F)(F)F)O1,Moderate
C[C@@]1(c2cc(NC(=O)c3ncc(C(F)F)cc3Cl)cc(F)c2F)C[C@@H](C(F)(F)F)OC(N)=N1,Active
CN1OC2(C=C1N)c1cc(-c3cccc(C#N)c3)ccc1CC21CCc2ccccc2C1,Moderate
C[C@@]1(c2cc(NC(=O)c3cn4ncsc4n3)ccc2F)CS(=O)(=O)C2(CCCC2)C(=N)N1,Active
COC1CCC2(CC1)Cc1ccc(C#CC3CC3)cc1C21NC(N)N(Cc2nnc(C)o2)C1=O,Active
CNS1(O)C[C@@](C)(c2cc(NC(=O)c3ccc(Cl)cn3)ccc2F)NC(=N)C1(C)C,Active
CNC(=O)N1CC2(C1)C(=N)N[C@](C)(c1cc(NC(=O)c3ccc(OC)cn3)ccc1F)CS2(=O)=O,Active
C#Cc1ccc2c(c1)C1(N=C(N)N(C)C1=O)C1(CCC(OC)CC1)C2,Active
CO[C@H]1CC[C@]2(CC1)Cc1ccc(CN3CCC(F)(F)C3)cc1C21N=C(N)N(C)C1=O,Moderate
Cc1noc2c1CC1(CC2)Cc2ccc(-c3cccc(C#N)c3)cc2C12N=C(N)N(C)O2,Active
Cc1cc(OC(F)F)cnc1C(=O)Nc1cc(C)c(F)c([C@]2(CF)C[C@@H](C(F)(F)F)OC(N)=N2)c1,Active
COc1cnc(C(=O)Nc2ccc(F)c([C@]3(C)C[C@@H](C(F)(F)F)OC(NC(=O)c4ccccc4)=N3)c2)cn1,Active
NC1=N[C@@]2(c3ccc(F)cc3F)CO[C@@H](c3ccc(F)cc3)C[C@H]2CS1,Active
CN1C(=O)C2(N=C1N)c1cc(-c3cccc(C#N)c3)ccc1C[C@]21CC[C@@H](N(C)C)CC1,Inactive
COc1cc(Cl)cnc1C(=O)Nc1cc(F)c(F)c([C@]2(C)C[C@@H](C(F)(F)F)OC(N)=N2)c1,Active
C[C@@]1(c2sc(Br)cc2Cl)CS(=O)(=O)C2(CCC2)C(=N)N1,Moderate
CC#Cc1cccc(-c2ccc3c(c2)C2(N=C(C)C(N)=N2)[C@]2(CC[C@H](OC)CC2)C3)c1Cl,Moderate
COc1ccc(C(=S)Nc2ccc(F)c([C@]3(C)CS(=O)(=O)N(C)C(=N)N3)c2)nc1,Active
NC1=NC(c2cc(NC(=O)c3ccc(Cl)cn3)ccc2F)(C(F)F)C[C@@H](C(F)(F)F)O1,Active
C[C@@]1(c2cc(NC3CCc4cc(Cl)cnc43)ccc2F)COCC(N)=N1,Moderate
CC[C@@H]1C[C@@]2(Cc3ccc(C#N)cc3[C@]23N=C(N)N(CC(C)(C)F)C3=O)C[C@H](C)[C@H]1OC,Active
CC1(C(=O)Nc2ccc(F)c([C@]3(C)CS(=O)(=O)[C@]4(CCOC4)C(=N)N3)c2)CC1,Moderate
COc1ccc(C(=O)Nc2ccc(F)c([C@]3(CF)C[C@@H](C(F)(F)F)OC(N)=N3)c2)nc1,Active
CCCN1C(=O)C2(N=C1N)c1cc(C#CC3CC3)ccc1CC21CCC(OC)CC1,Active
NC1=N[C@@]2(COCC1)c1cc(Br)ccc1Oc1cnc(Cl)cc12,Moderate
C[C@@]1(c2cc(NCC(F)(F)F)ccc2F)COCC(N)=N1,Moderate
C[C@@]1(c2cc(NC(=O)c3ccc(Cl)cn3)ccc2F)CS(=O)(=O)CC(N)=N1,Active
C[C@@]1(c2sc(-c3cncc(C#N)c3)cc2Cl)CS(=O)(=O)C2(CCOCC2)C(=N)N1,Moderate
C[C@@]1(c2cc(NC(=O)c3ncc(C#N)cc3Cl)cnc2F)C[C@@H](C(F)(F)F)OC(N)=N1,Active
CN1CCC2(CC1)C(=N)N[C@](C)(c1cc(NC(=O)c3ccc(OCF)cn3)ccc1F)CS2(=O)=O,Active
C[C@@]1(c2cc(Nc3ncc(F)c4cc(C#N)cnc34)cnc2F)C[C@@H](C(F)(F)F)OC(N)=N1,Active
COC1CCC2(CC1)Cc1ccc(CCC3CC3)cc1C21N=C(N)N(Cc2ccccc2Cl)C1=O,Active
NC1=N[C@](CF)(c2cc(NC(=O)c3ccc(Br)cn3)ccc2F)C[C@@H](C(F)(F)F)O1,Active
COCc1ccc([C@H]2C[C@H]3CSC(N)=N[C@@]3(c3ccc(F)cc3F)CO2)cc1,Active
COc1cccc2cc(-c3cc(Cl)c([C@]4(C)CS(=O)(=O)C5(CCCCC5)C(=N)N4)s3)[nH]c12,Active
COC1CCC2(CC1)Oc1ccc(-c3ccccc3)cc1C21N=C(N)N(C)C1=O,Active
CO[C@H]1CC[C@]2(CC1)Cc1ccc(OCCC(F)(F)F)cc1C21N=C(C)C(N)=N1,Active
N#Cc1ccc(C(=O)Nc2ccc3c(c2)C2(CCOC(N)=N2)c2cc(-c4cncc(F)c4)nc(F)c2O3)nc1,Active
COc1cnc(C(=O)Nc2ccc3c(c2)[C@@]2(CCOC(N)=N2)c2cc(C4=CCCOC4)ncc2O3)cn1,Active
CN1C(=N)N[C@](C)(c2sc(-c3nnc(-c4ccc5c(c4)C(=O)CC5)o3)cc2Cl)CS1(=O)=O,Moderate
O=C([C@H]1CNC[C@@]12CCc1ccccc12)N1CC[C@H](c2ccccc2)C[C@@H]1c1ccccc1,Active
COc1ccc(C(=O)Nc2ccc3c(c2)C2(CCSC(N)=N2)c2cc(O)cc(F)c2O3)nc1,Active
COC1CCC2(CC1)Oc1ccc(OCC3CC3)cc1C21N=C(N)N(C)C1=O,Active
CC1=NC2(N=C1N)c1cc(Br)ccc1C[C@]21CC[C@@H](OC(C)C)CC1,Moderate
CN1C(=N)N[C@](C)(c2ncc(-c3cccc(-c4ncco4)c3)s2)CS1(=O)=O,Active
COCC#Cc1ccc2c(c1)C1(N=C(N)N(C)C1=O)C1(CCC(OC)CC1)C2,Active
NC1=N[C@@]2(c3cc(NC(=O)c4ccc(F)cn4)ccc3F)OCC[C@H]2CS1,Moderate
CC(C)(O)c1cncc(-c2cc(Cl)c([C@]3(C)CS(=O)(=O)[C@]4(CCOC4)C(=N)N3)s2)c1,Moderate
CCCO[C@H]1CC[C@]2(CC1)Cc1ccc(-c3cccc(OC)c3)cc1C21N=C(N)N(C)O1,Moderate
CC1OB(c2ccc(F)c([C@]3(CF)C[C@@H](C(F)(F)F)OC(NC(=O)c4ccccc4)=N3)c2)OC1(C)C,Active
CC1(C)C(=N)N[C@](C)(c2cc(NC(=O)c3ccc(Cl)cn3)ccc2F)CS1(O)NCC1CC1,Active
CCCNC(=O)c1cc(C(N)=O)cc(C(=O)N[C@@H](Cc2ccccc2)[C@H](O)CNCc2cccc(OC)c2)c1,Moderate
N#Cc1cncc(-c2cccc(C3(C4CC4)NC(=N)N(C4CCOCC4)C3=O)c2)c1,Moderate
COc1ccc(C2(c3ccc(OC)cc3)NC(=N)N(C3CCN(C(=O)c4ccccc4)CC3)C2=O)cc1,Moderate
CN1C(=N)N[C@](C)(c2sc(-c3nnc(-c4ccc(OC(F)F)cc4)o3)cc2Cl)CS1(=O)=O,Active
COc1cnc(C(=O)Nc2ccc3c(c2)C2(CCSC(N)=N2)c2cc(N4CCOCC4)cc(F)c2O3)cn1,Active
C[C@@]1(c2cc(-c3cncc(Cl)c3)ccc2F)CS(=O)(=O)C2(CCCC2)C(=N)N1,Moderate
COC1CCC2(CC1)Cc1ccc(-c3nc(Br)cs3)cc1C21N=C(N)N(C(C)C)C1=O,Active
C#CCOc1cnc(C(=O)Nc2ccc(F)c([C@]3(CF)C[C@@H](C(F)(F)F)OC(N)=N3)c2)cn1,Active
C[C@@]1(c2cc(-n3cc(-c4ccccc4)nn3)ccc2F)CS(=O)(=O)C2(CCC2)C(=N)N1,Moderate
COC1CCC2(CC1)Cc1ccc(Br)cc1C21N=C(N)N(C)C1=O,Active
NC1=N[C@](CF)(c2cc(Oc3nccc(C(F)(F)F)c3F)ccc2F)C[C@@H](C(F)(F)F)O1,Moderate
CC#CCOc1cnc(C(=O)Nc2cc(F)c(F)c([C@]3(C)C[C@@H](C(F)(F)F)OC(N)=N3)c2)c(C)c1,Active
C[C@H]1C[C@H]2CSC(N)=NC2(c2nc(NC(=O)c3cnn(C)c3)cs2)CO1,Moderate
C=C1C[C@@](C)(c2cc(NC(=O)c3ccc(C#N)cn3)ccc2F)N=C(N)S1,Active
C[C@@]1(c2cc(Nc3nccc4cc(C#N)cnc34)cc(F)c2F)C[C@@H](C(F)(F)F)OC(N)=N1,Active
Cc1onc2c1CC1(CC2)Cc2ccc(C#CC3CC3)cc2C12N=C(N)N(C)O2,Active
NC1=N[C@@]2(c3ccc(F)cc3F)CO[C@@H](C3CCO3)C[C@H]2CS1,Moderate
[C-]#[N+]COc1ccc(C(=O)Nc2csc([C@]34CO[C@@H](C)C[C@H]3CSC(N)=N4)n2)nc1,Moderate
CO[C@H]1CC[C@]2(CC1)Cc1ccc(Cl)cc1C21N=C(N)N(C(C)C)C1=O,Moderate
NC1=N[C@](CF)(c2cc(NC(=O)c3ncc(C(F)(F)F)cc3Cl)ccc2F)C[C@@H](C(F)(F)F)O1,Active
Cc1nc(-c2cccc(-c3cc(F)c([C@]4(C)CS(=O)(=O)N(C)C(=N)N4)s3)c2)no1,Active
NC1=N[C@](CF)(c2cc(Oc3cc(-c4ccccc4)ccn3)ccc2F)C[C@@H](C(F)(F)F)O1,Moderate
CC(C)Oc1ccc(-c2nnc(-c3cc(Cl)c([C@]4(C)CS(=O)(=O)N(C)C(=N)N4)s3)o2)cc1,Moderate
C[C@@]1(c2cc(NC(=O)N3CC=CCC3)ccc2F)C[C@@H](C(F)(F)F)OC(N)=N1,Moderate
C[C@@]1(c2nc(NC(=O)c3ccc(Cl)cn3)ccc2F)C[C@@H](C(F)(F)F)OC(N)=N1,Active
CC(F)(F)C(=O)Nc1ccc(F)c([C@]2(C)CS(=O)(=O)[C@]3(CCOC3)C(=N)N2)c1,Moderate
CN1OC2(N=C1N)c1cc(-c3cccc(C#N)c3)ccc1CC21CCS(=O)(=O)CC1,Moderate
CN1C(=N)N[C@](C)(c2sc3c(-c4ccc(-c5cncs5)cc4F)nccc3c2Cl)CS1(=O)=O,Moderate
CO[C@H]1CC[C@]2(CC1)Cc1ccc(OCC3CCC3)cc1C21N=C(C)C(N)=N1,Active
COc1cnc(C(=O)Nc2ccc(F)c([C@@]3(C(F)F)N=C(N)CCC3(F)F)c2)cn1,Active
CC#Cc1ccc2c(c1)C1(N=C(N)N(C)C1=O)C1(CCc3ccccc3CC1)O2,Active
CC(C)(C)OC(=O)N(C(=O)c1ccccc1)C1=N[C@](C)(c2nc(Br)ccc2F)C[C@@H](C(F)(F)F)O1,Moderate
CN1C(=N)N[C@](C)(c2sc(-c3nnc(-c4ccc(C5(C#N)COC5)cc4)o3)cc2Cl)CS1(=O)=O,Moderate
COC1CCC2(CC1)Cc1ccc(N3CCCC3)cc1C21N=C(N)N(C)C1=O,Moderate
COc1cnc(C(=O)Nc2csc([C@]34CO[C@@H](C)C[C@H]3CSC(N)=N4)n2)c(C)c1,Active
C[C@@]1(c2cc(NC3CCOC3)ccc2F)COCC(N)=N1,Moderate
NC1=N[C@](CF)(c2cc(C(=O)NC3CC3)ccc2F)C[C@@H](C(F)(F)F)O1,Inactive
CC(=O)N1CCC2(CC1)Oc1ccc(-c3cccc(C#N)c3)cc1C21N=C(N)N(C)C1=O,Moderate
CCc1cc(C(=O)Nc2csc([C@]34CO[C@@H](C)C[C@H]3CSC(N)=N4)n2)n(C)n1,Moderate
CNS1(O)C[C@@](C)(c2cc(NC(=O)c3cnc(OC)cn3)ccc2F)NC(=N)C1(C)C,Active
CN1C(=N)N[C@](C)(c2sc3c(-c4cnc(C5CC5)nc4)nccc3c2Cl)CS1(=O)=O,Moderate
CN1OC2(N=C1N)c1cc(C#CC3CC3)ccc1CC21CCC(OC(F)F)CC1,Active
C[C@@]1(c2cc(NCC3CC3)ccc2F)COCC(N)=N1,Moderate
NC1=NC2(CCO1)c1cc(NC(=O)c3ccc(Cl)cc3F)ccc1Oc1ncc(Br)cc12,Moderate
CN1C(=N)N[C@](C)(c2sc(-c3cncc(-c4ncco4)c3)cc2Cl)CS1(=O)=O,Active
COc1cc(F)cc([C@H]2C[C@H]3CSC(N)=N[C@@]3(c3ccc(F)cc3F)CO2)c1,Moderate
CN1C(=O)C2(NC1=S)c1cc(Br)ccc1C[C@]21CC[C@@H](OC(F)F)CC1,Active
COc1cnc(C(=O)Nc2ccc3c(c2)C2(CCOC(N)=N2)c2cc(-c4ccnc(F)c4)ncc2O3)cn1,Active
COC1CCC2(CC1)Cc1ccc(C#CC3CC3)cc1C21N=C(N)N(CC2CCO2)C1=O,Active
CN1C(=O)C2(N=C1N)c1cc(Br)ccc1CC21CCC(Cc2ccccc2)CC1,Moderate
Cc1nc(C(=O)Nc2csc([C@]34CO[C@@H](C)C[C@H]3CSC(N)=N4)n2)c(C)o1,Active
CN1C(=O)C2(N=C1N)c1cc(Cl)ccc1CC21CCC(OC(F)F)CC1,Active
C[C@H]1C[C@@H]1CNc1cc(C(=O)N[C@H](CO)Cc2cc(F)cc(F)c2)cc(N(C)S(C)(=O)=O)n1,Active
COc1cnc(C(=O)Nc2cc(F)c(F)c([C@]3(C)C[C@@H](C(F)(F)F)OC(N)=N3)c2)c(F)c1,Active
COc1cnc(C(=O)Oc2ccc(F)c([C@@]3(C(F)F)N=C(N)CCC3(F)F)c2)nc1,Active
C[C@@]1(c2cc(NC3CCCC3)ccc2F)COCC(N)=N1,Moderate
CCO[C@H]1CC[C@]2(CC1)Cc1ccc(-c3cc(F)cc(C#N)c3)cc1C21N=C(C)C(N)=N1,Active
COc1ccc(C(=O)Nc2cc(Cl)c(F)c([C@]3(C)C[C@@H](C(F)(F)F)OC(N)=N3)c2)nc1,Active
[C-]#[N+]c1cccc(-c2ccc3c(c2)C2(N=C(N)N(C)C2=O)C2(CCC(OC)CC2)C3(C)C)c1,Moderate
CN1C(=N)N[C@](C)(c2sc(-c3ccc(-n4ccnn4)cc3)cc2Cl)CS1(=O)=O,Moderate
Cc1nc(C(=O)Nc2ccc3c(c2)C2(CCOC(N)=N2)c2cc(C4=CCCOC4)nc(F)c2O3)cs1,Active
COc1cccc(N2CC3C(c4ccccc4)(C2)NC(=N)N(C)S3(=O)=O)n1,Active
Cc1cc(C#N)cnc1C(=O)Nc1cc(F)c(F)c([C@]2(CF)C[C@@H](C(F)(F)F)OC(N)=N2)c1,Active
CO[C@H]1CC[C@]2(CC1)Cc1ccc(C#N)cc1C21N=C(N)N(CCc2nccs2)C1=O,Active
Cc1c(C(=O)Nc2ccc(F)c([C@]3(CF)C[C@@H](C(F)(F)F)OC(N)=N3)c2)nc2ccccn12,Moderate
CC(C)c1cccc2c1CCC[C@]21CNC[C@H]1C(=O)N1CCC(c2ccccc2)CC1,Active
CC[C@H]1C[C@@]2(CC[C@@H]1OC)Cc1ccc(C#N)cc1[C@]21N=C(N)N(C[C@H]2CCCO2)C1=O,Active
[C-]#[N+]c1cncc(-c2cc(Cl)c([C@]3(C)CS(=O)(=O)C4(CCC4)C(=N)N3)s2)c1,Active
C#CCOc1cnc(C(=O)Nc2cc(F)c(F)c([C@]3(C)C[C@@H](C(F)(F)F)OC(N)=N3)c2)cn1,Active
NC1=N[C@](CF)(c2cc(NC(=O)c3ccc(C(F)F)cn3)ccc2F)C[C@@H](C(F)(F)F)O1,Active
C[C@@]1(c2cc(NC(=O)c3ccc(C(F)(F)F)cn3)ccc2F)CS(=O)(=O)C2(CCCCC2)C(=N)N1,Active
CN1C(=N)N[C@](C)(c2cc(-c3nnc(C4Cc5ccccc5C4)o3)ccc2F)CS1(=O)=O,Moderate
Cc1cc(C(=O)Nc2csc([C@]34CO[C@@H](C)C[C@H]3CSC(N)=N4)n2)n(C)n1,Moderate
CO[C@H]1CC[C@]2(CC1)Cc1ccc(NC(=O)c3ccc(F)cn3)cc1C21N=C(C)C(N)=N1,Moderate
[C-]#[N+]c1cccc(-c2ccc(F)c3c2C2(N=C(N)N(C)C2=O)[C@]2(CC[C@H](OC)CC2)C3)c1,Inactive
COc1cnc2c(Nc3ccc(F)c([C@]4(CF)C[C@@H](C(F)(F)F)OC(N)=N4)c3)nccc2n1,Moderate
COc1ccc(C(=S)Nc2cc(F)c(F)c([C@]3(C)CS(=O)(=O)N(C)C(=N)N3)c2)nc1,Active
COC1CCC2(CC1)Cc1ccc(-c3cccc(Cl)c3)cc1C21N=C(N)N(C)C1=O,Active
CC(C)(O)c1nc(N2C[C@H]3CSC(N)=N[C@@]3(c3ccc(F)cn3)C2)ncc1F,Active
CN1C(=O)C2(N=C1N)c1cc(C3CC3)ccc1C[C@]21CC[C@@H](OC(F)F)CC1,Moderate
COc1cnc(C(=O)Nc2ccc(F)c([C@]3(C)CS(=O)(=O)C4(CCCCC4)C(=N)N3)c2)cn1,Active
CN1C(=N)N[C@](C)(c2sc(-c3nnc(-c4cnn(C)c4)o3)cc2Cl)CS1(=O)=O,Moderate
C[C@@]1(c2cc(NC(=O)c3ccc(F)cn3)ccc2F)CS(=O)(=O)C2(CCC(O)C2)C(=N)N1,Active
C[C@@]1(c2cc(NC(=O)c3ccc(C#N)cn3)cc(Cl)c2F)C[C@@H](C(F)(F)F)OC(N)=N1,Active
CC(C)N1C(=O)C2(N=C1N)c1cc(-c3cncc(F)c3)ccc1CC21CCC(OC(F)F)CC1,Active
NC1=N[C@](CF)(c2cc(Oc3cc(-c4ccccc4)cc(Cl)n3)ccc2F)C[C@@H](C(F)(F)F)O1,Moderate
CCc1cnn(-c2ccc(-c3nccc4c(Cl)c([C@]5(C)CS(=O)(=O)N(C)C(=N)N5)sc34)c(F)c2)c1,Moderate
[C-]#[N+]c1cccc(-c2ccc3c(c2)C2(N=C(N)N(C4CC4)C2=O)C2(CCC(OC)CC2)C3)c1,Active
COc1ccc(C(=O)Nc2ccc3c(c2)C2(CCSC(N)=N2)c2cc(-c4cncc(F)c4)nc(F)c2O3)nc1,Active
CO[C@H]1CC[C@]2(CC1)Cc1ccc(-c3cncc(Cl)c3)cc1C21N=C(C)C(N)=N1,Active
Cc1nc(OCC(F)(F)F)cnc1C(=O)Nc1ccc(F)c([C@]2(CF)C[C@@H](C(F)(F)F)OC(N)=N2)c1,Moderate
C[C@@]1(c2sc(-c3ccnc(-c4cccs4)c3)cc2Cl)CS(=O)(=O)[C@]2(CCOC2)C(=N)N1,Moderate
C[C@@]1(c2cc(NC(=O)c3ccc(F)cn3)cnc2F)C[C@@H](C(F)(F)F)OC(N)=N1,Active
C[C@@]1(c2cc(NC(=O)c3cnc(C(F)F)cn3)cc(F)c2F)C[C@@H](C(F)(F)F)OC(N)=N1,Active
COC1CCC2(CC1)Cc1ccc(CCC3CC3)cc1C21N=C(N)N(Cc2ccc(C#N)cc2)C1=O,Active
C[C@H]1C[C@H]2CSC(N)=N[C@@]2(c2nc(NC(=O)c3cnc(CF)cn3)cs2)CO1,Moderate
COc1cnc(C(=O)Nc2ccc3c(c2)C2(CCOC(N)=N2)c2cc(C4=CCCOC4)nc(F)c2O3)cn1,Active
COC1CCC2(CC1)Cc1ccc(C#CC3CC3)cc1C21CCSC(N)=N1,Active
COc1cnc(C(=O)Nc2cc(C)c(F)c([C@]3(CF)C[C@@H](C(F)(F)F)OC(N)=N3)c2)c(C)n1,Active
C[C@@]1(c2sc(-c3cncnc3)cc2Cl)CS(=O)(=O)C2(CCCC2)C(=N)N1,Active
COc1cnc2c(Nc3ccc(F)c([C@]4(CF)C[C@@H](C(F)(F)F)OC(N)=N4)c3)ncnc2c1,Active
CCOc1cccnc1Nc1ccc2c(c1)C1(CCOC(N)=N1)c1cc(OC)cc(F)c1O2,Active
COC1CCC2(CC1)Cc1ccc(C(=O)N3CCCC3)cc1C21N=C(N)N(C)C1=O,Moderate
C[C@@]1(c2cc(NC(=O)c3ccc(F)cn3)ccc2F)CS(=O)(=O)[C@@]2(CCOC2)C(=N)N1,Active
COc1cccc(-c2ccc3c(c2)C2(N=C(N)N(C)C2=O)C2(CCC(OC)CC2)O3)c1,Active
COc1cnc(C(=O)Nc2cc(Cl)c(F)c([C@]3(C)C[C@@H](C(F)(F)F)OC(N)=N3)c2)cn1,Active
CO[C@H]1CC[C@]2(CC1)Cc1ccc(N3CCCC3=O)cc1C21N=C(N)N(C)C1=O,Moderate
Cc1ccc([C@H]2C[C@H]3CSC(N)=N[C@@]3(c3ccc(F)cc3F)CO2)cc1F,Active
C[C@H]1C[C@H]2CSC(N)=N[C@@]2(c2nc(NC(=O)c3ccc(OC(F)F)cc3)cs2)CO1,Moderate
CN1C(=N)N[C@](C)(c2sc(-c3nnc(-c4ccccc4)o3)cc2Cl)CS1(=O)=O,Moderate
CN1C(=O)C2(N=C1N)c1cc(C#CC3CC3)ccc1CC21CCc2ccccc2CC1,Active
Cc1cccnc1Nc1ccc2c(c1)[C@@]1(CCOC(N)=N1)c1cc(Cl)nc(F)c1O2,Moderate
CCCN(CCC)C(=O)c1cc(C(N)=O)cc(C(=O)N[C@@H](Cc2cc(F)cc(F)c2)[C@H](O)CNCc2cccc(OC)c2)c1,Active
CO[C@H]1[C@H](C)C[C@@]2(Cc3ccc(C#N)cc3[C@]23N=C(N)N(C[C@@H]2CCO2)C3=O)C[C@@H]1C,Active
COC1CCC2(CC1)Cc1ccc(OCC3CC3)cc1C21N=C(N)N(C)C1=O,Active
C[C@@]1(c2cc(NC(=O)c3ccc(Cl)cn3)ccc2F)CS(=O)(=O)C2(CCC2)C(=N)N1,Active
COc1ccc(C2(c3ccc(OC)cc3)NC(=N)N(Cc3ccccc3C#N)C2=O)cc1,Moderate
CO[C@H]1CC[C@]2(CC1)Cc1ccc(OCC(C)C)cc1C21N=C(N)N(CC(F)(F)F)C1=O,Active
C[C@H]1C[C@H]2CSC(N)=N[C@@]2(c2nc(NC(=O)c3ccc(Cl)cn3)cs2)CO1,Active
CCCCOC(=O)C[C@](C)(N[S@+]([O-])C(C)(C)C)c1cc(Br)ccc1F,Moderate
COCCCN1C(=O)C2(N=C1N)c1cc(CCC3CC3)ccc1CC21CCC(OC)CC1,Active
COC1CCC2(CC1)Cc1ccc(C#CC3CC3)cc1[C@]21N=C(N)N(C[C@@H]2CCCO2)C1=O,Active
COC1CCC2(CC1)Cc1ccc(-c3ccc(F)c(Cl)c3)cc1C21N=C(N)N(C)C1=O,Active
CO[C@H]1CC[C@]2(CC1)Cc1ccc(-c3cccc(C#N)c3)cc1C21CC(=O)N(C)C(N)=N1,Moderate
CN1C(=N)N[C@](C)(c2sc(-c3cccc(-c4nc(C5CC5)no4)c3)cc2F)CS1(=O)=O,Moderate
Cn1c(N)nc(CCc2cccc(-c3ccc[nH]3)c2)cc1=O,Inactive
CO[C@H]1CC[C@@]2(CC1)Cc1ccc(-c3cccc(C#N)c3)cc1C21CC(=O)N(C)C(N)=N1,Inactive
C[C@@]1(c2cc(NC(=O)c3cnc(OCC(F)(F)F)cn3)cc(F)c2F)C[C@@H](C(F)(F)F)OC(N)=N1,Active
CC#CCOc1cnc(C(=O)Nc2ccc3c(c2)C2(CCOC(N)=N2)c2cc(Cl)nc(F)c2O3)cn1,Active
CC(C)Cc1cc(C(=O)Nc2csc(C34CO[C@@H](C)C[C@H]3CSC(N)=N4)n2)nn1C,Inactive
COC1CCC2(CC1)Cc1ccc(-c3cccnc3F)cc1C21N=C(N)N(C)C1=O,Active
NC1=N[C@](CF)(c2nc(NC(=O)c3nn(C(F)F)cc3Cl)ccc2F)C[C@@H](C(F)(F)F)O1,Active
C[C@@]1(c2cc(Nc3ccccc3OCC(F)(F)F)ccc2F)COCC(N)=N1,Moderate
COc1cnc(C(=O)Nc2ccc3c(c2)C2(CCSC(N)=N2)c2cc(C4=CCCOC4)nc(F)c2O3)cn1,Active
NC1=N[C@](CF)(c2cc(NC(=O)c3ccc(Cl)cn3)cc(F)c2F)C[C@@H](C(F)(F)F)O1,Active
C[C@@]1(c2cc(NC(=O)C3(C#N)CC3)ccc2F)CS(=O)(=O)[C@]2(CCOC2)C(=N)N1,Moderate
NC1=N[C@](CF)(c2cc(NC(=O)c3cnc(OCc4ncco4)cn3)ccc2F)C[C@@H](C(F)(F)F)O1,Active
C[C@@]1(c2cc(NC(=O)c3ncc(Cl)cc3F)ccc2F)CS(=O)(=O)C2(CCOCC2)C(=N)N1,Active
COC1CCC2(CC1)Cc1ccc(-c3cnn(C)c(=O)c3)cc1C21N=C(N)N(C)C1=O,Active
CN1C(=N)N[C@](C)(c2sc3c(-c4coc(-c5ccc(F)cc5)n4)cccc3c2F)CS1(=O)=O,Moderate
COc1cccnc1Nc1ccc(F)c([C@]2(CF)C[C@@H](C(F)(F)F)OC(N)=N2)c1,Moderate
C[C@@]1(c2cc(NC(=O)N3CCc4ccccc4C3)ccc2F)C[C@@H](C(F)(F)F)OC(N)=N1,Moderate
CN1C(=N)N[C@](C)(c2sc3c(-c4ccc(-n5cccn5)cc4)nccc3c2Cl)CS1(=O)=O,Active
[C-]#[N+]c1ccc(C(=O)Nc2ccc(F)c([C@]3(C)CS(=O)(=O)[C@@]4(CCOC4)C(=N)N3)c2)nc1,Active
CO[C@H]1CC[C@]2(CC1)Cc1cc(F)c(-c3cncc(Cl)c3)cc1C21N=C(C)C(N)=N1,Active
CC1(C)C(N)=N[C@](C)(c2cc(NC(=O)c3ccc(C#N)cn3)ccc2F)CS1(=O)=O,Active
COC1CCC2(CC1)Cc1ccc(C(C)C(F)(F)F)cc1C21N=C(N)N(C)C1=O,Moderate
CN1C(=N)N[C@](C)(c2sc(-c3cccc(-c4nnco4)c3F)cc2Cl)CS1(=O)=O,Active
COCCN1C(=O)C2(N=C1N)c1cc(-c3cncc(F)c3)ccc1CC21CCc2ccccc2CC1,Active
CO[C@H]1CC[C@]2(CC1)Cc1ccc(CC(C)C)cc1C21N=C(N)N(C)O1,Active
CO[C@H]1CC[C@]2(CC1)Cc1ccc(-c3ccc(C#N)s3)cc1C21N=C(N)N(C(C)C)C1=O,Moderate
Cc1ccc(F)c([C@H]2C[C@H]3CSC(N)=N[C@@]3(c3ccc(F)cc3F)CO2)c1,Active
C[C@@]1(c2cc(NC(=O)c3nn(C(F)F)cc3Cl)cnc2F)C[C@@H](C(F)(F)F)OC(N)=N1,Active
C[C@@]1(c2cc(Nc3cc(Cl)cc4cc(Cl)cnc34)ccc2F)COCC(N)=N1,Moderate
COc1ccc(C(=O)Nc2ccc(F)c([C@@]3(C(F)F)N=C(N)CCC3(F)F)c2)nc1,Active
CN1C(=N)N[C@](C)(c2sc(-c3nnc(-c4ccc(N5CCCCC5)cc4)o3)cc2Cl)CS1(=O)=O,Moderate
[C-]#[N+]c1cncc(-c2cc(Cl)c([C@]3(C)CS(=O)(=O)C4(CC4)C(=N)N3)s2)c1,Moderate
NC1=N[C@@]2(c3ccc(F)cc3F)CO[C@@H](C3CCCO3)C[C@H]2CS1,Moderate
COC1CCC2(CC1)Cc1ccc(C#CC3CC3)cc1C21N=C(N)N(C2CCC2)C1=O,Active
CCc1nc(N2CC3C(c4ccccc4)(C2)NC(=N)N(C)S3(=O)=O)nc(OC)c1F,Active
CCO[C@H]1CC[C@]2(CC1)Cc1ccc(-c3cccc(C#N)c3)cc1C21N=C(N)N(C)O1,Active
NC1=NC2(CCO1)c1cc(NC(=O)c3ccc(Cl)cn3)ccc1Oc1ncc(C3CC3)cc12,Active
CN1C(=N)N[C@](C)(c2sc3c(-c4ccc(C5CC(=O)N5)cc4)nccc3c2Cl)CS1(=O)=O,Moderate
CO[C@H]1CC[C@@]2(CC1)Cc1ccc(Br)cc1C21N=C(C)C(N)=N1,Active
CN1C(=O)C2(N=C1N)c1cc(C#CC3CC3)ccc1CC21CCC(OC(=O)[C@@H](N)Cc2ccc(O)cc2)CC1,Moderate
NC1=N[C@](CF)(c2cc(Nc3nccc4cc(C#CC5CC5)cnc34)ccc2F)C[C@@H](C(F)(F)F)O1,Moderate
COc1ccc(C(=O)Nc2ccc3c(c2)C2(CCSC(N)=N2)c2cc(-c4ccnc(F)c4)nc(F)c2O3)nc1,Active
COc1nccnc1Nc1ccc(F)c([C@]2(C(F)F)COCC(N)=N2)c1,Moderate
C[Si](C)(C)C#Cc1ccc(-c2ccc(F)c([C@]3(CF)C[C@@H](C(F)(F)F)OC(N)=N3)c2)cn1,Inactive
CNC(=O)c1ccnc(Oc2ccc(F)c([C@]3(CF)C[C@@H](C(F)(F)F)OC(N)=N3)c2)c1,Moderate
CO[C@H]1CC[C@]2(CC1)Cc1ccc(-c3cc(C#N)cc(C(F)(F)F)c3)cc1[C@@]21N=C(C)C(N)=N1,Active
Cc1nnc(C(=O)Nc2ccc(F)c([C@@]3(C)N=C(N)[C@@](C)(F)CC3(F)F)c2)o1,Moderate
CO[C@H]1CC[C@]2(CC1)Cc1ccc(Oc3ccccc3)cc1[C@]21N=C(N)N(C)C1=O,Active
CN1C(=N)N[C@](C)(c2sc(-c3ccc(-c4nnco4)[nH]3)cc2Cl)CS1(=O)=O,Active
CN1C(=N)N[C@](C)(c2sc(-c3nnc(-c4ccc(-c5noc(C(F)(F)F)n5)cc4)o3)cc2Cl)CS1(=O)=O,Moderate
N#Cc1ccc(C(=O)Nc2ccc3c(c2)C2(CCOC(N)=N2)c2cc(-c4ccnc(F)c4)cc(F)c2O3)nc1,Active
COc1cnc(C(=O)Nc2cc(C)c(F)c([C@]3(CF)C[C@@H](C(F)(F)F)OC(N)=N3)c2)c(C)c1,Active
CC1(c2ccc(Cl)c(Cl)c2)CC(=O)NC(N)=N1,Inactive
COc1nc(C2CC2)cc2c1Oc1ccc(NC(=O)c3ccc(Cl)cn3)cc1C21CCOC(N)=N1,Active
CC#Cc1cncc(-c2ccc3c(c2)C2(N=C(N)N(C)C2=O)C2(CCC(OC)CC2)C3)c1,Active
CN1C(=N)N[C@](C)(c2sc(-c3nnc(-c4ccncc4)o3)cc2Cl)CS1(=O)=O,Moderate
C[C@@]1(c2sc(-c3cccc(C(F)(F)F)c3)cc2Cl)CS(=O)(=O)C2(CCOCC2)C(=N)N1,Moderate
COC1CCC2(CC1)Cc1ccc(Br)cc1C21CCSC(N)=N1,Moderate
CO[C@H]1CC[C@]2(CC1)Cc1ccc(Br)cc1C21N=C(N)N(C)C1=O,Active
COc1ccc(C2(C3CCCCC3)NC(=N)N(C3CCOCC3)C2=O)cc1,Moderate
COC1CCC2(CC1)Cc1ccc(-c3cnc(C4CC4)s3)cc1C21N=C(N)N(C)C1=O,Active
C[C@H]1C[C@H]2CSC(N)=N[C@@]2(c2nc(NC(=O)C3CC3)cs2)CO1,Moderate
C[C@@]1(c2cc(NC(=O)C3CC3(F)F)ccc2F)CS(=O)(=O)[C@]2(CCOC2)C(=N)N1,Moderate
C[C@@]1(c2cc(NCC(F)F)ccc2F)COCC(N)=N1,Moderate
Cc1cc(OCC(F)(F)F)cnc1C(=O)Nc1cc(C)c(F)c([C@]2(CF)C[C@@H](C(F)(F)F)OC(N)=N2)c1,Active
Cc1cc(OC(F)F)cnc1C(=O)Nc1cc(F)c(F)c([C@]2(C)C[C@@H](C(F)(F)F)OC(N)=N2)c1,Active
CO[C@H]1CC[C@]2(CC1)Cc1ccc(-c3cc(C#N)cc(C#N)c3)cc1C21N=C(C)C(N)=N1,Active
COc1ccc([C@H]2C[C@H]3CSC(N)=N[C@@]3(c3ccc(F)cc3F)CO2)cc1F,Active
N=C1NC(c2cccc(-c3cccnc3)c2)(C2CCCCC2)C(=O)N1C1CCOCC1,Inactive
COc1cc([N+](=O)[O-])cnc1Nc1ccc(F)c([C@]2(C(F)F)COCC(N)=N2)c1,Moderate
C[C@H]1C[C@H]2CSC(N)=N[C@@]2(c2nc(NC(=O)c3cc4ccccn4n3)cs2)CO1,Moderate
CN1C(=N)N[C@](C)(c2sc3c(-c4ccc(-c5nccn5C)cc4)cccc3c2F)CS1(=O)=O,Moderate
Cc1cc(OC(F)F)cnc1C(=O)Nc1csc([C@]23CO[C@@H](C)C[C@H]2CSC(N)=N3)n1,Active
CO[C@H]1CC[C@]2(CC1)Cc1ccc(-c3cncc(C)c3)cc1[C@@]21N=C(C)C(N)=N1,Active
CO/N=C(/Nc1ccc(F)c([C@]2(C)CS(=O)(=O)N(C)C(=N)N2)c1)c1ccc(Cl)cn1,Moderate
CO[C@H]1CC[C@]2(CC1)Cc1ccc(-n3ccccc3=O)cc1C21N=C(N)N(C)C1=O,Moderate
Cc1cc(NC(=O)c2ccc(C#N)cn2)cc([C@]2(CF)C[C@@H](C(F)(F)F)OC(N)=N2)c1F,Active
Cc1onc2c1CC1(CC2)Cc2ccc(Br)cc2C12N=C(N)N(C)C2=O,Active
C[C@@]1(c2sc(C(=O)Nc3cccc(Cl)n3)cc2Cl)CS(=O)(=O)C2(CC2)C(=N)N1,Active
N#Cc1cc(Nc2ccc(F)c([C@]3(CF)C[C@@H](C(F)(F)F)OC(N)=N3)c2)ccn1,Inactive
CCCN(CCC)C(=O)c1cc(C)cc(C(=O)N[C@@H](Cc2cc(F)cc(F)c2)[C@H](O)CNCc2cccc(CC)c2)c1,Active
CO[C@H]1CC[C@]2(CC1)Cc1ccc(C#CC3CC3)cc1C21N=C(N)N(C(C)c2cccnn2)C1=O,Active
N#Cc1ccc(C(=O)Nc2cccc([C@]3(CF)C[C@@H](C(F)(F)F)OC(N)=N3)c2)nc1,Active
CCO[C@H]1CC[C@]2(CC1)Cc1ccc(-c3cncc(Cl)c3)cc1C21N=C(C)C(N)=N1,Active
COC1CCC2(CC1)Cc1ccc(-c3cc(F)cc(C#N)c3)cc1C21N=C(N)N(C)C1=O,Active
COc1cnc(C(=O)Nc2cc(F)c(F)c([C@]3(C)C[C@@H](C(F)(F)F)OC(N)=N3)c2)c(C)c1,Active
CN1CCC2(CC1)C(=N)N[C@](C)(c1cc(NC(=O)c3ccc(OC(F)(F)F)cn3)ccc1F)CS2(=O)=O,Active
COC1CCC2(CC1)Cc1ccc(CCC3CC3)cc1C21N=C(N)N(C)C1=O,Active
C[C@@]1(c2cc(NC(=O)c3ncc(F)cc3F)ccc2F)CS(=O)(=O)C2(CC2)C(=N)N1,Active
COC1CCC2(CC1)Cc1ccc(Br)cc1C21CN(CC(F)(F)F)C(N)=N1,Moderate
C[C@@]1(c2cc(Nc3ncnc4cc(Cl)cnc34)ccc2F)CO[C@@](C)(C(F)(F)F)C(N)=N1,Active
Cc1nc(C(=O)Nc2csc([C@]34CO[C@@H](C)C[C@H]3CSC(N)=N4)n2)c(C(F)(F)F)o1,Moderate
CN1C(=N)N[C@](C)(c2sc(-c3ccc(-n4nccn4)cc3)cc2Cl)CS1(=O)=O,Moderate
C[C@H]1C[C@H]2CSC(N)=N[C@@]2(c2nc(NC(=O)c3ccc(OCF)cn3)cs2)CO1,Active
COc1ccc(C(=O)Nc2ccc3c(c2)C2(CCOC(N)=N2)c2cc(C4=CCCOC4)nc(F)c2O3)nc1,Active
NC1=N[C@@]2(c3cc(NC(=O)c4ccc(OC(F)F)cn4)ccc3F)COCC[C@H]2CS1,Active
C[C@@]1(c2cc(NC(=O)c3ccc(Cl)cn3)ccc2F)CS(=O)(=O)C2(CC2)C(=N)N1,Active
COc1cccnc1Nc1cc(F)c(F)c([C@]2(C)C[C@@H](C(F)(F)F)OC(N)=N2)c1,Moderate
CN1C(=N)N[C@](C)(c2sc(-c3cccc(-c4cnco4)c3)cc2Cl)CS1(=O)=O,Active
COc1cc(F)c2c(c1)C1(CCSC(N)=N1)c1cc(NC(=O)c3ccc(Cl)cn3)ccc1O2,Active
COC1CCC2(CC1)Oc1ccccc1C21N=C(N)N(C)C1=O,Moderate
C[C@@]1(c2sc(-c3cncc(N4CCOCC4)c3)cc2Cl)CS(=O)(=O)[C@]2(CCOC2)C(=N)N1,Moderate
CN1C(=O)C2(N=C1N)c1cc(C#CC3CC3)ccc1CC21CCC(OC(F)F)CC1,Active
COC1CCC2(CC1)Cc1ccc(-c3ccn(C4CC4)c(=O)c3)cc1C21N=C(N)N(C)C1=O,Moderate
COCc1cc(Cl)cnc1C(=O)Nc1cc(F)c(F)c([C@]2(C)C[C@@H](C(F)(F)F)OC(N)=N2)c1,Active
COc1cnc(C(=O)Nc2ccc3c(c2)C2(CCOC(N)=N2)c2cc(-c4ccnc(F)c4)cc(F)c2O3)cn1,Active
COC1CCC2(CC1)Cc1ccc(CCC3CC3)cc1C21N=C(N)N(Cc2cccc(F)c2)C1=O,Active
COCC(C)N1C(=O)C2(N=C1N)c1cc(C#N)ccc1CC21CCC(OC)CC1,Moderate
CO[C@H]1CC[C@]2(CC1)Cc1ccc(-c3cc(Cl)c(F)c(C#N)c3)cc1[C@@]21N=C(C)C(N)=N1,Active
COCCCc1ccc2c(c1)C1(N=C(N)N(C)C1=O)C1(CCC(OC)CC1)C2,Active
[C-]#[N+]c1cccc(-c2ccc3c(c2)C2(N=C(N)N(C)O2)C2(CCCCC2)C3)c1,Moderate
CO[C@H]1CC[C@]2(CC1)Cc1cc(F)c(OCC(F)(F)F)cc1C21N=C(N)N(C)O1,Active
COC1CCC2(CC1)Cc1ccc(C#N)cc1C21N=C(N)N(CC(N)(F)F)C1=O,Moderate
COC1CCC2(CC1)Cc1ccc(-c3cccc(OC(F)(F)F)c3)cc1C21C=C(N)N(C)C1=O,Active
CCN1C(=O)C2(N=C1N)c1cc(C#CC3CC3)ccc1CC21CCC(OC)CC1,Active
NC1=NC2(CCO1)c1cc(NC(=O)c3ccc(Cl)cn3)ccc1Oc1cnc(Cl)cc12,Active
C[C@@H]1OC[C@]2(c3cc(NC(=O)c4ccc(F)cn4)ccc3F)NC(=N)C(C)(C)S(=O)(=O)[C@H]12,Active
CC(C)CCNc1ccc(F)c([C@]2(C)COCC(N)=N2)c1,Moderate
NC1=N[C@@]2(c3ccc(F)cc3F)CO[C@@H](c3ccccc3C(F)(F)F)C[C@H]2CS1,Active
Cc1cc(OCC2CC2)cnc1C(=O)Nc1ccc(F)c([C@]2(CF)C[C@@H](C(F)(F)F)OC(N)=N2)c1,Active
COc1cnc(C(=O)Nc2ccc(F)c([C@]3(C)CS(=O)(=O)[C@]4(CCOC4)C(=N)N3)c2)cn1,Active
COC1CCC2(CC1)Cc1ccc(OCC3CC3)cc1C21NC(N)N(CC(F)F)C1=O,Active
NC1=N[C@](CF)(c2cc(Nc3ncnc4cc(Cl)cnc34)ccc2F)C[C@@H](C(F)(F)F)O1,Active
CO[C@H]1CC[C@]2(CC1)Cc1ccc(CCC(C)C)cc1C21N=C(N)N(C(C)C)C1=O,Active
CC(C)c1nc(C(=O)Nc2csc(C34CO[C@@H](C)C[C@H]3CSC(N)=N4)n2)co1,Inactive
COC1CCC2(CC1)Cc1ccc(OCC(F)(F)F)cc1C21N=C(N)N(C(C)C)O1,Active
CN1CC2(C1)C(=N)N[C@](C)(c1cc(NC(=O)c3ccc(F)cn3)ccc1F)CS2(=O)=O,Active
CN1C(=N)N[C@](C)(c2cc(-c3cc(F)cc(-c4nnco4)c3)ccc2F)CS1(=O)=O,Moderate
CC(C)(C)COc1cc(F)c2c(c1)C1(COCCC(N)=N1)c1cc(-c3cccnc3F)ccc1O2,Active
COCC(F)(F)c1ccc(C(=O)Nc2csc([C@]34CO[C@@H](C)C[C@H]3CSC(N)=N4)n2)nc1,Moderate
COC1CCC2(CC1)Cc1ccc(-c3cncc(Cl)c3)cc1C21N=C(N)N(C)C1=O,Active
NC1=NC2(CCO1)c1cc(NC(=O)c3ccc(F)cn3)ccc1Oc1c2cc(-c2ccnc(F)c2)nc1F,Active
CC(C)C(C)Nc1ccc(F)c([C@]2(C)COCC(N)=N2)c1,Moderate
C[C@@]1(c2cc(Nc3ccon3)ccc2F)COCC(N)=N1,Moderate
CN1C(=N)N[C@](C)(c2sc(-c3nnc(-c4ccc(F)cc4)o3)cc2Cl)CS1(=O)=O,Active
Cc1cocc1-c1ccc(-c2nccc3c(Cl)c([C@]4(C)CS(=O)(=O)N(C)C(=N)N4)sc23)c(F)c1,Moderate
NC1=N[C@](CF)(c2cc(NC(=O)c3ccc(C#CC4CC4)cn3)ccc2F)C[C@@H](C(F)(F)F)O1,Active
O=C(/C=C/c1ccc(O)cc1)CC(=O)/C=C/c1ccc(O)cc1O,Moderate
COc1cccc2cc(-c3cc(Cl)c([C@]4(C)CS(=O)(=O)C5(CCC5)C(=N)N4)s3)[nH]c12,Active
Cc1cc(Cl)cnc1C(=O)Nc1ccc(F)c([C@]2(C)C[C@@H](C(F)(F)F)OC(N)=N2)c1,Active
COC1CCC2(CC1)Cc1ccc(-c3cncc(F)c3)cc1C21N=C(N)N(C(C)C)C1=O,Active
COc1cnc(C(=O)Nc2ccc3c(c2)C2(CCSC(N)=N2)c2cc(Cl)nc(F)c2O3)cn1,Active
COCCN1C(=O)C2(N=C1N)c1cc(-c3cccc(C#N)c3)ccc1CC21CCC(OC)CC1,Active
CN1C(=N)N[C@](C)(c2sc(-c3nnc(-c4ccc(C(F)(F)F)cn4)o3)cc2Cl)CS1(=O)=O,Moderate
COc1cnc(C(=O)Nc2ccc3c(c2)C2(CCOC(N)=N2)c2cc(C4=CCCOC4)cc(F)c2O3)cn1,Active
COC1CCC2(CC1)Cc1ccccc1C21N=C(N)N(C)C1=O,Moderate
C[C@@]1(c2cc(N[C@H]3CCC[C@@H]3O)ccc2F)COCC(N)=N1,Moderate
COc1cc(F)c2c(c1)C1(CCSC(N)=N1)c1cc(NC(=O)c3cnc(OC)cn3)ccc1O2,Active
CN1OC2(N=C1N)c1cc(C3CC3)ccc1CC21CCc2ccccc2CC1,Moderate
Cc1cc(C(=O)Nc2csc(C34CO[C@@H](C)C[C@H]3CSC(N)=N4)n2)on1,Moderate
C[C@@]1(c2nc(Nc3ncccc3C#N)ccc2F)CO[C@@](C)(C(F)(F)F)C(N)=N1,Moderate
CN1C(=N)N[C@](C)(c2sc3c(-c4ccc(-c5cnco5)cc4F)nccc3c2Cl)CS1(=O)=O,Active
[C-]#[N+]c1ccc2c(c1)[C@@]1(N=C(C)C(N)=N1)[C@@]1(C2)C[C@@H](C)[C@H](OC)[C@@H](C)C1,Active
COC1CCC2(CC1)Cc1ccc(-c3cccnc3)cc1C21N=C(N)N(C)C1=O,Active
CCCN(CCC)C(=O)c1cc(C(N)=O)cc(C(=O)N[C@@H](Cc2cc(F)cc(F)c2)[C@H](O)CNCc2cccc(CC)c2)c1,Active
CCCN(CCC)C(=O)c1cc(C(N)=O)cc(C(=O)N[C@@H](Cc2ccc(O)cc2)[C@H](O)CNCc2cccc(OC)c2)c1,Moderate
N=C1NC(c2cccc(-c3cccnc3)c2)(C2CC2)C(=O)N1C1CCCCC1,Inactive
CC(C)c1ccc(-c2nnc(-c3cc(Cl)c([C@]4(C)CS(=O)(=O)N(C)C(=N)N4)s3)o2)cc1,Moderate
COc1cc(C#N)cnc1C(=O)Nc1ccc(F)c([C@]2(CF)C[C@@H](C(F)(F)F)OC(N)=N2)c1,Active
CN1C(=N)N[C@](C)(c2sc3c(-c4ccc(C5CC(=O)N5)cc4)cccc3c2F)CS1(=O)=O,Moderate
O=C([C@@H]1CNC[C@]12CCSc1ccccc12)N1CCC(c2ccccc2)CC1,Inactive
CN1C(=O)C2(N=C1N)c1cc(CCC3CC3)ccc1C[C@]21CC[C@@H](OC(F)F)CC1,Active
C[C@]1(F)CC(F)(F)[C@@](C)(c2cc(NC(=O)c3nccs3)ccc2F)N=C1N,Active
COCC(=O)Nc1ccc(F)c([C@]2(C)CS(=O)(=O)C3(CCN(C)CC3)C(=N)N2)c1,Moderate
C[C@H]1C[C@H]2CSC(N)=N[C@@]2(c2nc(NC(=O)c3ccc(OC(C)(F)F)cn3)cs2)CO1,Moderate
CN1OC2(N=C1N)c1cc(-c3cccc(C#N)c3)ccc1CC21CCc2cnncc2CC1,Moderate
COC1CCC2(CC1)Cc1ccc(C#CC3CC3)cc1C21N=C(N)N(Cc2cccc(-c3nccs3)c2)C1=O,Active
COc1cc(-c2ccc3c(c2)C2(N=C(N)N(C)C2=O)C2(CCC(OC)CC2)C3)ccn1,Active
COCCOc1cnc2c(Nc3ccc(F)c([C@]4(C(F)F)COCC(N)=N4)c3)nccc2c1,Moderate
Cc1cc(Cl)cnc1C(=O)Nc1cnc(F)c([C@]2(C)C[C@@H](C(F)(F)F)OC(N)=N2)c1,Active
CN1C(=N)N[C@](C)(c2sc(-c3nnc(-c4ccc(-n5cnnn5)cc4)o3)cc2Cl)CS1(=O)=O,Moderate
CCO[C@H]1CC[C@]2(CC1)Cc1ccc(-c3cccc(OC)c3)cc1C21N=C(N)N(C)C1=O,Active
COC1CCC2(CC1)Cc1ccc(C(F)(F)F)cc1C21N=C(N)N(C)C1=O,Moderate
C[C@@]1(c2cc(NC(=O)c3ncc(Cl)cc3C#N)ccc2F)CS(=O)(=O)[C@]2(CCOC2)C(=N)N1,Active
CO[C@H]1CC[C@]2(CC1)Cc1ccc(Br)cc1[C@@]21N=C(N)N([C@@H](C)CO)C1=O,Inactive
NC1=NC2(CCO1)c1cc(NC(=O)c3ccc(Cl)cn3)ccc1Oc1ncc(Br)cc12,Active
O=C([C@@H]1CNC[C@]12CCCc1cc(Cl)ccc12)N1CCC(c2ccccc2)CC1,Moderate
CN1C(=N)N[C@](C)(c2sc3c(-c4ccc(-n5nccn5)cc4)nccc3c2Cl)CS1(=O)=O,Moderate
COC1CCC2(CC1)Cc1ccc(-c3cccc(C#N)c3)cc1C21C=C(N)N(C)C1=O,Active
COc1cnc(C(=O)Nc2ccc3c(c2)C2(CCSC(N)=N2)c2cc(C4=CCOCC4)ncc2O3)cn1,Active
CN1C(=N)N[C@](C)(c2sc(-c3cccc(-c4ccno4)c3)cc2Cl)CS1(=O)=O,Active
NC1=NC2(CCS1)c1cc(NC(=O)c3ccc(Cl)cn3)ccc1Oc1c2cc(C2=CCOCC2)nc1F,Active
C[C@H]1C[C@H]2CSC(N)=N[C@@]2(c2nc(NC(=O)c3ccc(F)cn3)cs2)CO1,Moderate
C#CCOc1cnc(C(=O)Nc2cc(Cl)c(F)c([C@]3(C)C[C@@H](C(F)(F)F)OC(N)=N3)c2)cn1,Active
C[C@@]1(c2sc(-c3ccnc(-c4ccccc4)c3)cc2Cl)CS(=O)(=O)[C@@]2(CCOC2)C(=N)N1,Moderate
CO[C@H]1CC[C@]2(CC1)Cc1ccc(C#CC3CC3)cc1C21N=C(N)N(CC(=O)O)C1=O,Active
CN(CCC(C1CCCCC1)N1Cc2cc(Oc3ccccc3)ccc2N=C1N)C1CCCCC1,Active
NC1=N[C@](CF)(c2cc(NC(=O)c3ccc(C#CC4CC4)cn3)cc(F)c2F)C[C@@H](C(F)(F)F)O1,Active
CO[C@H]1CC[C@]2(CC1)Cc1ccc(CC3CCCCC3)cc1C21N=C(N)N(C(C)C)C1=O,Moderate
CO[C@H]1CC[C@]2(CC1)Cc1ccc(Br)cc1[C@@]21N=C(N)N([C@H](C)CO)C1=O,Inactive
COc1cc(F)c2c(c1)C1(CCOC(N)=N1)c1cc(NC(=O)c3ccc(Cl)cn3)ccc1O2,Active
CN1C(=N)N[C@](C)(c2sc(-c3nnc(-c4cc5ccccn5n4)o3)cc2Cl)CS1(=O)=O,Moderate
COC1CCC2(CC1)Cc1ccc(N3CCC(F)(F)C3)cc1C21NC(N)N(C)C1=O,Active
NC1=N[C@](CF)(c2cc(Nc3ccnc(Br)c3)ccc2F)C[C@@H](C(F)(F)F)O1,Moderate
COC1CCC2(CC1)Cc1ccc(C#CC(F)(F)F)cc1C21N=C(N)N(C)C1=O,Active
C[C@@]1(c2cc(NC(=O)c3cnc(C(F)(F)F)cn3)ccc2F)CS(=O)(=O)C2(CCCC2)C(=N)N1,Active
COC1CCC2(CC1)Cc1ccc(CCC3CC3)cc1C21NC(N)N(Cc2cccc(NS(C)(=O)=O)c2)C1=O,Active
COC1CCC2(CC1)Cc1ccc(Br)cc1C21NC(N)N(C(C)(C)C)C1=O,Moderate
C[C@@]1(c2cc(NC(=O)c3ccc(F)cn3)ccc2F)CS(=O)(=O)C2(CCOCC2)C(=N)N1,Active
CO[C@H]1CC[C@]2(CC1)Cc1ccc(-c3cnc(C)c(Cl)c3)cc1C21N=C(C)C(N)=N1,Active
CO[C@H]1[C@H](C)C[C@@]2(Cc3ccc(C#N)cc3[C@]23N=C(N)N(C[C@H]2COCCO2)C3=O)C[C@@H]1C,Active
C[C@@]1(c2cc(NC(=O)c3ncc(F)cc3F)ccc2F)CS(=O)(=O)[C@]2(CCOC2)C(=N)N1,Active
CO[C@H]1CC[C@]2(CC1)Cc1ccc(Br)cc1[C@@]21N=C(N)N(CC(C)(C)O)C1=O,Moderate
Cc1cn(C(F)F)nc1C(=O)Nc1csc([C@]23CO[C@@H](C)C[C@H]2CSC(N)=N3)n1,Active
COC1CCC2(CC1)Cc1ccc(C#CC3CC3)cc1C21NC(N)N(CCF)C1=O,Active
C[C@@]1(c2cc(Nc3cc(F)cc4cc(OCC5CC5)cnc34)ccc2F)COCC(N)=N1,Moderate
Cc1cc(NC(=O)c2ccc(F)cn2)cc([C@]2(CF)C[C@@H](C(F)(F)F)OC(N)=N2)c1F,Active
N#Cc1ccc(C(=O)Nc2ccc(F)c([C@@]34N=C(N)SC[C@@H]3CCO4)c2)nc1,Active
COC1CCC2(CC1)Cc1ccc(CCC3CC3)cc1C21N=C(N)N(CC2CCC2)C1=O,Active
COc1cccnc1Nc1ccc(F)c([C@]2(C)CO[C@@](C)(C(F)(F)F)C(N)=N2)n1,Moderate
COCCOc1ccc2c(c1)C1(N=C(N)N(C)C1=O)C1(CCc3ccccc3CC1)C2,Active
COC1CCC2(CC1)Cc1ccc(-c3cc(F)cc(Cl)c3)cc1C21C=C(N)N(C)C1=O,Active
[C-]#[N+]c1cccc(-c2ccc3c(c2)C2(CCSC(N)=N2)C2(CCc4ccccc4CC2)C3)c1,Moderate
COc1cnc(C(=O)Nc2ccc(F)c([C@]3(CF)C[C@@H](C(F)(F)F)OC(N)=N3)c2)c(C)n1,Active
N#Cc1ccc(C(=O)Nc2ccc3c(c2)C2(CCOC(N)=N2)c2cc(C4=CCOCC4)nc(F)c2O3)nc1,Active
COC1CCC2(CC1)Cc1ccc(C(=O)N(C)C)cc1C21N=C(N)N(C)C1=O,Moderate
COC1CCC2(CC1)Cc1cc(F)c(C#CC3CC3)cc1C21N=C(N)N(C)C1=O,Moderate
COC1CCC2(CC1)Cc1ccc(Br)cc1C21CSC(N)=N1,Moderate
C[C@H]1C[C@H]2CSC(N)=NC2(c2nc(NC(=O)c3nn(C(F)F)cc3Cl)cs2)CO1,Active
COC1CCC2(CC1)Cc1ccc(OC(F)F)cc1C21N=C(N)N(C)C1=O,Active
COc1ccc(C(=O)Nc2ccc(F)c([C@]3(C)CS(=O)(=O)C4(CCC4)C(=N)N3)c2)nc1,Active
CO[C@H]1CC[C@]2(CC1)Cc1ccc(OCC(F)(F)F)cc1C21N=C(N)N(CC(F)(F)F)C1=O,Active
CN1C(=N)N[C@](C)(c2cc(NC(=S)c3ccc(F)cn3)cc(F)c2F)CS1(=O)=O,Active
NC1=N[C@](CF)(c2cc(NC(=O)c3ncc(Cl)cc3Cl)ccc2F)C[C@@H](C(F)(F)F)O1,Active
CO[C@H]1CC[C@]2(CC1)Cc1ccc(-c3cnc4[nH]cc(C)c4c3)cc1C21N=C(C)C(N)=N1,Active
COc1cnc(C(=O)Nc2ccc3c(c2)C2(CCOC(N)=N2)c2cc(C4=CCCOC4)ncc2O3)cn1,Active
COc1cnc(C(=O)Nc2ccc3c(c2)C2(CCOC(N)=N2)c2cc(Br)cnc2O3)cn1,Active
CCCC1Oc2ccc(Br)cc2C2(COC(N)=N2)C12COC2,Inactive
COc1cccc2cc(-c3cc(Cl)c([C@]4(C)CS(=O)(=O)[C@]5(CCOC5)C(=N)N4)s3)[nH]c12,Active
C[C@@]1(c2cc(Nc3ncnc4cc(C#N)cnc34)cnc2F)C[C@@H](C(F)(F)F)OC(N)=N1,Moderate
CO[C@H]1CC[C@]2(CC1)Cc1ccc(OCC3CCC3)cc1C21N=C(N)N(C(C)C)C1=O,Active
CN1OC2(N=C1N)c1cc(-c3ccc(Br)cc3)ccc1CC21CCC(Cc2ccccc2)CC1,Moderate
CO[C@H]1CC[C@]2(CC1)Cc1ccc(Oc3cccc(C#N)c3)cc1C21N=C(N)N(C)C1=O,Active
Cc1csc(C(=O)Nc2ccc(F)c([C@@]3(C)N=C(N)[C@@](C)(F)CC3(F)F)c2)n1,Active
Cn1ccc(NC(=O)c2cc(Cl)c([C@]3(C)CS(=O)(=O)C4(CCCCC4)C(=N)N3)s2)n1,Moderate
CN1C(=N)N[C@](C)(c2sc3c(-c4ccc(-c5nccs5)cc4)nccc3c2Cl)CS1(=O)=O,Moderate
C[C@@]1(c2cc(NC(=O)c3ccc(C#N)cn3)ccc2F)CSCC(N)=N1,Active
C[C@@]1(c2cc(NC(=O)c3cncs3)ccc2F)CS(=O)(=O)[C@]2(CCOC2)C(=N)N1,Moderate
COC1CCC2(CC1)Cc1ccc(-c3ccnnc3)cc1C21N=C(N)N(C)O1,Moderate
CN1C(=N)N[C@](C)(c2sc(-c3nnc(-c4ncccn4)o3)cc2Cl)CS1(=O)=O,Moderate
COc1ccc([C@H]2C[C@H]3CSC(N)=N[C@@]3(c3ccc(F)cc3F)CO2)cc1,Active
CC(C)C(Nc1ccc(F)c([C@]2(C)COCC(N)=N2)c1)c1ccc(Cl)cn1,Moderate
COc1cc(N)cnc1Nc1ccc(F)c([C@]2(C(F)F)COCC(N)=N2)c1,Moderate
C[C@@]1(c2cc(NC(=O)c3ccc(F)cn3)ccc2F)CS(=O)(=O)[C@]2(CCOC2)C(=N)N1,Active
COCCN1C(=O)C2(C=C1N)c1cc(C3CC3)ccc1C[C@]21CC[C@@H](OC)CC1,Moderate
COc1ccc(COc2ccc3c(c2)C2(N=C(N)N(C)C2=O)[C@]2(CC[C@H](OC)CC2)C3)cc1,Moderate
N=C(N)NC(=O)Cn1c(-c2ccc(Oc3ccccc3)cc2)ccc1-c1ccccc1Cl,Moderate
COC1CCC2(CC1)Cc1ccc(C#CC3CC3)cc1C21N=C(N)N(C2CC2)C1=O,Active
N#Cc1cccc(-c2ccc(-c3ccc(Oc4ccccc4)cc3)n2CC(=O)NC(=N)N)c1,Moderate
CO[C@H]1CC[C@]2(CC1)Cc1ccc(Oc3ccc(Cl)cc3)cc1C21N=C(N)N(C)O1,Moderate
N=C1NC(c2cccc(-c3cccnc3)c2)(C2CC2)C(=O)N1C1CCOCC1,Moderate
NC1=N[C@](CF)(c2cc(Oc3cnccn3)ccc2F)C[C@@H](C(F)(F)F)O1,Moderate
C[C@]1(F)CC(F)(F)[C@@](C)(c2cc(NC(=O)c3ccc(OC(F)F)cn3)ccc2F)N=C1N,Active
CO[C@H]1CC[C@]2(CC1)Cc1ccc(NC(=O)c3ccc(C(F)(F)F)cn3)cc1C21N=C(C)C(N)=N1,Active
C[C@H]1C[C@H]2CSC(N)=N[C@@]2(c2nc(NC(=O)c3cccnn3)cs2)CO1,Moderate
C[C@@]1(c2cc(NC(=O)c3ccc(Cl)cn3)ccc2F)CS(=O)(=O)C2(CCOCC2)C(=N)N1,Active
CN1C(=N)N[C@](C)(c2sc3c(-c4ccc(-c5nccn5C)cc4)nccc3c2Cl)CS1(=O)=O,Moderate
COc1cnc(C(=O)Nc2ccc(F)c([C@]3(C)CS(=O)(=O)C4(CC4)C(=N)N3)c2)cn1,Active
C[C@H]1C[C@H]2CSC(N)=N[C@@]2(c2cc(NC(=O)c3ccc(Cl)cn3)ccc2F)CO1,Active
C[C@@]1(c2sc(-c3cccc(N4CCCC4)c3)cc2Cl)CS(=O)(=O)C2(CCOCC2)C(=N)N1,Moderate
[C-]#[N+]c1cccc(-c2ccc3c(c2)C2(N=C(N)N(C)C2=O)C2(CCC(F)(F)CC2)C3)c1,Moderate
COC1CCC2(CC1)Cc1ccc(OCC3CC3)cc1C21N=C(N)N(C)O1,Active
Cc1cc(C#N)cnc1C(=O)Nc1ccc(F)c([C@]2(CF)C[C@@H](C(F)(F)F)OC(N)=N2)c1,Moderate
Cc1onc2c1CC1(CC2)Cc2ccc(-c3cc(F)cc(Cl)c3)cc2C12N=C(N)N(C)C2=O,Active
CN1C(=N)N[C@](C)(c2cc(-c3cccc(-c4nnco4)c3)cs2)CS1(=O)=O,Active
COC1CCC2(CC1)Cc1ccc(CCC3CC3)cc1C21N=C(N)N(CC2CCO2)C1=O,Moderate
Cc1cc(F)cnc1C(=O)Nc1csc([C@]23CO[C@@H](C)C[C@H]2CSC(N)=N3)n1,Active
C[C@@]1(c2sc(-c3ccnc(-c4cccs4)c3)cc2Cl)CS(=O)(=O)[C@@]2(CCOC2)C(=N)N1,Moderate
C[C@@]1(c2sc(-c3cncnc3)cc2Cl)CS(=O)(=O)C2(CCC2)C(=N)N1,Moderate
CC1=NC2(N=C1N)c1cc(OCCCF)ccc1C[C@]21CC[C@@H](OC(C)C)CC1,Moderate
C[C@@]1(c2cc(NC(=O)c3ccc(F)cn3)ccc2F)CS(=O)(=O)C2(CC(O)C2)C(=N)N1,Active
CCCc1cnn(-c2ccc(-c3nccc4c(Cl)c([C@]5(C)CS(=O)(=O)N(C)C(=N)N5)sc34)c(F)c2)c1,Moderate
COCCN1C(=O)C2(N=C1N)c1cc(CCC3CC3)ccc1CC21CCC(OC)CC1,Active
CCOc1cc(C(=O)N[C@@H](Cc2ccccc2)[C@H](O)CNCc2cccc(C(F)(F)F)c2)cc(N2CCCC2=O)c1,Moderate
CCN1C(=O)C2(N=C1N)c1cc(-c3cccc(C#N)c3)ccc1CC21CCC(OC)CC1,Active
CN1C(=N)N[C@](C)(c2sc(-c3cccc(-n4ccnc4)n3)cc2Cl)CS1(=O)=O,Moderate
C[C@@]1(c2sc(C#CC3(c4ccccc4)CCCC3)cc2Cl)CS(=O)(=O)C2(CCC2)C(=N)N1,Moderate
N#Cc1ccc(C(=O)Nc2ccc(F)c([C@@]3(C(F)F)N=C(N)CCC3(F)F)c2)nc1,Active
C[C@@]1(c2cc(NC3CCC3)ccc2F)COCC(N)=N1,Moderate
CN1C(=N)N[C@](C)(c2sc(-c3nnc(-c4ccc5scnc5c4)o3)cc2Cl)CS1(=O)=O,Moderate
NC1=N[C@](CF)(c2cc(Oc3ncccc3Cl)ccc2F)C[C@@H](C(F)(F)F)O1,Moderate
COc1cnc(C(=O)Nc2ccc3c(c2)C2(CCSC(N)=N2)c2cc(C4=CCCOC4)ncc2O3)cn1,Active
C[C@H]1C[C@H]2CSC(N)=N[C@@]2(c2nc(NC(=O)c3cc(C(F)(F)F)on3)cs2)CO1,Moderate
CN1C(=N)N[C@](C)(c2cc(-c3nnc(-c4ccccc4)o3)ccc2F)CS1(=O)=O,Moderate
Cn1nc(Nc2cccc(C3(C)COCC(N)=N3)c2)c2ccc(Br)cc21,Moderate
C[C@@]1(c2cc(NC(=O)c3ccc(S(C)(=O)=O)cn3)ccc2F)CS(=O)(=O)[C@]2(CCOC2)C(=N)N1,Moderate
COC1CCC2(CC1)Cc1ccc(OCC3CC3)cc1C21N=C(N)N(CC(N)(F)F)C1=O,Active
CN1C(=N)N[C@](C)(c2sc3c(-c4ccc(-c5ccncc5)cc4)cccc3c2F)CS1(=O)=O,Moderate
C[C@@]1(c2sc(-c3ccnc(-c4ccco4)c3)cc2Cl)CS(=O)(=O)[C@]2(CCOC2)C(=N)N1,Active
CN(C)C(=O)C1=CCC2(CC1)Cc1ccc(-c3cccc(C#N)c3)cc1C21N=C(N)N(C)O1,Moderate
C[C@@]1(c2cc(NC(=O)c3ncc(Cl)cc3Cl)ccc2F)CS(=O)(=O)C2(CCCC2)C(=N)N1,Active
CN1C(=N)N[C@](C)(c2cc(NC(=S)C(F)F)ccc2F)CS1(=O)=O,Active
CCNS1(O)C[C@@](C)(c2cc(NC(=O)c3ccc(C#N)cn3)ccc2F)NC(=N)C1(C)C,Active
COC1CCC2(CC1)Cc1ccc(C#CC3CC3)cc1C21N=C(N)N(Cc2cncnc2)C1=O,Active
N=C1NC(c2cccc(-c3cncc(Cl)c3)c2)(C2CC2)C(=O)N1C1CCOCC1,Moderate
C[C@@]1(c2cc(NC(=O)c3ncc(Cl)cc3F)cc(F)c2F)C[C@@H](C(F)(F)F)OC(N)=N1,Active
CO[C@H]1CC[C@]2(CC1)Cc1ccc(CC(C)C)cc1C21N=C(N)N(C(C)C)C1=O,Active
C[C@@]1(c2cc(NCc3nn(C(F)F)cc3Cl)ccc2F)COCC(N)=N1,Active
CO[C@H]1CC[C@]2(CC1)Cc1ccc(Oc3ccccc3)cc1[C@@]21N=C(N)N(C)C1=O,Moderate
Cc1nc(OC(F)F)cnc1C(=O)Nc1csc([C@]23CO[C@@H](C)C[C@H]2CSC(N)=N3)n1,Active
CO[C@H]1CC[C@]2(CC1)Cc1ccc(C#N)cc1C21N=C(C)C(N)=N1,Moderate
COc1ccc(F)c(-c2ccc3c(c2)[C@@]2(N=C(C)C(N)=N2)[C@]2(CC[C@H](OC)CC2)C3)c1,Active
COc1nc(N2CC3C(c4ccccc4)(C2)NC(=N)N(C)S3(=O)=O)nc(OC)c1F,Active
Cc1noc2c1CC1(CC2)Cc2ccc(Br)cc2C12N=C(N)N(C)O2,Moderate
NC1=N[C@](CF)(c2cc(Oc3ncccn3)ccc2F)C[C@@H](C(F)(F)F)O1,Moderate
CN1C(=N)N[C@](C)(c2sc3c(-c4ccc(-c5ccoc5)cc4F)nccc3c2Cl)CS1(=O)=O,Active
COc1ccc(C(=O)Nc2cc(C)c(F)c([C@]3(CF)C[C@@H](C(F)(F)F)OC(N)=N3)c2)nc1,Active
CCc1nc(C(=O)Nc2csc([C@]34CO[C@@H](C)C[C@H]3CSC(N)=N4)n2)co1,Moderate
CN1C(=N)N[C@](C)(c2sc(-c3cccc(-c4nnco4)c3)cc2Cl)CS1(=O)=O,Active
NC1=N[C@](CF)(c2cc(Nc3ncccc3F)ccc2F)C[C@@H](C(F)(F)F)O1,Moderate
CN1C(=N)N[C@](C)(c2sc3c(-c4ccc(N5CCS(=O)(=O)CC5)cc4)cccc3c2F)CS1(=O)=O,Moderate
CN1C(=O)C2(N=C1N)c1cc(-c3cccnc3)ccc1CC21CCc2ccccc2CC1,Active
COc1ccc(C(=O)Nc2ccc(F)c([C@]3(C)CS(=O)(=O)[C@@]4(CCOC4)C(=N)N3)c2)nc1,Active
NC1=N[C@](CF)(c2cc(Oc3cccc(C(F)(F)F)n3)ccc2F)C[C@@H](C(F)(F)F)O1,Moderate
CC1(c2cccc(Nc3cccc4cc(Cl)cnc34)c2)COCC(N)=N1,Moderate
CO[C@H]1CC[C@]2(CC1)Cc1ccc(C#CC3CC3)cc1C21N=C(N)N(CCC(=O)OC(C)C)C1=O,Active
C[C@@]1(c2cc(NC(=O)c3ccc(C(F)(F)F)cn3)ccc2F)CS(=O)(=O)C2(CCCC2)C(=N)N1,Active
CO[C@H]1CC[C@]2(CC1)Cc1ccc(-c3cc(C#N)cs3)cc1C21N=C(N)N(C(C)C)C1=O,Moderate
COc1ccc(C(=O)Nc2ccc(F)c([C@]3(C)CS(=O)(=O)C4(CCN(C)CC4)C(=N)N3)c2)nc1,Active
C[C@H]1C[C@H]2CSC(N)=N[C@@]2(c2nc(NC(=O)c3cnc(C(F)F)cn3)cs2)CO1,Moderate
CN1C(=N)N[C@](C)(c2cc(NC(=S)c3ccc(Cl)cn3)ccc2F)CS1(=O)=O,Active
COc1cnc(C(=O)Nc2ccc(F)c([C@@]34N=C(N)SC[C@@H]3CCO4)c2)cn1,Moderate
COc1cnc(C(=O)Nc2ccc(F)c([C@]3(CF)C[C@@H](C(F)(F)F)OC(N)=N3)c2)c(Cl)c1,Active
NC1=N[C@](CF)(c2cc(Oc3ccccn3)ccc2F)C[C@@H](C(F)(F)F)O1,Moderate
C[C@@]1(c2cc(NC(=O)CC3CC3)ccc2F)CS(=O)(=O)[C@]2(CCOC2)C(=N)N1,Moderate
CO[C@H]1CC[C@]2(CC1)Cc1ccc(-c3cccc(Cl)c3Cl)cc1[C@@]21N=C(C)C(N)=N1,Active
Cc1cnc(-c2ccc(-c3cccc4c(F)c([C@]5(C)CS(=O)(=O)N(C)C(=N)N5)sc34)cc2)nc1,Moderate
COc1cnc(C(=O)Nc2ccc3c(c2)C2(CCOC(N)=N2)c2cc(C4CC4)nc(F)c2O3)cn1,Active
C[C@@]1(c2sc(-c3cncc(-c4ncco4)c3)cc2Cl)CS(=O)(=O)[C@@]2(CCOC2)C(=N)N1,Moderate
NC1=N[C@@]2(c3ccc(F)cc3)CO[C@@H](C3CC3)C[C@H]2CS1,Moderate
CC#Cc1cncc(-c2ccc3c(c2)C2(N=C(C)C(N)=N2)[C@]2(CC[C@H](OCC)CC2)C3)c1,Active
CCCCS(=O)(=O)C[C@@H](NC(=O)COC)C(=O)N[C@@H](Cc1cc(F)cc(F)c1)[C@H](O)CNCc1cccc(CC)c1,Active
CCCN(c1cc2cc(c1)C(=O)N[C@@H](C1CC1)CCc1cccc(c1)C[C@@](C)(N)COC2)S(C)(=O)=O,Moderate
COc1cccc(CNC[C@@H](O)[C@H](Cc2ccccc2)NC(=O)CCS(=O)(=O)C2CCCCC2)c1,Moderate
CC#Cc1cncc(-c2ccc3c(c2)[C@@]2(N=C(C)C(N)=N2)[C@]2(CC[C@H](OC)CC2)C3)c1,Active
N=C(N)NC(=O)Cn1c(-c2ccc(Oc3ccccc3)cc2)ccc1-c1ccc(C(F)(F)F)cc1,Moderate
CCCN(c1cc(C(=O)N[C@@H](Cc2ccccc2)[C@H](C)N)cc(N(C)C[C@H]2C[C@@H]2C)n1)S(C)(=O)=O,Active
CCCN(c1cc2cc(c1)C(=O)N[C@@H](CC)CCc1cccc(c1)C[C@@](C)(N)COC2)S(C)(=O)=O,Active
C[C@@]1(N)Cc2cccc(c2)CC[C@H](c2ccc(F)cc2)NC(=O)c2cc(cc(-c3cccc(F)c3C#N)c2)COC1=O,Active
Cc1cccc(-c2ccc(-c3ccccc3)n2CC(=O)NC(=N)N)c1,Moderate
C[C@@]1(N)Cc2ccc(F)c(c2)CC[C@H](c2ccc(F)cc2)NC(=O)c2cc(cc(-c3cccc(F)c3C#N)c2)COC1=O,Active
CN(c1cc2cc(n1)CCCCCc1cccc(c1)C[C@@](C)(N)C(=O)OC2)S(C)(=O)=O,Inactive
CCNc1cc(C(=O)N[C@@H](Cc2ccccc2)[C@H](O)CNCc2cnn(CC)c2)cc(N2CCCCS2(=O)=O)c1,Active
CC(=O)c1ccccc1-c1cc(C(=O)N[C@@H](Cc2ccccc2)[C@H](O)CNC2CC2)cc(C(=O)N[C@H](C)c2ccccc2)c1,Moderate
CCCN(c1cc2cc(c1)C(=O)N[C@@H](C)CCc1cccc(c1)C[C@@](C)(N)COC2)S(C)(=O)=O,Moderate
N=C(N)NC(=O)Cn1c(-c2ccccc2)ccc1-c1cc(Cl)ccc1Cl,Moderate
O=C(N[C@@H](Cc1ccccc1)[C@H](O)C(=O)Nc1cccc(-c2nn[nH]n2)c1)c1cccc(C(=O)N2COC[C@@H]2c2ccccc2)n1,Moderate
CS(=O)(=O)Oc1cc(C(=O)N[C@@H](Cc2ccccc2)[C@H](O)C(=O)Nc2cccc(-c3nn[nH]n3)c2)nc(C(=O)N2COC[C@@H]2c2ccccc2)c1,Active
CCNc1cc(C(=O)N[C@@H](Cn2cccn2)[C@H](O)CNCc2cccc(OC)c2)cc(N2CCCCS2(=O)=O)c1,Moderate
CCCCO[C@H]1CCN[C@@H]([C@@H](O)[C@H](Cc2cc(F)cc(F)c2)NC(=O)c2cc(C)cc(C(=O)N(CCC)CCC)c2)C1,Active
O=C(N[C@@H](Cc1ccccc1)[C@H](O)C(=O)Nc1cccc(-c2nn[nH]n2)c1)c1cc(=O)cc(C(=O)N2COC[C@@H]2c2ccccc2)o1,Active
CC(=O)c1ccc(Oc2ccc(-c3ccc(-c4cccc(C#N)c4)n3CC(=O)NC(=N)N)cc2)cc1,Moderate
CN(c1cc2cc(c1)C(=O)N[C@@H](c1ccccc1)CCc1cccc(c1)C[C@@](C)(N)C(=O)OC2)S(C)(=O)=O,Active
CCCN(c1cc2cc(c1)C(=O)N[C@@H](c1ccccc1)CCc1cccc(c1)C[C@@](C)(N)C(=O)OC2)S(C)(=O)=O,Active
CCOc1cc(C(=O)N[C@@H](Cc2ccccc2)[C@H](O)CNCc2cccc(C(F)(F)F)c2)cc(C2=C(C)CCC2=O)c1,Moderate
CC(=O)c1ccccc1-c1cc(C(=O)N[C@@H](Cc2ccccc2)[C@H](O)CNc2ccccc2)cc(C(=O)N[C@H](C)c2ccccc2)c1,Moderate
COC[C@H](N)[C@H](Cc1ccccc1)NC(=O)c1cc(N(C)C[C@H]2C[C@@H]2C)nc(N(C)S(=O)(=O)C(C)C)c1,Moderate
CCOc1cc(C(=O)N[C@@H](Cc2ccccc2)[C@H](O)CNCc2cccc(C(F)(F)F)c2)cc(-c2ccccc2C(C)=O)c1,Moderate
CCCC(CCC)S(=O)(=O)CCC(=O)N[C@@H](Cc1ccccc1)[C@H](O)CNCc1cccc(OC)c1,Moderate
C=CCOc1ccc(-c2ccc(-c3ccccc3)n2CC(=O)NC(=N)N)cc1,Moderate
N#CCCCOc1ccc(-c2ccc(-c3ccccc3)n2CC(=O)NC(=N)N)cc1,Moderate
C[C@@]1(N)Cc2cccc(c2)CC[C@H](c2ccccc2)NC(=O)c2cc(cc(-c3ccccc3C#N)c2)COC1=O,Active
C[C@@]1(N)Cc2cccc(c2F)CC[C@H](c2ccc(F)cc2)NC(=O)c2cc(cc(-c3ccccc3C#N)c2)COC1=O,Active
CC(=O)c1ccc(Oc2ccc(-c3ccc(-c4ccccc4)n3CC(=O)NC(=N)N)cc2)cc1,Moderate
CC(=O)c1ccccc1-c1cc(C(=O)N[C@@H](Cc2ccccc2)[C@H](O)CN[C@@H](C)c2ccccc2)cc(C(=O)N[C@H](C)c2ccccc2)c1,Moderate
COc1cccc(CNC[C@@H](O)[C@H](Cc2ccccc2)NC(=O)CCS(=O)(=O)NCCC(C)C)c1,Moderate
CCNc1cc(C(=O)N[C@@H](Cc2ccccc2)[C@H](O)CNCc2cccc(C(F)(F)F)c2)cc(N2CCCCS2(=O)=O)c1,Active
CC(C)Nc1cc(C(=O)N[C@@H](Cc2ccccc2)[C@H](O)CNCc2cccc(C(F)(F)F)c2)cc(N2CCCCS2(=O)=O)c1,Active
CCNc1cc(C(=O)N[C@@H](Cc2ccccc2)[C@H](O)CNC2CCc3ccc(OC)cc32)cc(N2CCCCS2(=O)=O)c1,Active
CCCN(CCC)C(=O)c1cc(C)cc(C(=O)N[C@@H](Cc2cc(F)cc(F)c2)[C@H](O)[C@H]2C[C@@H](OC(C)C)CCN2)c1,Moderate
CCCOc1ccc(-c2ccc(-c3ccccc3Cl)n2CC(=O)/N=C(/N)NCCCO)cc1,Moderate
CCOCCN1C[C@@H](C(=O)N[C@@H](Cc2cc(F)cc(F)c2)[C@H](O)[C@H]2C[C@@H](OCc3ccccc3)CN2)CC1=O,Moderate
N/C(=N/C(=O)Cn1c(-c2ccccc2)ccc1C12CC3CC(CC(C3)C1)C2)NCC(O)CO,Moderate
O=C(N[C@@H](Cc1cc(F)cc(F)c1)[C@H](O)[C@H]1C[C@@H](OCc2ccccc2)CN1)[C@H]1CC(=O)N(Cc2ccc(Cl)cc2)C1,Inactive
O=C(N[C@@H](Cc1cc(F)cc(F)c1)[C@H](O)[C@H]1C[C@@H](OCc2ccccc2)CN1)[C@H]1CC(=O)N(CC2CC2)C1,Moderate
C[C@H](NC[C@@H](O)[C@H](Cc1ccccc1)NC(=O)c1cccc(S(C)(=O)=O)c1)C(=O)NC1CCCCC1,Moderate
CCNc1cc(C(=O)N[C@@H](Cc2ccccc2)[C@H](O)CNC2CCCC2)cc(N2CCCC2=O)c1,Moderate
CCNc1cc(C(=O)N[C@@H](Cc2ccccc2)[C@H](O)CNCc2cnn(CC)c2)cc(N2CCCC2=O)c1,Moderate
CCCN(CCC)C(=O)c1cc(C)cc(C(=O)N[C@@H](Cc2cc(F)cc(F)c2)[C@H](O)[C@H]2C[C@@H](OCC3CCCCC3)CCN2)c1,Active
CCCCCS(=O)(=O)c1cccc(C(=O)N[C@@H](Cc2ccccc2)[C@H](O)CN[C@@H](C)C(=O)NC2CCCCC2)c1,Moderate
Cc1cccc(CN2C[C@@H](C(=O)N[C@@H](Cc3cc(F)cc(F)c3)[C@H](O)[C@H]3C[C@@H](OCc4ccccc4)CN3)CC2=O)c1,Moderate
NC(N)=NC(=O)Cn1c(-c2ccccc2)ccc1C12CC3CC(CC(C3)C1)C2,Moderate
CCNc1cc(C(=O)N[C@@H](Cc2ccccc2)[C@H](O)CNCc2cccc(OC(F)(F)F)c2)cc(N2CCCC2=O)c1,Active
O=C(N[C@@H](Cc1cc(F)cc(F)c1)[C@H](O)[C@H]1C[C@@H](OCc2ccccc2)CN1)[C@H]1CC(=O)N(Cc2ccc(C(F)(F)F)cc2)C1,Inactive
O=C(N[C@@H](Cc1cc(F)cc(F)c1)[C@H](O)[C@H]1C[C@@H](OCc2ccccc2)CN1)[C@H]1CC(=O)N(Cc2cccc(F)c2)C1,Moderate
N/C(=N/C(=O)Cn1c(-c2ccccc2)ccc1C12CC3CC(CC(C3)C1)C2)N[C@H]1CC[C@H](O)CC1,Moderate
O=C(N[C@@H](Cc1cc(F)cc(F)c1)[C@H](O)[C@H]1C[C@@H](OCc2ccccc2)CN1)[C@H]1CC(=O)N(Cc2cccs2)C1,Moderate
CN(c1cc2cc(c1)C(=O)N[C@@H](c1ccccc1)CCc1cccc(c1)C[C@@](C)(N)C(=O)OC2)S(=O)(=O)CC(F)(F)F,Active
CCCCCN1C[C@@H](C(=O)N[C@@H](Cc2cc(F)cc(F)c2)[C@H](O)[C@H]2C[C@@H](OCc3ccccc3)CN2)[C@H](C2CC2)C1=O,Moderate
CCCOc1ccc(-c2ccc(-c3ccccc3Cl)n2CC(=O)/N=C(/N)NCCCSC)cc1,Moderate
CCCCN1C[C@@H](C(=O)N[C@@H](Cc2cc(F)cc(F)c2)[C@H](O)[C@H]2C[C@@H](OCc3ccccc3)CN2)[C@H](CC(C)C)C1=O,Active
CCCCN1C[C@@H](C(=O)N[C@@H](Cc2cc(F)cc(F)c2)[C@H](O)[C@H]2C[C@@H](OCc3ccccc3)CN2)[C@H](Cc2ccccc2)C1=O,Active
COC[C@H]1CCCN1C(=O)c1cc(C)cc(C(=O)N[C@@H](Cc2cc(F)cc(F)c2)[C@H](O)[C@H]2C[C@@H](Oc3ccccc3)CN2)c1,Active
CCNc1cc(C(=O)N[C@@H](Cc2ccccc2)[C@H](O)CNC(C)(C)c2cccc(C(F)(F)F)c2)cc(N2CCCC2=O)c1,Active
O=C(N[C@@H](Cc1cc(F)cc(F)c1)[C@H](O)[C@H]1C[C@@H](OCc2ccccc2)CN1)[C@H]1CC(=O)N(Cc2ccc(F)cc2)C1,Moderate
CCCCCN1C[C@@H](C(=O)N[C@@H](Cc2cc(F)cc(F)c2)[C@H](O)[C@H]2C[C@@H](OCc3ccccc3)CN2)[C@H](C2CCCC2)C1=O,Moderate
COc1cccc(CNC[C@@H](O)[C@H](Cc2ccccc2)NC(=O)c2cc(C(=O)N[C@H](C)c3ccccc3)cc(N(C)S(C)(=O)=O)c2)c1,Active
COc1cccc(CNC[C@@H](O)[C@H](Cc2ccccc2)NC(=O)c2cc(C(=O)N[C@@H](C)c3ccccc3)cc(N(C)S(C)(=O)=O)c2)c1,Moderate
CCNc1cc(C(=O)N[C@@H](Cc2ccccc2)[C@H](O)CNC2(c3cccc(OC)c3)CCCCC2)cc(N2CCCC2=O)c1,Active
CCNc1cc(C(=O)N[C@@H](Cc2ccccc2)[C@H](O)CNCc2cccc(C(F)(F)F)c2)cc(N2CCCC2=O)c1,Active
COc1cccc(CNC[C@@H](O)[C@H](Cc2ccccc2)NC(=O)c2cc(C(=O)NCc3nc(C)oc3C)cc(N(C)S(C)(=O)=O)c2)c1,Moderate
CCOc1cc(C(=O)N[C@@H](Cc2ccccc2)[C@H](O)CN[C@@H](C)C(=O)NC2CCCCC2)cc(N2CCCC2)c1,Moderate
CCCCCCN1C[C@@H](C(=O)N[C@@H](Cc2cc(F)cc(F)c2)[C@H](O)[C@H]2C[C@@H](OCc3ccccc3)CN2)CC1=O,Active
CCCN(CCC)C(=O)c1cc(C)cc(C(=O)N[C@@H](Cc2cc(F)cc(F)c2)[C@H](O)[C@H]2C[C@@H](Oc3ccccc3)CN2)c1,Active
N/C(=N/C(=O)Cn1c(-c2ccccc2)ccc1C12CC3CC(CC(C3)C1)C2)NCCCO,Moderate
CCNc1cc(C(=O)N[C@@H](Cc2ccccc2)[C@H](O)CNCc2cc(OC)cc(OC)c2)cc(N2CCCC2=O)c1,Active
CCCOCCN1C[C@@H](C(=O)N[C@@H](Cc2cc(F)cc(F)c2)[C@H](O)[C@H]2C[C@@H](OCc3ccccc3)CN2)CC1=O,Moderate
N/C(=N/C(=O)Cn1c(-c2ccccc2)ccc1C12CC3CC(CC(C3)C1)C2)NCCc1ccsc1,Moderate
CCCN(CCC)C(=O)c1cc(C)cc(C(=O)N[C@@H](Cc2cc(F)cc(F)c2)[C@H](O)[C@H]2C[C@@H](OCC3CC3)CCN2)c1,Active
COc1cccc(CNC[C@@H](O)[C@H](Cc2ccccc2)NC(=O)c2cc(C(=O)NC(C)c3nc(C)oc3C)cc(N(C)S(C)(=O)=O)c2)c1,Moderate
NCCc1ccc(O)c(C2CCCCC2)c1,Inactive
Cc1csc(CN/C(N)=N\C(=O)Cn2c(-c3ccccc3)ccc2C23CC4CC(CC(C4)C2)C3)n1,Moderate
N/C(=N/C(=O)Cn1c(-c2ccccc2)ccc1C12CC3CC(CC(C3)C1)C2)NC1CCCCC1,Moderate
CCCOc1ccc(-c2ccc(-c3ccccc3Cl)n2CC(=O)/N=C(/N)NCc2ccco2)cc1,Moderate
CCCCN1C[C@@H](C(=O)N[C@@H](Cc2cc(F)cc(F)c2)[C@H](O)[C@H]2C[C@@H](OCc3ccccc3)CN2)[C@H](CCC)C1=O,Moderate
CCNc1cc(C(=O)N[C@@H](Cc2ccccc2)[C@H](O)CNCc2ccc(OC)cc2)cc(N2CCCC2=O)c1,Moderate
CCNc1cc(C(=O)N[C@@H](Cc2ccccc2)[C@H](O)CNCCc2ccccc2)cc(N2CCCC2=O)c1,Moderate
CCCN(CCC)C(=O)c1cc(C)cc(C(=O)N[C@@H](Cc2cc(F)cc(F)c2)[C@H](O)[C@H]2C[C@@H](O)CN2)c1,Moderate
O=C(N[C@@H](Cc1cc(F)cc(F)c1)[C@H](O)[C@H]1C[C@@H](OCc2ccccc2)CN1)[C@H]1CC(=O)N(Cc2ccco2)C1,Moderate
O=C(N[C@@H](Cc1cc(F)cc(F)c1)[C@H](O)[C@H]1C[C@@H](OCc2ccccc2)CN1)[C@H]1CC(=O)N(Cc2ccccn2)C1,Moderate
N=C(N)NC(=O)Cn1c(-c2ccccc2)ccc1-c1ccccc1Cl,Moderate
N/C(=N/C(=O)Cn1c(-c2ccccc2)ccc1C12CC3CC(CC(C3)C1)C2)NCCCCO,Moderate
COc1cc(CN2C[C@@H](C(=O)N[C@@H](Cc3ccccc3)[C@H](O)CNCc3cccc(N(C)C)c3)NC2=O)cc(OC)c1,Moderate
CN(C)c1cccc(CNC[C@@H](O)[C@H](Cc2cc(F)cc(F)c2)NC(=O)[C@@H]2CN(Cc3ccccc3)C(=O)N2)c1,Moderate
CCCN(CCC)C(=O)c1cccc(C(=O)N[C@@H](Cc2ccccc2)[C@H](O)[C@H]2CCCN2)c1.Cl,Moderate
C[C@@H]1CN[C@@H]([C@@H](O)[C@H](Cc2ccccc2)NC(=O)c2cc(C(=O)N[C@H](C)c3ccccc3)cc(N(C)S(C)(=O)=O)c2)CN1Cc1ccccc1,Moderate
CC[C@H](C)[C@H](NC(=O)[C@H](CCC(=O)O)NC(=O)[C@H](CCC(=O)O)NC(=O)[C@@H](NC(=O)[C@H](CCCCN)NC(=O)[C@@H](NC(=O)[C@H](CC(N)=O)NC(=O)[C@@H](N)[C@@H](C)O)[C@@H](C)CC)[C@@H](C)O)C(=O)N[C@@H](CO)C(=O)N[C@@H](CCC(=O)O)C(=O)N[C@H](C(=O)N[C@@H](CC(N)=O)C(=O)N[C@@H](CC(C)C)C(=O)N[C@@H](CCCCN)C(=O)N[C@@H](C)C(=O)N[C@@H](CCC(=O)O)C(=O)N[C@@H](Cc1ccccc1)C(=O)N[C@@H](CCCN=C(N)N)C(=O)O)C(C)C,Inactive
CC(C)C[C@H](NC(=O)[C@@H](NC(=O)[C@@H](N)CCC(=O)O)C(C)C)C(=O)N[C@@H](Cc1ccccc1)[C@@H](O)C(=O)N[C@@H](CC(=O)O)C(=O)N[C@@H](C)C(=O)N[C@@H](CCC(=O)O)C(=O)N[C@@H](Cc1ccccc1)C(=O)O,Moderate
C[C@@H](NCc1cc([C@]2(C)CCSC(N)=N2)c(F)cc1F)C(F)(F)F,Moderate
CCNCc1cc([C@]2(C)CCSC(N)=N2)c(F)cc1F,Moderate
CC(=O)N[C@@H](Cc1cc(F)cc(F)c1)[C@H](O)[C@H]1CC[C@@H](OCC2CCCCC2)CN1.Cl,Moderate
O=C(Nc1ccccc1)c1cccc(-c2cnc(-c3c[nH]c4ccccc34)[nH]2)c1,Moderate
OC1=C2Nc3ccccc3N=C2OC1c1c[nH]c2ccc(COc3ccccc3)cc12,Moderate
[2H]C1([2H])OC(N)=N[C@]12c1cc(-c3cc(Cl)cc(C#N)c3)ccc1C[C@]21CC[C@@H](OC)CC1,Active
C[C@@]1(c2cc(CNC3(C(F)F)CC3)c(F)cc2F)CCSC(N)=N1,Active
CN(C)c1cccc(CNC[C@@H](O)[C@H](Cc2ccccc2)NC(=O)[C@]2(Cc3ccccc3)CN(Cc3ccccc3)C(=O)N2)c1,Moderate
C[C@@]1(c2cc(CNCC3CC3)c(F)cc2F)CCSC(N)=N1,Moderate
CC(C)=CCC/C(=C/CC/C(C)=C/CC/C(C)=C/CC1=CC(=O)C=C(C)C1=O)C(=O)O,Moderate
CCCN(CCC)C(=O)c1cc(C)cc(C(=O)N[C@@H](Cc2ccccc2)[C@H](O)[C@@H]2NC[C@@H](Cc3ccccc3)N(C)C2=O)c1,Moderate
COCCCNCc1cc([C@]2(C)CCSC(N)=N2)c(F)cc1F,Moderate
O=C(Nc1cccnc1)c1cccc(-c2cnc(-c3c[nH]c4ccccc34)[nH]2)c1,Moderate
[2H]C1([2H])OC(N)=N[C@]12c1cc(-c3cncnc3)ccc1C[C@]21CC[C@@H](OC)CC1,Active
CCc1cn2c3c(cc(C(=O)N[C@@H](Cc4ccccc4)[C@H](O)[C@@H]4NCCN(Cc5ccccc5)C4=O)cc13)N(C)S(=O)(=O)C(C)(C)C2,Active
CCCCCC(=O)Oc1ccc2c(=O)c(C3C(OC(=O)CC)=C(C)NC(C)=C3OC(=O)CC)coc2c1,Moderate
CC[C@H](C)Nc1cc(C(=O)N[C@@H](Cc2ccccc2)[C@H](O)[C@H]2CCCN2)cc(S(C)(=O)=O)n1.Cl,Active
C[C@@]1(c2cc(CNCC(F)F)c(F)cc2F)CCSC(N)=N1,Moderate
[2H]C1([2H])OC(N)=N[C@]12c1cc(-c3cncnc3)ccc1C[C@@]21CC[C@H](OC)[C@@H](CC)C1,Active
C[C@@H](NC(=O)c1cc(C(=O)N[C@@H](Cc2ccccc2)[C@H](O)[C@@H]2NC[C@H]3COC(=O)N3C2=O)cc(N(C)S(C)(=O)=O)c1)c1ccccc1,Active
C[C@@H](NC(=O)c1cc(C(=O)N[C@@H](Cc2ccccc2)[C@H](O)[C@@H]2NC[C@@H](Cc3ccccc3)N(Cc3ccccc3)C2=O)cc(N(C)S(C)(=O)=O)c1)c1ccccc1,Inactive
CCCN(CCC)C(=O)c1cccc(C(=O)N[C@@H](Cc2ccccc2)[C@H](O)CNC2CC2)c1.Cl,Moderate
[2H]C1([2H])OC(N)=N[C@]12c1cc(-c3cncnc3)ccc1C[C@@]21CC[C@H](OC)[C@@H](C)C1,Active
O=C(Nc1ccncc1)c1cccc(-c2cnc(-c3c[nH]c4ccccc34)[nH]2)c1,Moderate
COC[C@H]1CCCN1C(=O)c1cc(OC)cc(C(=O)N[C@@H](Cc2cc(F)cc(F)c2)[C@H](O)C2C[C@@H](Oc3ccccc3)CN2)c1,Active
CO[C@H]1CC[C@]2(CC1)Cc1ccc(-c3cc(Cl)cc(C#N)c3)cc1[C@@]21COC(N)=N1,Active
CO[C@@H]1CCN(Cc2cc([C@]3(C)CCSC(N)=N3)c(F)cc2F)C1,Moderate
O=C(Nc1cccc(-c2cnc(-c3c[nH]c4cc(F)ccc34)[nH]2)c1)c1cccnc1,Moderate
[2H]C1([2H])OC(N)=N[C@]12c1cc(-c3cccnc3)ccc1C[C@]21CC[C@@H](OC)CC1,Active
Fc1ccc2nc(-c3cccc(-c4cnc(-c5c[nH]c6cc(F)ccc56)[nH]4)c3)[nH]c2c1,Moderate
C[C@@]1(c2cc(CNC3(C#N)CC3)c(F)cc2F)CCSC(N)=N1,Moderate
CC(=O)N[C@@H](Cc1cc(F)cc(F)c1)[C@H](O)[C@H]1CO[C@@H](OCC(C)(C)C)[C@H](C)N1.Cl,Active
CC#Cc1cncc(-c2ccc3c(c2)[C@]2(CO3)N=C(N)C[C@@H]2C(F)(F)F)c1,Moderate
Fc1ccc2nc(-c3cccc(-c4cnc(-c5c[nH]c6cc(OC(F)(F)F)ccc56)[nH]4)c3)[nH]c2c1,Moderate
C[C@@H](NC(=O)c1cc(C(=O)N[C@@H](Cc2ccccc2)[C@H](O)[C@@H]2NC[C@H]3CCCN3C2=O)cc(N(C)S(C)(=O)=O)c1)c1ccccc1,Active
CCN(Cc1ccccc1)Cc1ccc(-c2cc3cc(OCCNC(=O)/C=C/c4ccc(Cl)c(Cl)c4)ccc3oc2=O)cc1,Moderate
COc1ccccc1CN1CCN[C@@H]([C@@H](O)[C@H](Cc2ccccc2)NC(=O)c2cc(C(=O)N[C@H](C)c3ccccc3)cc(N(C)S(C)(=O)=O)c2)C1=O,Moderate
C[C@@]1(c2cc(CNC3(C(F)(F)F)COC3)c(F)cc2F)CCSC(N)=N1,Moderate
CC(=O)N[C@@H](Cc1cc(F)cc(F)c1)[C@H](O)[C@H]1CO[C@@H](OCC2CCCCC2)[C@H](C)N1.Cl,Moderate
C[C@@H](NC(=O)c1cc(C(=O)N[C@@H](Cc2ccccc2)[C@H](O)[C@@H]2NCCN(Cc3ccccc3)C2=O)cc(N(C)S(C)(=O)=O)c1)c1ccccc1,Active
CC(C)NCc1cc([C@]2(C)CCSC(N)=N2)c(F)cc1F,Moderate
C[C@@]1(c2cc(CNCCC(F)(F)F)c(F)cc2F)CCSC(N)=N1,Moderate
COc1cc(C#N)cc(-c2ccc3c(c2)[C@@]2(COC(N)=N2)[C@]2(CC[C@H](OC)CC2)C3)c1,Active
COC[C@@H](C)NCc1cc([C@]2(C)CCSC(N)=N2)c(F)cc1F,Moderate
[2H]C1([2H])OC(N)=N[C@]12c1cc(-c3cncnc3)ccc1C[C@@]21C[C@@H](C)[C@H](OC)[C@@H](C)C1,Active
C[C@@]1(c2cc(CNC3CC3)c(F)cc2F)CCSC(N)=N1,Moderate
CC(C)=CCC/C(=C/CC/C(C)=C/CCC1(C)C=Cc2cc(O)cc(C)c2O1)C(=O)O,Moderate
C[C@@]1(c2cc(CNCC(F)(F)F)c(F)cc2F)CCSC(N)=N1,Moderate
CC#CCOc1cnc(C(=O)Nc2ccc(F)c([C@]3(C)CC(=O)N(C)C(N)=N3)c2)cn1,Active
C[C@@H](NC(=O)c1cc(C(=O)N[C@@H](Cc2ccccc2)[C@H](O)[C@@H]2NC[C@H](C)N(Cc3ccccc3)C2=O)cc(N(C)S(C)(=O)=O)c1)c1ccccc1,Inactive
C[C@@H]1CN[C@@H]([C@@H](O)[C@H](Cc2ccccc2)NC(=O)c2cc(C(=O)N[C@H](C)c3ccccc3)cc(N(C)S(C)(=O)=O)c2)C(=O)N1Cc1ccccc1,Moderate
C[C@@H]1C[C@@](C)(c2cc(CNC3(C(F)(F)F)CC3)c(F)cc2F)N=C(N)S1,Active
CCCN1CCN[C@@H]([C@@H](O)[C@H](Cc2ccccc2)NC(=O)c2cc(C(=O)N[C@H](C)c3ccccc3)cc(N(C)S(C)(=O)=O)c2)C1=O,Active
CC(=O)N[C@@H](Cc1cc(F)cc(F)c1)[C@H](O)[C@H]1CO[C@@H](OCC2CCCCC2)CN1.O=C(O)C(F)(F)F,Moderate
CN(C)c1cccc(CNC[C@@H](O)[C@H](Cc2ccccc2)NC(=O)[C@@H]2CC(Cc3ccccc3)C(=O)N2)c1,Moderate
Cc1cc2c(c(C)c1CCO[C@@H]1O[C@H](CO)[C@@H](O)[C@H](O)[C@H]1O)C(=O)[C@H](C)C2,Inactive
CC1Cc2ccc(OC(=O)c3ccc(NC(=N)N)cc3)cc2OC1=O,Moderate
Clc1ccc(CNC2CCN(Cc3ccccc3)CC2)c(Cl)c1,Moderate
Cc1ccc(NCc2cc([C@]3(C)CCSC(N)=N3)c(F)cc2F)nc1,Moderate
O=C(Nc1ccc(F)cc1)c1cccc(-c2cnc(-c3c[nH]c4ccccc34)[nH]2)c1,Moderate
C[C@@H](NC(=O)c1cc(C(=O)N[C@@H](Cc2ccccc2)[C@H](O)[C@@H]2NC[C@@H](Cc3ccccc3)N(C)C2=O)cc(N(C)S(C)(=O)=O)c1)c1ccccc1,Active
COCCNCc1cc([C@]2(C)CCSC(N)=N2)c(F)cc1F,Moderate
CC(=O)N[C@@H](Cc1cc(F)cc(F)c1)[C@H](O)[C@H]1C[C@@H](OCC2CCCCC2)CN1.Cl,Moderate
CO[C@H]1CC[C@]2(CC1)Cc1ccc(-c3cc(Cl)cc(C#N)c3)cc1[C@]21COC(N)=N1,Moderate
O=C(Nc1cccc(-c2cnc(-c3c[nH]c4ccccc34)[nH]2)c1)c1cccnc1,Moderate
[2H]C1([2H])OC(N)=N[C@]12c1cc(-c3cncc(C)c3)ccc1C[C@]21CC[C@@H](OC)CC1,Active
CC(C)(NCc1cc([C@]2(C)CCSC(N)=N2)c(F)cc1F)C(F)(F)F,Moderate
COC(=O)[C@@H]1O[C@@H]2O[C@H]1C(=S)N(Cc1ccccc1)[C@H]2Cc1ccccc1,Moderate
Fc1ccc(-c2cnc(-c3cccc(-c4cnc(-c5c[nH]c6cc(OC(F)(F)F)ccc56)[nH]4)c3)[nH]2)cc1,Moderate
C[C@@H](NC(=O)c1cc(C(=O)N[C@@H](Cc2ccccc2)[C@H](O)[C@@H]2NC[C@H](Cc3ccccc3)N(Cc3ccccc3)C2=O)cc(N(C)S(C)(=O)=O)c1)c1ccccc1,Inactive
O=C1NC(=O)C2C=CNC2N1,Inactive
CN(C)c1cccc(CNC[C@@H](O)[C@H](Cc2ccccc2)NC(=O)[C@@H]2CNC(=O)N2)c1,Inactive
Cc1cc2c(c(C)c1CCO[C@@H]1O[C@H](CO)[C@@H](O)[C@H](O)[C@H]1O)C(=O)C(C)(C)[C@H]2O,Inactive
[2H]C1([2H])OC(N)=N[C@]12c1cc(-c3cncnc3)ccc1C[C@]21CC[C@@H](OC)[C@H](CC)C1,Active
CCOc1cc(C(=O)N[C@@H](Cc2ccccc2)[C@H](O)CNCc2cccc(OC(F)(F)F)c2)cc(N2CCCCS2(=O)=O)c1,Active
CCNc1cc(C(=O)N[C@@H](Cc2ccccc2)[C@H](O)CNCc2cccc(OC(F)(F)F)c2)cc(N2CCCCS2(=O)=O)c1,Active
CCNc1cc(C(=O)N[C@@H](Cc2cc(F)cc(F)c2)[C@H](O)CNCc2cccc(OC)c2)cc(N2CCCCS2(=O)=O)c1,Active
C[C@@]1(c2cc(CNC3(C(F)(F)F)CC3)c(F)cc2F)CCSC(N)=N1,Active
CCCCS(=O)(=O)C[C@@H](NC(=O)c1cnccn1)C(=O)N[C@@H](Cc1cc(F)cc(F)c1)[C@H](O)CNCc1cccc(CC)c1,Active
CCCCS(=O)(=O)C[C@@H](NC(=O)c1cc(C)[nH]n1)C(=O)N[C@@H](Cc1cc(F)cc(F)c1)[C@H](O)CNCc1cccc(CC)c1,Active
CCCCS(=O)(=O)C[C@@H](NC(=O)SC1CCOC1)C(=O)N[C@@H](Cc1cc(F)cc(F)c1)[C@H](O)CNCc1cccc(CC)c1,Active
CCCCS(=O)(=O)C[C@@H](NC(=O)OCc1cccnc1)C(=O)N[C@@H](Cc1cc(F)cc(F)c1)[C@H](O)CNCc1cccc(CC)c1,Active
CCCCS(=O)(=O)C[C@@H](NC(=O)OCc1ccncc1)C(=O)N[C@@H](Cc1cc(F)cc(F)c1)[C@H](O)CNCc1cccc(CC)c1,Active
CN(C)Cc1cc([C@]2(C)CCSC(N)=N2)c(F)cc1F,Moderate
Fc1ccc(-c2cnc(-c3cccc(-c4cnc(-c5c[nH]c6cc(F)ccc56)[nH]4)c3)[nH]2)cc1,Moderate
[2H]C1([2H])OC(N)=N[C@]12c1cc(-c3cc(C#N)cc(OC)c3)ccc1C[C@]21CC[C@@H](OC)CC1,Active
C[C@@]1(c2cc(CNC34CC(C3)C4)c(F)cc2F)CCSC(N)=N1,Active
Nc1nc(Nc2ccc(OCCN3CCCC3)cc2)nn1-c1nc(Cl)nc2ccccc12,Moderate
C[C@@H](NC(=O)c1cc(C(=O)N[C@@H](Cc2ccccc2)[C@H](O)[C@@H]2NC[C@@H]3CCCN3C2=O)cc(N(C)S(C)(=O)=O)c1)c1ccccc1,Moderate
[2H]C1([2H])OC(N)=N[C@]12c1cc(-c3cncnc3)ccc1C[C@]21CC[C@@H](OC)[C@H](C)C1,Active
CN(Cc1cc([C@]2(C)CCSC(N)=N2)c(F)cc1F)CC(F)(F)F,Moderate
CCN1C[C@@H](C(=O)N[C@@H](Cc2cc(F)cc(F)c2)[C@H](O)[C@H]2C[C@@H](OCc3ccccc3)CN2)CC1=O,Moderate
Cc1nc(C(=O)Nc2ccc(F)c([C@@]3(C)N=C(N)[C@](C)(F)CC3(F)F)c2)co1,Moderate
CO[C@H]1[C@H](C)C[C@@]2(Cc3ccc(C#N)cc3[C@]23N=C(N)N(CCC2COC2)C3=O)C[C@@H]1C,Active
C[C@]1(c2nc(NC(=O)c3ncccc3Cl)ccc2F)N=C(N)OCC1(F)F,Moderate
Cc1cn(C)c(C(=O)Nc2ccc(F)c([C@@]3(C)N=C(N)[C@](C)(F)CC3(F)F)c2)n1,Moderate
CN(C)c1cccc(CNC[C@@H](O)[C@H](Cc2ccccc2)NC(=O)[C@@H]2CN(c3ccccc3)C(=O)N2)c1,Moderate
COC1CCC2(CC1)Cc1ccc(OCC3CC3)cc1[C@]21N=C(N)N(C(C)C)C1=O,Active
CO[C@H]1CC[C@]2(CC1)Cc1ccc(-c3cc(F)cc(C#N)c3)cc1[C@@]21N=C(C)C(N)=N1,Active
COc1nc(N2CC3[C@](c4ccc(F)cc4F)(C2)NC(=N)N(C)S3(=O)=O)nc(C)c1F,Active
COC1CCC2(CC1)Cc1ccc(C#CC3CC3)cc1[C@]21N=C(N)N(Cc2ccccc2)C1=O,Active
Cc1ccc(C(=O)Nc2ccc(F)c([C@@]3(C)N=C(N)[C@](C)(F)CC3(F)F)c2)o1,Moderate
Cn1ccc(C(=O)Nc2ccc(F)c([C@]34COC[C@H]3S(=O)(=O)C(C)(C)C(=N)N4)c2)n1,Active
CO[C@H](C)C(=O)Nc1ccc(F)c([C@]23COC[C@H]2S(=O)(=O)C(C)(C)C(=N)N3)c1,Moderate
COc1nc(N2CC3[C@](c4cc(NC(=O)c5ccc(F)cn5)ccc4F)(C2)NC(=N)N(C)S3(=O)=O)nc(C)c1F,Active
Cn1cc(C(=O)Nc2ccc(F)c([C@]34COC[C@H]3S(=O)(=O)C(C)(C)C(=N)N4)c2)c(C(F)(F)F)n1,Moderate
COc1nc(N2C[C@@H]3[C@](c4ccccc4)(C2)NC(=N)N(C)S3(=O)=O)nc(C)c1F,Active
COC1CCC2(CC1)Cc1ccc(CCC3CC3)cc1[C@]21N=C(N)N(C[C@H]2CCO2)C1=O,Moderate
CN1C(=O)[C@]2(N=C1N)c1cc(-c3cccnc3F)ccc1CC21CCc2ccccc2CC1,Active
COC1CCC2(CC1)Cc1ccc(OC(F)(F)C(F)F)cc1[C@]21N=C(N)N(C)C1=O,Active
CC[C@@H]1C[C@]2(CC[C@H]1OC)Cc1ccc(C#N)cc1[C@]21N=C(N)N(CC2CCOCC2)C1=O,Active
COCc1cc(OC)nc(N2CC3[C@](c4cc(F)c(F)cc4F)(C2)NC(=N)N(C)S3(=O)=O)c1,Active
C[C@]1(c2nc(NC(=O)c3ncc(C#CCO)cc3N)ccc2F)N=C(N)OCC1(F)F,Moderate
COCC(=O)Nc1ccc(F)c([C@]23COC[C@H]2S(=O)(=O)C(C)(C)C(=N)N3)c1,Active
COc1cnc(C(=O)Nc2ccc(F)c([C@@]3(C)N=C(N)[C@](C)(F)CC3(F)F)c2)cn1,Moderate
C[C@@]1(F)CC(F)(F)[C@@](C)(c2cc(NC(=O)c3nccs3)ccc2F)N=C1N,Moderate
COc1cnc(C(=O)Nc2ccc(F)c([C@]34COC(CF)[C@H]3S(=O)(=O)C(C)(C)C(=N)N4)c2)cn1,Active
CC1(C)C(=N)N[C@@]2(c3cc(NC(=O)c4ccc(OCF)cn4)ccc3F)COC[C@H]2S1(=O)=O,Active
CN(C)/N=C(/C[C@](CF)(N[S@+]([O-])C(C)(C)C)c1cccc(F)c1F)C(F)(F)F,Active
C[C@H]1OC[C@]2(c3cc(NC(=O)c4ccc(F)cn4)ccc3F)NC(=N)C(C)(C)S(=O)(=O)[C@H]12,Active
CC1(C)C(=N)N[C@@]2(c3cc(NC(=O)c4ccn(C(F)F)n4)ccc3F)COC[C@H]2S1(=O)=O,Active
COCC#Cc1cnc(C(=O)Nc2ccc(F)c([C@@]3(C)N=C(N)OCC3(F)F)n2)c(Cl)c1,Active
C[C@@]1(F)CC(F)(F)[C@@](C)(c2cc(NC(=O)c3ccc(C#N)cn3)ccc2F)N=C1N,Active
C[C@@H]1C[C@@]2(Cc3ccc(C#N)cc3[C@]23N=C(N)N(CC2CC2)C3=O)C[C@H](C)[C@H]1O,Active
C[C@@]1(F)CC(F)(F)[C@@](C)(c2cc(NC(=O)c3nc(CF)co3)ccc2F)N=C1N,Moderate
COC1CCC2(CC1)Cc1ccc(CCC3CC3)cc1C21NC(N)N([C@H](C)c2ccccc2)C1=O,Active
[C-]#[N+]C1(C(=O)Nc2csc([C@]34CO[C@@H](C)C[C@H]3CSC(N)=N4)n2)CCC1,Active
C[C@@]1(F)CC(F)(F)[C@@](C)(c2cc(NC(=O)c3ccc(F)cn3)ccc2F)N=C1N,Moderate
CC1(C)C(=N)N[C@@]2(c3cc(NC(=O)c4ccc(C(F)(F)F)cn4)ccc3F)COC[C@H]2S1(=O)=O,Active
C[C@@H]1C[C@@]2(Cc3ccc(C#N)cc3[C@]23N=C(N)N(CC(C)(C)F)C3=O)C[C@H](C)[C@H]1O,Active
CO[C@H]1[C@H](C)C[C@@]2(Cc3ccc(C#N)cc3[C@]23N=C(N)N(C[C@@H]2COCCO2)C3=O)C[C@@H]1C,Active
COC1CCC2(CC1)Cc1ccc(CCC3CC3)cc1[C@]21N=C(N)N(CC2CCO2)C1=O,Moderate
CC1(C)C(=N)N[C@@]2(c3cc(NC(=O)c4ncc(Cl)cc4F)ccc3F)COC[C@H]2S1(=O)=O,Active
C[C@]1(c2nc(NC(=O)c3ncc(OCCF)nc3N)ccc2F)N=C(N)OCC1(F)F,Moderate
CO[C@H]1CC[C@]2(CC1)Cc1ccc(OCCC(F)(F)F)cc1[C@]21N=C(C)C(N)=N1,Moderate
COCC[C@]1(c2nc(NC(=O)c3ncc(C(F)(F)F)cc3Cl)ccc2F)N=C(N)OCC1(F)F,Moderate
CN1OC2(N=C1N)c1cc(Br)ccc1C[C@@]21C[C@@H]1c1ccccc1,Moderate
C[C@]1(c2nc(NC(=O)c3ncc(OCC(F)(F)F)nc3N)ccc2F)N=C(N)OCC1(F)F,Moderate
CN(C)c1cccc(CNC[C@@H](O)[C@H](Cc2ccccc2)NC(=O)[C@@H]2CN(Cc3cc(F)c(F)cc3F)C(=O)N2)c1,Moderate
COc1ccc(C(=O)Nc2ccc(F)c([C@]34COC[C@H]3S(=O)(=O)C(C)(C)C(=N)N4)c2)nc1,Active
CO[C@H]1[C@H](C)C[C@@]2(Cc3ccc(C#N)cc3[C@]23N=C(N)N(CC2COC2)C3=O)C[C@@H]1C,Active
CN1C(=N)N[C@@]2(c3cc(NC(=O)c4ccc(F)cn4)ccc3F)COC[C@H]2S1(=O)=O,Active
C[C@@H]1C[C@@]2(Cc3ccc(C#N)cc3[C@]23N=C(N)N(CC(C)(C)Cl)C3=O)C[C@H](C)[C@H]1O,Active
NC1=N[C@]2(COCC1)c1cc(Br)ccc1Oc1cnc(Cl)cc12,Moderate
CO[C@H]1[C@H](C)C[C@@]2(Cc3ccc(C#N)cc3[C@]23N=C(N)N(C[C@H]2CCCO2)C3=O)C[C@@H]1C,Active
Cc1ncc(C(=O)Nc2ccc(F)c([C@@]3(C)N=C(N)[C@](C)(F)CC3(F)F)c2)o1,Moderate
NC1=N[C@@]2(c3cc(-c4cccnc4F)ccc3Oc3c(F)cc([N+]4=CCOCC4)cc32)c2nccn21,Active
C[C@@H]1CC2(Cc3ccc(Cl)cc3[C@]23N=C(N)N(Cc2ncccn2)C3=O)C[C@H](C)[C@H]1O,Active
CO[C@H]1[C@H](C)C[C@@]2(Cc3ccc(C#N)cc3[C@]23N=C(N)N(CC2(F)CCOCC2)C3=O)C[C@@H]1C,Active
CC1(C)C(=N)N[C@@]2(c3cc(NC(=O)c4cnsn4)ccc3F)COC[C@H]2S1(=O)=O,Active
COc1ccc(C(=O)Nc2ccc(F)c([C@]34COC[C@H]3S(=O)(=O)N(C)C(=N)N4)c2)nc1,Active
[C-]#[N+]c1ccc2c(c1)[C@]1(N=C(N)N(Cc3ncccn3)C1=O)[C@]1(CC[C@H](OC)[C@H](CC)C1)C2,Active
Cc1nn(C)c2c1CC1(CC2)Cc2ccc(-c3cc(F)cc(Cl)c3)cc2C12N=C(N)N(C)O2,Active
CC1(C)C(=N)N[C@@]2(c3cc(NC(=O)c4ccc(F)cn4)ccc3F)COC[C@H]2S1(=O)=O,Active
CO[C@H]1[C@H](C)C[C@@]2(Cc3ccc(C#N)cc3[C@]23N=C(N)N(CC2(C)COC2)C3=O)C[C@@H]1C,Active
NC1=N[C@]2(c3cc(-c4cccnc4F)ccc3Oc3c(F)cc([N+]4=CCC(F)(F)CC4)cc32)c2nccn21,Active
CC1=C[C@H]2Cc3nc4cc(Cl)ccc4c(NCCCCCCCCCNC(=O)c4cc(O)c5c(c4)C(=O)c4cccc(O)c4C5=O)c3[C@@H](C1)C2,Active
COc1ccc(C(=O)Nc2ccc(F)c([C@@]3(C)N=C(N)[C@](C)(F)CC3(F)F)c2)cc1,Active
CN(C)/N=C(/C[C@](CF)(N[S@+]([O-])C(C)(C)C)c1cccc(Br)c1)C(F)(F)F,Active
CCOc1cnc(C(=O)Nc2ccc(F)c([C@@]3(C)N=C(N)OCC3(F)F)n2)c(Cl)c1,Moderate
CC[C@@H]1C[C@]2(CC[C@H]1O)Cc1ccc(C#N)cc1[C@]21N=C(N)N(CC(C)(C)F)C1=O,Active
COc1cnc(C(=O)Nc2ccc(F)c([C@@]3(C)N=C(N)[C@](C)(F)CC3(F)F)c2)nc1,Moderate
COC1CCC2(CC1)Cc1ccc(C#CC3CC3)cc1C21N=C(N)N([C@H](C)c2ccccc2)C1=O,Active
C[C@]1(c2nc(NC(=O)c3ncc(F)cc3N)ccc2F)N=C(N)OCC1(F)F,Moderate
CO[C@H]1[C@H](C)C[C@@]2(Cc3ccc(C#N)cc3[C@]23N=C(N)N(Cc2ncc(F)cn2)C3=O)C[C@@H]1C,Active
CC(C)(O)c1nc(N2C[C@H]3CSC(N)=[N+](c4cnccn4)[C@H]3C2)ncc1F,Moderate
CO[C@H]1CC[C@]2(CC1)Cc1ccc(C#CC3CC3)cc1[C@]21N=C(N)c2ccc(C#N)cc21,Active
CC(=O)N1CC2[C@](c3cc(NC(=O)c4ccc(F)cn4)ccc3F)(C1)NC(=N)N(C)S2(=O)=O,Active
CO[C@H]1[C@H](C)C[C@@]2(Cc3ccc(C#N)cc3[C@]23N=C(N)N(CC(C)(C)F)C3=O)C[C@@H]1C,Active
Cn1cc(Br)nc1C(=O)Nc1ccc(F)c([C@@]2(C)N=C(N)[C@](C)(F)CC2(F)F)c1,Moderate
C[C@]1(c2nc(NC(=O)c3ncc(OCF)nc3N)ccc2F)N=C(N)OCC1(F)F,Moderate
Cc1cc(C#N)cnc1C(=O)Nc1ccc(F)c([C@]23COC[C@H]2S(=O)(=O)C(C)(C)C(=N)N3)c1,Active
CC1(C)C(=N)N[C@@]2(c3cc(NC(=O)c4ccc(Cl)cn4)ccc3F)COC(CF)[C@H]2S1(=O)=O,Active
C[C@]1(c2nc(NC(=O)c3ncc(C(F)(F)F)nc3N)ccc2F)N=C(N)OCC1(F)F,Moderate
COc1cnc(C(=O)Nc2ccc(F)c([C@]34COC[C@H]3S(=O)(=O)N(C)C(=N)N4)c2)cn1,Active
C[C@@H]1C[C@@]2(Cc3ccc(C#N)cc3[C@]23N=C(N)N(CC2CC(F)(F)C2)C3=O)C[C@H](C)[C@H]1O,Active
Cc1cc(C(=O)Nc2ccc(F)c([C@]34COC[C@H]3S(=O)(=O)C(C)(C)C(=N)N4)c2)no1,Moderate
COCCc1cnc(C(=O)Nc2ccc(F)c([C@@]3(C)N=C(N)OCC3(F)F)n2)c(N)n1,Moderate
COC1CCC2(CC1)Cc1ccc(C#CC3CC3)cc1[C@]21N=C(N)N(C)C1=O,Active
COC1CCC2(CC1)Cc1ccc(-c3cc(Cl)cc(Cl)c3)cc1[C@]21N=C(N)N(C)C1=O,Active
C[C@]1(c2nc(NC(=O)c3nccnc3N)ccc2F)N=C(N)OCC1(F)F,Moderate
COc1nc(N2C[C@@H]3[C@](c4ccccc4F)(C2)NC(=N)N(C)S3(=O)=O)nc(C)c1F,Active
CC1(C)C(=N)N[C@@]2(c3cc(NC(=O)c4cnc(C(F)(F)F)cn4)ccc3F)COC[C@H]2S1(=O)=O,Active
COC1CCC2(CC1)Cc1ccc(C#CC3CC3)cc1[C@@]21N=C(N)N(C[C@H]2CCCO2)C1=O,Moderate
COc1cnc(C(=O)Nc2ccc(F)c([C@]3(C)CS(=O)(=O)C4(C[O+](C)C4)C(=N)N3)c2)cn1,Active
CO[C@H]1CC[C@]2(CC1)Cc1ccc(C#CC(C)C)cc1[C@]21N=C(C)C(N)=N1,Active
C[C@@H]1C[C@@]2(Cc3ccc(C#N)cc3[C@]23N=C(N)N(CCc2ccncc2)C3=O)C[C@H](C)[C@H]1O,Active
CCOc1cnc(C(=O)Nc2ccc(F)c([C@@]3(C)N=C(N)OCC3(F)F)n2)c(N)n1,Moderate
C[C@@]1(F)CC(F)(F)[C@@](C)(c2cc(NC(=O)c3cnc(C(F)F)cn3)ccc2F)N=C1N,Moderate
CC(F)(F)c1cnc(C(=O)Nc2ccc(F)c([C@@]3(C)N=C(N)OCC3(F)F)n2)c(N)n1,Active
C[C@@]1(C2CC2)C(=N)N[C@@]2(c3cc(NC(=O)c4ccc(F)cn4)ccc3F)COC[C@H]2S1(=O)=O,Active
Cc1cc(C(=O)Nc2ccc(F)c([C@]34COC[C@H]3S(=O)(=O)C(C)(C)C(=N)N4)c2)on1,Moderate
COCCOc1ccc2c(c1)[C@]1(N=C(N)N(C)C1=O)C1(CCc3ccccc3CC1)C2,Moderate
CN(C)c1cccc(CNC[C@@H](O)[C@H](Cc2ccccc2)NC(=O)[C@@H]2CN(Cc3ccccc3)C(=O)N2)c1,Moderate
C[C@@]1(F)CC(F)(F)[C@@](C)(c2cc(NC(=O)c3ccc(C(F)(F)F)cn3)ccc2F)N=C1N,Moderate
COc1cnc(C(=O)Nc2ccc(F)c([C@]34COC[C@H]3S(=O)(=O)C(C)(C)C(=N)N4)c2)cn1,Active
Cn1nc(Nc2ccc(F)c([C@@]3(C)COCC(N)=N3)c2)c2ccc(Cl)cc21,Moderate
CO[C@H]1[C@H](C)C[C@@]2(Cc3ccc(C#N)cc3[C@]23N=C(N)N(Cc2ccncn2)C3=O)C[C@@H]1C,Active
CC(C)(C)COc1cc(F)c2c(c1)[C@@]1(COCCC(N)=N1)c1cc(-c3cccnc3F)ccc1O2,Moderate
COc1cc(C#N)cc(-c2ccc3c(c2)[C@]2(N=C(C)C(N)=N2)[C@]2(CC[C@H](OC)CC2)C3)c1,Active
COc1cnc(C(=O)Nc2ccc(F)c([C@@]3(C)N=C(N)OCC3(F)F)n2)c(C)c1,Moderate
C[C@]1(c2nc(NC(=O)c3ncc(OCF)cc3Cl)ccc2F)N=C(N)OCC1(F)F,Moderate
CC1(C)C(=N)N[C@@]2(c3cc(NC(=O)c4ccc(Cl)cn4)ccc3F)COC[C@H]2S1(=O)=O,Active
Cc1cc(CN2C(=O)[C@]3(N=C2N)c2cc(C#N)ccc2C[C@@]32C[C@@H](C)[C@H](O)[C@@H](C)C2)ccn1,Active
C[C@@]1(c2cc(NC[C@H]3CCCO3)ccc2F)COCC(N)=N1,Moderate
CO[C@H]1[C@H](C)C[C@@]2(Cc3ccc(C#N)cc3[C@]23N=C(N)N(CC2CCOCC2)C3=O)C[C@@H]1C,Active
C[C@@]1(F)CC(F)(F)[C@@](C)(c2cc(NC(=O)c3nc(CF)cs3)ccc2F)N=C1N,Active
CC1(C)C(=N)N[C@@]2(c3cc(NC(=O)c4ccc(F)cn4)ccc3F)COC(CF)[C@H]2S1(=O)=O,Active
C[C@@]1(F)CC(F)(F)[C@@](C)(c2cc(NC(=O)c3ccc(Cl)cc3)ccc2F)N=C1N,Moderate
Cc1nc(C(=O)Nc2ccc(F)c([C@]34COC[C@H]3S(=O)(=O)C(C)(C)C(=N)N4)c2)c(C)o1,Active
COc1cccc2c1OCC[C@]21CNC[C@H]1C(=O)N1CC[C@@H](c2ccccc2)C[C@H]1C1CCCC(F)(F)C1,Moderate
COc1cnc(C(=O)Nc2ccc(F)c([C@]34COC[C@H]3S(=O)(=O)N(C)C(=N)N4)c2)c(F)c1,Active
CN(C)c1cccc(CNC[C@@H](O)[C@H](Cc2ccccc2)NC(=O)[C@@H]2CN(CCc3ccccc3)C(=O)N2)c1,Moderate
COc1nc(N2C[C@@H]3[C@](c4cc(F)c(F)cc4F)(C2)NC(=N)N(C)S3(=O)=O)nc(C)c1F,Active
C[C@@H]1C[C@@]2(Cc3ccc(C#N)cc3[C@]23N=C(N)N(CCC(F)(F)F)C3=O)C[C@H](C)[C@H]1O,Active
Cn1ccc(C(=O)Nc2ccc(F)c([C@@]3(C)N=C(N)[C@](C)(F)CC3(F)F)c2)n1,Moderate
C[C@]1(C2CC2)C(=N)N[C@@]2(c3cc(NC(=O)c4ccc(F)cn4)ccc3F)COC[C@H]2S1(=O)=O,Active
CO[C@H]1CC[C@]2(CC1)Cc1ccc(Br)cc1[C@@]21N=C(C)C(N)=N1,Moderate
C[C@@]1(c2ccc(F)cc2)C(=N)N[C@@]2(c3cc(NC(=O)c4ccc(F)cn4)ccc3F)COC[C@H]2S1(=O)=O,Active
COc1ccc(C(=O)Nc2ccc(F)c([C@]34COC(CF)[C@H]3S(=O)(=O)C(C)(C)C(=N)N4)c2)nc1,Active
C[C@]1(c2nc(NC(=O)c3ncc(C(F)F)cc3N)ccc2F)N=C(N)OCC1(F)F,Moderate
NC1=N[C@]2(COCC1)c1cc(-c3cccnc3F)ccc1Oc1cnc(-c3ccnc(F)c3)cc12,Moderate
CO[C@H]1CC[C@]2(CC1)Cc1ccc(C#CC3CCC3)cc1[C@]21N=C(C)C(N)=N1,Active
C[C@]1(c2nc(NC(=O)c3ncc(C(F)F)nc3N)ccc2F)N=C(N)OCC1(F)F,Moderate
Cc1cc(C(=O)Nc2ccc(F)c([C@@]3(C)N=C(N)[C@](C)(F)CC3(F)F)c2)on1,Moderate
C[C@@H]1C[C@@]2(Cc3ccc(-c4cncnc4)cc3[C@]23N=C(N)N(CC(C)(C)F)C3=O)C[C@H](C)[C@H]1O,Active
C#CCOc1ccc(C(=O)Nc2ccc(F)c([C@]34COC[C@H]3S(=O)(=O)C(C)(C)C(=N)N4)c2)nc1,Active
O=C([C@@H]1CNC[C@]12CCc1ccccc12)N1CC[C@@H](c2ccccc2)C[C@H]1c1ccccc1,Active
COC1CCC2(CC1)Cc1ccc(OCC3CC3)cc1[C@]21N=C(N)N(C)C1=O,Active
CO[C@H]1[C@H](C)C[C@@]2(Cc3ccc(C#N)cc3[C@]23N=C(N)N(C2COC2)C3=O)C[C@@H]1C,Active
CC(C)[C@@H]1C[C@H](c2ccccc2)CCN1C(=O)[C@@H]1CNC[C@]12CCCc1ccccc12,Inactive
CC1(c2sc(-c3cncc(C#N)c3)cc2Cl)CS(=O)(=O)[C@@]2(CCOC2)C(=N)N1,Moderate
CC1(C)C(=N)N[C@@]2(c3cc(NC(=O)c4cnc(OCCF)cn4)ccc3F)COC[C@H]2S1(=O)=O,Active
CC1(C)C(=N)N[C@@]2(c3cc(NC(=O)C(F)F)ccc3F)COC[C@H]2S1(=O)=O,Moderate
C[C@@]1(F)CC(F)(F)[C@@](C)(c2cc(NC(=O)c3coc(C(F)F)n3)ccc2F)N=C1N,Active
CN1C(=O)[C@]2(N=C1N)c1cc(OCC3CC3)ccc1CC21CCc2ccccc2CC1,Active
CC1(C)C(=N)N[C@@]2(c3cc(NC(=O)c4ccc(C#N)cn4)ccc3F)COC[C@H]2S1(=O)=O,Active
Cc1nc(C(=O)Nc2ccc(F)c([C@@]3(C)N=C(N)[C@](C)(F)CC3(F)F)c2)no1,Moderate
CC[C@@H]1C[C@]2(CC[C@H]1OC)Cc1ccc(C#N)cc1[C@]21N=C(N)N(CC(C)(C)F)C1=O,Active
COc1cnc(C(=O)Nc2ccc(F)c([C@]34COC[C@H]3S(=O)(=O)C(C)(C)C(=N)N4)c2)c(C)c1,Active
C[C@@]1(F)CC(F)(F)[C@@](C)(c2cc(NC(=O)c3ccn(C(F)F)n3)ccc2F)N=C1N,Active
COC1CCC2(CC1)Cc1ccc(-c3cncc(C(F)(F)F)c3)cc1[C@]21N=C(N)N(C(C)C)C1=O,Active
CC1=C[C@@H]2Cc3nc4cc(Cl)ccc4c(NCCCCCCCCCNC(=O)c4cc(O)c5c(c4)C(=O)c4cccc(O)c4C5=O)c3[C@H](C1)C2,Active
CC[C@@H]1C[C@]2(CC[C@H]1OC)Cc1ccc(C#N)cc1[C@]21N=C(N)N(CC2(F)CCOCC2)C1=O,Active
Cc1nn(C)c2c1CC1(CC2)Cc2ccc(Br)cc2C12N=C(N)N(C)O2,Moderate
COC1CCC2(CC1)Cc1ccc(C#CCC(C)C)cc1[C@]21N=C(N)N(C)C1=O,Active
C[C@]1(c2nc(NC(=O)c3ncc(C#CCO)cc3Cl)ccc2F)N=C(N)OCC1(F)F,Active
Cc1csc(C(=O)Nc2ccc(F)c([C@@]3(C)N=C(N)[C@](C)(F)CC3(F)F)c2)n1,Moderate
CC1(C)C(=N)N[C@@]2(c3cc(NC(=O)c4cn5ccsc5n4)ccc3F)COC[C@H]2S1(=O)=O,Active
COCC(C)N1C(=O)[C@]2(N=C1N)c1cc(CCC3CC3)ccc1CC21CCC(OC)CC1,Moderate
COc1cnc(C(=O)Nc2ccc(F)c([C@]34COC[C@H]3S(=O)(=O)C(C)(C)C(=N)N4)c2)c(C)n1,Active
C[C@@H]1C[C@@]2(Cc3ccc(C#N)cc3[C@]23N=C(N)N(CC2(F)CCOCC2)C3=O)C[C@H](C)[C@H]1O,Active
CN1C(=O)[C@]2(N=C1N)c1cc(C#CC3CC3)ccc1C[C@]21CC[C@@H](OC(F)F)CC1,Active
CN1C(=N)N[C@@]2(c3cc(NC(=O)c4ccc(C(F)(F)F)cn4)ccc3F)COC[C@H]2S1(=O)=O,Active
C[C@@H](F)COc1cnc(C(=O)Nc2csc([C@]34CO[C@@H](C)C[C@H]3CSC(N)=N4)n2)cn1,Moderate
C[C@]1(c2cc(NC3CCc4cc(Cl)ccc43)ccc2F)COCC(N)=N1,Active
COc1nc(N2C[C@@H]3[C@](c4cc(F)ccc4F)(C2)NC(=N)N(C)S3(=O)=O)nc(C)c1F,Active
CN1C(=N)N[C@@]2(c3cc(NC(=O)c4ccc(Cl)cn4)ccc3F)COC[C@H]2S1(=O)=O,Active
C[C@@H]1C[C@@]2(Cc3ccc(NC(=O)C(C)(C)F)cc3[C@]23N=C(N)N(CC(C)(C)F)C3=O)C[C@H](C)[C@H]1O,Active
Cc1cc(C#N)cnc1C(=O)Nc1ccc(F)c([C@@]2(C)N=C(N)OCC2(F)F)n1,Active
COCCOc1ccc2c(c1)[C@]1(N=C(N)N(C)C1=O)C1(CCC(OC)CC1)C2,Active
COC1CCC2(CC1)Cc1ccc(C#N)cc1[C@]21N=C(N)N(C)C1=O,Active
CC[Si](CC)(CC)c1cc(Br)nc([C@@](CC(=O)OC(C)(C)C)(N[S@+]([O-])C(C)(C)C)C(F)F)c1F,Active
C#CCOc1cnc(C(=O)Nc2ccc(F)c([C@]34COC[C@H]3S(=O)(=O)C(C)(C)C(=N)N4)c2)cn1,Active
C[C@]1(c2nc(NC(=O)c3ncc(OCCCl)nc3N)ccc2F)N=C(N)OCC1(F)F,Moderate
COCc1cc(OC)nc(N2CC3[C@](c4ccccc4F)(C2)NC(=N)N(C)S3(=O)=O)c1,Active
COc1nc(N2C[C@@H]3[C@](c4ccc(F)cc4)(C2)NC(=N)N(C)S3(=O)=O)nc(C)c1F,Active
COCc1cc(OC)nc(N2C[C@@H]3[C@](c4cc(F)ccc4F)(C2)NC(=N)N(C)S3(=O)=O)c1,Active
C[C@]1(c2nc(NC(=O)c3ncc(OCCCF)nc3N)ccc2F)N=C(N)OCC1(F)F,Moderate
COc1cnc(C(=O)Nc2ccc(F)c([C@]3(CF)C[C@H](C(F)(F)F)OC(N)=N3)c2)cn1,Moderate
C[C@@]1(c2cc(NC(=O)[C@H]3CCCO3)ccc2F)CS(=O)(=O)[C@]2(CCOC2)C(=N)N1,Moderate
C[C@]1(c2nc(NC(=O)c3ncc(OCC(F)F)cc3Cl)ccc2F)N=C(N)OCC1(F)F,Moderate
COCCOc1cnc(C(=O)Nc2ccc(F)c([C@@]3(C)N=C(N)OCC3(F)F)n2)c(N)n1,Moderate
CN1C(=N)N[C@@]2(c3cc(NC(=O)c4cnc(C(F)(F)F)cn4)ccc3F)COC[C@H]2S1(=O)=O,Active
C[C@]1(c2nc(NC(=O)c3ncc(Cl)cc3N)ccc2F)N=C(N)OCC1(F)F,Active
C[C@@]1(F)CC(F)(F)[C@@](C)(c2cc(NC(=O)c3ccc(Cl)cn3)ccc2F)N=C1N,Active
CO[C@H]1CC[C@]2(CC1)Cc1ccc(OCC3CC3)cc1[C@]21N=C(N)N(CC(F)(F)F)C1=O,Moderate
COCCN1C(=O)[C@]2(N=C1N)c1cc(C#CC3CC3)ccc1C[C@]21CC[C@@H](OC)CC1,Active
C[C@]1(c2ccc(F)cc2)C(=N)N[C@@]2(c3cc(NC(=O)c4ccc(F)cn4)ccc3F)COC[C@H]2S1(=O)=O,Active
COC1CCC2(CC1)Cc1ccc(C#CC3CC3)cc1[C@]21N=C(N)N(C[C@H]2CCCO2)C1=O,Active
CC(C)[C@H](NC(=O)[C@@H](N)CNC(=O)c1nn[nH]n1)C(=O)N[C@@H](CC1CCCCC1)C(=O)N[C@@H](Cc1ccccc1)[C@@H](O)C(=O)Nc1cccc(-c2nn[nH]n2)c1,Active
CC(C)c1cccc(CNC[C@@H](O)[C@H](Cc2ccccc2)NC(=O)[C@@H]2CN(Cc3cc(F)cc(F)c3)C(=O)N2)c1,Moderate
COc1cnc(C(=O)Nc2ccc(F)c([C@]34CCC[C@H]3S(=O)(=O)N(C)C(=N)N4)c2)c(C)n1,Active
Cc1cc(C#N)cnc1C(=O)Nc1ccc(F)c([C@@]2(C)N=C(N)[C@@H]3CO[C@H]2O3)c1,Active
CO[C@]1(C)OC[C@@](C)(c2cc(NC(=O)c3ncc(C#N)cc3C)ccc2F)N=C1N,Active
CN1C(=N)N[C@@]2(c3cc(NC(=O)c4ncc(F)cc4F)ccc3F)CCC[C@H]2S1(=O)=O,Active
Cc1cnc(C(=O)Nc2ccc(F)c([C@]34CCC[C@H]3S(=O)(=O)N(C)C(=N)N4)c2)cn1,Moderate
COc1cccc(-c2nc(SCC(=O)Nc3nc(-c4cccc(Br)c4)cs3)[nH]c(=O)c2C#N)c1,Moderate
COc1cccc(-c2nc(SC(C(N)=O)c3nc(-c4ccc([N+](=O)[O-])cc4)cs3)[nH]c(=O)c2C#N)c1,Moderate
CC1(C)OC[C@](c2cc(NC(=O)c3ccc(Br)cn3)ccc2F)(C(F)F)N=C1N,Active
CCOc1cccc(-c2nc(SC(C(N)=O)c3nc(-c4ccccc4)c[nH]3)[nH]c(=O)c2C#N)c1,Moderate
COc1cnc2c(C(=O)Nc3ccc(F)c([C@]45CCC[C@H]4S(=O)(=O)N(C)C(=N)N5)c3)nccc2n1,Active
Cc1cc(F)cnc1C(=O)Nc1ccc(F)c([C@]23CCC[C@H]2S(=O)(=O)N(C)C(=N)N3)c1,Active
COc1cccc(-c2nc(SC(C(N)=O)c3nc(-c4cccc([N+](=O)[O-])c4)cs3)[nH]c(=O)c2C#N)c1,Moderate
N#Cc1c(-c2cccc(C(F)(F)F)c2)nc(SCC(=O)Nc2nc(-c3cc(Cl)c(N)c(Cl)c3)cs2)[nH]c1=O,Moderate
Cc1cc(C#N)cnc1C(=O)Nc1ccc(F)c([C@]2(CF)COC(CF)(CF)C(N)=N2)c1,Active
CCOc1cccc(-c2nc(SCC(=O)Nc3nc(-c4cc(Cl)c(N)c(Cl)c4)cs3)[nH]c(=O)c2C#N)c1,Inactive
N#Cc1c(-c2cccc(OC(F)(F)F)c2)nc(SC(C(N)=O)c2nc(-c3ccccc3)cs2)[nH]c1=O,Moderate
Cc1cc(C#N)cnc1C(=O)Nc1ccc(F)c([C@]2(C)COC(CF)(CF)C(N)=N2)c1,Active
COc1cccc(-c2nc(SC(C(N)=O)c3nc(-c4ccccc4)c[nH]3)[nH]c(=O)c2C#N)c1,Moderate
CC[C@H](C)[C@H](NC(=O)[C@H](CCC(=O)O)NC(=O)[C@H](CCC(=O)O)NC(=O)[C@@H](NC(=O)[C@@H](N)CCCCN)[C@@H](C)O)C(=O)N[C@@H](CO)C(=O)N[C@@H](CCC(=O)O)C(=O)N[C@H](C(=O)N[C@@H](CC(N)=O)C(=O)N[C@@H](CC(C)C)[C@@H](O)CC(=O)N[C@H](C(=O)N[C@@H](C)C(=O)N[C@@H](CCC(=O)O)C(=O)N[C@@H](Cc1ccccc1)C(=O)O)C(C)C)C(C)C,Moderate
CN1C(=N)N[C@@]2(c3cc(NC(=O)c4ccc(Cl)cn4)ccc3F)CCC[C@H]2S1(=O)=O,Active
NC1=N[C@@](c2cccc(NC(=O)c3ccc(Br)cn3)c2)(C(F)F)COC1,Active
Cc1ccc(C(=O)Nc2ccc(F)c([C@]34CCC[C@H]3S(=O)(=O)N(C)C(=N)N4)c2)nc1,Active
COc1ccccc1-c1nc(SC(C(N)=O)c2nc(-c3cccc([N+](=O)[O-])c3)cs2)[nH]c(=O)c1C#N,Moderate
C[C@]1(C(F)(F)F)OC[C@@](C)(c2cccc(NC(=O)c3ccc(Br)cn3)c2)N=C1N,Moderate
CN1C(=N)N[C@@]2(c3cc(NC(=O)c4nccc5cc(Br)cnc45)ccc3F)CCC[C@H]2S1(=O)=O,Active
Cc1cc(C#N)cnc1C(=O)Nc1ccc(F)c([C@]2(C(F)F)COC3(CC3)C(N)=N2)c1,Active
COc1cccc(-c2nc(SCC(=O)Nc3nc(-c4cc(Cl)c(N)c(Cl)c4)c[nH]3)[nH]c(=O)c2C#N)c1,Moderate
CCCC(CCC)S(=O)(=O)C[C@@H](NC(=O)c1ccc(C)cc1)C(=O)N[C@@H](Cc1cc(F)cc(F)c1)[C@H](O)CNCc1cccc(CC)c1,Active
COc1cnc2c(C(=O)Nc3ccc(F)c([C@]45CCC[C@H]4S(=O)(=O)N(C)C(=N)N5)c3)nccc2c1,Active
COc1cccc(-c2nc(SCC(=O)Nc3nc(-c4cc(Cl)c(N)c(Cl)c4)cs3)[nH]c(=O)c2C#N)c1,Moderate
CCOc1cccc(-c2nc(SC(C(N)=O)c3nc(-c4ccc([N+](=O)[O-])cc4)cs3)[nH]c(=O)c2C#N)c1,Moderate
Cc1cc(C#N)cnc1C(=O)Nc1cc(F)c(F)c([C@]2(C(F)F)COCC(N)=N2)c1,Active
N#Cc1c(-c2cccc(C(F)(F)F)c2)nc(SC(C(N)=O)c2nc(-c3ccccc3)cs2)[nH]c1=O,Moderate
Cc1cc(C#N)cnc1C(=O)Nc1ccc(F)c([C@]2(C(F)F)COC(CF)(CF)C(N)=N2)c1,Moderate
COc1cccc(-c2nc(SC(C(N)=O)c3nc(-c4ccccc4)cs3)[nH]c(=O)c2C#N)c1,Moderate
CN1C(=N)N[C@@]2(c3cc(NC(=O)c4ccc(C#N)cn4)ccc3F)CCC[C@H]2S1(=O)=O,Active
CO[C@@]1(C)OC[C@@](C)(c2cc(NC(=O)c3ncc(C#N)cc3C)ccc2F)N=C1N,Active
CN1C(=N)N[C@@]2(c3cc(NC(=O)c4ncc(Cl)cc4F)ccc3F)CCC[C@H]2S1(=O)=O,Active
COc1cnc2c(C(=O)Nc3ccc(F)c([C@]45CCC[C@H]4S(=O)(=O)N(C)C(=N)N5)c3)ccnc2c1,Moderate
Cc1cc(C#N)cnc1C(=O)Nc1ccc(F)c([C@]2(C(F)F)COC3(CCOCC3)C(N)=N2)c1,Active
COc1cccc(-c2nc(SC(C(N)=O)c3nc(-c4cccc(-c5cccnc5F)c4)cs3)[nH]c(=O)c2C#N)c1,Moderate
COc1ccccc1-c1nc(SC(C(N)=O)c2nc(-c3ccc([N+](=O)[O-])cc3)cs2)[nH]c(=O)c1C#N,Inactive
CN1C(=N)N[C@@]2(c3cc(NC(=O)c4ccc(OC(F)F)cn4)ccc3F)CCC[C@H]2S1(=O)=O,Active
NC1=NC(c2c(F)ccc(NC(=O)c3ccc(Br)cn3)c2F)(C(F)F)COC1,Moderate
CN(C)c1cccc(CNC[C@@H](O)[C@H](Cc2ccccc2)NC(=O)[C@@H]2CN(Cc3cc(F)cc(F)c3)C(=O)N2)c1,Moderate
CCCC(CCC)S(=O)(=O)C[C@@H](NC(=O)OC)C(=O)N[C@@H](Cc1cc(F)cc(F)c1)[C@H](O)CNCc1cccc(CC)c1,Active
CCCC(CCC)S(=O)(=O)C[C@@H](NC(=O)OCc1cccnc1)C(=O)N[C@@H](Cc1cc(F)cc(F)c1)[C@H](O)CNCc1cccc(CC)c1,Active
N=c1oc2ccccc2cc1C(=O)Nc1cc(Br)ccc1NCc1cn(Cc2cccc(Cl)c2Cl)nn1,Inactive
O=C(NCCNc1ccnc2cc(Cl)ccc12)c1cnccn1,Moderate
COCCOc1cnc(C(=O)Nc2ccc(F)c([C@@]3(C)N=C(N)CO[C@H]3C(F)(F)F)c2)cn1,Active
N=c1oc2ccccc2cc1C(=O)Nc1cc(Br)ccc1NCc1cn(CCCCN2C(=O)c3ccccc3C2=O)nn1,Moderate
C[C@]1(c2cc(NC(=O)c3cnc(N4CCC4)cn3)ccc2F)N=C(N)CO[C@H]1C(F)(F)F,Moderate
C[C@]1(c2cc(NC(=O)c3ncc(C#N)cc3Cl)ccc2F)N=C(N)CO[C@@H]1F,Active
COc1cnc(C(=O)Nc2ccc(F)c([C@@]3(C)N=C(N)CO[C@H]3C(F)F)c2)cn1,Active
C[C@]1(c2cc(NC(=O)c3cnc(NCC(F)(F)F)cn3)ccc2F)N=C(N)CO[C@H]1C(F)(F)F,Moderate
C[C@]1(c2cc(NC(=O)c3ccc(C#N)cn3)ccc2F)N=C(N)CO[C@H]1C(F)(F)F,Active
COc1cnc(C(=O)Nc2ccc(F)c([C@@]3(C)N=C(N)CO[C@H]3C(F)(F)F)c2)cn1,Active
Cl.Oc1ccc(/C=N/CCNCCn2cnc3ccccc32)c(O)c1,Inactive
Cl.Nc1ncnc2c1ncn2CCNCC/N=C/c1ccc(O)cc1O,Inactive
N=c1oc2ccccc2cc1C(=O)Nc1cc(Br)ccc1NCc1cn(Cc2ccc(Cl)c(Cl)c2)nn1,Moderate
C[C@]1(c2cc(NC(=O)c3cnc(OCC(F)(F)F)cn3)ccc2F)N=C(N)CO[C@H]1C(F)(F)F,Active
N=c1oc2ccccc2cc1C(=O)Nc1cc(Br)ccc1NCc1cn(CCCN2C(=O)c3ccccc3C2=O)nn1,Moderate
C[C@@]1(c2cc(NC(=O)c3cncnc3)ccc2F)COCC(N)=N1,Moderate
C[C@]1(c2cc(NC(=O)c3ncc(C#N)cc3Cl)ccc2F)N=C(N)CO[C@H]1C(F)(F)F,Active
COC(=O)c1cc(C)c2c(n1)sc1ccc(OC)cc12,Moderate
COc1cnc(C(=O)Nc2ccc(F)c([C@@]3(C)N=C(N)COC3=C(F)F)c2)cn1,Active
C[C@]1(c2cc(NC(=O)c3cnc(NC4CC4)cn3)ccc2F)N=C(N)CO[C@H]1C(F)(F)F,Moderate
C[C@@]1(c2cc(NC(=O)c3ncccc3C#N)ccc2F)COCC(N)=N1,Active
N=c1oc2ccccc2cc1C(=O)Nc1cc(Br)ccc1NCc1cn(Cc2ccc(Br)cc2)nn1,Moderate
Oc1ccc(/C=N/CCn2ccc3ccccc32)c(O)c1,Moderate
C[C@]1(c2cc(NC(=O)c3cnc(OC(F)(F)C(F)(F)F)cn3)ccc2F)N=C(N)CO[C@H]1C(F)(F)F,Active
C[C@@]1(c2cc(N/C=C/c3ccc(C#N)cn3)ccc2F)COCC(N)=N1,Moderate
C[C@]1(c2cc(NC(=O)c3ncc(C#N)cc3F)ccc2F)N=C(N)CO[C@@H]1F,Active
COc1ccc2sc(N)cc2c1,Moderate
COC(=O)c1cc(C)nc2sc3cccc(OC)c3c12,Moderate
CC(C)C[C@H](NC(=O)[C@H](CC(N)=O)NC(=O)[C@@H](N)C(C)C)C(O)C[C@@H](C)C(=O)N[C@@H](C)C(=O)N[C@@H](CCC(=O)O)C(=O)N[C@@H](Cc1ccccc1)C(=O)O,Active
CC(C)CN(CCCN1CCN(CCCNc2nc3ccccc3[nH]2)CC1)CC(C)C,Moderate
CC(=O)N[C@@H](Cc1ccccc1)C(=O)N[C@@H](Cc1ccccc1)[C@@H](O)CC(=O)N[C@@H](CC1CCCCC1)[C@@H](O)CC(=O)N[C@H](C(=O)NCc1ccc(C(=O)O)cc1)C(C)C,Moderate
O=S(=O)(c1ccccc1)N(CC(O)Cn1c2ccccc2c2ccccc21)c1ccc(C(F)(F)F)cc1,Moderate
COc1ccc(S(=O)(=O)N(CC(O)Cn2c3ccccc3c3ccccc32)c2ccccc2)cc1,Moderate
COc1cc(C#N)cnc1C(=O)Nc1ccc(F)c([C@]2(C)C=C(CF)OC(N)=N2)c1,Moderate
Cc1cccc2nc(-c3ccc(OCCCN4C(=O)c5ccccc5C4=O)cc3)c(NC3CCCCC3)n12,Active
C[C@H]1C[C@H]2CSC(N)=N[C@@]2(c2ccsc2)CO1,Moderate
COc1cnc(C(=O)Nc2ccc(F)c([C@]3(C)C=C(CF)OC(N)=N3)c2)cn1,Active
COc1cccc(NC(=O)c2cnc([C@]34CO[C@@H](C)C[C@H]3CSC(N)=N4)s2)c1,Active
O=[N+]([O-])c1ccc(N(CC(O)Cn2c3ccccc3c3ccccc32)S(=O)(=O)c2ccccc2)cc1,Moderate
Cc1ccc(N(CC(O)Cn2c3ccccc3c3ccccc32)S(=O)(=O)c2ccccc2)cc1,Moderate
C[C@H]1C[C@H]2CSC(N)=N[C@@]2(c2nc(NC(=O)c3cnc(OC(F)F)cn3)cs2)CO1,Active
C[C@H]1C[C@H]2CSC(N)=N[C@@]2(c2cccs2)CO1,Moderate
O=S(=O)(c1ccccc1)N(CCc1ccccc1)CC(O)Cn1c2ccccc2c2ccccc21,Moderate
O=S(=O)(c1ccccc1)N(Cc1ccc(Cl)cc1)CC(O)Cn1c2ccccc2c2ccccc21,Moderate
Cc1cc(C#N)cnc1C(=O)Nc1ccc(F)c([C@]2(C)C=C(CF)OC(N)=N2)c1,Active
C[C@H]1OC[C@]2(c3cc(NC(=O)c4cnc(C(F)F)cn4)ccc3F)N=C(N)SC[C@H]12,Active
COc1cc(-c2nc3ccc(Br)cn3c2NC(C)(C)C)ccc1OCCCN1C(=O)c2ccccc2C1=O,Active
COc1ccc(CN(CC(O)Cn2c3ccccc3c3ccccc32)S(=O)(=O)c2ccccc2)cc1,Moderate
CC1=COC(N)=N[C@]1(C)c1cc(NC(=O)c2ccc(C#N)cn2)ccc1F,Active
O=C1c2ccccc2C(=O)N1CCCOc1ccc(-c2nc3ccc(Br)cn3c2NC2CCCCC2)cc1,Active
COc1ccc(S(=O)(=O)N(Cc2ccccc2)CC(O)Cn2c3ccccc3c3ccccc32)cc1,Moderate
C[C@@]1(c2cc(NC(=O)c3ccc(C#N)cn3)ccc2F)C=COC(N)=N1,Active
NC1=N[C@@]2(c3cc(NC(=O)c4ccc(F)cn4)ccc3F)CCC[C@H]2CS1,Active
O=S(=O)(c1ccc(Cl)cc1)N(CCc1ccccc1)CC(O)Cn1c2ccccc2c2ccccc21,Moderate
C=C1C[C@H]2[C@]3(C)CCC(=O)C(C)(C)[C@@H]3C(=O)[C@@H](O)[C@]2(C)[C@@H](C(=O)OC)[C@]1(C)C(=O)[C@](C)(O)C(=O)OC,Inactive
O=C1c2ccccc2C(=O)N1CCCOc1ccc(-c2nc3ccccn3c2NC2CCCCC2)cc1,Moderate
COc1ccc(S(=O)(=O)N(CCc2ccccc2)CC(O)Cn2c3ccccc3c3ccccc32)cc1,Moderate
Cc1ccn2c(NC(C)(C)C)c(-c3ccc(OCCCN4C(=O)c5ccccc5C4=O)cc3)nc2c1,Active
Cc1ccc(S(=O)(=O)N(CC(O)Cn2c3ccccc3c3ccccc32)c2ccccc2)cc1,Moderate
C[C@@]1(c2cc(NC(=O)c3coc(CF)n3)ccc2F)C=C(CF)OC(N)=N1,Active
C[C@H]1C[C@H]2CSC(N)=N[C@@]2(c2ccccc2)CO1,Moderate
C[C@@]1(c2cc(NC(=O)c3ncc(C#N)cc3Cl)ccc2F)C=C(CF)OC(N)=N1,Active
COc1cc(-c2nc3ccc(Cl)cn3c2NC2CCCCC2)ccc1OCCCN1C(=O)c2ccccc2C1=O,Moderate
O=S(=O)(c1ccccc1)N(Cc1ccccc1)CC(O)Cn1c2ccccc2c2ccccc21,Moderate
Cc1ccc(S(=O)(=O)N(CC(O)Cn2c3ccccc3c3ccccc32)C2CCCCC2)cc1,Moderate
CC1=C[C@@](CF)(c2cc(NC(=O)c3ccc(C#N)cn3)ccc2F)N=C(N)O1,Active
O=S(=O)(c1ccc(Cl)cc1)N(CC(O)Cn1c2ccccc2c2ccccc21)c1ccccc1,Moderate
COc1ccccc1[C@]12CO[C@@H](C)C[C@H]1CSC(N)=N2,Moderate
CC(C)(C)Nc1c(-c2ccc(OCCCN3C(=O)c4ccccc4C3=O)cc2)nc2ccc(Br)cn12,Moderate
C[C@H]1C[C@H]2CSC(N)=N[C@@]2(c2ccccc2C(F)(F)F)CO1,Moderate
Cc1ccc2nc(-c3ccc(OCCCN4C(=O)c5ccccc5C4=O)cc3)c(NC3CCCCC3)n2c1,Moderate
C=C1C[C@H]2[C@]3(C)CCC(=O)C(C)(C)[C@@H]3C(=O)[C@@H](O)[C@]2(C)[C@H]2C(=O)O[C@](C)(C(=O)OC)C(=O)[C@]12C,Moderate
Cc1ccc(S(=O)(=O)N(CCc2ccccc2)CC(O)Cn2c3ccccc3c3ccccc32)cc1,Moderate
C[C@@]1(c2cc(NC(=O)c3ncc(OCF)nc3N)ccc2F)C=C(CF)OC(N)=N1,Active
O=S(=O)(c1ccc(Cl)cc1)N(Cc1ccccc1)CC(O)Cn1c2ccccc2c2ccccc21,Moderate
Cc1cccn2c(NC3CCCCC3)c(-c3ccc(OCCCN4C(=O)c5ccccc5C4=O)cc3)nc12,Active
C[C@H]1C[C@H]2CSC(N)=N[C@@]2(c2nc(NC(=O)c3ccc(C#N)cn3)cs2)CO1,Active
COc1cccc(NC(=O)c2cnc([C@]34CO[C@@H](C)C[C@H]3CSC(N)=N4)s2)n1,Active
O=S(=O)(c1ccc(Cl)cc1)N(CC(O)Cn1c2ccccc2c2ccccc21)C1CCCCC1,Moderate
C[C@@]1(c2cc(NC(=O)c3coc(C(F)F)n3)ccc2F)C=C(CF)OC(N)=N1,Active
COc1cc(-c2nc3ccc(Cl)cn3c2NC(C)(C)C)ccc1OCCCN1C(=O)c2ccccc2C1=O,Active
N#Cc1ccc(C(=O)Nc2ccc(F)c([C@]3(C4CC4)C=C(CF)OC(N)=N3)c2)nc1,Moderate
O=C1c2ccccc2C(=O)N1CCCOc1ccc(-c2nc3ccc(Cl)cn3c2NC2CCCCC2)cc1,Active
C[C@@]1(c2cc(NC(=O)c3ccc(C#N)cn3)ccc2F)C=C(CF)OC(N)=N1,Active
C[C@H]1C[C@H]2CSC(N)=N[C@@]2(c2ncccc2F)CO1,Moderate
C[C@H]1C[C@H]2CSC(N)=N[C@@]2(c2nccs2)CO1,Moderate
COc1cc(-c2nc3ccccn3c2NC2CCCCC2)ccc1OCCCN1C(=O)c2ccccc2C1=O,Active
C[C@@]1(c2cc(NC(=O)c3cnc(C(F)F)cn3)ccc2F)C=C(CF)OC(N)=N1,Moderate
Cc1ccn2c(NC3CCCCC3)c(-c3ccc(OCCCN4C(=O)c5ccccc5C4=O)cc3)nc2c1,Moderate
C[C@H]1C[C@H]2CSC(N)=N[C@@]2(c2nc(NC(=O)c3ccn(C(F)F)n3)cs2)CO1,Active
C=C1C[C@H]2[C@]3(C)CCC(=O)C(C)(C)[C@@H]3C(=O)[C@@H](O)[C@]2(C)[C@H]2C(=O)O[C@@H](C)C(=O)[C@]12C,Moderate
Cc1cc(C#N)cnc1C(=O)Nc1ccc(F)c([C@]2(C)C=C(C(F)F)OC(N)=N2)c1,Active
C[C@@]1(c2cc(NC(=O)c3cnc(OCF)cn3)ccc2F)C=C(CF)OC(N)=N1,Active
COc1ccc(C(=O)Nc2csc([C@]34CO[C@@H](C)C[C@H]3CSC(N)=N4)n2)cc1,Active
COc1cc(-c2nc3ccc(Br)cn3c2NC2CCCCC2)ccc1OCCCN1C(=O)c2ccccc2C1=O,Active
COc1ccc(S(=O)(=O)N(CC(O)Cn2c3ccccc3c3ccccc32)C2CCCCC2)cc1,Moderate
CC#Cc1cncc(-c2ccc3c(c2)[C@@]2(N=C(C)C(N)=N2)[C@]2(CC[C@@H](OC)CC2)C3)c1,Active
CC(C)(C)Nc1c(-c2ccc(OCCCN3C(=O)c4ccccc4C3=O)cc2)nc2ccc(Cl)cn12,Active
COCC1=C[C@@](C)(c2cc(NC(=O)c3ccc(C#N)cn3)ccc2F)N=C(N)O1,Active
Cc1ccc(S(=O)(=O)N(Cc2ccccc2)CC(O)Cn2c3ccccc3c3ccccc32)cc1,Moderate
O=S(=O)(c1ccccc1)N(CC(O)Cn1c2ccccc2c2ccccc21)C1CCCCC1,Moderate
C[C@H](F)[C@H]1OC(N)=N[C@](C)(c2cc(NC(=O)c3cnc(OCF)cn3)ccc2F)[C@H]1F,Active
CO[C@H]1[C@@H](CF)OC(N)=N[C@]1(C)c1cc(NC(=O)c2ccc(C#N)cn2)ccc1F,Active
C[C@@H](F)[C@H]1OC(N)=N[C@](C)(c2cc(NC(=O)c3cnc(OCF)cn3)ccc2F)[C@H]1F,Active
C[C@]1(c2cc(NC(=O)c3ccc(C#N)cn3)ccc2F)N=C(N)O[C@H](CF)[C@@H]1F,Active
COC[C@H]1OC(N)=N[C@](C)(c2cc(NC(=O)c3ccc(C#N)cn3)ccc2F)[C@H]1F,Active
C[C@]1(c2cc(NC(=O)c3ccc(F)cn3)ccc2F)N=C(N)O[C@H](CF)[C@@H]1F,Active
C[C@]1(c2cc(NC(=O)c3cnc(C(F)F)cn3)ccc2F)N=C(N)O[C@H](CF)[C@@H]1F,Active
CC(F)(F)[C@H]1OC(N)=N[C@](C)(c2cc(NC(=O)c3cnc(OCF)cn3)ccc2F)[C@H]1F,Active
C[C@]1(c2cc(NC(=O)c3ncc(C#N)cc3Cl)ccc2F)N=C(N)O[C@H](CF)[C@@H]1F,Active
COc1cnc(C(=O)Nc2ccc(F)c([C@@]3(C)N=C(N)O[C@H](CF)[C@@H]3F)c2)cn1,Active
C[C@]1(c2cc(NC(=O)c3cnc(OCF)cn3)ccc2F)N=C(N)O[C@H](CF)[C@@H]1F,Active
C[C@]1(c2cc(NC(=O)c3cnc(OCF)cn3)ccc2F)N=C(N)O[C@H](C2(F)CC2)[C@@H]1F,Active
C[C@]1(c2cc(NC(=O)c3ccc(C#N)cn3)ccc2F)N=C(N)O[C@@H](CF)[C@@H]1F,Moderate
C[C@@H]1COC(N)=N[C@]1(C)c1cc(NC(=O)c2ccc(C#N)cn2)ccc1F,Active
C[C@H]1COC(N)=N[C@]1(C)c1cc(NC(=O)c2ccc(C#N)cn2)ccc1F,Active
CC(C)CNC(=O)[C@@H](NC(=O)[C@H](C)C[C@H](O)[C@H](CC(C)C)NC(=O)[C@H](CNC(=O)OC(C)(C)C)NC(=O)C1=NO[C@@H]2OCC[C@H]12)C(C)C,Moderate
CSC[C@H](NC(=O)C1=NO[C@H]2OCC[C@@H]12)C(=O)N[C@@H](CC(C)C)[C@@H](O)C[C@@H](C)C(=O)N[C@H](C(=O)NCC(C)C)C(C)C,Moderate
CSC[C@H](NC(=O)C1=NO[C@@H]2OCC[C@H]12)C(=O)N[C@@H](CC(C)C)[C@@H](O)C[C@@H](C)C(=O)N[C@H](C(=O)NCC(C)C)C(C)C,Active
COc1cccc(CNC[C@@H](O)[C@H](Cc2ccccc2)NC(=O)[C@H](CS(C)(=O)=O)NC(=O)C2=NO[C@H]3OCC[C@@H]23)c1,Inactive
CC(C)CNC(=O)[C@@H](NC(=O)[C@H](C)C[C@H](O)[C@H](CC(C)C)NC(=O)[C@H](CS(C)(=O)=O)NC(=O)C1=NO[C@@H]2OCCC[C@H]12)C(C)C,Active
CC(C)CNC(=O)[C@@H](NC(=O)[C@H](C)C[C@H](O)[C@H](CC(C)C)NC(=O)[C@H](CNC(=O)OC(C)(C)C)NC(=O)C1=NO[C@H]2OCC[C@@H]12)C(C)C,Moderate
COc1cccc(CNC[C@@H](O)[C@H](Cc2ccccc2)NC(=O)[C@H](CS(C)(=O)=O)NC(=O)C2=NO[C@@H]3OCC[C@H]23)c1,Inactive
CCCN(CCC)C(=O)c1cccc(C(=O)N[C@@H](Cc2cc(F)cc(F)c2)[C@@H](O)C[C@@H](CC)C(=O)NC[C@H]2CC[C@H](C(=O)O)CC2)c1,Active
CC(C)CNC(=O)[C@@H](NC(=O)[C@H](C)C[C@H](O)[C@H](CC(C)C)NC(=O)[C@H](CS(C)(=O)=O)NC(=O)C1=NO[C@@H]2OCC[C@H]12)C(C)C,Moderate
CC(C)CNC(=O)[C@@H](NC(=O)[C@H](C)C[C@H](O)[C@H](CC(C)C)NC(=O)[C@H](CS(C)(=O)=O)NC(=O)C1=NO[C@H]2OCCC[C@@H]12)C(C)C,Moderate
CCCN(CCC)C(=O)c1cccc(C(=O)N[C@@H](CC(C)C)[C@@H](O)C[C@@H](C)C(=O)Nc2ccc(F)cc2)c1,Moderate
CC(C)CNC(=O)[C@@H](NC(=O)[C@H](C)C[C@H](O)[C@H](CC(C)C)NC(=O)[C@H](CS(C)(=O)=O)NC(=O)C1=NO[C@H]2OCC[C@@H]12)C(C)C,Moderate
COC[C@H](N)[C@H](Cc1cc(F)cc(F)c1)NC(=O)c1cc(N(C)C[C@H]2C[C@@H]2C)nc(N(C)S(C)(=O)=O)c1,Active
C[C@@H](NC(=O)c1cc(OCC(=O)NCCCCCN)cc(OS(=O)(=O)Cc2ccccc2)c1)c1ccc(F)cc1,Moderate
CC#Cc1cncc(-c2ccc3c(c2)[C@@]2(COC(N)=N2)c2cc(C4=CCCOC4)ncc2O3)c1,Active
CCNc1cc(C(=O)N[C@@H](Cc2ccccc2)[C@H](O)CNCc2cccc(OC)c2)cc(N2CCCCS2(=O)=O)c1,Active
NC1=N[C@@]2(CO1)c1cc(-c3cccc(F)n3)ccc1Oc1cnc(Cl)cc12,Moderate
CCCOc1nc(N2C[C@H]3C(=O)N(C)C(=N)N[C@@]3(c3cc(-c4cccc(C#N)c4)cs3)C2)ncc1F,Active
CN1C(=N)N[C@@]2(c3cc(-c4cccc(C#N)c4)cs3)CN(c3ncc(F)c(N4CCOCC4)n3)C[C@H]2C1=O,Active
COc1cc(C#N)cc(-c2csc([C@]34CN(c5ncc(F)cn5)C[C@H]3C(=O)N(C)C(=N)N4)c2)c1,Active
c1ccc(-c2ccc(NCCCN3CCCCC3)c(OCCN3CCCCC3)c2)c(CN2CCCCC2)c1,Moderate
CN(C)S(=O)(=O)N(C)c1cc2cc(c1)C(=O)N[C@@H](c1ccccc1)CCc1cccc(c1)C[C@@](C)(N)C(=O)OC2,Active
NC1=N[C@@]2(CO1)c1cc(NC(=O)c3ccc(Cl)cn3)ccc1Oc1cnc(C3CC3)cc12,Active
CCc1nc(N2C[C@H]3C(=O)N(C)C(=N)N[C@@]3(c3cc(-c4cccc(C#N)c4)cs3)C2)ncc1F,Active
c1ccc(-c2ccc(NCCCN3CCCCC3)c(OCCN3CCCCC3)c2)cc1,Moderate
CC1(C#Cc2cncc(-c3ccc4c(c3)[C@@]3(COC(N)=N3)c3cc(C5=CCOCC5)ncc3O4)c2)COC1,Active
CN(C)Cc1ccn(-c2ccc(NCCCN3CCCCC3)c(OCCN3CCCCC3)c2)c1,Moderate
CN1C(=N)N[C@@]2(c3cc(-c4cccc(Cl)c4)cs3)CN(c3ncc(F)cn3)C[C@H]2C1=O,Active
CN(C)Cc1ccccc1-c1ccc(NCCN2CCCCC2)c(OCCCN2CCCCC2)c1,Moderate
CC#Cc1cncc(-c2ccc3c(c2)[C@@]2(COC(N)=N2)c2cc(Cl)ncc2O3)c1,Active
Cc1ccc(-c2cc(CCN)ccc2O)cc1,Inactive
CCCN(CCC)C(=O)c1cc(C)cc(C(=O)N[C@@H](Cc2cc(F)cc(F)c2)[C@H](O)[C@H]2C[C@@H](Cc3ccc(OC)cc3)CCN2)c1,Moderate
CCCOc1ccc(-c2ccc(-c3ccccc3Cl)n2CC(=O)/N=C(/N)N[C@H]2CC[C@H](O)CC2)cc1,Moderate
CN(C)Cc1ccccc1-c1cccc(OCCN2CCCCC2)c1,Moderate
c1cc(-c2ccc(NCCCN3CCCCC3)c(OCCN3CCCCC3)c2)ccc1CN1CCCCC1,Moderate
CN(C)Cc1ccccc1-c1ccc(NCCN2CCCCC2)c(OCCCCN2CCCCC2)c1,Moderate
NC1=N[C@@]2(CO1)c1cc(-c3cncc(C#CC4CC4)c3)ccc1Oc1cnc(C3=CCOCC3)cc12,Active
CN1C(=N)N[C@@]2(c3cc(Br)cs3)CN(c3ncc(F)cn3)C[C@H]2C1=O,Active
CN(C)Cc1ccccc1-c1ccc(NCCCN2CCCCC2)c(OCCCN2CCCCC2)c1,Moderate
CN(C)Cc1ccccc1-c1ccc(NCCCN2CCCCC2)c(OCCN2CCCCC2)c1,Moderate
CC#Cc1cncc(-c2ccc3c(c2)[C@@]2(COC(N)=N2)c2cc(C4=CCOCC4)ncc2O3)c1,Active
NC1=N[C@@]2(CO1)c1cc(-c3cccc(F)n3)ccc1Oc1cnc(-c3ccnc(F)c3)cc12,Active
CCNc1cc(C(=O)N[C@@H](Cc2ccccc2)[C@H](O)CNCCCCC(C)C)cc(N2CCCC2=O)c1,Moderate
CN1C(=N)N[C@@]2(c3cc(-c4cccc(C#N)c4)cs3)CN(c3ncc(F)c(N4CCCC4)n3)C[C@H]2C1=O,Active
c1cc(CN2CCCCC2)cc(-c2ccc(NCCCN3CCCCC3)c(OCCN3CCCCC3)c2)c1,Moderate
NC1=N[C@@]2(CO1)c1cc(NC(=O)c3ccc(Cl)cn3)ccc1Oc1cnc(C3CCOCC3)cc12,Active
CN1C(=N)N[C@@]2(c3cc(-c4ccc(F)c(C#N)c4)cs3)CN(c3ncc(F)cn3)C[C@H]2C1=O,Active
c1ccc(-c2cccc(OCCN3CCCCC3)c2)cc1,Inactive
COc1cc2c(cn1)Oc1ccc(NC(=O)c3ccc(Cl)cn3)cc1[C@@]21COC(N)=N1,Active
CC#Cc1cncc(-c2ccc3c(c2)[C@@]2(COC(N)=N2)c2cc(-c4ccnc(F)c4)ncc2O3)c1,Active
NC1=N[C@@]2(CO1)c1cc(-c3cncc(F)c3)ccc1Oc1cnc(Cl)cc12,Moderate
CN1C(=N)N[C@@]2(c3cc(-c4cc(F)cc(C#N)c4)cs3)CN(c3ncc(F)cn3)C[C@H]2C1=O,Active
CCCCCN1C[C@@H](C(=O)N[C@@H](Cc2cc(F)cc(F)c2)[C@H](O)[C@H]2C[C@@H](OCc3ccccc3)CN2)CC1=O,Active
Cc1nc(N2C[C@H]3C(=O)N(C)C(=N)N[C@@]3(c3cc(-c4cccc(C#N)c4)cs3)C2)nc(C)c1F,Active
CN(C)Cc1ccccc1-c1ccc(NCCCN2CCCCC2)cc1,Moderate
c1ccc(-c2ccc(NCCCN3CCCCC3)c(OCCN3CCCCC3)c2)c(CN2CCOCC2)c1,Moderate
CCOCCCN1C[C@@H](C(=O)N[C@@H](Cc2cc(F)cc(F)c2)[C@H](O)[C@H]2C[C@@H](OCc3ccccc3)CN2)CC1=O,Moderate
Cc1cc2c(cn1)Oc1ccc(NC(=O)c3ccc(Cl)cn3)cc1[C@@]21COC(N)=N1,Active
Cc1nc(N2C[C@H]3C(=O)N(C)C(=N)N[C@@]3(c3cc(-c4cccc(C#N)c4)cs3)C2)ncc1F,Active
CCCN(CCC)C(=O)c1cccc(C(=O)N[C@@H](Cc2cc(F)cc(F)c2)[C@@H](O)C[C@@H](C)C(=O)NCC(C)C)c1,Active
CN(C)Cc1ccccc1-c1ccc(NCCCCN2CCCCC2)c(OCCN2CCCCC2)c1,Moderate
NC1=N[C@@]2(CO1)c1cc(-c3cncc(C#CCO)c3)ccc1Oc1cnc(C3=CCOCC3)cc12,Active
CN(C)Cc1ccccc1-c1ccc(NCCN2CCCCC2)c(OCCN2CCCCC2)c1,Moderate
CN1C(=N)N[C@@]2(c3cc(-c4cc(F)cc(F)c4)cs3)CN(c3ncc(F)cn3)C[C@H]2C1=O,Active
CN1CCN(Cc2ccccc2-c2ccc(NCCCN3CCCCC3)c(OCCN3CCCCC3)c2)CC1,Moderate
NC1=N[C@@]2(CO1)c1cc(NC(=O)c3ccc(Cl)cn3)ccc1Oc1cnc(Cl)cc12,Active
COc1nc(N2C[C@H]3C(=O)N(C)C(=N)N[C@@]3(c3cc(-c4cccc(C#N)c4)cs3)C2)nc(C)c1F,Active
CN(C)Cc1ccc(-c2ccc(NCCCN3CCCCC3)c(OCCN3CCCCC3)c2)cc1,Moderate
NC1=N[C@@]2(CO1)c1cc(NC(=O)c3ccc(Cl)cn3)ccc1Oc1cnc(C3=CCCOC3)cc12,Active
CCOc1nc(N2C[C@H]3C(=O)N(C)C(=N)N[C@@]3(c3cc(-c4cccc(C#N)c4)cs3)C2)ncc1F,Active
CN(C)Cc1ccccc1-c1ccc(NCCCN2CCCCC2)c(OCCC2CCCCC2)c1,Moderate
COCCN(C[C@H]1C[C@@H]1C)c1cc(C(=O)N[C@@H](Cc2ccccc2)[C@@H](N)COC)cc(N(C)S(=O)(=O)C(C)C)n1,Active
CN1C(=N)N[C@@]2(c3cc(-c4ccc(Cl)c(C#N)c4)cs3)CN(c3ncc(F)cn3)C[C@H]2C1=O,Active
CCCCN1C[C@@H](C(=O)N[C@@H](Cc2cc(F)cc(F)c2)[C@H](O)[C@H]2C[C@@H](OCc3ccccc3)CN2)CC1=O,Moderate
CCCN(c1cc2cc(c1)C(=O)N[C@@H](c1ccc(F)cc1)CCc1cccc(c1)C[C@@](C)(N)COC2)S(C)(=O)=O,Active
CCNc1cc(C(=O)N[C@@H](Cc2ccccc2)[C@H](O)CNCc2ccccc2OC)cc(N2CCCC2=O)c1,Moderate
CCCOc1ccc(-c2ccc(-c3ccccc3Cl)n2CC(=O)/N=C(/N)NCC(O)CO)cc1,Moderate
O=C(N[C@@H](Cc1cc(F)cc(F)c1)[C@H](O)[C@H]1C[C@@H](OCc2ccccc2)CN1)[C@H]1CC(=O)N(Cc2nccs2)C1,Moderate
CCNc1cc(C(=O)N[C@@H](Cc2ccccc2)[C@H](O)CNC2CCCCCC2)cc(N2CCCC2=O)c1,Moderate
CC(C)C[C@H](NC(=O)[C@H](CC(N)=O)NC(=O)OC(C)(C)C)C(O)CC(C)C(=O)NC(C)C(=O)NCc1ccccc1,Inactive
CC[C@H](C)[C@H](O)C(=O)N[C@@H](CCC(F)F)C(=O)N[C@@H](Cc1ccccc1)[C@@H](O)C[C@@H](CCC(F)F)C(=O)N[C@H](C(=O)NCc1ccncc1)C(C)C,Active
CC[C@H](C)[C@H](O)C(=O)N[C@@H](CCCF)C(=O)N[C@@H](Cc1ccccc1)[C@@H](O)C[C@@H](CCCF)C(=O)N[C@H](C(=O)NCc1ccncc1)C(C)C,Active
CC(C)C[C@H](NC(=O)[C@H](CC(N)=O)NC(=O)[C@@H](NC(=O)[C@@H](N)CCC(=O)O)C(C)C)[C@@H](O)[C@@H]1CCC[C@H]1C(=O)N[C@@H](C)C(=O)N[C@@H](CCC(=O)O)C(=O)N[C@@H](Cc1ccccc1)C(=O)O,Active
Nc1ncccc1NCc1ccccc1,Inactive
COc1cccc(CNC[C@@H](O)[C@H](Cc2ccccc2)NC(=O)CCS(=O)(=O)c2ccccc2)c1,Moderate
N#CCCCN/C(N)=N\C(=O)Cn1c(-c2ccccc2)ccc1C12CC3CC(CC(C3)C1)C2,Moderate
CCS(=O)(=O)N(C)c1cc2cc(c1)C(=O)N[C@@H](c1ccccc1)CCc1cccc(c1)C[C@@](C)(N)COC2,Active
CC(C)C[C@H](NC(=O)[C@@H](NC(=O)[C@@H](N)CNC(=O)c1nn[nH]n1)C(C)C)C(=O)N[C@@H](Cc1ccccc1)[C@@H](O)C(=O)Nc1cc(-c2nn[nH]n2)cc(-c2nn[nH]n2)c1,Active
CCCN(CCC)C(=O)c1cccc(C(=O)N[C@@H](Cc2cc(F)cc(F)c2)[C@@H](O)C[C@@H](CC)C(=O)NCc2ccccc2)c1,Moderate
CCCCNC(=O)[C@@H](NC(=O)[C@@H]1CN(C)C[C@H]1[C@H](O)[C@H](CC(C)C)NC(=O)[C@H](CCSC)NC(=O)[C@H](CC(C)C)NC(C)=O)C(C)C,Moderate
CC(C)C[C@H](NC(=O)C(CCS(C)(=O)=O)NC(=O)[C@@H](NC(=O)OC(C)(C)C)C(C)C)C(O)CC(C)C(=O)NC(C(=O)NCc1ccccc1)C(C)C,Active
CCCC[C@H](N)[C@H](Cc1ccsc1)NC(=O)c1cc(NCC2CC2C)nc(N(C)S(C)(=O)=O)c1,Active
CC[C@H](C)[C@H](NC(=O)[C@H](CCC(=O)O)NC(=O)[C@H](CCC(=O)O)NC(=O)[C@@H](NC(=O)[C@H](CCCCN)NC(=O)[C@@H](NC(=O)[C@H](CC(N)=O)NC(=O)[C@@H](N)[C@@H](C)O)[C@@H](C)CC)[C@@H](C)O)C(=O)N[C@@H](CO)C(=O)N[C@@H](CCC(=O)O)C(=O)N[C@H](C(=O)N[C@@H](CC(N)=O)C(=O)N[C@@H](CC(C)C)C(=O)N[C@H](C(=O)N[C@@H](C)C(=O)N[C@@H](CCC(=O)O)C(=O)N[C@@H](Cc1ccccc1)C(=O)N[C@@H](CCCN=C(N)N)C(=O)O)C(C)C)C(C)C,Moderate
CN(C)c1cccc(CNC[C@@H](O)[C@H](Cc2ccccc2)NC(=O)[C@]2(C)CN(Cc3ccccc3)C(=O)N2)c1,Moderate
CC(C)N1CCCCc2cccc(c2)C[C@@](C)(N)C(=O)OCc2cc1nc(N(C)S(C)(=O)=O)c2,Inactive
CN(C)c1cccc(CNC[C@@H](O)[C@H](Cc2ccccc2)NC(=O)[C@@H]2CN(c3cc(Br)cc(Br)c3)C(=O)N2)c1,Moderate
O=C(N[C@@H](Cc1cc(F)cc(F)c1)[C@H](O)[C@@H]1NCCN(Cc2ccccc2)C1=O)C1CC(=O)N(Cc2ccccc2)C1,Moderate
C[C@@H](NC(=O)c1cc(C(=O)N[C@@H](Cc2ccccc2)[C@H](O)CNC2CC2)cc(N2CCCS2(=O)=O)c1)c1ccccc1,Moderate
CCCN(CCC)C(=O)c1cccc(C(=O)N[C@@H](Cc2ccccc2)[C@H](O)CNCc2cccc(OC)c2)c1,Moderate
C[C@@H](NC(=O)c1cc(C(=O)N[C@@H](Cc2ccccc2)[C@H](O)CNC2CC2)cc(-c2ccc(Cl)cc2)c1)c1ccccc1,Moderate
C=CCCOC(=O)N[C@H](C(=O)N[C@@H](CC(=O)NCC=C)C(=O)N[C@@H](CC(C)C)[C@@H](O)C[C@@H](C)C(=O)N[C@H](C(=O)NCc1ccccc1)C(C)C)C(C)C,Active
Cc1ccc(F)cc1-c1cccc(C2(c3ccccc3)N=C(N)N(C)C2=O)c1,Moderate
CCNc1cc(C(=O)N[C@@H](Cc2ccccc2)[C@H](O)CNCc2cccc(C(F)(F)F)c2)cc(N2CCCC2=O)c1OC,Moderate
COc1cccc(CNC2CCN(Cc3ccccc3)CC2)c1OC,Moderate
Oc1cc(O)cc(Oc2c(O)cc(O)c3c2Oc2c(cc(O)c(-c4c(O)cc5c(c4O)Oc4c(Oc6cc(O)cc(O)c6)c(O)cc(O)c4O5)c2O)O3)c1,Moderate
C#CCOc1cnc(C(=O)Nc2cc(F)c(F)c([C@@]3(C)N=C(N)S[C@@]4(CF)C[C@H]43)c2)cn1,Active
C[C@H]1SC(N)=N[C@](C)(c2cc(NC(=O)c3cnc(F)cn3)ccc2F)C12CC(F)(F)C2,Active
Cc1onc(-c2cccnc2)c1[C@@H]1C[C@@](C)(c2ccc(F)cc2F)N=C(N)S1,Moderate
C[C@@]1(c2cc(-c3cc(-c4cnc(C#N)cn4)no3)ccc2F)C[C@@H](C(F)(F)F)OC(N)=N1,Active
CC1(c2cc(NC(=O)c3ccc(C#N)cn3)ccc2F)Cc2ncc(F)cc2C(N)=N1,Active
C[C@@]1(c2cc(NC(=O)c3ccc(C#N)cn3)ccc2F)Cn2ncnc2C(N)=N1,Active
C[C@@]1(c2cc(NC(=O)c3cnc(OCF)cn3)ccc2F)C[C@@H](C(F)F)SC(N)=N1,Active
CC(C)[C@H](NC(=O)C[C@H](O)[C@H](COCc1ccccc1)NC(=O)c1cc(C(=O)N[C@H](C)c2ccccc2)cc(N(C)S(C)(=O)=O)c1)C(=O)NCc1ccc(C(=O)O)cc1,Active
C[C@]1(c2cc(NC(=O)c3ccc(C#N)cn3)ccc2F)N=C(N)OCC12CC(F)(F)C2,Active
C[C@@]1(c2cc(NC(=O)c3ccc(F)cn3)ccc2F)Cc2ncncc2C(N)=N1,Active
C[C@@]1(c2cc(NC(=O)c3nc4ccc(C#N)nc4s3)ccc2F)CO[C@@](C)(C(F)(F)F)C(N)=N1,Active
COc1cc(/C=N/C2CCN(Cc3ccccc3)CC2)cc(OC)c1OC,Inactive
C#CCOc1cnc(/C(F)=C/c2ccc(F)c([C@]3(C)CS(=O)(=O)N(C)C(N)=N3)c2)cn1,Active
CC(C)[C@H](NC(=O)C[C@H](O)[C@H](COc1ccccc1)NC(=O)c1cc(C(=O)N[C@H](C)c2ccccc2)cc(N(C)S(C)(=O)=O)c1)C(=O)NCc1ccc(C(=O)O)cc1,Active
C[C@@]1(c2cc(NC(=O)c3ccc(C#N)cn3)ccc2F)Cn2nncc2C(N)=N1,Active
COc1ccc2[nH]c3nc4c(c(N)c3c2c1)CCCC4,Moderate
O=[N+]([O-])c1ccc(CNC2CCN(Cc3ccccc3)CC2)cc1,Moderate
Oc1ccc(CNC2CCN(Cc3ccccc3)CC2)c(O)c1,Moderate
Fc1ccc(CNC2CCN(Cc3ccccc3)CC2)c(F)c1,Moderate
COc1cccc(-c2cccc(C3(c4ccccc4)N=C(N)N(C)C3=O)c2)c1OC,Moderate
C[C@]1(c2cc(NC(=O)c3cnc(OCF)cn3)ccc2F)N=C(N)SCC12CCC(F)(F)CC2,Active
C/C(=C\CC/C(C)=C/Cc1cc(C(=O)O)ccc1O)CC/C=C(\C)CC/C=C(\C)C(=O)O,Moderate
C[C@@]1(c2ccc(F)cc2F)C[C@@H](c2cncnc2)SC(N)=N1,Moderate
C[C@@H]1O[C@@H](O[C@@H]2[C@@H](O)[C@H](OCCc3ccc(O)c(O)c3)O[C@H](CO)[C@H]2OC(=O)/C=C/c2ccc(O)c(O)c2)[C@H](O)[C@H](O)[C@H]1O,Active
COc1cccc(/C=N/C2CCN(Cc3ccccc3)CC2)c1OC,Moderate
Cc1ccc(CNC2CCN(Cc3ccccc3)CC2)cc1,Inactive
OC(CNCc1cccc(OCc2ccccc2)c1)Cn1cc(Br)c2cc(Br)ccc21,Moderate
C[C@@]1(c2cc(NC(=O)c3ccc(OCF)cn3)ccc2F)C[C@@H](C(F)(F)F)SC(N)=N1,Active
COc1cccc(-c2cccc(C3(c4ccccc4)N=C(N)N(C)C3=O)c2)c1F,Moderate
COc1cnc(C(=O)Nc2cccc([C@]34CN(c5ncc(F)cn5)C[C@H]3CSC(N)=N4)c2)cn1,Active
C[C@@]1(c2cc(NC(=O)c3ccc(C#N)cn3)ccc2F)Cn2nnnc2C(N)=N1,Active
Oc1ccccc1CNC1CCN(Cc2ccccc2)CC1,Moderate
Cc1onc(-c2ccc(F)cc2)c1[C@@H]1C[C@@](C)(c2ccc(F)cc2F)N=C(N)S1,Moderate
NC1=N[C@](CF)(c2cc(NC(=O)c3cnc(Cl)cn3)cc(F)c2F)[C@H]2[C@@H](S1)C2(F)F,Active
[2H]C([2H])([2H])Oc1cnc(C(=O)Nc2ccc(F)c([C@@]3(C)N=C(N)[C@@](C)(F)C[C@@H]3F)c2)cn1,Active
FC(F)(F)Oc1ccc(/C=N/C2CCN(Cc3ccccc3)CC2)cc1,Moderate
CN=[S@@]1(=O)C[C@@](C)(c2cc(-c3cc(-c4ncc(OC)cn4)no3)ccc2F)N=C(N)N1C,Active
CC1(C)C(N)=N[C@@]2(CCOc3ccc(NC(=O)c4ccc(C#N)cn4)cc32)CS1(=O)=O,Active
Cc1cc(Cl)cnc1C(=O)Nc1ccc2c(c1)[C@@]1(C)N=C(N)C(C)(C)S(=O)(=O)[C@@H]1CCO2,Active
CC(C)[C@H](NC(=O)C[C@H](O)[C@H](COc1cc(F)cc(F)c1)NC(=O)c1cc(C(=O)N[C@H](C)c2ccccc2)cc(N(C)S(C)(=O)=O)c1)C(=O)NCc1ccccc1,Moderate
CO[C@H]1CSC(N)=N[C@]1(C)c1cc(NC(=O)c2cnc(OCF)cn2)ccc1F,Active
COc1cnc2c(Nc3ccc(F)c([C@]4(C)CS(=O)(=O)N(C)C(N)=N4)c3)nccc2c1,Active
O=[N+]([O-])c1ccc(/C=N/C2CCN(Cc3ccccc3)CC2)cc1,Moderate
C#CCOc1cnc(C(=O)Nc2cc(F)c(F)c([C@@]3(C)N=C(N)S[C@@]4(COC)C[C@H]43)c2)c(C)c1,Active
COc1cnc(C(=O)Nc2ccc(F)c([C@]34CN(c5ncc(F)cn5)C[C@H]3CSC(N)=N4)c2)cn1,Active
O=C(N[C@@H](Cc1ccccc1)[C@H](O)C(=O)Nc1cccc(-c2nn[nH]n2)c1)c1cc(Br)cc(C(=O)N2COC[C@@H]2c2ccccc2)n1,Active
C[C@]1(c2cc(NC(=O)c3ccc(C#N)cn3)ccc2F)N=C(N)O[C@H]2[C@@H]1OCC2(F)F,Active
c1ccc(CNC2CCN(Cc3ccccc3)CC2)cc1,Moderate
Cc1cc(F)ccc1-c1cccc(C2(c3ccccc3)N=C(N)N(C)C2=O)c1,Moderate
CC#CCOc1cnc(C2=Nc3cc([C@]4(C)C[C@@H](C(F)(F)F)OC(N)=N4)c(F)cc3CN2)cn1,Active
C#CCOc1cnc(C(=O)Nc2cc(F)c(F)c([C@@]3(CF)N=C(N)S[C@H]4C[C@H]43)c2)cn1,Active
Oc1ccc(/C=N/C2CCN(Cc3ccccc3)CC2)cc1,Inactive
Cc1noc(C(F)F)c1[C@@H]1C[C@@](C)(c2ccc(F)cc2F)N=C(N)S1,Moderate
COc1ccc(CNC(=O)C2CCN(C(=O)c3ccccc3)CC2)cc1OC,Active
CN1C(N)=N[C@]2(C)c3cc(NC(=O)c4ccc(C#N)cn4)ccc3OCC[C@H]2S1(=O)=O,Active
C#CCOc1ccc(C(=O)Nc2cc(F)c(F)c([C@@]3(C)N=C(N)S[C@@]4(COC)C[C@H]43)c2)nc1,Active
COC[C@]12C[C@H]1[C@@](C)(c1cc(NC(=O)c3ccc(Cl)cn3)cc(F)c1F)N=C(N)S2,Active
c1ccc2c(NCc3ccc(-c4ccc(CNc5c6c(nc7ccccc57)CCCC6)cc4)cc3)c3c(nc2c1)CCCC3,Moderate
CCCCN1CC(C(=O)N[C@@H](Cc2cc(F)cc(F)c2)[C@H](O)[C@@H]2NCCN(Cc3ccccc3)C2=O)[C@@H](Cc2ccccc2)C1=O,Moderate
Cn1nccc1[C@@H]1C[C@@](C)(c2ccc(F)cc2F)N=C(N)S1,Moderate
CCCN(CCC)C(=O)c1cc(C)cc(C(=O)N[C@@H](Cc2cc(F)cc(F)c2)[C@H](O)[C@@H]2NCCN(Cc3ccccc3OC)C2=O)c1,Active
C[C@]1(c2cc(NC(=O)c3ccc(Cl)cn3)cc(F)c2F)N=C(N)S[C@@]2(C(F)F)C[C@@H]12,Active
CCNc1cc(C(=O)N[C@@H](Cc2ccccc2)[C@H](O)CNCc2cccc(C(F)(F)F)c2)c(F)c(N2CCCC2=O)c1,Active
CSCC[C@H](NC(=O)[C@@H](NC(=O)OC(C)(C)C)C(C)C)C(=O)N[C@@H](CC(C)C)[C@@H](O)C[C@@H](C)C(=O)N[C@H](C(=O)NCC(C)C)C(C)C,Active
Clc1ccc2nc(-c3cccc(N4CCc5ccccc5C4)c3)[nH]c2c1,Moderate
Cc1cccc(CNC2CCN(Cc3ccccc3)CC2)c1,Moderate
CN1C(N)=N[C@](C)(c2cc(NC(=S)c3ccc(C#N)cn3)ccc2F)CS1(=O)=O,Active
COC[C@]12C[C@H]1[C@@](C)(c1cc(NC(=O)c3cnc(OCc4ncco4)cn3)cc(F)c1F)N=C(N)S2,Active
C[C@@H](NC(=O)c1cc(C(=O)N[C@@H](Cc2ccccc2)[C@H](O)CNCC2CCN(Cc3ccccc3)CC2)cc(N(C)S(C)(=O)=O)c1)c1ccc(F)cc1,Moderate
COc1ncc(C(=O)NC2CC2)c2c1C[C@]1(c3ccc(F)cc3F)N=C(N)SC[C@@H]1C2,Active
C[C@]1(c2cc(NC(=O)c3ccc(Cl)cn3)cc(F)c2F)N=C(N)S[C@H]2C[C@H]21,Active
NC1=N[C@](CF)(c2cc(NC(=O)c3cnc(Cl)cn3)ccc2F)[C@@H]2C[C@]2(C(F)F)S1,Active
N#Cc1ccc(C(=O)Nc2ccc(F)c([C@]34COC[C@H]3n3cccc3C(N)=N4)c2)nc1,Active
COC[C@]12C[C@H]1[C@@](C)(c1cc(NC(=O)c3ccc(OCC(F)(F)F)cn3)cc(F)c1F)N=C(N)S2,Active
C[C@]1(c2cc(NC(=O)c3ccc(C#N)cn3)ccc2F)N=C(N)O[C@@H]2CCC(F)(F)[C@@H]21,Active
COc1cccc(OC)c1-c1cccc(C2(c3ccccc3)N=C(N)N(C)C2=O)c1,Moderate
C[C@]1(c2cc(NC(=O)c3cnc(OCF)cn3)ccc2F)N=C(N)SC[C@H]1c1ccccc1,Active
COc1ccc(F)cc1-c1cccc(C2(c3ccccc3)N=C(N)N(C)C2=O)c1,Moderate
C#C[C@]1(c2cc(NC(=O)c3ccc(C#N)cn3)ccc2F)N=C(N)O[C@@H]2C[C@@H]21,Active
NC1=N[C@@]2(COc3ccc(NC(=O)c4cnc(OCC(F)(F)F)cn4)cc32)[C@H](C(F)(F)F)C1,Moderate
Cc1cc(Cl)cnc1C(=O)Nc1ccc(F)c([C@@]2(C)N=C(N)[C@]3(C)CC[C@H]2S3(=O)=O)c1,Active
C[C@]1(c2cc(NC(=O)c3cnc(OCF)cn3)ccc2F)N=C(N)SCC12CCS(=O)(=O)CC2,Active
C[C@@]1(c2cc(NC(=O)c3ccc(Cl)cn3)ccc2F)Cn2ccnc2C(N)=N1,Active
Oc1ccccc1/C=N/C1CCN(Cc2ccccc2)CC1,Moderate
C[C@]1(c2cc(NC(=O)c3ccc(Cl)cn3)cc(F)c2F)N=C(N)S[C@@]2(C(N)=O)C[C@H]21,Active
C[C@@H](NC(=O)c1cc(C(=O)N[C@@H](Cc2ccccc2)[C@H](O)CNC2CC2)cc2c1CCCCO2)c1ccc(F)cc1,Moderate
C[C@]1(c2cc(NC(=O)c3ccc(C#N)cn3)ccc2F)N=C(N)C[C@H]1C(F)(F)F,Moderate
CCc1cn2c3c(cc(C(=O)N[C@@H](Cc4ccccc4)[C@H](O)CNCc4cccc(C(F)(F)F)c4)cc13)N(C)S(=O)(=O)CC2.O=CO,Active
C#CCOc1cnc(/C(F)=C/c2ccc(F)c([C@]3(C)CS(=O)(=O)C(C)(C)C(N)=N3)c2)cn1,Active
C[C@@]1(c2nc(NC(=O)c3ccc(C#N)cn3)ccc2F)CS2(=O)=NCCCCN2C(N)=N1,Active
C[C@]1(c2cc(NC(=O)c3ccc(Cl)cn3)cc(F)c2F)N=C(N)S[C@@]2(C#N)C[C@H]21,Active
CCc1coc2c(N3CCCC3=O)cc(C(=O)N[C@@H](Cc3ccccc3)[C@H](O)CNCc3cccc(C(F)(F)F)c3)cc12,Active
CCc1c[nH]c2c(N3CCCC3=O)cc(C(=O)N[C@@H](Cc3ccccc3)[C@H](O)CNCc3cccc(C(F)(F)F)c3)cc12,Active
C#CCOc1cnc(C(=O)Nc2cc(F)c(F)c([C@@]3(C)N=C(N)S[C@@]4(C(=O)N(C)C)C[C@H]43)c2)cn1,Active
C[C@]1(c2cc(NC(=O)c3cnc(OCF)cn3)ccc2F)N=C(N)SC[C@@H]1c1ccccc1,Active
Cn1cc2n(c1=O)C[C@@](C)(c1cc(NC(=O)c3ccc(C#N)cn3)ccc1F)N=C2N,Active
CN=[S@@]1(=O)C[C@@](C)(c2cc(NC(=O)c3ccc(Cl)cn3)ccc2F)N=C(N)C1(C)C,Active
C[C@@]1(c2cc(NC(=O)c3ccc(C#N)cn3)ccc2F)Cn2cnnc2C(N)=N1,Active
CN(C)C(=O)[C@]12C[C@H]1[C@@](C)(c1cc(NC(=O)c3ccc(Cl)cn3)cc(F)c1F)N=C(N)S2,Active
CC(F)(F)[C@H]1OC[C@]2(c3cc(NC(=O)c4cnc(-n5cncn5)cn4)ccc3F)N=C(N)SC[C@H]12,Active
Cc1ccc(-c2cccc(C3(c4ccccc4)N=C(N)N(C)C3=O)c2)c(F)c1,Moderate
CN1C(N)=N[C@](C)(c2cc(NC(=O)c3ccc(C#N)cn3)ccc2F)C2(CC2)S1(=O)=O,Active
CNC(=O)[C@]12C[C@H]1[C@@](C)(c1cc(NC(=O)c3ccc(Cl)cn3)cc(F)c1F)N=C(N)S2,Active
CC(F)(F)[C@@H]1C[C@@](C)(c2cc(NC(=O)c3ccc(OCF)cn3)ccc2F)N=C(N)S1,Active
CN1C(N)=N[C@](C)(c2cc(NC(=O)c3ccc(F)cn3)ccc2F)C2(CCN(CCC(F)(F)F)C2)S1(=O)=O,Active
CCCN(CCC)C(=O)c1cccc(C(=O)N[C@@H](COCc2ccccc2)[C@@H](O)CC(=O)N[C@H](C(=O)Nc2cc(C(=O)O)cc(C(=O)O)c2)C(C)C)c1,Moderate
Cc1cc(C)n(COC(=O)N[C@@H](CS(C)(=O)=O)C(=O)N[C@@H](CC(C)C)[C@@H](O)C[C@@H](C)C(=O)N[C@H](C(=O)NCC(C)C)C(C)C)n1,Active
O=C(N[C@@H](Cc1ccccc1)[C@H](O)C(=O)Nc1cccc(-c2nn[nH]n2)c1)c1cc(Cl)cc(C(=O)N2COC[C@@H]2c2ccccc2)n1,Active
CC(C)[C@H](NC(=O)C[C@@H](O)[C@H](COCc1ccccc1)NC(=O)c1cc(C(=O)N[C@H](C)c2ccccc2)cc(N(C)S(C)(=O)=O)c1)C(=O)NCc1ccc(C(=O)O)cc1,Moderate
C[C@H]1C[C@H]2CSC(N)=N[C@@]2(c2cc(NC(=O)c3ccc(OC(F)F)cn3)ccc2F)CO1,Active
Nc1nc(C2(c3ccc(Cl)cc3)CCCC2)cs1,Inactive
CCn1ncc2c(N3CCCC3=O)cc(C(=O)N[C@@H](Cc3ccccc3)[C@H](O)CNCc3cccc(C(F)(F)F)c3)cc21,Active
CCn1c(=O)[nH]c2c(N3CCCC3=O)cc(C(=O)N[C@@H](Cc3ccccc3)[C@H](O)CNCc3cccc(OC)c3)cc21,Moderate
CCc1cn2c3c(cc(C(=O)N[C@@H](Cc4ccccc4)[C@H](O)CNCc4ccccc4)cc13)N(C)S(=O)(=O)CC2.O=CO,Active
Cc1nc(COC(=O)N[C@@H](CS(C)(=O)=O)C(=O)N[C@@H](CC(C)C)[C@@H](O)C[C@@H](C)C(=O)N[C@H](C(=O)NCC(C)C)C(C)C)c(C)o1,Active
COc1ccc(C2(c3csc(N)n3)CCCC2)cc1,Inactive
C[C@@H](NC(=O)c1cc(C(=O)N[C@@H](Cc2ccccc2)[C@H](O)CNC2CC2)cc(-c2cn(Cc3ccccc3)nn2)c1)c1ccccc1,Moderate
CCn1nnc2c(N3CCCC3=O)cc(C(=O)N[C@@H](Cc3ccccc3)[C@H](O)CNCc3cccc(C(F)(F)F)c3)cc21,Active
CNC(=O)c1cc(C(=O)N[C@@H](COCc2cc(F)cc(F)c2)[C@@H](O)CC(=O)N[C@H](C(=O)Nc2cc(C(=O)O)cc(C(=O)O)c2)C(C)C)cc(N(C)S(C)(=O)=O)c1,Moderate
CC(C)[C@H](NC(=O)C[C@H](O)[C@H](COc1cc(F)cc(F)c1)NC(=O)c1cc(C(=O)N[C@H](C)c2ccccc2)cc(N(C)S(C)(=O)=O)c1)C(=O)NCc1ccc(C(=O)O)cc1,Active
COc1cc(O)c2c(=O)cc(-c3ccc(O)cc3)oc2c1-c1cc(-c2cc(=O)c3c(O)cc(O)cc3o2)ccc1O,Moderate
O=C(O[C@@H]1O[C@@H]2COC(=O)c3cc(O)c(O)c(O)c3-c3c(cc(O)c(O)c3O)C(=O)O[C@H]2[C@H](OC(=O)c2cc(O)c(O)c(O)c2)[C@H]1OC(=O)c1cc(O)c(O)c(O)c1)c1cc(O)c(O)c(O)c1,Moderate
C[C@@H](NC(=O)c1cc(C#Cc2ccccc2)cc(C(=O)N[C@@H](Cc2ccccc2)[C@H](O)CNC2CC2)c1)c1ccccc1,Moderate
CCCN(CCC)C(=O)c1cc(C)cc(C(=O)N[C@@H](Cc2cc(F)cc(F)c2)[C@H](O)[C@@H]2NCCN(CCC)C2=O)c1,Moderate
COc1ccc2c(c1)[C@@H](O)[C@@]1(CCN(C(=O)C(C)Cc3cc4ccccc4nc3N)C1)C2,Moderate
NC1=N[C@@]2(c3cc(NC(=O)c4ccc(C(F)(F)F)cn4)ccc3F)CO[C@H](C(F)(F)F)[C@H]2CO1,Active
O=C(CN1CCC(C(c2ccccc2)c2ccccc2)CC1)NC1CCN(Cc2ccccc2)C1,Inactive
CC(Cc1cc2ccccc2nc1N)C(=O)N1CC[C@H]2OCCC[C@@]2(Cc2ccccc2)C1,Inactive
CCCN(CCC)C(=O)c1cc(C(=O)N[C@@H](Cc2ccccc2)[C@H](O)CNCCC2CCN(Cc3ccccc3)CC2)cc(N(C)S(C)(=O)=O)c1,Moderate
Fc1ccc(/C=N/C2CCN(Cc3ccccc3)CC2)cc1,Moderate
Cc1ccccc1-c1ccc2nc(N)c(CC(C)C(=O)NC[C@@]34CCCO[C@@H]3CCOC4)cc2c1,Active
COC[C@H]1CCCN1C(=O)c1cc(C)cc(C(=O)N[C@@H](Cc2cc(F)cc(F)c2)[C@H](O)[C@@H]2NCN(Cc3ccccc3)C2=O)c1,Active
Nc1nc2ccccc2cc1CCC(=O)N1CC[C@H]2OCCC[C@@]2(Cc2ccccc2)C1,Inactive
CN1C(N)=N[C@@]2(CCOc3ccc(NC(=O)c4ccc(C#N)cn4)cc32)CS1(=O)=O,Active
COc1ncc(Cc2c(C)noc2C)c2c1C[C@]1(c3ccc(F)cc3F)N=C(N)SC[C@@H]1C2,Active
C[C@@]1(c2cccc(NC(=O)c3ccc(C#N)cn3)c2)Cn2nccc2C(N)=N1,Active
C[C@@]1(c2cc(NC(=O)c3ccc(C#N)cn3)ccc2F)Cn2ccnc2C(N)=N1,Active
C[C@@]1(c2cc(NC(=O)c3ccc(C#N)cc3)ccc2F)Cn2cnc(C(F)F)c2C(N)=N1,Active
CN1C[C@@H](c2cc(NC(=O)c3ccc(C#N)cn3)ccc2F)N=C(N)C(C)(C)S1(=O)=O,Active
COc1cnc(C(=O)Nc2ccnc([C@]34CN(c5ncc(F)cn5)C[C@H]3CSC(N)=N4)c2)cn1,Active
COc1ccc(Cc2cnc(OC)c3c2C[C@H]2CSC(N)=N[C@@]2(c2ccc(F)cc2F)C3)cc1,Active
Clc1ccc(/C=N/C2CCN(Cc3ccccc3)CC2)cc1,Moderate
Cc1noc(C)c1[C@@H]1C[C@@](C)(c2sccc2Cl)N=C(N)S1,Moderate
COc1ncc(CC2CCOCC2)c2c1C[C@]1(c3ccc(F)cc3F)N=C(N)SC[C@@H]1C2,Active
COc1ccc(C(=O)Nc2ccc(F)c([C@]34COC[C@@]3(F)C[C@](C)(F)C(N)=N4)c2)nc1,Active
Clc1ccc2nc(-c3cccc(N4CCc5ccccc5C4)n3)[nH]c2c1,Moderate
O=C(N[C@@H](Cc1ccccc1)[C@H](O)C(=O)Nc1cccc(-c2nn[nH]n2)c1)c1cc(Br)cc(C(=O)N2COC[C@@H]2c2ccc(F)cc2)n1,Active
C=C(CC/C=C(\C)CC/C=C(\C)C(=O)O)C(O)CC/C(C)=C/Cc1cc(C(=O)O)ccc1O,Inactive
COC[C@H]1CCCN1C(=O)c1cc(OC)cc(C(=O)N[C@@H](Cc2cc(F)cc(F)c2)[C@H](O)[C@@H]2NCCN(Cc3ccccc3)C2=O)c1,Active
COc1ccc(-c2cccc(C3(c4ccccc4)N=C(N)N(C)C3=O)c2)cc1OC,Moderate
CN=[S@@]1(=O)C[C@@](C)(c2cc(NC(=O)c3ccc(Cl)cn3)ccc2F)N=C(N)N1C,Active
COc1nc(N2C[C@H]3CSC(N)=N[C@@]3(c3ccns3)C2)nc(C)c1F,Moderate
C[C@@]1(c2cc(NC(=O)c3ccc(C#N)cn3)ccc2F)CCSC(N)=N1,Active
C[C@@]1(c2cc(NC(=O)c3ccc(C#N)cn3)ccc2F)Cc2nccnc2C(N)=N1,Active
C=C(C)[C@H](CC=C(C)C)Cc1c(O)cc(OC)c2c1O[C@H](c1ccc(O)cc1O)CC2=O,Inactive
C=C(C)[C@H](CC=C(C)C)Cc1c(O)cc(O)c2c1O[C@H](c1ccc(O)cc1OC)CC2=O,Moderate
C[C@@]1(c2cc(NC(=O)c3cnc(OCC(F)(F)F)cn3)ccc2F)CCSC(N)=N1,Active
C[C@@H](NC(=O)c1cc(C(=O)N[C@@H](COc2cc(F)cc(F)c2)[C@@H](O)CC(=O)NCc2ccc(C(=O)O)cc2)cc(N(C)S(C)(=O)=O)c1)c1ccccc1,Moderate
COC[C@H]1SC(N)=N[C@](C)(c2cc(NC(=O)c3ccc(C#N)cn3)ccc2F)[C@H]1F,Active
C(=N/C1CCN(Cc2ccccc2)CC1)\c1ccccc1,Moderate
COc1cc(OC)cc(-c2cccc(C3(c4ccccc4)N=C(N)N(C)C3=O)c2)c1,Moderate
CC(C)=CCOc1c2occc2cc2ccc(=O)oc12,Inactive
C[C@@]1(c2cc(NC(=O)c3ccc(C#N)cn3)ccc2F)CCC(N)=N1,Moderate
CCNc1cc(C(=O)N[C@@H](Cc2ccccc2)[C@H](O)CNCc2cccc(C(F)(F)F)c2)cc(N2CCCC2=O)c1C,Active
C[C@]1(c2cc(NC(=O)c3ccc(Cl)cn3)cc(F)c2F)N=C(N)S[C@@]2(CF)C[C@H]21,Active
Cc1noc(-c2ccccc2)c1[C@@H]1C[C@@](C)(c2ccc(F)cc2F)N=C(N)S1,Moderate
COc1ccc(-c2cccc(C3(c4ccccc4)N=C(N)N(C)C3=O)c2)c(OC)c1,Moderate
CCNc1cc(C(=O)N[C@@H](Cc2ccccc2)[C@H](O)CNC2CCCCC2)cc(N2CCCCS2(=O)=O)c1.O=CO,Active
COC[C@]12C[C@H]1[C@@](C)(c1cc(NC(=O)c3cnc(OCCC(F)(F)F)cn3)cc(F)c1F)N=C(N)S2,Active
CC(C)C[C@H](NC(=O)c1cc(C(=O)N[C@H](C)c2ccc(F)cc2)cc(N(C)S(C)(=O)=O)c1)[C@@H](O)C[C@@H](C)C(=O)NCCC1CCN(Cc2ccccc2)CC1,Moderate
COc1ccc2c(c1)[C@@H](O)[C@@]1(CCN(C(=O)CCc3cc4ccccc4nc3N)C1)C2,Inactive
COc1ccc(/C=C/C(=O)/C=C(O)/C=C/c2ccc(OC)cc2)cc1,Moderate
N#Cc1ccc(C(=O)Nc2ccc(F)c([C@]34COC[C@@]3(F)CSC(N)=N4)c2)nc1,Active
Cc1ccc(-c2cccc(C3(c4ccccc4)N=C(N)N(C)C3=O)c2)cc1C,Moderate
Clc1ccc(Cn2cc(COc3ccc(/C=N/Nc4nnc(-c5ccccc5)c(-c5ccccc5)n4)cc3)nn2)cc1,Moderate
CCCCN1CC(C(=O)N[C@@H](Cc2cc(F)cc(F)c2)[C@H](O)[C@@H]2NCCN(Cc3ccccc3)C2=O)[C@@H](CC)C1=O,Active
c1ccc(CN2CCC(NCCN3CCC(C(c4ccccc4)c4ccccc4)CC3)C2)cc1,Inactive
COc1ncc(Cc2c(C)cccc2C)c2c1C[C@]1(c3ccc(F)cc3F)N=C(N)SC[C@@H]1C2,Active
CN1C[C@@](C)(c2cc(NC(=O)c3ccc(Cl)cn3)ccc2F)N=C(N)C1=O,Active
COc1ccc(OC)c(-c2cccc(C3(c4ccccc4)N=C(N)N(C)C3=O)c2)c1,Moderate
Cc1noc(C)c1[C@@H]1C[C@@](C)(c2ccc(F)cc2F)N=C(N)S1,Moderate
CCCCNC(=O)[C@H](C)C[C@H](O)[C@@H]1C[C@H](C)CCCCCCCCCC(=O)N[C@@H](C)C(=O)N1,Moderate
CCc1noc(CC)c1[C@@H]1C[C@@](C)(c2ccc(F)cc2F)N=C(N)S1,Moderate
CCCN(CCC)C(=O)c1cc(C)cc(C(=O)N[C@@H](Cc2cc(F)cc(F)c2)[C@H](O)[C@H]2CN(Cc3ccccc3C#N)CCN2)c1,Moderate
Cc1ccccc1-c1ccc2nc(N)c(CCC(=O)N3CC[C@H]4OCCC[C@@]4(Cc4ccccc4)C3)cc2c1,Moderate
Cc1noc(-c2ccc(F)cc2)c1[C@@H]1C[C@@](C)(c2ccc(F)cc2F)N=C(N)S1,Moderate
FC(F)(F)Oc1ccc2nc(-c3cccc(N4CCc5ccccc5C4)n3)[nH]c2c1,Moderate
COC(=O)c1ccc(CNC(=O)[C@@H](NC(=O)C[C@H](O)[C@H](COc2cc(F)cc(F)c2)NC(=O)c2cc(C(=O)N[C@H](C)c3ccccc3)cc(N(C)S(C)(=O)=O)c2)C(C)C)cc1,Moderate
COc1ccc(C(=O)Nc2ccc(F)c([C@]3(C)CC[C@@](C)(C#N)C(N)=N3)c2)nc1,Active
COC(=O)[C@@H]1C[C@H](NC(=O)[C@@H](NC(=O)C[C@H](O)[C@H](Cc2cc(F)cc(F)c2)NC(=O)C(O)c2ccccc2-c2ccccc2)C(C)C)C[C@H](C(=O)OC)C1,Moderate
O=[N+]([O-])c1ccc(Cn2cc(COc3ccc(/C=N/Nc4nnc(-c5ccccc5)c(-c5ccccc5)n4)cc3)nn2)cc1,Inactive
C=C(C)[C@H](CCC(C)(C)O)Cc1c(O)cc(OC)c2c1O[C@H](c1ccc(O)cc1O)CC2=O,Inactive
C=C(C)[C@H](CC=C(C)C)Cc1c(O)cc(O)c2c1O[C@H](c1ccccc1O)CC2=O,Moderate
Oc1ccc(/C=N/C2CCN(Cc3ccccc3)CC2)c(O)c1,Moderate
C[C@H]1SC(N)=N[C@](C)(c2cc(NC(=O)c3cnc(OCF)cn3)ccc2F)[C@H]1F,Active
C[C@@]1(c2cc(NC(=O)c3ccc(C#N)cn3)ccc2F)Cn2cncc2C(N)=N1,Active
C[C@@]1(c2nc(NC(=O)c3ccc(C#N)cn3)ccc2F)C[C@@H](C(F)(F)F)OC(N)=N1,Active
CC#CC(=O)Nc1ccc(F)c(C2(C)Cc3c(F)cncc3C(N)=N2)c1,Active
C#CCOc1cnc(C(=O)Nc2cc(F)c(F)c([C@@]3(C)N=C(N)S[C@@]4(COC)C[C@H]43)c2)cn1,Active
C[C@H]1SC(N)=N[C@](C)(c2cc(NC(=O)c3ccc(OC(F)F)cn3)ccc2F)[C@H]1F,Active
COc1cnc(C(=O)Nc2ccc(F)c([C@]3(C)CCSC(N)=N3)c2)cn1,Active
Oc1ccc(CNC2CCN(Cc3ccccc3)CC2)cc1,Moderate
Cc1cc(C#N)cnc1C(=O)Nc1ccc(F)c([C@@]2(C)N=C(N)C(C)(C)[S@@]3(=O)=NCC[C@@H]23)c1,Active
C[C@H]1OC[C@]2(c3cc(NC(=O)c4ccc(C#N)cn4)ccc3F)N=C(N)[C@](C)(C#N)C[C@H]12,Active
Oc1cc(O)cc(Oc2c(O)cc(O)c3c2Oc2c(O)cc(Oc4c(O)cc(O)cc4O)cc2O3)c1,Moderate
C[C@@]1(c2cc(NC(=O)c3cnc(C(F)F)cn3)ccc2F)CCSC(N)=N1,Active
CC(F)(F)[C@H]1OC[C@]2(c3cc(NC(=O)c4ccc(C#N)cn4)ccc3F)N=C(N)SC[C@H]12,Active
NC1=N[C@@]2(CO1)c1cc(-c3cccnc3F)ccc1Oc1c2cc(C2=CCCOC2)nc1F,Active
CC(Cc1cc2ccccc2nc1N)C(=O)NC[C@@]12CCCO[C@@H]1CCOC2,Inactive
C[C@@]1(S(C)(=O)=O)CC[C@@](CF)(c2cc(NC(=O)c3ccc(OCF)cn3)ccc2F)N=C1N,Active
Cc1cccc(/C=N/C2CCN(Cc3ccccc3)CC2)c1,Moderate
Cc1ccc(/C=N/C2CCN(Cc3ccccc3)CC2)cc1,Inactive
COc1ccc2nc3c(c(NCCCCCCCCNC(=S)NC45CC6CC(CC(C6)C4)C5)c2c1)CCCC3,Inactive
COC[C@H]1C[C@@H]2[C@](c3cc(Oc4cc(C#N)ccn4)ccc3F)(CO1)N=C(N)N(C)S2(=O)=O,Active
C[C@@]1(c2cc(NC(=O)c3cnc(OCF)cn3)ccc2F)CCSC(N)=N1,Active
Clc1ccc(/C=N/C2CCN(Cc3ccccc3)CC2)c(Cl)c1,Moderate
N#Cc1ccc(C(=O)Nc2ccc(F)c([C@]34COC[C@@]3(F)COC(N)=N4)c2)nc1,Active
Fc1ccc(/C=N/C2CCN(Cc3ccccc3)CC2)c(F)c1,Moderate
COc1ccc2c(c1)[C@@H](O)[C@@]1(CCN(C(=O)C(C)Cc3cc4cc(-c5ccccc5C)ccc4nc3N)C1)C2,Moderate
Cc1cc(C#N)cnc1C(=O)Nc1ccc(F)c([C@]2(C)C[S@@](=O)(=NCC(F)(F)F)N(C)C(N)=N2)c1,Active
Cc1cc(C#N)cnc1C(=O)Nc1ccc(F)c([C@]2(C)CS3(=O)=NCCCCN3C(N)=N2)c1,Active
C[C@H]1C[C@H]2CSC(N)=N[C@@]2(c2ncc(NC(=O)c3ccc(OC(F)F)cn3)s2)CO1,Inactive
C[C@]1(c2cc(NC(=O)c3ccc(C#N)cn3)ccc2F)N=C(N)O[C@@H]2CCCC(F)(F)[C@@H]21,Active
Cc1noc(C)c1[C@@H]1C[C@@](C)(c2ccccc2)N=C(N)S1,Moderate
FC(F)(F)c1ccc2nc(-c3cccc(N4CCc5ccccc5C4)n3)[nH]c2c1,Moderate
FC(F)(F)c1ccc(/C=N/C2CCN(Cc3ccccc3)CC2)cc1,Moderate
CCCOc1cnc(C(=O)Nc2cc(F)c(F)c([C@@]3(C)N=C(N)S[C@@]4(COC)C[C@H]43)c2)cn1,Active
C[C@]1(c2cc(NC(=O)c3ccc(Cl)cn3)cc(F)c2F)N=C(N)S[C@@]2(CO)C[C@H]21,Active
C/C(=C\CC/C(C)=C/CCC1(C)C=Cc2cc(C(=O)O)ccc2O1)CC/C=C(\C)C(=O)O,Inactive
C#CCOc1cnc(C(=O)Nc2cc(F)c(F)c([C@@]3(C)N=C(N)S[C@@]4(C(F)F)C[C@@H]34)c2)cn1,Active
Cc1nocc1[C@@H]1C[C@@](C)(c2ccc(F)cc2F)N=C(N)S1,Moderate
Cc1cc(C#N)cnc1C(=O)Nc1ccc(F)c([C@@]2(C)N=C(N)C(C)(C)[S@@]3(=O)=NCC[C@@H]23)n1,Active
Cc1ccccc1-c1ccc2nc(N)c(CC(C)C(=O)N3CC[C@H]4OCCC[C@@]4(Cc4ccccc4)C3)cc2c1,Moderate
COC[C@]12C[C@H]1[C@@](C)(c1cc(NC(=O)c3cnc(OCC(F)(F)F)cn3)cc(F)c1F)N=C(N)S2,Active
COc1ccc2c(c1)[C@@H](O)[C@@]1(CCN(C(=O)CCc3cc4cc(-c5ccccc5C)ccc4nc3N)C1)C2,Moderate
Cc1c(OCc2ccccc2)cccc1N1CCN(CC(=O)NC2CCN(Cc3ccccc3)C2)CC1,Inactive
C[C@@]1(c2cc(NC(=O)c3ccc(F)cn3)ccc2F)CCSC(N)=N1,Active
C[C@]1(c2cc(NC(=O)c3cnc(OCF)cn3)ccc2F)N=C(N)SCC12CCOCC2,Active
FC(F)(F)c1ccc(CNC2CCN(Cc3ccccc3)CC2)cc1,Moderate
C[C@]1(c2cc(NC(=O)c3ccc(C#N)cn3)ccc2F)N=C(N)OC2(COC2)[C@H]1F,Active
Cc1ccccc1-c1ccc2nc(N)c(CCC(=O)NC[C@@]34CCCO[C@@H]3CCOC4)cc2c1,Active
Nc1nc2ccccc2cc1CCC(=O)NC[C@@]12CCCO[C@@H]1CCOC2,Inactive
Cc1onc(-c2ccccc2)c1[C@@H]1C[C@@](C)(c2ccc(F)cc2F)N=C(N)S1,Moderate
FC(F)(F)Oc1ccc(CNC2CCN(Cc3ccccc3)CC2)cc1,Moderate
C[C@]1(c2cc(NC(=O)c3cnc(OCF)cn3)ccc2F)N=C(N)SC[C@@H]1C1CCOCC1,Active
CN1C(N)=N[C@]2(C)c3cc(NC(=O)c4ccc(C#N)cn4)ccc3OCC[C@@H]2S1(=O)=O,Active
O=C(/C=C/c1ccccc1)NCCc1cc2cc(O)ccc2[nH]1,Inactive
Cc1cc(C#N)cnc1C(=O)Nc1ccc(F)c([C@]2(C)CS3(=O)=NCCCCC3(C)C(N)=N2)c1,Active
CCc1noc(C)c1[C@@H]1C[C@@](C)(c2ccc(F)cc2F)N=C(N)S1,Moderate
CC(F)(F)[C@H]1OC[C@]2(c3cc(NC(=O)c4ccc(C(F)(F)F)cn4)ccc3F)N=C(N)SC[C@H]12,Active
COc1cc(CNC2CCN(Cc3ccccc3)CC2)cc(OC)c1OC,Inactive
C[C@]1(c2cc(NC(=O)c3cnc(OCF)cn3)ccc2F)N=C(N)SCC12CC(F)(F)C2,Active
Cc1noc(C)c1[C@@H]1C[C@@](C)(c2ccc(F)cc2)N=C(N)S1,Moderate
CCOc1cnc(C(=O)Nc2cc(F)c(F)c([C@@]3(C)N=C(N)S[C@@]4(COC)C[C@H]43)c2)cn1,Active
COc1cnc(C(=O)Nc2ccc(F)c([C@@]3(C)N=C(N)[C@@](C)(F)C[C@@H]3F)c2)cn1,Active
CCn1ccc2c(N3CCCC3=O)cc(C(=O)N[C@@H](Cc3ccccc3)[C@H](O)CNC(C)(C)c3cccc(OC)c3)cc21,Inactive
CCCCNC(=O)[C@H](C)C[C@H](O)[C@@H]1C[C@H](C)CCCCCCCCC(=O)N(C)[C@@H](C)C(=O)N1,Moderate
CCCCNC(=O)[C@H](C)C[C@H](O)[C@@H]1C[C@H](C)CCCCCCCC(=O)N(C)[C@@H](C)C(=O)N1,Moderate
CCCCNC(=O)[C@H](C)C[C@H](O)[C@H](CC(C)C)NC(=O)[C@H](CCSC)NC(=O)CCC(C)C,Moderate
CCCCNC(=O)[C@H](C)C[C@H](O)[C@H](CC(C)C)NC(=O)[C@H](C)NC(=O)CCC(C)C,Moderate
CS(=O)(=O)Nc1cc(Nc2cc(-c3ccccc3)ncn2)ccc1Cl,Inactive
CCCCNC(=O)[C@H](C)C[C@H](O)[C@H](CC(C)C)NC(=O)[C@H](C)N(C)C(=O)CCC(C)C,Moderate
CCCCNC(=O)[C@H](C)C[C@H](O)[C@@H]1C[C@H](C)CCCCCCC(=O)N[C@@H](C)C(=O)N1,Moderate
COc1ccc(Nc2cc(-c3ccccc3)ncn2)cc1NS(C)(=O)=O,Inactive
O=c1cc(-c2ccc(O)cc2O)oc2cc(O)cc(O)c12,Inactive
NC1=N[C@@]2(c3cc(NC(=O)c4cnc(OCF)cn4)ccc3F)CCOC[C@H]2CC1(F)F,Moderate
CCCCNC(=O)[C@@H]1C[C@H]1[C@]12CN(c3ncccn3)C[C@H]1CSC(N)=N2,Active
CCCNC(=O)[C@@H]1C[C@H]1[C@]12COC[C@H]1CSC(N)=N2,Inactive
NC1=N[C@@]2(c3cc(NC(=O)c4cnc(OCF)cn4)ccc3F)CO[C@@H](CF)C[C@H]2CC1(F)F,Active
C[C@@]1(c2cc(NC(=O)c3cnc(OCF)cn3)ccc2F)CCC(F)(F)C(N)=N1,Active
NC1=N[C@@]2(c3cc(NC(=O)c4cnc(OCF)cn4)ccc3F)COCC[C@H]2CC1(F)F,Active
C[C@@H]1C[C@H]1COC(C)(C)[C@@H]1C[C@H]1[C@]12CN(c3ncccn3)C[C@H]1CSC(N)=N2,Active
CCNC(=O)[C@@H]1C[C@H]1[C@]12COC[C@H]1CSC(N)=N2,Inactive
C[C@@H](NC(=O)c1cc(C(=O)N[C@@H](Cc2ccccc2)[C@H](O)CNC2CC2)cc2c1CCCO2)c1ccc(F)cc1,Moderate
Cc1cc2c(C(=O)N[C@@H](Cc3ccccc3)[C@H](O)CNC3CC3)cc(C(=O)N[C@H](C)c3ccccc3)cc2o1,Moderate
CC(C)=CCc1c(-c2ccc(O)cc2O)oc2c3c(cc(O)c2c1=O)OC(C)(C)C=C3,Inactive
NC1=N[C@@]2([C@@H]3C[C@H]3C(=O)Nc3ccc(F)cn3)COC[C@H]2CS1,Inactive
CCCCNC(=O)[C@@H]1C[C@H]1[C@]12COC[C@H]1CSC(N)=N2,Moderate
NC1=N[C@](CF)(c2cc(NC(=O)c3cnc(OCF)cn3)ccc2F)CCC1(F)F,Active
C[C@@H]1C[C@H]1CNC(=O)[C@@H]1C[C@H]1[C@]12CN(c3ncccn3)C[C@H]1CSC(N)=N2,Active
C[C@@H]1C[C@H]1CNC(=O)[C@@H]1C[C@H]1[C@]12COC[C@H]1CSC(N)=N2,Moderate
COC(=O)[C@H]1OCC(=S)N[C@@H]1c1ccc(OC)cc1,Moderate
CC(C)[C@H](NC(=O)C[C@H](O)[C@H](COCc1ccccc1)NC(=O)c1cc(C(=O)N[C@H](C)c2ccccc2)cc(N(C)S(C)(=O)=O)c1)C(=O)Nc1cc(C(=O)O)cc(C(=O)O)c1,Active
C[C@H]1C[C@H]2CC(F)(F)C(N)=N[C@@]2(c2cc(NC(=O)c3cnc(OCF)cn3)ccc2F)CO1,Active
NCCCCCCNCCOc1ccc(Br)cc1NC(=O)Cc1cccc2ccccc12,Inactive
O=C(Cc1cccc2ccccc12)Nc1cc(Br)ccc1OCCNC1CCCCC1,Inactive
C[C@@H](NC(=O)c1cc2c(c(C(=O)N[C@@H](Cc3ccccc3)[C@H](O)CNC3CC3)c1)CCCCO2)c1ccccc1,Active
COc1ccc(C(Cc2cc([N+](=O)[O-])ccc2OC)c2csc(N)n2)cc1,Moderate
COc1ccc(C(Cc2ccccc2)c2csc(N)n2)cc1,Inactive
Cc1ccc(Nc2cc(-c3ccc4c(c3)OCCO4)ncn2)cc1NS(C)(=O)=O,Inactive
Cc1ccc(Nc2cc(-c3ccc(N(C)C)cc3)ncn2)cc1NS(C)(=O)=O,Inactive
CCC(C)C1NC(=O)C(SCc2cccc(C(F)(F)F)c2)=C1O,Inactive
Cc1ccc(Nc2cc(-c3ccccc3)ncn2)cc1NS(C)(=O)=O,Inactive
Oc1cc(O)cc(Oc2c(O)cc(O)c3c2Oc2c(O)cc(O)cc2O3)c1,Inactive
Oc1cc(O)cc(O)c1,Inactive
C[C@@H](NC(=O)c1cc(C(=O)N[C@@H](Cc2ccccc2)[C@H](O)CNC2CC2)cc(-c2ccsc2)c1)c1ccccc1,Moderate
C[C@@H](NC(=O)c1cc(C(=O)N[C@@H](Cc2ccccc2)[C@H](O)CNC2CC2)cc2c1CCCO2)c1ccccc1,Active
Cc1cc(C#N)cnc1C(=O)Nc1ccc(F)c([C@]2(C)C[S@](=O)(=NCC(F)(F)F)N(C)C(N)=N2)c1,Active
C[C@]1(c2cc(/C=C(\F)c3ccc(C#N)cn3)ccc2F)N=C(N)S[C@@]2(C(=O)N3CCCC3)C[C@H]21,Active
C[C@@H](NC(=O)c1cc(C(=O)N[C@@H](Cc2ccccc2)[C@H](O)CNC2CC2)cc2c1CCCCO2)c1ccccc1,Active
O=C(N/N=C/c1ccc(Cl)cc1)N1CCN(c2ccccn2)CC1,Moderate
COC[C@]12C[C@H]1[C@@](C)(c1cc(/C=C(\F)c3ccc(C#N)cn3)ccc1F)N=C(N)S2,Active
CN=[S@@]1(=O)C[C@@](C)(c2cc(NC(=O)c3ncc(C#N)cc3C)ccc2F)N=C(N)N1CC(F)(F)F,Active
Brc1ccc(CNC2CCN(Cc3ccccc3)C2)cc1,Moderate
Cc1ccc(-c2nnc(N3CCN(c4ccccn4)CC3)o2)cc1,Moderate
O=C(N/N=C/c1ccccc1)N1CCN(c2ccccn2)CC1,Moderate
COc1cccc(-c2nnc(N3CCN(c4ccccn4)CC3)o2)c1OC,Moderate
O=C(N/N=C/c1ccc([N+](=O)[O-])cc1)N1CCN(c2ccccn2)CC1,Moderate
Fc1ccc(/C=N\C2CCN(Cc3ccccc3)C2)c(F)c1,Moderate
COc1cc(-c2nnc(N3CCN(c4ccccn4)CC3)o2)cc(OC)c1OC,Moderate
Oc1ccc(-c2nnc(N3CCN(c4ccccn4)CC3)o2)cc1,Moderate
c1ccc(-c2nnc(N3CCN(c4ccccn4)CC3)o2)cc1,Moderate
C[C@]1(c2cc(/C=C(\F)c3ccc(C#N)cn3)ccc2F)N=C(N)S[C@@]2(C(=O)N3CCCCC3)C[C@H]21,Active
O=C(N/N=C/c1ccc(Br)cc1)N1CCN(c2ccccn2)CC1,Moderate
COc1cc2c(cc1OCc1ccccc1)CCC(C)(CC(=O)NCCCCCCCNc1c3c(nc4cc(Cl)ccc14)CCCC3)O2,Inactive
COc1cccc(CNC2CCN(Cc3ccccc3)C2)c1OC,Moderate
COc1cc2c(cc1OCc1ccccc1)CCC(C)(CC(=O)NCCCCCCCCNc1c3c(nc4cc(Cl)ccc14)CCCC3)O2,Moderate
O=C(N/N=C/c1ccc(C(F)(F)F)cc1)N1CCN(c2ccccn2)CC1,Moderate
COC[C@]12C[C@H]1[C@@](CF)(c1cc(/C=C(/F)c3ccc(Cl)cn3)ccc1F)N=C(N)S2,Moderate
Fc1ccc(CNC2CCN(Cc3ccccc3)C2)cc1,Moderate
COC[C@]12C[C@H]1[C@@](CF)(c1cc(/C=C(\F)c3ccc(Cl)cn3)ccc1F)N=C(N)S2,Active
CC(=O)[C@]12C[C@H]1[C@@](C)(c1cc(/C=C(\F)c3ccc(C#N)cn3)ccc1F)N=C(N)S2,Active
Cc1cccc(-c2nnc(N3CCN(c4ccccn4)CC3)o2)c1,Moderate
Fc1ccc(CNC2CCN(Cc3ccccc3)C2)c(F)c1,Active
O=[N+]([O-])c1ccc(-c2nnc(N3CCN(c4ccccn4)CC3)o2)cc1,Moderate
Oc1ccc(/C=N\C2CCN(Cc3ccccc3)C2)cc1,Moderate
FC(F)(F)Oc1ccc(/C=N\C2CCN(Cc3ccccc3)C2)cc1,Moderate
Clc1ccc(-c2nnc(N3CCN(c4ccccn4)CC3)o2)cc1,Moderate
O=C(N/N=C/c1ccc(O)cc1O)N1CCN(c2ccccn2)CC1,Moderate
Oc1ccc(CNC2CCN(Cc3ccccc3)C2)c(O)c1,Moderate
COc1cc(CNC2CCN(Cc3ccccc3)C2)cc(OC)c1OC,Moderate
O=[N+]([O-])c1ccc(/C=N\C2CCN(Cc3ccccc3)C2)cc1,Moderate
O=C(N/N=C/c1ccccc1O)N1CCN(c2ccccn2)CC1,Moderate
c1ccc(CNC2CCN(Cc3ccccc3)C2)cc1,Moderate
Fc1ccc(-c2nnc(N3CCN(c4ccccn4)CC3)o2)c(F)c1,Active
COC[C@]12C[C@H]1[C@@](CF)(c1cc(NC(=O)c3ccc(Cl)cn3)ccc1F)N=C(N)S2,Active
C[C@]1(c2cc(/C=C(\F)c3ccc(C#N)cn3)ccc2F)N=C(N)S[C@@]2(C(=O)N3CCOCC3)C[C@H]21,Active
Clc1ccc(CNC2CCN(Cc3ccccc3)C2)cc1,Moderate
FC(F)(F)c1ccc(CNC2CCN(Cc3ccccc3)C2)cc1,Moderate
Oc1ccc(-c2nnc(N3CCN(c4ccccn4)CC3)o2)c(O)c1,Moderate
Fc1ccc(-c2nnc(N3CCN(c4ccccn4)CC3)o2)cc1,Moderate
CCCN(CCC)C(=O)c1cc(C)cc(C(=O)N[C@@H](Cc2cc(F)cc(F)c2)[C@H](O)[C@H]2CN(Cc3ccccc3Cl)CCN2)c1,Moderate
Cc1cccc(/C=N/NC(=O)N2CCN(c3ccccn3)CC2)c1,Moderate
O=C(N/N=C/c1ccc(F)cc1F)N1CCN(c2ccccn2)CC1,Moderate
Cc1ccc(CNC2CCN(Cc3ccccc3)C2)cc1,Moderate
Oc1ccc(CNC2CCN(Cc3ccccc3)C2)cc1,Moderate
FC(F)(F)c1ccc(-c2nnc(N3CCN(c4ccccn4)CC3)o2)cc1,Moderate
Oc1ccccc1CNC1CCN(Cc2ccccc2)C1,Moderate
C[C@]1(c2cc(/C=C(\F)c3ccc(C#N)cn3)ccc2F)N=C(N)S[C@@]2(S(C)(=O)=O)C[C@H]21,Active
N#Cc1ccc(C(=O)Nc2ccc(F)c([C@]3(CF)C[S@@]4(=O)=NCCCCN4C(N)=N3)c2)nc1,Active
Brc1ccc(-c2nnc(N3CCN(c4ccccn4)CC3)o2)cc1,Moderate
Oc1ccc(/C=N\C2CCN(Cc3ccccc3)C2)c(O)c1,Moderate
O=C(N/N=C/c1ccc(OC(F)(F)F)cc1)N1CCN(c2ccccn2)CC1,Moderate
Oc1ccccc1-c1nnc(N2CCN(c3ccccn3)CC2)o1,Moderate
Clc1ccc(/C=N\C2CCN(Cc3ccccc3)C2)cc1,Moderate
CNC(=O)[C@]12C[C@H]1[C@@](C)(c1cc(/C=C(\F)c3ccc(C#N)cn3)ccc1F)N=C(N)S2,Active
O=C(N/N=C/c1ccc(F)cc1)N1CCN(c2ccccn2)CC1,Moderate
COC[C@]12C[C@H]1[C@@](CF)(c1cc(/C=C/c3ccc(Cl)cn3)ccc1F)N=C(N)S2,Moderate
COc1cc2c(cc1OCc1ccccc1)CCC(C)(CC(=O)NCCCCCCNc1c3c(nc4cc(Cl)ccc14)CCCC3)O2,Inactive
COc1cc2c(cc1OCc1ccccc1)CCC(C)(CC(=O)NCCCCCCCCCNc1c3c(nc4cc(Cl)ccc14)CCCC3)O2,Moderate
C[C@]1(c2cc(/C=C(\F)c3ccc(C#N)cn3)ccc2F)N=C(N)S[C@@]2(C(=O)N3CCC3)C[C@H]21,Active
CN(C)C(=O)[C@]12C[C@H]1[C@@](C)(c1cc(/C=C(\F)c3ccc(C#N)cn3)ccc1F)N=C(N)S2,Active
FC(F)(F)c1ccc(/C=N\C2CCN(Cc3ccccc3)C2)cc1,Moderate
O=C(N/N=C/c1ccc(O)cc1)N1CCN(c2ccccn2)CC1,Moderate
FC(F)(F)Oc1ccc(CNC2CCN(Cc3ccccc3)C2)cc1,Moderate
FC(F)(F)Oc1ccc(-c2nnc(N3CCN(c4ccccn4)CC3)o2)cc1,Moderate
Brc1ccc(/C=N\C2CCN(Cc3ccccc3)C2)cc1,Moderate
COc1cccc(/C=N/NC(=O)N2CCN(c3ccccn3)CC2)c1OC,Moderate
COc1cc(C(=O)N[C@@H](Cc2ccccc2)[C@H](O)CNC2CC2)cc(C(=O)N[C@H](C)c2ccccc2)c1,Moderate
C[C@@]1(c2cc(NC(=O)c3cnc(C#N)cn3)ccc2F)C[S@@]2(=O)=NCC(F)(F)CN2C(N)=N1,Active
C(=N\C1CCN(Cc2ccccc2)C1)\c1ccccc1,Moderate
O=[N+]([O-])c1ccc(CNC2CCN(Cc3ccccc3)C2)cc1,Moderate
Fc1ccc(/C=N\C2CCN(Cc3ccccc3)C2)cc1,Moderate
Cc1ccc(/C=N/NC(=O)N2CCN(c3ccccn3)CC2)cc1,Moderate
COc1cc(/C=N/NC(=O)N2CCN(c3ccccn3)CC2)cc(OC)c1OC,Moderate
C[C@]1(c2cc(/C=C(\F)c3cnc(C#N)cn3)ccc2F)N=C(N)S[C@@]2(C(=O)N3CCOCC3)C[C@H]21,Active
C[C@@H](NC(=O)c1cc(O)cc(C(=O)N[C@@H](Cc2ccccc2)[C@H](O)CNC2CC2)c1)c1ccccc1,Moderate
O=C(CC(c1ccccc1)c1ccccc1)N[C@@H](Cc1ccccc1)[C@@H](O)CNCc1ccccc1,Inactive
COc1c(O)c(O)c(C(=O)O)c(C)c1C/C=C(\C)CC/C=C(\C)CCC=C(C)C,Moderate
CC[C@H](C)[C@H](NC(=O)[C@@H](N)CCC(=O)O)C(=O)N[C@@H](Cc1cccs1)C(=O)N[C@@H](CC(C)C)[C@H](O)CNc1ccc(CC(=O)O)cc1,Moderate
C/C(=C\Cc1c(O)cc(C)c(C(=O)O)c1O)CCCC1=C/C(=C\C(C)(C)O)OC1=O,Inactive
CC1(c2cc(NC(=O)c3ccc(C#N)cn3)ccc2F)Cc2ncccc2C(N)=N1,Active
COC(=O)c1c(C)cc(O)c(C/C=C(\C)CCCC2=C/C(=C\C(C)(C)O)OC2=O)c1O,Inactive
COc1ccccc1CNC[C@H](O)[C@H](Cc1ccccc1)NC(=O)CC(c1ccccc1)c1ccccc1,Inactive
CC[C@H](C)[C@H](NC(=O)[C@@H](N)CCC(=O)O)C(=O)N[C@@H](Cc1cccs1)C(=O)N[C@@H](CC(C)C)[C@H](O)CNc1cccc(CC(=O)O)c1,Moderate
CN1C(N)=N[C@](C)(c2cc(-n3[se]c4ccc(F)cc4c3=O)ccc2F)CS1(=O)=O,Moderate
CN(CCC=C1c2ccccc2-c2ccccc21)C(CCO)C(=O)NCc1ccc(Cl)cc1,Inactive
CC[C@H](C)[C@H](NC(=O)[C@@H](N)CCC(=O)O)C(=O)N[C@@H](Cc1cccs1)C(=O)N[C@@H](CC(C)C)[C@H](O)CNC1CCCCC1,Moderate
CC(=O)N[C@@H](CCC(=O)O)C(=O)N[C@H](C(=O)N[C@@H](CC(N)=O)C(=O)N[C@@H](CC(C)C)C(O)C(C)Nc1ccc(C)cc1)C(C)C,Inactive
CC[C@H](C)[C@H](NC(=O)[C@@H](N)CCC(=O)O)C(=O)N[C@@H](Cc1cccs1)C(=O)N[C@@H](CC(C)C)[C@H](O)CNc1ccc(CCC(=O)O)cc1,Moderate
CC[C@H](C)[C@H](NC(=O)[C@@H](N)CCC(=O)O)C(=O)N[C@@H](Cc1cccs1)C(=O)N[C@@H](CC(C)C)[C@H](O)CNc1ccc(C2CCCC2)cc1,Moderate
CC(C)(C)c1ccc(CNC[C@@H](O)[C@H](Cc2ccccc2)NC(=O)CC(c2ccccc2)c2ccccc2)cc1,Moderate
COc1ccc2[se]n(-c3ccc(F)c([C@]4(C)CS(=O)(=O)N(C)C(N)=N4)c3)c(=O)c2c1,Moderate
CC[C@H](C)[C@H](NC(=O)[C@@H](N)CCC(=O)O)C(=O)N[C@@H](Cc1cccs1)C(=O)N[C@@H](CC(C)C)[C@H](O)CNc1ccc(C)cc1,Moderate
CC#C[C@@]1(c2cc(NC(=O)c3ccc(C#N)cn3)ccc2F)CCOC(N)=N1,Active
CN(CCC=C1c2ccccc2CCc2ccccc21)C(CCN)C(=O)NCc1ccc(F)cc1,Moderate
CC[C@H](C)[C@H](NC(=O)[C@@H](N)CCC(=O)O)C(=O)N[C@@H](Cc1cccs1)C(=O)N[C@@H](CC(C)C)[C@H](O)CNC1CCCCCCC1,Moderate
CCCN1CC(C(=O)N[C@@H](Cc2cc(F)cc(F)c2)[C@H](O)[C@@H]2NCN(Cc3ccccc3)C2=O)CC1=O,Moderate
CN(CCC=C1c2ccccc2CCc2ccccc21)C(CCN)C(=O)NCc1ccccc1,Moderate
CC#C[C@]1(c2cc(NC(=O)c3cnc(OCF)cn3)ccc2F)N=C(N)OCC12CC(F)(F)C2,Active
CC1(c2cc(NC(=O)c3ccc(C#N)cn3)ccc2F)Cc2cncc(F)c2C(N)=N1,Active
CC[C@H](C)[C@H](NC(=O)[C@@H](N)CCC(=O)O)C(=O)N[C@@H](Cc1cccs1)C(=O)N[C@@H](CC(C)C)[C@@H](O)CNc1ccc(C)cc1,Inactive
CC1(c2cc(NC(=O)c3ccc(C#N)cn3)ccc2F)Cc2cnccc2C(N)=N1,Active
CC#C[C@@]1(c2cc(NC(=O)c3cnc(OCF)cn3)ccc2F)CCOC(N)=N1,Active
CN1C(N)=N[C@](C)(c2cc(-n3[se]c4ccccc4c3=O)ccc2F)CS1(=O)=O,Moderate
O=C(N[C@@H](Cc1ccccc1)[C@@H](O)CNCc1cccc(C(F)(F)F)c1)C(c1ccccc1)c1ccccc1,Moderate
CC[C@H](C)[C@H](NC(=O)[C@@H](N)CCC(=O)O)C(=O)N[C@@H](Cc1cccs1)C(=O)N[C@@H](CC(C)C)[C@H](O)[C@@H](C)Nc1ccc(C)cc1,Inactive
O=C(N[C@@H](Cc1ccccc1)[C@H](O)CNCC(F)(F)F)C(c1ccccc1)c1ccccc1,Inactive
CC[C@H](C)[C@H](NC(=O)[C@@H](N)CCC(=O)O)C(=O)N[C@@H](Cc1cccs1)C(=O)N[C@@H](CC(C)C)[C@H](O)CNc1ccc(C(C)C(=O)O)cc1,Moderate
CC(C)(C)c1ccc(CNC[C@H](O)[C@H](Cc2ccccc2)NC(=O)C(c2ccccc2)c2ccccc2)cc1,Moderate
CC[C@H](C)[C@H](NC(=O)[C@@H](N)CCC(=O)O)C(=O)N[C@@H](Cc1cccs1)C(=O)N[C@@H](CC(C)C)[C@H](O)CNc1cccc2ccccc12,Moderate
CC(C)(C)c1cccc(CNC[C@@H](O)[C@H](Cc2ccccc2)NC(=O)CC(c2ccccc2)c2ccccc2)c1,Moderate
CC1=CC2Cc3nc4cc(Cl)ccc4c(NCCCCCCCCCNC(=O)c4cc(O)cc(O)c4)c3C(C1)C2,Moderate
CC[C@H](C)[C@H](NC(=O)[C@@H](N)CCC(=O)O)C(=O)N[C@@H](Cc1cccs1)C(=O)N[C@@H](CC(C)C)[C@H](O)CNc1ccc(C(C)(C)C(=O)O)cc1,Moderate
CN(CCC=C1c2ccccc2CCc2ccccc21)C(CCN)C(=O)NCc1ccccc1Cl,Moderate
CC1(c2cc(NC(=O)c3ccc(C#N)cn3)ccc2F)N=C(N)c2ccc(F)cc2O1,Active
CC(C)(C)CNC[C@@H](O)[C@H](Cc1ccccc1)NC(=O)CC(c1ccccc1)c1ccccc1,Inactive
CC(C)(C)c1cccc(CNCC(O)CNCCC(c2ccccc2)c2ccccc2)c1,Inactive
Cc1ccc(CNC(=O)C(CCN)N(C)CCC=C2c3ccccc3CCc3ccccc32)cc1,Moderate
CC1(c2cc(NC(=O)c3ccc(C#N)cn3)ccc2F)Cc2c(F)cncc2C(N)=N1,Active
CC(C)c1cccc(CNC[C@@H](O)[C@H](Cc2ccccc2)NCCC(c2ccccc2)c2ccccc2)c1,Moderate
CN1C(N)=N[C@](C)(c2cc(-n3[se]c4ccc(C(F)(F)F)cc4c3=O)ccc2F)CS1(=O)=O,Moderate
CC1=CC2Cc3nc4cc(Cl)ccc4c(NCCCCCCCCCNS(=O)(=O)c4cn[nH]c4)c3C(C1)C2,Inactive
CC#C[C@]1(c2cc(NC(=O)c3cnc(OCF)cn3)ccc2F)N=C(N)OC[C@@H]1F,Active
CC[C@H](C)[C@H](NC(=O)[C@@H](N)CCC(=O)O)C(=O)N[C@@H](Cc1cccs1)C(=O)N[C@@H](CC(C)C)[C@H](O)CNc1ccc2c(c1)CCCC2,Inactive
CC1(c2cc(NC(=O)c3ccc(C#N)cn3)ccc2F)Cc2c(ccnc2F)C(N)=N1,Active
N#Cc1ccc(C(=O)Nc2ccc(F)c([C@]3(CF)CCSC(N)=N3)c2)nc1,Active
CC[C@H](C)[C@H](NC(=O)[C@@H](N)CCC(=O)O)C(=O)N[C@@H](Cc1cccs1)C(=O)N[C@@H](CC(C)C)[C@H](O)CNc1cccc(C(=O)O)c1,Moderate
C[C@@]1(c2cc(C(=O)Nc3ccc(Cl)cn3)ccc2F)CCSC(N)=N1,Active
CC[C@H](C)[C@H](NC(=O)[C@@H](N)CCC(=O)O)C(=O)N[C@@H](Cc1cccs1)C(=O)N[C@@H](CC(C)C)[C@H](O)CNc1cc(C)cc(C(=O)O)c1,Inactive
CC[C@H](C)[C@H](NC(=O)[C@@H](N)CCC(=O)O)C(=O)N[C@@H](Cc1cccs1)C(=O)N[C@@H](CC(C)C)[C@H](O)CNc1ccc(C(=O)O)cc1,Inactive
CC(C)c1cccc(CNC[C@H](O)[C@H](Cc2ccccc2)NC(=O)C(c2ccccc2)c2ccccc2)c1,Moderate
C[C@@]1(c2cc(NC(=O)c3ccc(C#N)cn3)ccc2F)Cc2c(ccnc2F)C(N)=N1,Active
CN(CCC=C1c2ccccc2-c2ccccc21)C(CCO)C(=O)NCc1ccccc1,Inactive
O=C(CC(c1ccccc1)c1ccccc1)N[C@@H](Cc1ccccc1)[C@H](O)CNCc1ccccc1,Inactive
C/C(=C\Cc1c(O)cc(C)c(C(=O)O)c1O)CC/C=C(\C)CC[C@H](O)C(C)(C)O,Inactive
CN1C(N)=N[C@](C)(c2cc(-n3[se]c4cc(F)c(F)cc4c3=O)ccc2F)CS1(=O)=O,Moderate
CC[C@H](C)[C@H](NC(=O)[C@@H](N)CCC(=O)O)C(=O)N[C@@H](Cc1cccs1)C(=O)N[C@@H](CC(C)C)[C@H](O)CNC1CCCCCC1,Moderate
COc1ccc2c(=O)n(-c3ccc(F)c([C@]4(C)CS(=O)(=O)N(C)C(N)=N4)c3)[se]c2c1,Moderate
CC(C)(NC[C@@H](O)[C@H](Cc1ccccc1)NC(=O)CC(c1ccccc1)c1ccccc1)c1ccccc1,Moderate
CC[C@H](C)[C@H](NC(=O)[C@@H](N)CCC(=O)O)C(=O)N[C@@H](Cc1cccs1)C(=O)N[C@@H](CC(C)C)[C@H](O)CNc1ccc(C)c(C(=O)O)c1,Moderate
CN(CCC=C1c2ccccc2CCc2ccccc21)C(CCN)C(=O)NCc1ccc(Cl)cc1,Inactive
CC(C)(C)c1cccc(CNC[C@@H](O)[C@H](Cc2ccccc2)NC(=O)C(c2ccccc2)c2ccccc2)c1,Moderate
CC[C@H](C)[C@H](NC(=O)[C@@H](N)CCC(=O)O)C(=O)N[C@@H](Cc1cccs1)C(=O)N[C@@H](CC(C)C)[C@H](O)CNc1ccc(CC(C)C)cc1,Moderate
CN1C(N)=N[C@](C)(c2cc(-n3[se]c4cc(F)ccc4c3=O)ccc2F)CS1(=O)=O,Moderate
CC[C@H](C)[C@H](NC(=O)[C@@H](N)CCC(=O)O)C(=O)N[C@@H](Cc1cccs1)C(=O)N[C@@H](CC(C)C)[C@H](O)CNc1cccc(C)c1,Inactive
CC(C)c1cccc(CNC[C@@H](O)[C@H](Cc2ccccc2)NC(=O)CC(c2ccccc2)c2ccccc2)c1,Moderate
CC[C@H](C)[C@H](NC(=O)[C@@H](N)CCC(=O)O)C(=O)N[C@@H](Cc1cccs1)C(=O)N[C@@H](CC(C)C)[C@H](O)CNc1ccccc1,Moderate
CC1(c2cc(NC(=O)c3ccc(C#N)cn3)ccc2F)Cc2ccncc2C(N)=N1,Active
O=C(CC(c1ccccc1)c1ccccc1)N[C@@H](Cc1ccccc1)[C@@H](O)CNCc1cccc(C(F)(F)F)c1,Moderate
CC[C@H](C)[C@H](NC(=O)[C@@H](N)CCC(=O)O)C(=O)N[C@@H](Cc1cccs1)C(=O)N[C@@H](CC(C)C)[C@H](O)CNc1cccc(C(=O)OC)c1,Inactive
CC(C)=CCC/C(C)=C/CC/C(C)=C/Cc1c(O)cc(C)cc1O,Moderate
CC1(c2cc(NC(=O)c3ccc(C#N)cn3)ccc2F)N=C(N)c2ccccc2O1,Active
CC1(c2cc(NC(=O)c3ccc(C#N)cn3)ccc2F)Cc2cccnc2C(N)=N1,Moderate
CC[C@H](C)[C@H](NC(=O)[C@@H](N)CCC(=O)O)C(=O)N[C@@H](Cc1cccs1)C(=O)N[C@@H](CC(C)C)[C@H](O)CNc1ccc(C(C)(C)C)cc1,Moderate
COC(=O)CCCCC(=O)NC(CC(C)C)[C@@H](O)CC(=O)N[C@@H](C(=O)N[C@H](C)C(=O)N[C@H](CCC(=O)O)C(=O)N[C@H](Cc1ccccc1)C(=O)O)C(C)C,Inactive
CCCN(CCC)C(=O)c1cc(C)cc(C(=O)N[C@@H](Cc2cc(F)cc(F)c2)[C@H](O)[C@@H]2NCCNC2=O)c1,Moderate
CCCCNC(=O)[C@H](C)C[C@H](O)[C@@H]1C[C@H](C)CCCCCCCC(=O)N[C@@H](C)C(=O)N1,Moderate
CCCCNC(=O)[C@H](C)C[C@H](O)[C@@H]1C[C@H](C)CCCCCCCCC(=O)N[C@@H](C)C(=O)N1,Moderate
CCCN1CC(C(=O)N[C@@H](Cc2cc(F)cc(F)c2)[C@H](O)[C@@H]2NCCN(Cc3ccccc3)C2=O)CC1=O,Active
CCCCN1CC(C(=O)N[C@@H](Cc2cc(F)cc(F)c2)[C@H](O)[C@@H]2NCCN(Cc3ccccc3)C2=O)CC1=O,Active
CCCCN1CC(C(=O)N[C@@H](Cc2cc(F)cc(F)c2)[C@H](O)[C@@H]2NCN(Cc3ccccc3)C2=O)CC1=O,Moderate
O=C(N[C@@H](Cc1cc(F)cc(F)c1)[C@H](O)[C@@H]1NCCN(Cc2ccccc2)C1=O)C1CC(=O)N(CC2CC2)C1,Active
CCCN1CC(C(=O)N[C@@H](Cc2cc(F)cc(F)c2)[C@H](O)[C@@H]2NCCN(Cc3ccccc3)C2=O)N(CC)C1=O,Active
CC(=O)Nc1ccc(N2C(=O)N=C(NC3CCCCC3)C23CCN(Cc2ccccc2)CC3)cc1,Inactive
COc1cc(O)c(CC=C(C)C)c2c1C(=O)CC(c1ccc(O)cc1)O2,Inactive
O=C1N=C(NC2CCCCC2)C2(CCN(Cc3ccccc3)CC2)N1c1cccc(F)c1,Inactive
CCNc1cc(C(=O)N[C@@H](Cc2ccccc2)[C@H](O)CNC2CC2)cc(N2CCCCS2(=O)=O)c1.O=CO,Moderate
CCNc1cc(C(=O)N[C@@H](Cc2ccccc2)[C@H](O)CNC)cc(N2CCCCS2(=O)=O)c1.Cl,Moderate
CCc1cn2c3c(cc(C(=O)N[C@@H](Cc4ccccc4)[C@H](O)CNC)cc13)N(C)S(=O)(=O)CC2.O=CO,Active
COc1ccc(C(Cc2cc([N+](=O)[O-])ccc2OC)c2c[nH]c(N)n2)cc1,Moderate
COc1ccc(C(Cc2cc([N+](=O)[O-])ccc2OC)c2cn(C)c(N)n2)cc1,Moderate
CC(=O)Nc1ccc(CN2CCC3(CC2)C(NC2CCCCC2)=NC(=O)N3c2cccc(F)c2)cc1,Moderate
O=C1N=C(NC2CCCCC2)C2(CCN(Cc3ccccc3)CC2)N1c1ccccc1,Inactive
C=C(C)[C@H](CC=C(C)C)Cc1c(O)cc(OC)c2c1O[C@H](c1ccc(O)cc1OC)CC2=O,Moderate
COC1Oc2cc(O)ccc2-c2c1oc1cc(O)c(C)c(O)c1c2=O,Moderate
C[C@@H](NC(=O)c1cc(C(=O)N[C@@H](Cc2ccccc2)[C@H](O)CNCCC2CCN(Cc3ccccc3)CC2)cc(N(C)S(C)(=O)=O)c1)c1ccc(F)cc1,Moderate
C[C@@H](NC(=O)c1cc(C(=O)N[C@@H](Cc2ccccc2)[C@H](O)CNC2CC2)cc(N2CCCCS2(=O)=O)c1)c1ccccc1,Moderate
C[C@@H](NC(=O)c1cc(C(=O)N[C@@H](Cc2ccccc2)[C@H](O)CNCC2CCN(Cc3ccccc3)CC2)cc(N(C)S(C)(=O)=O)c1)c1ccccc1,Moderate
CC(C)C[C@H](NC(=O)C(O)c1ccccc1Br)[C@@H](O)CC(=O)N[C@H](C(=O)NCc1ccc(C(=O)O)cc1)C(C)C,Inactive
CC(C)Cc1ccc(C(=O)NC(CC(C)C)[C@@H](O)CC(=O)N[C@@H](C(=O)N[C@H](C)C(=O)N[C@H](CCC(=O)O)C(=O)N[C@H](Cc2ccccc2)C(=O)O)C(C)C)cc1,Inactive
O=c1c(O)c(-c2ccc(O)c(O)c2)oc2cc(O)cc(O)c12,Moderate
CC(C)[C@H](NC(=O)C[C@H](O)[C@H](COc1cc(F)cc(F)c1)NC(=O)c1cc(C(=O)N[C@H](C)c2ccccc2)cc(N(C)S(C)(=O)=O)c1)C(=O)Nc1ccc(C(=O)O)cc1,Moderate
CCc1cn2c3c(cc(C(=O)N[C@@H](Cc4ccccc4)[C@H](O)CNC(C)(C)CCCC(C)C)cc13)N(C)S(=O)(=O)CC2.O=CO,Active
CCn1cnc2c(N3CCCC3=O)cc(C(=O)N[C@@H](Cc3ccccc3)[C@H](O)CNCc3cccc(C(F)(F)F)c3)cc21,Active
C[C@@H](NC(=O)c1cc(C(=O)N[C@@H](COc2cc(F)cc(F)c2)[C@@H](O)CC(=O)NCC(=O)NCc2ccc(C(=O)O)cc2)cc(N(C)S(C)(=O)=O)c1)c1ccccc1,Moderate
CC(C)[C@H](NC(=O)C[C@H](O)[C@H](COc1cc(F)cc(F)c1)NC(=O)c1cc(C(=O)N[C@H](C)c2ccccc2)cc(N(C)S(C)(=O)=O)c1)C(=O)Nc1cc(C(=O)O)cc(C(=O)O)c1,Active
C[C@@H](NC(=O)c1cc(C(=O)N[C@@H](Cc2ccccc2)[C@H](O)CNCCC2CCN(Cc3ccccc3)CC2)cc([N+](=O)[O-])c1)c1ccccc1,Moderate
CC(=O)O.CCNc1cc(C(=O)N[C@@H](Cc2ccccc2)[C@H](O)CNC(C)(C)CCCC(C)C)cc(N2CCCCS2(=O)=O)c1,Moderate
O=C(N[C@@H](Cc1ccccc1)[C@H](O)C(=O)Nc1cccc(-c2nn[nH]n2)c1)c1cc(Cl)cc(C(=O)N2COC[C@@H]2c2ccc(F)cc2)n1,Active
CCn1ccc2c(N3CCCC3=O)cc(C(=O)N[C@@H](Cc3ccccc3)[C@H](O)CNCc3cccc(C(F)(F)F)c3)cc21,Active
COC(=O)[C@@H]1CCCN1C(=O)[C@H](Cc1ccccc1)N(C)C(=O)[C@H](C)NC(=O)[C@H](CC(C)C)NC(=O)C[C@H](O)[C@H](Cc1ccccc1)NC(=O)[C@H](CCC(N)=O)N(C)C(=O)[C@@H](NC(=O)[C@H](C)O)C(C)C,Moderate
CCNc1cc(C(=O)N[C@@H](Cc2ccccc2)[C@H](O)CNCc2cccc(C(F)(F)F)c2)cc(N2CCCCS2(=O)=O)c1OC,Active
CCc1ccnc2c(N3CCCC3=O)cc(C(=O)N[C@@H](Cc3ccccc3)[C@H](O)CNCc3cccc(C(F)(F)F)c3)cc12,Moderate
COc1cc2c(cc1OC)C(=O)C(CC1CCN(Cc3ccccc3)CC1)C2,Moderate
CCCN1CC(C(=O)N[C@@H](Cc2cc(F)cc(F)c2)[C@H](O)[C@@H]2NCCN(Cc3ccccc3)C2=O)CN(CCC)C1=O,Moderate
C[C@@H](NC(=O)c1cc(C(=O)N[C@@H](Cc2ccccc2)[C@H](O)CNC2CCN(Cc3ccccc3)CC2)cc(N(C)S(C)(=O)=O)c1)c1ccccc1,Moderate
CCNc1cc(C(=O)N[C@@H](Cc2ccccc2)[C@H](O)CNCc2cncc(C#N)c2)cc(N2CCCCS2(=O)=O)c1,Active
C[C@@H](NC(=O)c1cc(C(=O)N[C@@H](Cc2ccccc2)[C@H](O)CNC2CCN(Cc3ccccc3)CC2)cc(N(C)S(C)(=O)=O)c1)c1ccc(F)cc1,Moderate
CC(C)C[C@H](NC(=O)c1cc(C(=O)N[C@H](C)c2ccc(F)cc2)cc(N(C)S(C)(=O)=O)c1)[C@@H](O)C[C@@H](C)C(=O)NC1CCN(Cc2ccccc2)CC1,Moderate
CC(C)C[C@H](NC(=O)c1cc(C(=O)N[C@H](C)c2ccccc2)cc(N(C)S(C)(=O)=O)c1)[C@@H](O)C[C@@H](C)C(=O)NC1CCN(Cc2ccccc2)CC1,Moderate
CC(C)[C@H](NC(=O)C[C@H](O)[C@H](COCc1cc(F)cc(F)c1)NC(=O)c1cc(C(=O)N[C@H](C)c2ccccc2)cc(N(C)S(C)(=O)=O)c1)C(=O)Nc1cc(C(=O)O)cc(C(=O)O)c1,Active
CCc1cn2c3c(cc(C(=O)N[C@@H](Cc4ccccc4)[C@H](O)CNC4CCCCC4)cc13)N(C)S(=O)(=O)CC2.O=CO,Active
CCNc1cc(C(=O)N[C@@H](Cc2ccccc2)[C@H](O)CNCc2cccc(C(F)(F)F)c2)cc(N2CCCCS2(=O)=O)c1.O=CO,Active
O=C(N[C@@H](Cc1ccccc1)[C@H](O)C(=O)Nc1cccc(-c2nn[nH]n2)c1)c1cc(I)cc(C(=O)N2COC[C@@H]2c2ccccc2)n1,Active
C[C@@H](NC(=O)c1cc(C(=O)N[C@@H](Cc2ccccc2)[C@H](O)CNCCC2CCN(Cc3ccccc3)CC2)cc([N+](=O)[O-])c1)c1ccc(F)cc1,Moderate
CCCN(CCC)C(=O)c1cccc(C(=O)N[C@@H](COCc2cc(F)cc(F)c2)[C@@H](O)CC(=O)N[C@H](C(=O)Nc2cc(C(=O)O)cc(C(=O)O)c2)C(C)C)c1,Moderate
CC(C)[C@H](NC(=O)C[C@H](O)[C@H](COCc1cc(F)cc(F)c1)NC(=O)c1cc(C(=O)N[C@H](C)c2ccccc2)cc(N(C)S(C)(=O)=O)c1)C(=O)NCc1ccc(C(=O)O)cc1,Moderate
O=C1O[C@@H]2[C@@H](OC(=O)c3cc(O)c(O)c(O)c3-c3c1cc(O)c(O)c3O)[C@H](O)O[C@@H]1COC(=O)c3cc(O)c(O)c(O)c3-c3c(O)c(O)c4oc(=O)c5c(c(O)c(O)c6oc(=O)c3c4c65)-c3c(cc(O)c(O)c3O)C(=O)O[C@@H]21,Moderate
C[C@@]1(c2nc(NC(=O)c3ncc(C(F)(F)F)cc3N)ccc2F)CO[C@@](C)(C(F)(F)F)C(N)=N1,Active
C[C@H]1SC(N)=N[C@](C)(c2cc(NC(=O)c3cc4c(cn3)OCCC4)ccc2F)[C@H]1F,Active
C[C@@]1(c2cc(NC(=O)c3ncc(C#N)cc3Cl)ccc2F)CO[C@@](C)(C(F)(F)F)C(N)=N1,Active
CCCN(CCC)C(=O)c1cc(C)cc(C(=O)N[C@@H](Cc2cc(F)cc(F)c2)[C@H](O)[C@@H]2NCCN(CC(C)C)C2=O)c1,Moderate
COc1cnc(C(=O)Nc2ccc(F)c([C@]3(C)Cn4c(C#N)cnc4C(N)=N3)c2)cn1,Active
COc1cnc(C(=O)Nc2ccc(F)c([C@]3(C)Cn4nc(C#N)cc4C(N)=N3)c2)cn1,Active
C[C@@]1(c2cc(NC(=O)c3ncc(OC(F)F)cc3Cl)ccc2F)CO[C@@](C)(C(F)(F)F)C(N)=N1,Active
C[C@@]1(S(C)(=O)=O)CC[C@@](CF)(c2cc(NC(=O)c3cc4c(cn3)OCCO4)ccc2F)N=C1N,Active
C[C@@]1(S(C)(=O)=O)CC[C@@](CF)(c2cc(NC(=O)c3ccc(F)cn3)ccc2F)N=C1N,Active
COc1cnc(C(=O)Nc2ccc(F)c([C@]3(C)CO[C@@](C)(C(F)(F)F)C(N)=N3)c2)c(C)c1,Active
O=C(N[C@@H](Cc1ccccc1)[C@H](O)C(=O)Nc1cccc(-c2nn[nH]n2)c1)c1cc(I)cc(C(=O)N2COC[C@@H]2c2ccc(F)cc2)n1,Active
C[C@H]1SC(N)=N[C@](C)(c2cc(NC(=O)c3cc4c(cn3)OCCO4)ccc2F)[C@H]1F,Active
CCCN(CCC)C(=O)c1cc(C)cc(C(=O)N[C@@H](Cc2cc(F)cc(F)c2)[C@H](O)[C@@H]2NCCN(CC3CC3)C2=O)c1,Active
C[C@@]1(S(C)(=O)=O)CC[C@@](CF)(c2cc(NC(=O)c3cc4c(cn3)OCCCO4)ccc2F)N=C1N,Active
C[C@@]1(c2cc(NC(=O)c3ccc(Cl)cn3)ccc2F)Cn2c(C#N)cnc2C(N)=N1,Active
CCCN(CCC)C(=O)c1cc(C)cc(C(=O)N[C@@H](Cc2cc(F)cc(F)c2)[C@H](O)[C@@H]2NCN(Cc3ccccc3)C2=O)c1,Active
Cc1nc(C#N)cnc1C(=O)Nc1ccc(F)c([C@]2(C)CO[C@@](C)(C(F)(F)F)C(N)=N2)c1,Active
C[C@@]1(c2cc(NC(=O)c3cnc(C(F)F)cn3)ccc2F)Cn2nc(C#N)cc2C(N)=N1,Active
CCC[C@@H]1NC(=O)[C@@H](NC(=O)[C@@H](N)CCC(=O)O)C(C)(C)OCCCC[C@@H]([C@H](O)CNc2ccc(CC(=O)O)cc2)NC1=O,Moderate
C[C@H]1SC(N)=N[C@](C)(c2cc(NC(=O)c3cc4c(cn3)CCCO4)ccc2F)[C@H]1F,Active
COCCOc1cnc(C(=O)Nc2ccc(F)c([C@]3(C)CO[C@@](C)(C(F)(F)F)C(N)=N3)n2)c(N)n1,Active
CCC[C@H](NC(=O)[C@@H](NC(=O)[C@@H](N)CCC(=O)O)[C@@H](C)CC)C(=O)N[C@@H](CC(C)C)[C@H](O)CNc1ccc(C)cc1,Moderate
CCCN1CC(C(=O)N[C@@H](Cc2cc(F)cc(F)c2)[C@H](O)[C@@H]2NCCN(Cc3ccccc3)C2=O)N(C(C)C)C1=O,Moderate
C[C@@]1(S(C)(=O)=O)CC[C@@](CF)(c2cc(NC(=O)c3cnc(OCF)cn3)ccc2F)N=C1N,Active
COc1cc(C(=O)Nc2ccc(F)c([C@]3(CF)CC[C@@](C)(S(C)(=O)=O)C(N)=N3)c2)ncn1,Active
C[C@@]1(c2cc(NC(=O)c3cnc(OCF)cn3)ccc2F)Cn2nc(C#N)cc2C(N)=N1,Active
CSCC[C@H](NC(=O)[C@@H](NC(=O)OC(C)(C)C)C(C)C)C(=O)NC(CC(C)C)[C@@H](O)CC(=O)N[C@@H](C(=O)NO)C(C)C,Inactive
[2H]C1([2H])Oc2cnc(C(=O)Nc3ccc(F)c([C@]4(CF)CC[C@@](C)(S(C)(=O)=O)C(N)=N4)c3)cc2OC1([2H])[2H],Active
C[C@@]1(c2cc(NC(=O)c3ccc(C#N)cn3)ccc2F)Cn2nc(C#N)cc2C(N)=N1,Active
C[C@@]1(S(C)(=O)=O)CC[C@@](CF)(c2cc(NC(=O)c3cc4c(cn3)OCO4)ccc2F)N=C1N,Active
CCC[C@@H]1NC(=O)[C@@H](NC(=O)[C@@H](N)CCC(=O)O)C(C)(C)OC/C=C\C[C@@H]([C@H](O)CNc2ccc(CC(=O)O)cc2)NC1=O,Moderate
C[C@@]1(c2cc(NC(=O)c3ccc(F)cn3)ccc2F)Cn2nc(C#N)cc2C(N)=N1,Active
C[C@@]1(c2cc(NC(=O)c3ccc(C#N)cn3)ccc2F)Cn2cc(C#N)nc2C(N)=N1,Active
C[C@@]1(c2cc(NC(=O)c3ncc(Cl)cc3Cl)ccc2F)CO[C@@](C)(C(F)(F)F)C(N)=N1,Active
CCC[C@@H]1NC(=O)[C@@H](NC(=O)[C@@H](N)CCC(=O)O)[C@H](C)OC/C=C\C[C@@H]([C@H](O)CNc2ccc(C)cc2)NC1=O,Inactive
Cc1cc(OC(F)F)cnc1C(=O)Nc1ccc(F)c([C@]2(C)CO[C@@](C)(C(F)(F)F)C(N)=N2)c1,Active
COc1c2ccoc2c(OC[C@@H](O)C(C)(C)O)c2oc(=O)ccc12,Inactive
CCc1cn(C)c2c(N3CCCC3=O)cc(C(=O)N[C@@H](Cc3ccccc3)[C@H](O)CNCc3cccc(C(F)(F)F)c3)cc12,Active
CCNc1cc(C(=O)N[C@@H](Cc2ccccc2)[C@H](O)CNCc2cccc(C(F)(F)F)c2)cc(N2CCCCS2(=O)=O)c1C,Active
Oc1cc(O)cc(Oc2c(O)cc(O)c3c2Oc2c(O)cc(Oc4c(O)cc(Oc5c(O)cc(O)c6c5Oc5c(O)cc(O)cc5O6)cc4O)cc2O3)c1,Moderate
COC(=O)c1cc(NC(=O)[C@@H](NC(=O)C[C@H](O)[C@H](COc2cc(F)cc(F)c2)NC(=O)c2cc(C(=O)N[C@H](C)c3ccccc3)cc(N(C)S(C)(=O)=O)c2)C(C)C)cc(C(=O)OC)c1,Moderate
C[C@@]1(c2cc(NC(=O)c3ccc(F)cn3)ccc2F)Cn2c(C#N)cnc2C(N)=N1,Active
Cl.Cl.NC1=N[C@@]2(c3cccs3)CN(c3ncccn3)C[C@H]2CS1,Moderate
CCc1cc([C@]2(c3ccc(F)c(-c4cccnc4C(F)F)c3)N=C(N)N(C)C2=O)cc(CC)n1,Active
CC(C)S(=O)(=O)[C@]1(C)CC[C@@](CF)(c2cc(NC(=O)c3cc4c(cn3)OC(F)(F)O4)ccc2F)N=C1N,Active
C[C@@]1(c2nc(NC(=O)c3ncc(OCCF)nc3N)ccc2F)CO[C@@](C)(C(F)(F)F)C(N)=N1,Moderate
C[C@@]1(S(C)(=O)=O)CC[C@@](CF)(c2cc(NC(=O)c3cc4c(cn3)OC(F)(F)O4)ccc2F)N=C1N,Active
C[C@@]1(c2cc(NC(=O)c3ncc(C#N)cc3N)ccc2F)CO[C@@](C)(C(F)(F)F)C(N)=N1,Active
Cl.NC1=N[C@@]2(c3cnccn3)CN(c3ncc(F)cn3)C[C@H]2CS1,Moderate
C[C@@]1(S(C)(=O)=O)CC[C@@](CF)(c2cc(NC(=O)c3cc4c(cn3)OC(F)(F)CO4)ccc2F)N=C1N,Active
CC(C)C[C@H](NC(=O)[C@H](CC(N)=O)NC(=O)[C@@H](N)C(C)C)[C@@H](O)C[C@@H](C)C(=O)N[C@@H](C)C(=O)N[C@@H](CCC(=O)O)C(=O)N[C@@H](Cc1ccccc1)C(=O)O,Active
CCCN(CCC)C(=O)c1cc(C)cc(C(=O)N[C@@H](Cc2cc(F)cc(F)c2)[C@H](O)[C@@H]2NCCN(Cc3ccccc3)C2=O)c1,Active
CCC[C@@H]1NC(=O)[C@@H](NC(=O)[C@@H](N)CCC(=O)O)C(C)(C)OC/C=C\C[C@@H]([C@H](O)CNc2ccc(C)cc2)NC1=O,Moderate
CCS(=O)(=O)[C@]1(C)CC[C@@](CF)(c2cc(NC(=O)c3cc4c(cn3)OC(F)(F)O4)ccc2F)N=C1N,Active
CC(C)C[C@H](NC(=O)c1cc(C(=O)N[C@H](C)c2ccc(F)cc2)cc(N(C)S(C)(=O)=O)c1)[C@@H](O)C[C@@H](C)C(=O)NCC1CCN(Cc2ccccc2)CC1,Moderate
CSCC[C@H](NC(=O)[C@@H](NC(=O)OC(C)(C)C)C(C)C)C(=O)NC(CC(C)C)[C@@H](O)CC(=O)N[C@@H](C(=O)NC1C[C@@H](C(=O)O)C[C@@H](C(=O)O)C1)C(C)C,Moderate
C#CCOc1cnc(C(=O)Nc2cc(F)c(F)c([C@@]3(C)N=C(N)S[C@@]4(COC)CC43)c2)cn1,Active
C[C@H]1SC(N)=N[C@](C)(c2cc(NC(=O)c3ccc(OCF)cn3)ccc2F)[C@H]1F,Active
Cc1nc(C(=O)Nc2ccc(F)c([C@]3(C)Cn4nc(C#N)cc4C(N)=N3)c2)co1,Active
C[C@@]1(c2cc(NC(=O)c3ccc(OC(F)F)cn3)ccc2F)Cn2nc(C#N)cc2C(N)=N1,Active
C[C@@]1(c2cccc(NC(=O)c3ccc(Br)cn3)c2)CCSC(N)=N1,Active
CCC[C@@H]1NC(=O)[C@@H](NC(=O)[C@@H](N)CCC(=O)O)C(C)(C)OCCCC[C@@H]([C@H](O)CNc2ccc(C)cc2)NC1=O,Moderate
Cl.NC1=N[C@@]2(c3cccs3)CN(c3ncc(F)cn3)C[C@H]2CS1,Active
C=C(C)[C@H](CCC(C)(C)O)Cc1c(O)cc(O)c2c1O[C@H](c1ccccc1O)CC2=O,Inactive
CC(C)CC(NC(=O)CCCOc1ccccc1)[C@@H](O)CC(=O)N[C@@H](C(=O)N[C@H](C)C(=O)N[C@H](CCC(=O)O)C(=O)N[C@H](Cc1ccccc1)C(=O)O)C(C)C,Inactive
C[C@@H](NC(=O)c1cc(C(=O)N[C@@H](Cc2ccccc2)[C@H](O)CNCCC2CCN(Cc3ccccc3)CC2)cc(N(C)S(C)(=O)=O)c1)c1ccccc1,Moderate
Oc1cc(O)cc(Oc2c(O)cc(O)c3c2Oc2c(O)cc4oc5c(Oc6cc(O)cc(O)c6)c(O)cc(O)c5c4c2O3)c1,Moderate
O=C(OC1O[C@@H]2COC(=O)c3cc(O)c(O)c(O)c3-c3c(cc(O)c(O)c3O)C(=O)O[C@H]2[C@H](OC(=O)c2cc(O)c(O)c(O)c2)[C@H]1OC(=O)c1cc(O)c(O)c(O)c1)c1cc(O)c(O)c(O)c1,Inactive
COC[C@H]1CCCN1C(=O)c1cc(C)cc(C(=O)N[C@@H](Cc2cc(F)cc(F)c2)[C@H](O)[C@@H]2NCCN(Cc3ccccc3)C2=O)c1,Active
CCCN(CCC)C(=O)c1cc(C)cc(C(=O)N[C@@H](Cc2cc(F)cc(F)c2)[C@H](O)[C@H]2CN(c3ccccc3)CCN2)c1,Moderate
CCNc1cc(C(=O)N[C@@H](Cc2ccccc2)[C@H](O)CNC(C)(C)c2cccc(C(F)(F)F)c2)cc(N2CCCCS2(=O)=O)c1,Active
Nc1ccc(S(=O)(=O)N(CCCNCCCN(Cc2ccccc2)S(=O)(=O)c2ccc(N)cc2)Cc2ccccc2)cc1,Inactive
CCNc1cc(C(=O)N[C@@H](Cc2ccccc2)[C@H](O)CNCc2ccccc2)cc(N2CCCCS2(=O)=O)c1.O=CO,Moderate
COC[C@H]1CCCN1C(=O)c1cncc(C(=O)N[C@@H](Cc2cc(F)cc(F)c2)[C@H](O)[C@@H]2NCCN(Cc3ccccc3)C2=O)c1,Active
CS(=O)(=O)Nc1cc(Nc2cc(-c3ccccc3)ncn2)ccc1Br,Inactive
Cc1ccc(Nc2cc(-c3ccc(CCCO)cc3)ncn2)cc1NS(C)(=O)=O,Inactive
CSCC[C@H](NC(=O)[C@@H](NC(=O)OC(C)(C)C)C(C)C)C(=O)NC(CC(C)C)[C@@H](O)CC(=O)N[C@@H](C(=O)NCc1cccc(OCC(=O)O)c1)C(C)C,Moderate
CC(C)CC(NC(=O)C(O)c1ccccc1Br)[C@@H](O)CC(=O)N[C@@H](C(=O)N[C@H](C)C(=O)N[C@H](CCC(=O)O)C(=O)N[C@H](Cc1ccccc1)C(=O)O)C(C)C,Moderate
Cc1ccc(Nc2cc(-c3ccc(-c4ccccc4)cc3)ncn2)cc1NS(C)(=O)=O,Inactive
CSCC[C@H](NC(=O)[C@@H](NC(C)=O)C(C)C)C(=O)N[C@@H](CC(C)C)[C@@H](O)CC(=O)N[C@H](C(=O)N[C@@H](C)C(=O)N[C@@H](CCC(=O)O)C(=O)N[C@@H](Cc1ccccc1)C(=O)O)C(C)C,Moderate
CC(C)=CCC/C(C)=C/CC/C(C)=C/Cc1c(O)cc(C)c(C(=O)O)c1O,Moderate
Cc1cc2c(C(=O)N[C@H](C)c3ccccc3)cc(C(=O)N[C@@H](Cc3ccccc3)[C@H](O)CNC3CC3)cc2o1,Moderate
COc1cnc(C(=O)Nc2ccc(F)c([C@]3(C)CS(=O)(=O)[C@](C)(C(F)F)C(=N)N3)c2)cn1,Active
CC1c2cc(Oc3ccccc3)ccc2N=C(N)N1CCCC(=O)N(Cc1cnn(C)c1)C1CCCCC1,Moderate
COc1cnc(-c2ccc(F)c([C@]3(C)CC[C@@](C)(C#N)C(N)=N3)c2)cn1,Active
C[C@@]1(c2nc(NC(=O)c3ccc(C#N)cn3)ccc2F)CS(=O)(=O)[C@](C)(CF)C(=N)N1,Active
CC1CC[C@@](CF)(c2cc(-c3cc4c(cn3)OC(F)(F)O4)ccc2F)N=C1N,Active
C[C@@H](NC(=O)c1cc2c(c(C(=O)N[C@@H](Cc3ccccc3)[C@H](O)CNC3CC3)c1)CCCO2)c1ccccc1,Moderate
CC(C)=CCC/C(C)=C/Cc1c(O)ccc2cc(-c3cc(O)cc(O)c3CC=C(C)C)oc12,Moderate
COc1cnc(-c2ccc(F)c([C@]3(CF)CC[C@@](C)(C#N)C(N)=N3)c2)cn1,Active
CC1(C)C(=N)N[C@](C)(c2nc(NC(=O)c3ccc(C#N)cn3)ccc2F)CS1(=O)=O,Active
COc1cnc(C(=O)Nc2ccc(F)c([C@@]3(C)N=C(N)[C@](C)(S(C)(=O)=O)C[C@@H]3F)c2)cn1,Active
CN(C)C(=O)[C@]1(C)CC[C@@](CF)(c2cc(-c3ccc(F)cn3)ccc2F)N=C1N,Active
C=CCn1c(SCC(=O)Nc2ccc(S(N)(=O)=O)cc2)nc2sc3c(c2c1=O)CCCC3,Inactive
CC(C)CC(NC(=O)C(O)c1ccccc1Oc1ccccc1)[C@@H](O)CC(=O)N[C@@H](C(=O)N[C@H](C)C(=O)N[C@H](CCC(=O)O)C(=O)N[C@H](Cc1ccccc1)C(=O)O)C(C)C,Inactive
C[C@@]1(S(C)(=O)=O)CC[C@@](CF)(c2nc(-c3cnc(OCF)cn3)ccc2F)N=C1N,Active
CC(C)C[C@H](NC(=O)C[C@H](O)[C@H](Cc1ccccc1)NC(=O)[C@H](CCC(N)=O)N(C)C(=O)[C@@H](NC(=O)OCc1ccccc1)C(C)C)C(=O)N[C@@H](C)C(=O)N(C)[C@H](Cc1ccccc1)C(=O)N1CCC[C@H]1C(=O)O,Moderate
CN(C)S(=O)(=O)[C@]1(C)CC[C@@](CF)(c2cc(-c3ccc(F)cn3)ccc2F)N=C1N,Active
COc1cc(/C=C/c2cc(=O)oc3c2ccc2oc(-c4cc(OC)cc(OC)c4)cc23)cc(OC)c1,Inactive
C#Cc1cc(C(=O)N[C@@H](Cc2ccccc2)[C@H](O)CNC2CC2)cc(C(=O)N[C@H](C)c2ccccc2)c1,Moderate
CC(C)C[C@H](NC(=O)C[C@H](O)[C@H](Cc1ccccc1)NC(=O)[C@H](CCC(N)=O)N(C)C(=O)[C@@H](NC(=O)OCc1ccccc1)C(C)C)C(=O)N[C@@H](C)C(=O)N(C)[C@H](Cc1ccccc1)C(=O)N1CCC[C@H]1C(=O)NCCOCCOCCn1cc(CNC(=O)[C@H](CCCCNC(=O)[C@H](CCCCN)NC(=O)[C@H](CCCCN)NC(=O)[C@H](CCC(N)=O)NC(=O)[C@H](CO)NC(=O)CCN2c3ccccc3C(C)(C)[C@]23C=Cc2cc([N+](=O)[O-])ccc2O3)NC(=O)[C@H](CCCCN)NC(=O)[C@H](CCCCN)NC(=O)C(CCC(N)=O)NC(=O)[C@H](CO)NC(=O)CCN2c3ccccc3C(C)(C)[C@]23CCc2cc([N+](=O)[O-])ccc2O3)nn1,Moderate
C[C@@]1(c2cc(-c3cc4c(cn3)OC(F)(F)O4)ccc2F)CC[C@@](C)(S(=O)(=O)C(F)(F)F)C(N)=N1,Active
CC(C)C[C@H](NC(=O)C[C@H](O)[C@H](Cc1ccccc1)NC(=O)[C@H](CCC(N)=O)N(C)C(=O)[C@@H](NC(=O)OCc1ccccc1)C(C)C)C(=O)N[C@@H](C)C(=O)N(C)[C@H](Cc1ccc(O)cc1)C(=O)N1CCC[C@H]1C(=O)NCCOCCOCCn1cc(CNC(=O)[C@H](CCCCNC(=O)[C@H](CCCCN)NC(=O)[C@H](CCCCN)NC(=O)[C@H](CCC(N)=O)NC(=O)[C@H](CO)NC(=O)CCN2c3ccccc3C(C)(C)[C@]23C=Cc2cc([N+](=O)[O-])ccc2O3)NC(=O)[C@H](CCCCN)NC(=O)[C@H](CCCCN)NC(=O)C(CCC(N)=O)NC(=O)[C@H](CO)NC(=O)CCN2c3ccccc3C(C)(C)[C@]23CCc2cc([N+](=O)[O-])ccc2O3)nn1,Moderate
COc1cnc(-c2ccc(F)c([C@]3(CF)CC[C@](C)(C#N)C(N)=N3)c2)cn1,Moderate
COC(=O)[C@@H]1CCCN1C(=O)[C@@H](Cc1ccc(OC(C)(C)C)cc1)N(C)C(=O)[C@H](C)NC(=O)[C@H](CC(C)C)NC(=O)C[C@H](O)[C@H](Cc1ccccc1)NC(=O)[C@H](CCC(N)=O)N(C)C(=O)[C@@H](NC(=O)OCc1ccccc1)C(C)C,Moderate
CC(C)=CCc1c(-c2ccc(O)cc2O)oc2c(CC=C(C)C)c(O)cc(O)c2c1=O,Moderate
COc1cnc(-c2ccc(F)c([C@]3(C)CC[C@@](C)(S(C)(=O)=O)C(N)=N3)c2)cn1,Active
COc1cnc(-c2ccc(F)c([C@]3(C(F)F)CC[C@@](C)(C#N)C(N)=N3)c2)cn1,Active
C[C@@]1(c2cc(NC(=O)c3ccc(F)cn3)ccc2F)CC[C@@](CF)(S(C)(=O)=O)C(N)=N1,Active
C[C@@]1(c2cc(-c3ccc(Cl)cn3)ccc2F)CCC2(CC2)C(N)=N1,Active
C[C@@]1(c2cc(-c3ccc(Cl)cn3)ccc2F)C[C@@H]2C[C@@H]2C(N)=N1,Active
Cc1cc2nc(-c3cnc(N)s3)c(-c3cnc(N)s3)nc2cc1C,Moderate
CC(C)C[C@H](NC(=O)C[C@H](O)[C@H](Cc1ccccc1)NC(=O)[C@H](CCC(N)=O)N(C)C(=O)[C@@H](NC(=O)OCc1ccccc1)C(C)C)C(=O)N[C@@H](C)C(=O)N(C)[C@H](Cc1ccc(OC(C)(C)C)cc1)C(=O)N1CCC[C@H]1C(=O)O,Moderate
Cn1c(N/N=C/c2ccc(O)cc2O)nc2ccccc2c1=O,Inactive
Cc1cc(C#N)cnc1C(=O)Nc1ccc(F)c([C@]2(C)CS(=O)(=O)[C@@](C)(CF)C(=N)N2)n1,Active
COc1cc(/C=C/c2nnc(-c3ccc(C(F)(F)F)cc3)o2)ccc1O,Moderate
COC(=O)[C@@H]1CCCN1C(=O)[C@@H](Cc1ccc(O)cc1)N(C)C(=O)[C@H](C)NC(=O)[C@H](CC(C)C)NC(=O)C[C@H](O)[C@H](Cc1ccccc1)NC(=O)[C@H](CCC(N)=O)N(C)C(=O)[C@@H](NC(=O)OCc1ccccc1)C(C)C,Moderate
NC1=N[C@](CF)(c2cc(-c3cnc(OCF)cn3)ccc2F)CCC1(F)F,Active
C[C@@]1(c2nc(-c3ccc(F)cn3)cs2)CC[C@@](C)(S(C)(=O)=O)C(N)=N1,Active
C=C1[C@@]23C(=O)O[C@H](C)[C@@]2(O)C(=O)O[C@]1(C)[C@@H](O)C1=C2CO[C@H]4CC(=O)OC(C)(C)[C@@]24CC[C@@]13C,Active
C[C@]1(CF)C(=N)N[C@](C)(c2nc(NC(=O)c3ccc(C#N)cn3)ccc2F)CS1(=O)=O,Active
C[C@@]1(c2cc(-c3cnc(OCF)cn3)ccc2F)CCC(F)(F)C(N)=N1,Active
Cc1cc(C#N)cnc1C(=O)Nc1ccc(F)c([C@]2(C)CS(=O)(=O)[C@](C)(C(F)F)C(=N)N2)n1,Active
COc1cnc(C(=O)Nc2ccc(F)c([C@]3(C)CS(=O)(=O)[C@](C)(CF)C(=N)N3)c2)cn1,Active
O=C(CCN1CCN(Cc2ccccc2)CC1)Nc1ccc2nc3n(c(=O)c2c1)CCC3,Moderate
COc1cc(/C=C/c2nnc(-c3ccc(OC(F)(F)F)cc3)o2)ccc1O,Active
C[C@@]1(C(F)F)C(=N)N[C@](C)(c2nc(NC(=O)c3ccc(C#N)cn3)ccc2F)CS1(=O)=O,Active
Cc1cc(C#N)cnc1C(=O)Nc1ccc(F)c([C@]2(C)CS(=O)(=O)[C@@](C)(C(F)F)C(=N)N2)n1,Active
NC1=NC(c2ccc(F)cc2)CC(=O)N1,Inactive
CC(C)(C)C(=O)N[C@H]1CC[C@@H]2Oc3ccc(-c4cncc(F)c4)cc3C3(CSC(N)=N3)[C@H]2C1,Active
COc1cc2oc(C(=O)Nc3cccc(CN(C)Cc4ccccc4)c3)cc(=O)c2cc1OC,Moderate
Cc1cc(C#N)cnc1C(=O)Nc1ccc(F)c([C@]2(C)CS(=O)(=O)[C@](C)(CF)C(=N)N2)n1,Active
COc1cnc(C(=O)Nc2ccc(F)c([C@]3(C)CS(=O)(=O)[C@@](C)(C(F)F)C(=N)N3)c2)cn1,Active
C[C@@]1(c2nc(NC(=O)c3ccc(C#N)cn3)ccc2F)CS(=O)(=O)[C@@](C)(C(F)F)C(=N)N1,Active
CCNC1=NC(c2ccc(F)cc2)NC(=O)N1,Inactive
Cn1c(N/N=C/c2cccc(Cl)c2Cl)nc2ccccc2c1=O,Moderate
COc1cnc(C(=O)Nc2ccc(F)c([C@]3(C)CS(=O)(=O)[C@@](C)(CF)C(=N)N3)c2)cn1,Active
Cn1cc(CN(C(=O)CCCN2C(N)=Nc3ccc(Oc4ccccc4)cc3C2CC2CCCCC2)C2CCCCC2)cn1,Moderate
COC(=O)CCCNC(=O)[C@H](NC(=O)C[C@H](O)C(CC(C)C)NC(=O)[C@H](CCSC)NC(=O)[C@@H](NC(=O)OC(C)(C)C)C(C)C)C(C)C,Inactive
COCCN1CC(C(=O)N[C@@H](Cc2cc(F)cc(F)c2)[C@H](O)[C@@H]2NCCN(Cc3ccccc3)C2=O)CC1=O,Moderate
Cc1ccccc1-c1cccc(CN2CCC3(CC2)C(NC2CCCCC2)=NC(=O)N3c2cccc(F)c2)c1,Moderate
CCCN(CCC)C(=O)c1cc(C)cc(C(=O)N[C@@H](Cc2cc(F)cc(F)c2)[C@H](O)[C@@H]2NCCN(CC)C2=O)c1,Moderate
CC1CCCCN1CCCNC(=O)c1cc(NC(=O)OC(C)(C)C)ccc1O,Active
CC(C)(C)OC(=O)Nc1ccc(O)c(C(=O)NCCCN2CCCCC2)c1,Active
COc1ccc(C(Cc2cc([N+](=O)[O-])ccc2OC)c2c[nH]c(N)n2)cc1F,Moderate
CCCCNC(=O)[C@H](C)C[C@H](O)[C@@H]1CCCCCCCCCC(=O)N[C@@H](C)C(=O)N1,Moderate
CCCCN1CC(C(=O)N[C@@H](Cc2cc(F)cc(F)c2)[C@H](O)[C@@H]2NCN(Cc3ccccc3)C2=O)[C@@H](CC)C1=O,Moderate
O=C1N=C(NC2CCCCC2)C2(CCN(Cc3cccc(-c4ccccc4)c3)CC2)N1c1cccc(F)c1,Moderate
CCCN(CCC)C(=O)c1cc(C)cc(C(=O)N[C@@H](Cc2cc(F)cc(F)c2)[C@H](O)[C@@H]2NCCN(C)C2=O)c1,Moderate
CCCCOc1ccc(C(=O)NC(CC(C)C)[C@@H](O)CC(=O)N[C@@H](C(=O)N[C@H](C)C(=O)N[C@H](CCC(=O)O)C(=O)N[C@H](Cc2ccccc2)C(=O)O)C(C)C)cc1,Inactive
CCc1cn2c3c(cc(C(=O)N[C@@H](Cc4ccccc4)[C@H](O)CNC4CC4)cc13)N(C)S(=O)(=O)CC2,Active
CC(C)CC(NC(=O)[C@@H](O)c1ccccc1)[C@@H](O)CC(=O)N[C@@H](C(=O)N[C@H](C)C(=O)N[C@H](CCC(=O)O)C(=O)N[C@H](Cc1ccccc1)C(=O)O)C(C)C,Inactive
COc1ccc(/C=C/C(=O)c2cc(I)c(Cl)cc2O)cc1,Active
COc1cc(/C=C/c2nnc(-c3ccc(Cl)cc3)o2)ccc1O,Active
COc1ccccc1NC(=O)C1CCN(C(=O)c2ccccc2)CC1,Active
C/C(=C\C1=CCN(C(=O)CCc2ccccc2)C(=O)C1)N1C(=O)c2ccccc2C1=O,Active
COc1ccc(NC(=O)C2CCN(C(=O)c3ccccc3)CC2)cc1,Active
O=c1c(/C=N/Nc2ccc(C(F)(F)F)cc2)coc2cc3oc(-c4cccc(Cl)c4)cc3cc12,Inactive
COc1ccc(NCC2CCN(Cc3ccccc3)CC2)cc1,Moderate
COc1cc(/C=C/c2nnc(-c3ccc(F)cc3)o2)ccc1O,Active
O=c1c(/C=N/Nc2ccc(C(F)(F)F)cc2)coc2c1ccc1oc(-c3ccc(Cl)cc3)cc12,Inactive
COc1nc(N)nc(Nc2ccccc2)c1/N=C/Cc1ccccc1Cl,Inactive
CC(=O)Nc1c(Cl)cc(C/N=C(\N)NC(=O)Cn2ccc3ccc(C#N)cc32)cc1Cl,Active
CCCCCCCCCCCC1=CC(=O)C=CC1=O,Moderate
COc1nc(N)nc(Nc2ccccc2)c1/N=C/Cc1c(Cl)cccc1Cl,Inactive
COc1ccc(-c2oc3cc(Br)c(I)cc3c(=O)c2O)cc1,Moderate
C/C=C1/C(O[C@@H]2O[C@H](CO)[C@@H](O)[C@H](O)[C@H]2O)OC=C(C(=O)OC)C1CC(=O)OCCc1ccc(O)c(O)c1,Moderate
COc1cc(/C=C/c2nnc(-c3ccc(Cl)cc3Cl)o2)ccc1O,Active
COc1ccc(/C=C/C(=O)c2cc(I)c(OC)cc2O)cc1,Active
O=[N+]([O-])c1ccc(-n2cc(COc3ccc(/C=N/Nc4nnc(-c5ccccc5)c(-c5ccccc5)n4)cc3)nn2)cc1,Inactive
O=c1c(/C=N/Nc2ccc(C(F)(F)F)cc2)coc2c1ccc1oc(-c3cccc(F)c3)cc12,Inactive
Cc1cccc(C(=O)N2Cc3ccc(N4C(=O)c5ccccc5C4=O)cc3CC2=O)c1,Active
COc1ccccc1NCC1CCN(Cc2ccccc2)CC1,Moderate
C[C@@]1(c2cc(NC(=O)c3ncc(C#N)cc3F)ccc2F)C=C(CF)OC(N)=N1,Moderate
O=c1c(O)c(-c2ccc(Cl)cc2)oc2cc(F)c(I)cc12,Active
Oc1cc(O)cc(Oc2cc(O)c(O)c3c2Oc2c(O)cc(Oc4c(O)cc(Oc5c(O)cc(O)c6c5Oc5c(O)cc(O)cc5O6)cc4O)cc2O3)c1,Moderate
COc1cc(O)c(C(=O)/C=C/c2ccc(F)cc2)cc1I,Active
CC#Cc1cncc(-c2ccc3c(c2)[C@@]2(CO3)N=C(N)C[C@H]2C(F)(F)F)c1,Moderate
CC12CC(c3c(O)cc(-c4cc5ccc(O)cc5o4)cc3O)CC3c4ccc(O)cc4OC31C2,Moderate
COc1ccccc1C(=O)N1Cc2ccc(N3C(=O)c4ccccc4C3=O)cc2CC1=O,Active
CC(C)=CCC/C(C)=C/CC/C(C)=C\Cc1c(O)cc(O)c(CC=C(C)C)c1-c1cc2ccc(O)cc2o1,Moderate
COc1ccc(-c2oc3cc(OC)c(I)cc3c(=O)c2O)cc1,Active
Cc1cc2c(c(C)c1CCO[C@@H]1O[C@H](CO)[C@@H](O)[C@H](O)[C@H]1O)C(=O)[C@H](C)[C@H]2O,Moderate
CN1C(=O)C[C@@](C)(Cc2ccccc2)N=C1N,Inactive
COc1nc(N)nc(Nc2ccccc2)c1/N=C/Cc1ccc(C(F)(F)F)cc1,Inactive
O=C1Cc2cc(N3C(=O)c4ccccc4C3=O)ccc2CN1C(=O)c1ccccc1,Active
Cn1c(N)nc(Cc2ccc3ccccc3c2)cc1=O,Inactive
COc1cc(O)cc(-c2cc3ccc(O)c(C/C=C(\C)CCC=C(C)C)c3o2)c1CC=C(C)C,Moderate
Nc1nc(-c2cccc(OCc3ccccc3)c2)cc(-c2ccc(Cl)cc2Cl)n1,Moderate
CCC(=O)CNC(=O)Nc1nc2ccc(-c3oc4c(OC)c(O)c(O)c(OC)c4c(=O)c3O)cc2s1,Moderate
O=c1c(O)c(-c2ccc(F)cc2)oc2cc(F)c(I)cc12,Active
COc1nc(N)nc(Nc2ccccc2)c1/N=C/Cc1ccccc1,Inactive
COc1cnc(C(=O)Nc2ccc(F)c([C@]3(C)C=C(CF)OC(N)=N3)c2)nc1,Moderate
COc1cnc(C(=O)Nc2ccc(F)c([C@]3(C)C=C(CF)OC(N)=N3)c2)c(C)n1,Moderate
COc1cc(/C=C/c2nnc(-c3ccc(F)cc3F)o2)ccc1O,Active
COc1nc(N)nc(Nc2ccccc2)c1/N=C/Cc1ccccc1[N+](=O)[O-],Inactive
CC(C)=CCCC1(C)C=Cc2c(ccc3cc(-c4cc(O)cc(O)c4CC=C(C)C)oc23)O1,Moderate
C(=N/Nc1nnc(-c2cccs2)c(-c2cccs2)n1)\c1cc2ccccc2[nH]1,Moderate
Cc1cc2c(c(C)c1CCO[C@@H]1O[C@H](CO)[C@@H](O)[C@H](O)[C@H]1O)C(=O)[C@@H](C)[C@H]2O,Inactive
COc1ccc(NCC2CCN(Cc3ccccc3)CC2)cc1OC,Moderate
COc1ccc(-c2cc3cc4c(=O)c(/C=N/Nc5ccc(C(F)(F)F)cc5)coc4cc3o2)cc1,Inactive
O=c1c(/C=N/Nc2ccc(C(F)(F)F)cc2)coc2cc3oc(-c4cccc(F)c4)cc3cc12,Inactive
COc1nc(N)nc(Nc2ccccc2)c1/N=C/Cc1ccc(C)cc1,Inactive
COc1ccc(C(=O)N2Cc3ccc(N4C(=O)c5ccccc5C4=O)cc3CC2=O)cc1,Active
Cn1c(N)nc(Cc2ccc3cc[nH]c3c2)cc1=O,Inactive
N=C(Nc1cnc(F)c(F)c1)Nc1cnc(F)c(F)c1,Inactive
C[C@@]1(c2cc(NC(=O)c3ccn(C(F)F)n3)ccc2F)C=C(CF)OC(N)=N1,Active
O=C(/C=C/c1ccc(F)cc1)c1cc(I)c(Br)cc1O,Active
CO[C@](C)(C(=O)NC(CC(C)C)[C@@H](O)CC(=O)N[C@@H](C(=O)N[C@H](C)C(=O)N[C@H](CCC(=O)O)C(=O)N[C@H](Cc1ccccc1)C(=O)O)C(C)C)c1ccccc1,Inactive
CC(C)C[C@H](NC(=O)C(O)c1cccc2ccccc12)[C@@H](O)CC(=O)N[C@H](C(=O)NCc1ccc(C(=O)O)cc1)C(C)C,Inactive
CCc1cn2c3c(cc(C(=O)N[C@@H](Cc4ccccc4)[C@H](O)CNC4CC4)cc13)N(CC)S(=O)(=O)CC2,Active
CCNC[C@@H](O)[C@H](Cc1ccccc1)NC(=O)c1cc2c3c(c1)c(CC)cn3CCS(=O)(=O)N2C,Moderate
CCc1cn2c3c(cc(C(=O)N[C@@H](Cc4ccccc4)[C@H](O)CNC(C)(C)CCCC(C)C)cc13)N(C)S(=O)(=O)C2,Active
CSCC[C@H](NC(=O)[C@@H](NC(=O)OC(C)(C)C)C(C)C)C(=O)NC(CC(C)C)[C@@H](O)CC(=O)N[C@@H](C(=O)NCCCC(=O)O)C(C)C,Inactive
CCc1cn2c3c(cc(C(=O)N[C@@H](Cc4ccccc4)[C@H](O)CNC4CCOCC4)cc13)N(CC(F)(F)F)S(=O)(=O)CC2,Active
CCc1cn2c3c(cc(C(=O)N[C@@H](Cc4ccccc4)[C@H](O)CNC4CCCCC4)cc13)N(C)S(=O)(=O)C2,Active
CCCN(CCC)C(=O)c1cc(C(C)=O)cc(C(=O)N[C@@H](Cc2cc(F)cc(F)c2)[C@H](O)CNCc2cccc(OC)c2)c1,Active
COc1cccc(CNC[C@@H](O)[C@H](Cc2cc(F)cc(F)c2)NC(=O)c2cc(C(C)=O)cc(C(=O)N[C@H](C)c3ccccc3)c2)c1,Active
CC(C)C[C@H](NC(=O)[C@@H](N)CCC(=O)O)C(=O)N[C@@H](CC(=O)O)C(=O)N[C@@H](CC(C)C)P(=O)(O)C[C@@H](C)C(=O)N[C@H](C(=O)N[C@@H](CCC(=O)O)C(=O)N[C@@H](Cc1ccccc1)C(=O)O)C(C)C,Active
CC(C)CC(NC(=O)Cc1cccc2ccccc12)[C@@H](O)CC(=O)N[C@@H](C(=O)N[C@H](C)C(=O)N[C@H](CCC(=O)O)C(=O)N[C@H](Cc1ccccc1)C(=O)O)C(C)C,Inactive
C[C@@H](NC(=O)c1cc(NC(=O)CC[C@](O)(Cc2ccccc2)C(=O)N[C@H]2c3ccccc3C[C@H]2O)cc(N(C)S(C)(=O)=O)c1)c1ccccc1,Moderate
CCc1cn2c3c(cc(C(=O)N[C@@H](Cc4ccccc4)[C@H](O)CNCc4cccc(OC)c4)cc13)N(C)S(=O)(=O)CC2,Active
CCCN(CCC)C(=O)c1cc(CCO)cc(C(=O)N[C@@H](Cc2cc(F)cc(F)c2)[C@H](O)CNCc2cccc(OC)c2)c1,Active
CCCN(CCC)C(=O)c1cc(C(=O)N[C@@H](Cc2cc(F)cc(F)c2)[C@H](O)CNCc2cccc(OC)c2)cc(C(C)NC(C)=O)c1,Active
CO/N=C(/C)c1cc(C(=O)NC(C)c2ccc(F)cc2)cc(C(=O)N[C@@H](Cc2cc(F)cc(F)c2)[C@H](O)CNCc2cccc(OC)c2)c1,Active
COc1cccc(CNC[C@@H](O)[C@H](Cc2cc(F)cc(F)c2)NC(=O)c2cc(/C(C)=N/OCC(C)C)cc(N(c3ccccc3)S(C)(=O)=O)c2)c1,Moderate
O=c1cc(OCCCNC2CCN(Cc3ccccc3)CC2)c2ccc(-c3cccnc3)cc2o1,Moderate
COc1cccc(CNC[C@@H](O)[C@H](Cc2cc(F)cc(F)c2)NC(=O)c2cccc(N(c3ccccc3)S(C)(=O)=O)c2)c1,Active
CCCN(CCC)C(=O)c1cc(Oc2ccc(OC)cc2)cc(C(=O)N[C@@H](Cc2cc(F)cc(F)c2)[C@H](O)CNCc2cccc(OC)c2)c1,Active
CCCN(CCC)C(=O)c1cc(C(=O)N[C@@H](Cc2cc(F)cc(F)c2)[C@H](O)CNCc2cccc(OC)c2)cc(/C(C)=N\OCc2ccccc2)c1,Moderate
CCCN(CCC)C(=O)c1cc(C(=O)N[C@@H](Cc2cc(F)cc(F)c2)[C@H](O)CNCc2cccc(OC)c2)cc(C(C)O)c1,Active
CO/N=C(\C)c1cc(C(=O)N[C@@H](Cc2cc(F)cc(F)c2)[C@H](O)CNCc2cccc(OC)c2)cc(N(c2ccccc2)S(C)(=O)=O)c1,Active
CCCN(CCC)C(=O)c1cc(Oc2ccccc2)cc(C(=O)N[C@@H](Cc2cc(F)cc(F)c2)[C@H](O)CNCc2cccc(OC)c2)c1,Active
COc1cccc(C(C)(C)NC[C@@H](O)[C@@H]2Cc3cccc(c3)OCCCCNC(=O)c3cccc(c3)C(=O)N2)c1,Moderate
COc1cccc(C(C)(C)NC[C@@H](O)[C@@H]2Cc3cccc(c3)OCCCCN(C)C(=O)c3cccc(c3)C(=O)N2)c1,Moderate
CSCC[C@H](NC(=O)[C@@H](NC(=O)OC(C)(C)C)C(C)C)C(=O)NC(CC(C)C)[C@@H](O)CC(=O)N[C@@H](C(=O)NCCC(=O)O)C(C)C,Inactive
O=C(NCCNc1c2c(nc3cc(Cl)ccc13)CCCC2)c1cc(-c2ccc(Cl)cc2)on1,Moderate
CC(C)[C@H](NC(=O)C(O)(CCC(=O)Nc1cc(C(=O)N[C@H](C)c2ccccc2)cc(N(C)S(C)(=O)=O)c1)CCc1ccccc1)C(=O)Nc1ccccc1,Moderate
CN(CC/C=C/c1ccccc1-c1ccc(Cl)cc1Cl)C(CCN)C(=O)NCc1ccccc1,Moderate
CCc1cn2c3c(cc(C(=O)N[C@@H](Cc4ccccc4)[C@H](O)CNCc4cccc(OC)c4)cc13)NS(=O)(=O)CC2,Active
CCCN(CCC)C(=O)c1cc(C(=O)N[C@@H](Cc2cc(F)cc(F)c2)[C@H](O)CNCc2cccc(OC)c2)cc(/C(C)=N\O)c1,Active
CCCN(CCC)C(=O)c1cc(C(=O)N[C@@H](Cc2cc(F)cc(F)c2)[C@H](O)CNCc2cccc(OC)c2)cc(/C(C)=N\OCC(C)C)c1,Moderate
COc1cccc(CNC[C@@H](O)[C@H](Cc2cc(F)cc(F)c2)NC(=O)c2cc(/C(C)=N\O)cc(N(C)S(C)(=O)=O)c2)c1,Moderate
CCn1cc2c3c(cc(C(=O)N[C@@H](Cc4ccccc4)[C@H](O)CNCC(F)F)cc31)N(C)S(=O)(=O)CC2,Active
CCn1cc2c3c(cc(C(=O)N[C@@H](Cc4ccccc4)[C@H](O)CNCC(F)(F)F)cc31)N(C)S(=O)(=O)CC2,Moderate
CC(C)CC(NC(=O)C(O)c1ccccc1OCc1ccccc1)[C@@H](O)CC(=O)N[C@@H](C(=O)N[C@H](C)C(=O)N[C@H](CCC(=O)O)C(=O)N[C@H](Cc1ccccc1)C(=O)O)C(C)C,Inactive
FC(F)(F)c1ccc(-c2nnc(CNC3CCN(Cc4ccccc4)C3)o2)cc1,Moderate
COc1cccc(C(C)(C)NC[C@@H](O)[C@@H]2Cc3cccc(c3)OCCCCN(CCN(C)C)C(=O)c3cccc(c3)C(=O)N2)c1,Inactive
CO/N=C(/C)c1cc(C(=O)N[C@@H](Cc2cc(F)cc(F)c2)[C@H](O)CNCc2cccc(OC)c2)cc(N2CCCCS2(=O)=O)c1,Moderate
CCCN1CCCCCc2cccc(c2)C[C@@H]([C@H](O)CNC(C)(C)c2cccc(OC)c2)NC(=O)c2cccc(c2)C1=O,Moderate
COc1cccc(C(C)(C)NC[C@@H](O)[C@@H]2Cc3cccc(c3)OCCCCN(CC(C)(C)C)C(=O)c3cccc(c3)C(=O)N2)c1,Moderate
CN(CCOCCN1c2ccccc2Sc2ccccc21)C(CCN)C(=O)NCc1ccccc1,Inactive
N=c1oc2ccccc2cc1C(=O)Nc1cc(Br)ccc1N1CCN(Cc2ccc(F)cc2)CC1,Moderate
COc1cccc(CNC[C@@H](O)[C@H](Cc2cc(F)cc(F)c2)NC(=O)c2cccc(C(=O)N[C@H](C)c3ccccc3)c2)c1,Moderate
COc1cccc(CNC[C@@H](O)[C@H](Cc2cc(F)cc(F)c2)NC(=O)c2cc(C(C)=O)cc(N(c3ccccc3)S(C)(=O)=O)c2)c1,Active
CN(CCOCCN1c2ccccc2Sc2ccccc21)C(CCN)C(=O)NCc1ccc(F)cc1,Moderate
CCCN1CCOc2cccc(c2)C[C@@H]([C@H](O)CNC(C)(C)c2cccc(OC)c2)NC(=O)c2cccc(c2)C1=O,Moderate
C[C@@H](NC(=O)c1cc(NC(=O)CC[C@@](O)(Cc2ccccc2)C(=O)N[C@H]2c3ccccc3C[C@H]2O)cc(N(C)S(C)(=O)=O)c1)c1ccccc1,Moderate
CCCN1CCCCOc2cccc(c2)C[C@@H]([C@H](O)CNC(C)(C)c2cccc(OC)c2)NC(=O)c2cccc(c2)C1=O,Moderate
C=CCO/N=C(/C)c1cc(C(=O)N[C@@H](Cc2cc(F)cc(F)c2)[C@H](O)CNCc2cccc(OC)c2)cc(C(=O)N(CCC)CCC)c1,Active
COc1cccc(CNC[C@@H](O)[C@H](Cc2cc(F)cc(F)c2)NC(=O)c2cc(/C(C)=N\OCc3ccccc3)cc(N3CCCCS3(=O)=O)c2)c1,Moderate
CCCO/N=C(/C)c1cc(C(=O)N[C@@H](Cc2cc(F)cc(F)c2)[C@H](O)CNCc2cccc(OC)c2)cc(N(c2ccccc2)S(C)(=O)=O)c1,Active
CCc1cn2c3c(cc(C(=O)N[C@@H](Cc4ccccc4)[C@H](O)CNC(C)(C)CCCC(C)C)cc13)N(C)S(=O)(=O)CC2,Active
COc1cccc(CNC[C@@H](O)[C@H](Cc2cc(F)cc(F)c2)NC(=O)c2cc(C(C)=O)cc(C(=O)NC(C)c3ccc(F)cc3)c2)c1,Active
COc1cccc(CNC[C@@H](O)[C@H](Cc2cc(F)cc(F)c2)NC(=O)c2cc(C(C)O)cc(N3CCCCS3(=O)=O)c2)c1,Moderate
CC(C)[C@H](NC(=O)C(O)(CCC(=O)Nc1cc(C(=O)N[C@H](C)c2ccccc2)cc(N(C)S(C)(=O)=O)c1)CCc1ccccc1)C(=O)NCc1ccccc1,Moderate
CN(CCOCCN1c2ccccc2Sc2ccccc21)C(CCN)C(=O)NCc1ccc(Cl)cc1,Moderate
CN(CCOCCN1c2ccccc2Sc2ccccc21)C(CCN)C(=O)NCc1ccccc1Cl,Moderate
COc1cccc(C(C)(C)NC[C@@H](O)[C@@H]2Cc3cccc(c3)OCCCCN(CCC(F)(F)F)C(=O)c3cccc(c3)C(=O)N2)c1,Moderate
CCCN1CCCCc2cccc(c2)C[C@@H]([C@H](O)CNC(C)(C)c2cccc(OC)c2)NC(=O)c2cccc(c2)C1=O,Moderate
O=c1cc(OCCCN2CCC(NCc3ccc(F)c(F)c3)CC2)c2ccc(-c3cccnc3)cc2o1,Moderate
CCCN1CCOCCc2cccc(c2)C[C@@H]([C@H](O)CNC(C)(C)c2cccc(OC)c2)NC(=O)c2cccc(c2)C1=O,Inactive
CCCN1CCCCCOc2cccc(c2)C[C@@H]([C@H](O)CNC(C)(C)c2cccc(OC)c2)NC(=O)c2cccc(c2)C1=O,Moderate
CN(CCOCCn1c2ccccc2c2ccccc21)C(CCN)C(=O)NCc1ccccc1,Moderate
CCNC[C@@H](O)[C@H](Cc1ccccc1)NC(=O)c1cc2c3c(cn(CC)c3c1)CCS(=O)(=O)N2C,Active
CCn1cc2c3c(cc(C(=O)N[C@@H](Cc4ccccc4)[C@H](O)CNC4CC4)cc31)N(C)S(=O)(=O)CC2,Active
COc1cccc(CNC[C@@H](O)[C@H](Cc2cc(F)cc(F)c2)NC(=O)c2cc(/C(C)=N\OCc3ccccc3)cc(N(C)S(C)(=O)=O)c2)c1,Active
O=C(Cn1nc(-c2ccccc2)c(-c2ccccc2)nc1=O)Nc1ccc([N+](=O)[O-])cc1,Moderate
COc1cc2ncnc(N3CCN(C(C)=O)CC3)c2cc1OC,Moderate
COc1cccc(CNC[C@@H](O)[C@H](Cc2cc(F)cc(F)c2)NC(=O)c2cccc(N3CCCCS3(=O)=O)c2)c1,Moderate
COc1cccc(CNC[C@@H](O)[C@H](Cc2cc(F)cc(F)c2)NC(=O)c2cc(C(C)=O)cc(N(C)S(C)(=O)=O)c2)c1,Moderate
N#Cc1cccc(NC(=O)Cn2nc(-c3ccccc3)c(-c3ccccc3)nc2=O)c1,Moderate
COc1cc2ncnc(N3CCN(Cc4ccc(C)cc4)CC3)c2cc1OC,Moderate
COc1cc2ncnc(N3CCN(Cc4ccccc4)CC3)c2cc1OC,Moderate
CCCN(CCC)C(=O)c1cccc(C(=O)N[C@@H](Cc2cc(F)cc(F)c2)[C@H](O)CNCc2cccc(OC)c2)c1,Active
C=CCO/N=C(/C)c1cc(C(=O)N[C@@H](Cc2cc(F)cc(F)c2)[C@H](O)CNCc2cccc(OC)c2)cc(N(C)S(C)(=O)=O)c1,Moderate
COc1cc2cc(C(=O)NCCC3CCN(Cc4ccccc4)CC3)[nH]c2cc1OC,Moderate
FC(F)(F)c1ccc(-c2nnc(NC3CCN(Cc4ccccc4)CC3)o2)cc1,Moderate
CCCN(CCC)C(=O)c1cc(CC(C)O)cc(C(=O)N[C@@H](Cc2cc(F)cc(F)c2)[C@H](O)CNCc2cccc(OC)c2)c1,Active
C=CCO/N=C(/C)c1cc(C(=O)N[C@@H](Cc2cc(F)cc(F)c2)[C@H](O)CNCc2cccc(OC)c2)cc(N2CCCCS2(=O)=O)c1,Moderate
O=C(Cn1nc(-c2ccccc2)c(-c2ccccc2)nc1=O)Nc1ccccc1O,Moderate
O=C(Cn1nc(-c2ccccc2)c(-c2ccccc2)nc1=O)Nc1ccccc1Cl,Moderate
COc1cc2ncnc(N3CCN(c4ccccc4[N+](=O)[O-])CC3)c2cc1OC,Moderate
CCc1cn2c3c(cc(C(=O)N[C@@H](Cc4ccccc4)[C@H](O)CNC4CCOCC4)cc13)N(C(C)C)S(=O)(=O)CC2,Active
C=CCO/N=C(/C)c1cc(C(=O)N[C@@H](Cc2cc(F)cc(F)c2)[C@H](O)CNCc2cccc(OC)c2)cc(C(=O)N[C@H](C)c2ccccc2)c1,Moderate
CCCN(CCC)C(=O)c1cc(C(=O)N[C@@H](Cc2cc(F)cc(F)c2)[C@H](O)CNCc2cccc(OC)c2)cc(C(C)N)c1,Moderate
COc1cccc(CNC[C@@H](O)[C@H](Cc2cc(F)cc(F)c2)NC(=O)c2cc(C(=O)N[C@H](C)c3ccccc3)cc(C(C)O)c2)c1,Active
COc1cccc(CNC[C@@H](O)[C@H](Cc2cc(F)cc(F)c2)NC(=O)c2cc(/C(C)=N\O)cc(N(c3ccccc3)S(C)(=O)=O)c2)c1,Active
CCCN(CCC)C(=O)c1cc(Sc2ccc(OC)cc2)cc(C(=O)N[C@@H](Cc2cc(F)cc(F)c2)[C@H](O)CNCc2cccc(OC)c2)c1,Active
CO/N=C(\C)c1cc(C(=O)N[C@@H](Cc2cc(F)cc(F)c2)[C@H](O)CNCc2cccc(OC)c2)cc(N(C)S(C)(=O)=O)c1,Active
CCNc1cc(C(=O)N[C@@H](Cc2ccccc2)[C@H](O)CNCc2cccc(C(F)(F)F)c2)cc2c1CCCS(=O)(=O)N2C,Active
CCc1cn2c3c(cc(C(=O)N[C@@H](Cc4ccccc4)[C@H](O)CNc4ccc(OC)cc4)cc13)NS(=O)(=O)CCC2,Active
CCc1cn2c3c(cc(C(=O)N[C@@H](Cc4ccccc4)[C@H](O)CNCc4cccc(C(F)(F)F)c4)cc13)OS(=O)(=O)CC2,Active
COc1cc2ncnc(N3CCN(c4ccc(Br)cc4)CC3)c2cc1OC,Moderate
COc1cc2ncnc(N3CCN(C(c4ccccc4)c4ccccc4)CC3)c2cc1OC,Moderate
C#CCNC[C@@H](O)[C@H](Cc1ccccc1)NC(=O)c1cc2c3c(cn(CC)c3c1)CCS(=O)(=O)N2C,Active
CCc1cn2c3c(cc(C(=O)N[C@@H](Cc4ccccc4)[C@H](O)CNCc4cccc(C(F)(F)F)c4)cc13)N(C)S(=O)(=O)CC2,Active
C[C@@H](NC(=O)c1cc(NC(=O)CCC(O)(CCc2ccccc2)C(=O)N[C@H]2c3ccccc3C[C@H]2O)cc(N(C)S(C)(=O)=O)c1)c1ccccc1,Moderate
Cc1ccccc1NC(=O)Cn1nc(-c2ccccc2)c(-c2ccccc2)nc1=O,Moderate
CC(C)[C@H](NC(=O)CCC(O)(Cc1ccccc1)C(=O)Nc1cc(C(=O)N[C@H](C)c2ccc(F)cc2)cc(N(C)S(C)(=O)=O)c1)C(=O)NCc1ccccc1,Moderate
COc1cccc(CNC[C@@H](O)[C@H](Cc2cc(F)cc(F)c2)NC(=O)c2cccc(C(=O)NC(C)c3ccc(F)cc3)c2)c1,Moderate
CCCN(CCC)C(=O)c1cc(C(=O)N[C@@H](Cc2cc(F)cc(F)c2)[C@H](O)CNCc2cccc(OC)c2)cc(S(=O)(=O)c2ccccc2)c1,Active
COc1cc(NC(=O)Cn2nc(-c3ccccc3)c(-c3ccccc3)nc2=O)cc(OC)c1,Moderate
CCCN(CCC)C(=O)c1cc(C(=O)N[C@@H](Cc2cc(F)cc(F)c2)[C@H](O)CNCc2cccc(OC)c2)cc(/C(C)=N\OC)c1,Active
C=CCO/N=C(/C)c1cc(C(=O)NC(C)c2ccc(F)cc2)cc(C(=O)N[C@@H](Cc2cc(F)cc(F)c2)[C@H](O)CNCc2cccc(OC)c2)c1,Moderate
COc1cccc(CNC[C@@H](O)[C@H](Cc2cc(F)cc(F)c2)NC(=O)c2cc(C(C)=O)cc(N3CCCCS3(=O)=O)c2)c1,Moderate
COc1cccc(CNC[C@@H](O)[C@H](Cc2cc(F)cc(F)c2)NC(=O)c2cc(/C(C)=N\OCC(C)C)cc(N3CCCCS3(=O)=O)c2)c1,Moderate
COc1cc2ncnc(N3CCN(c4ccc(C)cc4)CC3)c2cc1OC,Moderate
N#Cc1ccccc1NC(=O)Cn1nc(-c2ccccc2)c(-c2ccccc2)nc1=O,Moderate
O=C(Cn1nc(-c2ccccc2)c(-c2ccccc2)nc1=O)Nc1ccc(Br)cc1,Moderate
COc1cc(NC(=O)Cn2nc(-c3ccccc3)c(-c3ccccc3)nc2=O)cc(OC)c1OC,Moderate
O=C(Cn1nc(-c2ccccc2)c(-c2ccccc2)nc1=O)Nc1cccc([N+](=O)[O-])c1,Moderate
O=C(Cn1nc(-c2ccccc2)c(-c2ccccc2)nc1=O)Nc1ccccc1[N+](=O)[O-],Moderate
COc1cc2ncnc(N3CCN(c4ccc(F)cc4)CC3)c2cc1OC,Moderate
O=C(Cn1nc(-c2ccccc2)c(-c2ccccc2)nc1=O)Nc1ccc([N+](=O)[O-])cc1Cl,Moderate
COc1cc2ncnc(N3CCN(c4ccccc4)CC3)c2cc1OC,Moderate
O=C(Cn1nc(-c2ccccc2)c(-c2ccccc2)nc1=O)Nc1ccc(F)cc1F,Moderate
O=C(Cn1nc(-c2ccccc2)c(-c2ccccc2)nc1=O)Nc1cc(Br)cc(Br)c1,Moderate
CC1c2cc(Oc3ccccc3)ccc2N=C(N)N1CCCC(=O)N(Cc1ccnn1C)C1CCCCC1,Moderate
COc1cc2ncnc(N3CCN(C)CC3)c2cc1OC,Moderate
O=C(Cn1nc(-c2ccccc2)c(-c2ccccc2)nc1=O)Nc1cccc(Cl)c1,Moderate
O=C(Cn1nc(-c2ccccc2)c(-c2ccccc2)nc1=O)Nc1ccc(F)cc1,Moderate
O=C(Cn1nc(-c2ccccc2)c(-c2ccccc2)nc1=O)Nc1ccc(O)cc1,Moderate
COc1cccc(CNC[C@@H](O)[C@H](Cc2cc(F)cc(F)c2)NC(=O)c2cc(/C(C)=N\OCc3ccccc3)cc(N(c3ccccc3)S(C)(=O)=O)c2)c1,Active
COc1cc2ncnc(N3CCN(Cc4ccc(Cl)cc4)CC3)c2cc1OC,Moderate
COc1cc2ncnc(N3CCN(c4ccccn4)CC3)c2cc1OC,Moderate
O=C(Cn1nc(-c2ccccc2)c(-c2ccccc2)nc1=O)Nc1ccc(Cl)cc1,Moderate
COc1cc2ncnc(N3CCN(c4ccc([N+](=O)[O-])cc4)CC3)c2cc1OC,Moderate
CCc1cn2c3c(cc(C(=O)N[C@@H](Cc4ccccc4)[C@H](O)CNC4CC4)cc13)OS(=O)(=O)CC2,Moderate
CC(CP(=O)(O)C1CCCCCC[C@H](NC(=O)[C@@H](N)CCC(=O)O)C(=O)N[C@@H](CC(=O)O)C(=O)N1)C(=O)N[C@H](C(=O)N[C@@H](CCC(=O)O)C(=O)N[C@@H](Cc1ccccc1)C(=O)O)C(C)C,Moderate
CC[C@@H](C)NC[C@@H](O)[C@H](Cc1ccccc1)NC(=O)c1cc2c3c(cn(CC)c3c1)CCS(=O)(=O)N2C,Active
COC(=O)c1ccc(NC(=O)[C@@H](NC(=O)CCC(O)(Cc2ccccc2)C(=O)Nc2cc(C(=O)N[C@H](C)c3ccc(F)cc3)cc(N(C)S(C)(=O)=O)c2)C(C)C)cc1,Moderate
COc1cccc(CNC[C@@H](O)[C@H](Cc2cc(F)cc(F)c2)NC(=O)c2cc(C(=O)NC(C)c3ccc(F)cc3)cc(C(C)O)c2)c1,Active
CCc1cn2c3c(cc(C(=O)N[C@@H](Cc4ccccc4)[C@H](O)CN[C@H](C)CC)cc13)N(C)S(=O)(=O)CC2,Active
CCc1cn2c3c(cc(C(=O)N[C@@H](Cc4ccccc4)[C@H](O)CNCc4cccc(OC)c4)cc13)N(C)S(=O)(=O)C2,Active
CC(C)[C@H](NC(=O)CCC(O)(CCc1ccccc1)C(=O)Nc1cc(C(=O)N[C@H](C)c2ccccc2)cc(N(C)S(C)(=O)=O)c1)C(=O)NCc1ccccc1,Moderate
CCCN(CCC)C(=O)c1cc(Sc2ccccc2)cc(C(=O)N[C@@H](Cc2cc(F)cc(F)c2)[C@H](O)CNCc2cccc(OC)c2)c1,Active
CCCN(CCC)C(=O)c1cc(Oc2ccccc2OC)cc(C(=O)N[C@@H](Cc2cc(F)cc(F)c2)[C@H](O)CNCc2cccc(OC)c2)c1,Active
C=CCO/N=C(/C)c1cc(C(=O)N[C@@H](Cc2cc(F)cc(F)c2)[C@H](O)CNCc2cccc(OC)c2)cc(N(c2ccccc2)S(C)(=O)=O)c1,Active
COc1cccc(CNC[C@@H](O)[C@H](Cc2cc(F)cc(F)c2)NC(=O)c2cc(/C(C)=N\O)cc(N3CCCCS3(=O)=O)c2)c1,Active
CCCN(CCC)C(=O)c1cc(Oc2ccc(F)cc2)cc(C(=O)N[C@@H](Cc2cc(F)cc(F)c2)[C@H](O)CNCc2cccc(OC)c2)c1,Active
C#CCNC[C@@H](O)[C@H](Cc1ccccc1)NC(=O)c1cc2c3c(c1)c(CC)cn3CCS(=O)(=O)O2,Moderate
CCCNC[C@@H](O)[C@H](Cc1ccccc1)NC(=O)c1cc2c3c(cn(CC)c3c1)CCS(=O)(=O)N2C,Active
CCn1cc2c3c(cc(C(=O)N[C@@H](Cc4ccccc4)C(=O)CNC4CCOCC4)cc31)N(C)S(=O)(=O)CC2,Active
CC(C)c1ccc2c(c1)[C@@H](NC[C@@H](O)[C@@H]1C[C@H](C)CCCCCCCCC(=O)N(C)[C@@H](C)C(=O)N1)CC(C)(C)O2,Moderate
CCCN(CCC)C(=O)c1cc(C(=O)N[C@@H](Cc2cc(F)cc(F)c2)[C@H](O)CNCc2cccc(OC)c2)cc(S(=O)(=O)c2ccc(OC)cc2)c1,Active
CCc1cn2c3c(cc(C(=O)N[C@@H](Cc4ccccc4)[C@H](O)CNC4CCCCC4)cc13)N(CC)S(=O)(=O)CC2,Active
CCCO/N=C(/C)c1cc(C(=O)N[C@@H](Cc2cc(F)cc(F)c2)[C@H](O)CNCc2cccc(OC)c2)cc(N(C)S(C)(=O)=O)c1,Moderate
CO/N=C(/C)c1cc(C(=O)N[C@@H](Cc2cc(F)cc(F)c2)[C@H](O)CNCc2cccc(OC)c2)cc(C(=O)N[C@H](C)c2ccccc2)c1,Active
CCCO/N=C(/C)c1cc(C(=O)N[C@@H](Cc2cc(F)cc(F)c2)[C@H](O)CNCc2cccc(OC)c2)cc(N2CCCCS2(=O)=O)c1,Active
CCn1cc2c3c(cc(C(=O)N[C@@H](Cc4ccccc4)[C@H](O)CNC4CCOCC4)cc31)N(C)S(=O)(=O)CC2,Active
Oc1cc(O)c2oc3cc(O)c4oc5cc(O)cc(O)c5oc4c3oc2c1,Moderate
CCc1cn2c3c(cc(C(=O)N[C@@H](Cc4ccccc4)[C@H](O)CNCC4CCOCC4)cc13)OS(=O)(=O)CC2,Active
NC1=NC(c2ccccc2)(c2ccccc2)C(=O)N1,Inactive
CCc1cn2c3c(cc(C(=O)N[C@@H](Cc4ccccc4)[C@H](O)CNCCC(F)(F)F)cc13)N(C)S(=O)(=O)CC2,Active
CCn1cc2c3c(cc(C(=O)N[C@@H](Cc4ccccc4)[C@H](O)CNc4ccccc4)cc31)N(C)S(=O)(=O)CC2,Active
CCNc1cc(C(=O)N[C@@H](Cc2ccccc2)[C@H](O)CNC2CCOCC2)cc(N2CCCCS2(=O)=O)c1,Active
CCc1cn2c3c(cc(C(=O)N[C@@H](Cc4ccccc4)[C@H](O)CNC4CCOCC4)cc13)N(C)S(=O)(=O)CC2,Active
COc1cccc(CNC[C@@H](O)[C@H](Cc2cc(F)cc(F)c2)NC(=O)c2cc(C(C)O)cc(N(C)S(C)(=O)=O)c2)c1,Active
CCNc1cc(C(=O)N[C@@H](Cc2ccccc2)[C@H](O)CNCCC(F)(F)F)cc2c1CCCS(=O)(=O)N2C,Active
CCNc1cc(C(=O)N[C@@H](Cc2ccccc2)[C@H](O)CNC2CC2)cc(N2CCCCS2(=O)=O)c1,Moderate
CCc1cn2c3c(cc(C(=O)N[C@@H](Cc4ccccc4)[C@H](O)CNC4CC4)cc13)NS(=O)(=O)CCC2,Moderate
CCc1cn2c3c(cc(C(=O)N[C@@H](Cc4ccccc4)[C@H](O)CNC)cc13)N(C)S(=O)(=O)C2,Moderate
CCc1cn2c3c(cc(C(=O)N[C@@H](Cc4ccccc4)[C@H](O)CNC4CCCCC4)cc13)N(C)S(=O)(=O)CC2,Active
C#CCNC[C@@H](O)[C@H](Cc1ccccc1)NC(=O)c1cc2c3c(c1)c(CC)cn3CCS(=O)(=O)N2C,Active
CCn1cc2c3c(cc(C(=O)N[C@@H](Cc4ccccc4)[C@H](O)CNCCF)cc31)N(C)S(=O)(=O)CC2,Active
CCc1cn2c3c(cc(C(=O)N[C@@H](Cc4ccccc4)[C@H](O)CNC)cc13)N(C)S(=O)(=O)CC2,Active
CCc1cn2c3c(cc(C(=O)N[C@@H](Cc4ccccc4)[C@H](O)CNC4CCOCC4)cc13)N(CC)S(=O)(=O)CC2,Active
CCc1cn2c3c(cc(C(=O)N[C@@H](Cc4ccccc4)[C@H](O)CNCCF)cc13)N(C)S(=O)(=O)CC2,Moderate
CCn1cc2c3c(cc(C(=O)N[C@@H](Cc4ccccc4)[C@H](O)CNCC(F)(F)C(F)(F)F)cc31)N(C)S(=O)(=O)CC2,Moderate
COc1cccc(CNC[C@@H](O)[C@H](Cc2cc(F)cc(F)c2)NC(=O)c2cccc(N(C)S(C)(=O)=O)c2)c1,Active
CC(C)c1cccc(CNC[C@@H](O)[C@@H]2C[C@H](C)CCCCCCCCC(=O)N(C)[C@@H](C)C(=O)N2)c1,Active
CCn1cc2c3c(cc(C(=O)N[C@@H](Cc4ccccc4)[C@H](O)CNCCC(F)(F)F)cc31)N(C)S(=O)(=O)CC2,Active
CCNc1cc(C(=O)N[C@@H](Cc2ccccc2)[C@H](O)CNC2CCOCC2)cc2c1CCCS(=O)(=O)N2C,Moderate
NC1=NC(c2ccccc2)(c2cccc(C(F)(F)F)c2)C2=NCCCN12,Inactive
COc1cccc(C2(c3ccccc3)N=C(N)N3CCCN=C32)c1,Inactive
CC(=O)N[C@@H](Cc1cc(F)cc(F)c1)[C@H](O)CN[C@@]1(c2cccc(C(C)(C)C)c2)CC[C@H](N(O)C(C)=O)NC1,Moderate
COc1ccc(C2(c3ccc(C#N)c(-c4cccnc4)c3)N=C(N)N(C)C2=O)cc1C,Moderate
CC(=O)N[C@@H](Cc1cc(F)cc(F)c1)[C@H](O)CN[C@@]1(c2cccc(C(C)(C)C)c2)CC[C@H](Nc2cccnc2)NC1,Moderate
COc1ccc(C2(c3cccc(-c4cccnc4)c3)N=C(N)N(C)C2=O)cc1C1CCCC1,Moderate
NC1=NC(c2ccc(OC(F)(F)F)cc2)(c2cccc(-c3cccnc3F)c2)C2=NCCCCN12,Moderate
COc1ccc(C2(c3ccc(C)c(-c4cccnc4)c3)N=C(N)N(C)C2=O)cc1C,Moderate
COc1ccc(C2(c3cccc(-c4cccnc4)c3)N=C(N)N(C)C2=O)cc1Cl,Active
CN1C(=O)C(c2ccccc2)(c2ccc(Cl)cc2)N=C1N,Moderate
COc1ccc(C2(c3cccc(-c4cccnc4F)c3)N=C(N)N(C)C2=O)cc1C,Active
COc1ccc(C2(c3cccc(-c4cncnc4)c3)N=C(N)N(C)C2=O)cc1C,Active
NC1=NC(c2ccc(OC(F)(F)F)cc2)(c2cccc(-c3cccnc3F)c2)C2=NCCN12,Moderate
CCOc1ccc(C2(C34CC5CC(CC(C5)C3)C4)N=C(N)N(C)C2=O)cc1,Moderate
COc1ccc(C2(c3cccc(-c4cccnc4)c3)N=C(N)N(C)C2=O)cc1C,Active
COc1ccc(-c2cccc(C3(c4ccc(OC(F)(F)F)cc4)N=C(N)N(C)C3=O)c2)cn1,Moderate
COc1ccc(C2(c3cccc(-c4cccnc4)c3)N=C(N)N(C)C2=O)cc1F,Moderate
COc1ccc(C2(c3cccc(-c4cccnc4)c3)N=C(N)N(C)C2=O)cc1OC,Moderate
CN1C(=O)C(c2ccc(OC(F)(F)F)cc2)(c2cccc(-c3cncnc3)c2F)N=C1N,Moderate
CCOc1cc(C2(c3cccc(-c4cccnc4)c3)N=C(N)N(C)C2=O)ccc1OC,Moderate
CCCOc1cc(C2(c3cccc(-c4cccnc4)c3)N=C(N)N(C)C2=O)ccc1OC,Moderate
CN1C(=O)C(c2cccc(-c3cccnc3)c2)(c2ccc3c(c2)CCO3)N=C1N,Moderate
CN1C(=O)C(c2cccc(-c3cccnc3)c2)(c2ccc3c(c2)OCO3)N=C1N,Moderate
CC1(C)CN2C(N)=NC(c3ccc(OC(F)(F)F)cc3)(c3cccc(-c4cccnc4F)c3)C2=N1,Moderate
CC(=O)N[C@@H](Cc1cc(F)cc(F)c1)[C@H](O)CN[C@@]1(c2cccc(C(C)(C)C)c2)CC/C(=N/O)NC1,Active
CN1C(=O)[C@](c2ccc(OC(F)(F)F)cc2)(c2ccc(F)c(-c3cncnc3)c2)N=C1N,Moderate
CN1C(=O)C(c2ccc(OC(F)(F)F)cc2)(c2cc(F)cc(-c3cncnc3)c2)N=C1N,Moderate
COc1ccc(C2(c3cccc(-c4cccnc4)c3)N=C(N)N(C)C2=O)cc1OC1CCCC1,Moderate
CC(=O)N[C@@H](Cc1cc(F)cc(F)c1)[C@H](O)CNC1(c2cccc(C(C)(C)C)c2)CCNCC1,Moderate
CC(=O)N[C@@H](Cc1cc(F)cc(F)c1)[C@H](O)CNC1(c2cccc(C(C)(C)C)c2)CCC(=O)NC1,Active
CC(=O)N[C@@H](Cc1cc(F)cc(F)c1)[C@H](O)CNC1(c2cccc(C(C)(C)C)c2)CCC(=O)CC1,Moderate
NC1=NC(c2cccc(-c3cccnc3F)c2)(c2ccc3c(c2)OCCO3)C2=NCCCN12,Moderate
NC1=NC(c2cccc(-c3cccnc3F)c2)(c2ccc3c(c2)OC(F)(F)O3)C2=NCCCN12,Moderate
NC1=NC(c2ccccc2)(c2cccc(Cc3ccccc3)c2)C2=NCCCN12,Moderate
CCOc1ccc(C2(c3cccc(-c4cccnc4F)c3)N=C(N)N3CCCN=C32)cc1OCC,Active
CC(=O)N[C@@H](Cc1cc(F)cc(F)c1)[C@H](O)CN[C@@]1(c2cccc(C(C)(C)C)c2)CC[C@H](S(C)(=O)=O)NC1,Moderate
CCN1C(=O)C(c2ccccc2)(c2ccccc2)N=C1N,Moderate
CCCCOc1cc(C2(c3cccc(-c4cccnc4)c3)N=C(N)N(C)C2=O)ccc1OC,Moderate
CN1C(=O)C(c2ccc(OC(F)(F)F)cc2)(c2cccc(-c3cccnc3F)c2)N=C1N,Moderate
COc1ncccc1-c1cccc(C2(c3ccc(OC(F)(F)F)cc3)N=C(N)N(C)C2=O)c1,Moderate
CCn1cnc2c(Nc3cc(F)cc(F)c3)nc(C#N)nc21,Inactive
NC1=NC(c2ccc(OC(F)(F)F)cc2)(c2cccc(-c3cccnc3F)c2)C2=NOCCN12,Active
COc1ccc([C@@]2(c3ccc(F)c(-c4cccnc4F)c3)N=C(N)N(C)C2=O)cc1C,Active
COc1ccc(C2(C34CC5CC(CC(C5)C3)C4)N=C(N)N(C)C2=O)cc1OC,Moderate
NC1=N[C@@](c2ccc(OC(F)(F)F)cc2)(c2cccc(-c3cncnc3)c2)C2=NCCCN12,Moderate
NC1=NC(c2ccccc2)(c2cccc(Cc3ccc(F)cc3)c2)C2=NCCCN12,Moderate
NC1=NC(c2ccc(OC(F)(F)F)cc2)(c2cccc(Br)c2)C2=NCCCN12,Moderate
COc1ccc(C2(c3cccc(-c4cccnc4)c3)N=C(N)N(C)C2=O)cc1OC(C)C,Moderate
COc1ccc(C2(c3ccc(F)c(-c4cncnc4)c3)N=C(N)N(C)C2=O)cc1C,Active
COc1ccc(C(Cc2ccc(C(F)(F)F)cc2)c2cn(C)c(N)n2)cc1,Moderate
COC(=O)[C@@H]1CCCN1C(=O)[C@@H](Cc1ccccc1)N(C)C(=O)[C@H](C)NC(=O)[C@@H](NC(=O)C[C@H](O)[C@H](CC(C)C)NC(=O)[C@H](CC(N)=O)NC(=O)[C@H](CC(C)C)NC(=O)[C@H](OC(=O)[C@@H](OC(=O)[C@H](C(C)C)N(C)C)C(C)C)C(C)C)[C@@H](C)O,Moderate
O=C(Nc1nc2ccc(F)cc2[nH]1)c1ccc2c(c1)Nc1ccccc1NC2=O,Moderate
COc1ccc(C2(c3cccc(-c4cccnc4)c3)N=C(N)N(C)C2=O)cc1C#N,Moderate
CN1C(=O)[C@@](c2ccc(OC(F)(F)F)cc2)(c2ccc(F)c(-c3cncnc3)c2)N=C1N,Active
COc1ccc(Cc2cccc(C3(c4ccccc4)N=C(N)N4CCCN=C43)c2)cc1,Moderate
CCCCNC(=O)NCc1ccc(CN2C(=N)NC(CCC3CCCCC3)(CC3CCCCC3)C2=O)cc1,Moderate
NC1=NC(c2ccc(OC(F)(F)F)cc2)(c2cccc(-c3cccnc3F)c2)/C2=N/CCCCCN12,Moderate
CCCCOc1ccc(CSC(=N)N)cc1Cl,Inactive
CCCCNC(=O)NCc1ccc(CN2C(=N)NC(C)(CC(C)C)C2=O)cc1,Inactive
CCCCNC(=O)NCc1ccc(CN2C(=N)NC(C)(CC3CCCCC3)C2=O)cc1,Moderate
CC(=O)N[C@@H](Cc1cc(F)cc(F)c1)[C@H](O)CN[C@]1(c2cccc(C(C)(C)C)c2)CC[C@H](O)CC1,Moderate
CCCCNC(=O)NCc1ccc(CN2C(=N)NC(CCc3ccccc3)(CC(C)C)C2=O)cc1,Inactive
CS[C@H]1CC[C@@](NC[C@@H](O)[C@H](Cc2cc(F)cc(F)c2)NC(C)=O)(c2cccc(C(C)(C)C)c2)CN1,Active
CC(=O)N[C@@H](Cc1cc(F)cc(F)c1)[C@H](O)CN[C@]1(c2cccc(C(C)(C)C)c2)CC[C@@H](CO)CC1,Active
CN(Cc1cccc(CCc2cccnc2N)c1)Cc1ccco1,Inactive
CC(=O)N[C@@H](Cc1cc(F)cc(F)c1)[C@H](O)CNC1(c2cccc(C(C)(C)C)c2)CCCN(C(=O)OCc2ccccc2)C1,Moderate
CC(=O)N[C@@H](Cc1cc(F)cc(F)c1)[C@H](O)CNC1(c2cccc(C(C)(C)C)c2)CCNC(=O)C1,Active
CC(=O)N[C@@H](Cc1cc(F)cc(F)c1)[C@H](O)CNC1(c2cccc(C(C)(C)C)c2)CCCN(C(N)=O)C1,Moderate
CC(=O)N[C@@H](Cc1cc(F)cc(F)c1)[C@H](O)CNC1(c2cccc(C(C)(C)C)c2)CCOCC1,Active
CC(=O)N[C@@H](Cc1cc(F)cc(F)c1)[C@H](O)CN[C@]1(c2cccc(C(C)(C)C)c2)CC[C@@H](O)CC1,Active
CC(=O)N[C@@H](Cc1cc(F)cc(F)c1)[C@H](O)CN[C@@]1(c2cccc(C(C)(C)C)c2)CC[C@H](C(F)(F)F)NC1,Active
CON[C@H]1CC[C@@](NC[C@@H](O)[C@H](Cc2cc(F)cc(F)c2)NC(C)=O)(c2cccc(C(C)(C)C)c2)CN1,Active
CCCCNC(=O)NCc1ccc(CN2C(=N)NC(CC3CCCCC3)(CC3CCCCC3)C2=O)cc1,Moderate
COc1ccc([C@@]2(C34CC5CC(CC(C5)C3)C4)N=C(N)N(C)C2=O)cc1,Moderate
COc1ccc([C@]2(C34CC5CC(CC(C5)C3)C4)N=C(N)N(C)C2=O)cc1C,Moderate
CO[C@H]1CC[C@@](NC[C@@H](O)[C@H](Cc2cc(F)cc(F)c2)NC(C)=O)(c2cccc(C(C)(C)C)c2)CN1,Moderate
COC(=O)N[C@H]1CC[C@@](NC[C@@H](O)[C@H](Cc2cc(F)cc(F)c2)NC(C)=O)(c2cccc(C(C)(C)C)c2)CN1,Moderate
CC(=O)N[C@@H](Cc1cc(F)cc(F)c1)[C@H](O)CN[C@@]1(c2cccc(C(C)(C)C)c2)CC[C@H](Nc2ccccn2)NC1,Active
CCCCNC(=O)NCc1ccc(CN2C(=N)NC(CCC3CCCCC3)(CC(C)C)C2=O)cc1,Moderate
CC(=O)N[C@@H](Cc1cc(F)cc(F)c1)[C@H](O)CNC1(c2cccc(C(C)(C)C)c2)CCCC1,Moderate
CC(=O)N[C@@H](Cc1cc(F)cc(F)c1)[C@H](O)CNC1(c2cccc(C(C)(C)C)c2)CCCCC1,Active
CC(=O)N[C@@H](Cc1cc(F)cc(F)c1)[C@H](O)CN[C@@]1(c2cccc(C(C)(C)C)c2)CC[C@H](NC=O)NC1,Moderate
CC(=O)N[C@@H](Cc1cc(F)cc(F)c1)[C@H](O)CNC1(c2cccc(-n3cccn3)c2)CCOC1,Moderate
CC(=O)N[C@@H](Cc1cc(F)cc(F)c1)[C@H](O)CNC1(c2cccc(-n3cccn3)c2)CCCCC1,Active
CC(=O)N[C@@H](Cc1cc(F)cc(F)c1)[C@H](O)CNC1(c2cccc(C(C)(C)C)c2)CCCN(O)C1,Moderate
CC(=O)N[C@@H](Cc1cc(F)cc(F)c1)[C@H](O)CN[C@@]1(c2cccc(C(C)(C)C)c2)CC[C@H](C#N)NC1,Moderate
CC(=O)N[C@@H](Cc1cc(F)cc(F)c1)[C@H](O)CNC1(c2cccc(-n3cccn3)c2)CCCOC1,Moderate
COc1ccc(COC[C@@H](C[C@H](O)[C@H](COc2cc(F)cc(F)c2)NC(=O)c2cc(C(=O)N[C@H](C)c3ccccc3)cc(N(C)S(C)(=O)=O)c2)OC)cc1,Moderate
CO[C@@H](COC(C)C)C[C@H](O)[C@H](COc1cc(F)cc(F)c1)NC(=O)c1cc(C(=O)N[C@H](C)c2ccccc2)cc(N(C)S(C)(=O)=O)c1,Moderate
CO[C@@H](COCc1ccccc1)C[C@H](O)[C@H](COc1cc(F)cc(F)c1)NC(=O)c1cc(C(=O)N[C@H](C)c2ccccc2)cc(N(C)S(C)(=O)=O)c1,Moderate
O=C(Nc1ccc(F)cc1)c1ccc2c(c1)Nc1ccccc1NC2=O,Moderate
CO[C@H](C[C@H](O)[C@H](COc1cc(F)cc(F)c1)NC(=O)c1cc(C(=O)N[C@H](C)c2ccccc2)cc(N(C)S(C)(=O)=O)c1)C(=O)N[C@H](C(=O)NCc1ccccc1)C(C)C,Active
O=C(Nc1ncc(-c2ccc(F)cc2)[nH]1)c1ccc2c(c1)Nc1ccccc1NC2=O,Moderate
CO[C@@H](COc1ccccc1)C[C@H](O)[C@H](COc1cc(F)cc(F)c1)NC(=O)c1cc(C(=O)N[C@H](C)c2ccccc2)cc(N(C)S(C)(=O)=O)c1,Moderate
Cc1ccc(CNC(=O)c2cc(Cl)c([C@]3(C)CS(=O)(=O)C(C)(C)C(=N)N3)s2)nn1,Moderate
COc1cnc(C(=O)Nc2ccc(F)c([C@]3(C)CS(=O)(=O)[C@@](C)(c4ccccn4)C(=N)N3)c2)cn1,Active
Cc1noc(-c2cccc(-c3cc(F)c([C@]4(C)CS(=O)(=O)C(C)(C)C(=N)N4)s3)c2)n1,Moderate
COC1CCC2(CC1)Cc1ccc(CCC3CC3)cc1C21N=C(SCc2ccc(F)cn2)N(Cc2ccc(F)cn2)C1=O,Active
CC1(C)C(N)=N[C@](C)(c2cc(/C=C(\F)c3cc4c(cn3)OCCO4)ccc2F)[C@@H](F)S1(=O)=O,Moderate
COc1ccc(C(=O)Nc2ccc3c(c2)[C@]2(CCO3)CS(=O)(=O)N(C)C(=N)N2)nc1,Moderate
CCC(=O)Nc1cc(F)c(F)c([C@]2(C)CS(=O)(=O)C(C)(C)C(=N)N2)c1,Moderate
CC1(C)C(=N)N[C@](C)(c2sc(-c3nnc(-c4ccc(F)cc4)o3)cc2F)CS1(=O)=O,Active
COC[C@H]1C[C@@H]2[C@](c3cc(Oc4cccnc4F)ccc3F)(CO1)NC(=N)N(C)S2(=O)=O,Active
C[C@H]1[C@@H](F)CCN1C(=O)[C@]12C[C@H]1[C@@](C)(c1cc(/C=C(\F)c3ccc(C#N)cn3)ccc1F)N=C(N)S2,Active
COc1cnc(C(=O)Nc2ccc(F)c([C@]3(C)CS(=O)(=O)[C@@](C)(c4ccc(F)cc4)C(=N)N3)c2)cn1,Active
COc1ccc(C(=O)Nc2ccc(F)c([C@@]3(C)NC(=N)N(C)S(=O)(=O)[C@]34CCN(Cc3cncnc3)C4)c2)nc1,Active
COc1ccc(C(=O)Nc2ccc(F)c([C@@]3(C)N=C(N)[C@](C)(F)CC3(F)F)c2)nc1,Active
C#CCOc1cnc(/C(F)=C/c2cnc(F)c([C@@]3(C)N=C(N)S[C@@]4(C(=O)N5[C@H]6COC[C@@H]5COC6)C[C@H]43)c2)cn1,Active
Cc1cc(C#N)cnc1C(=O)Nc1cc(F)c(F)c([C@@]2(CF)N=C(N)CCC2(F)F)c1,Active
C#CCOc1cnc(/C(F)=C/c2ccc(F)c([C@@]3(C)N=C(N)S[C@@]4(C(=O)N5[C@H]6COC[C@@H]5COC6)C[C@H]43)c2)cn1,Active
C[C@]1(c2cc(/C=C(\F)c3cnc(OCC(F)(F)F)cn3)ccc2F)N=C(N)[C@@]2(CF)CC[C@@H]1S2(=O)=O,Active
C[C@@]1(c2cc([N+](=O)[O-])ccc2F)CS(=O)(=O)[C@@](C)(c2cccc(C(F)(F)F)c2)C(=N)N1,Moderate
COc1cccc(CSC2=NC3(C(=O)N2Cc2cccc(OC)c2)c2cc(CCC4CC4)ccc2CC32CCC(OC)CC2)c1,Moderate
CC1(C)C(N)=N[C@](C)(c2cc(/C=C(\F)c3ncc(C(F)(F)F)cc3Cl)ccc2F)CS1(=O)=O,Active
CC(C)CS(=O)(=O)N1CC[C@@]2(C1)[C@@](C)(c1cc(NC(=O)c3ccc(F)cn3)ccc1F)NC(=N)N(C)S2(=O)=O,Active
CC1(C)C(=N)N[C@](C)(c2sc(-c3nnc(-c4ccc(C#N)cc4)o3)cc2F)CS1(=O)=O,Active
C[C@@]1(c2cc(-c3cncc(Cl)c3)ccc2F)Cc2ncncc2C(=N)N1,Moderate
C[C@@]1(c2ccc(F)cc2F)CS(=O)(=O)[C@@](C)(c2ccccc2)C(=N)N1,Moderate
C[C@]1(c2cc(/C=C(\F)c3cnc(N4CCC4)cn3)ccc2F)N=C(N)S[C@@]2(C(=O)N3CCOCC3)C[C@H]21,Moderate
C[C@]1(c2cc(/C=C(\F)c3ccc(C#N)cn3)ccc2F)N=C(N)S[C@@]2(C(=O)N3CCN(c4ccccc4)CC3)C[C@H]21,Active
C#CCOc1cnc(/C(F)=C/c2ccc(F)c([C@@]3(C)N=C(N)S[C@@]4(C(N)=O)C[C@H]43)c2)cn1,Active
COC[C@]12C[C@H]1[C@@](C)(c1cc(/C=C(\F)c3ccc(Cl)cn3)ccc1F)N=C(N)S2,Active
Cc1nc2ccc(C(=O)Nc3ccc(F)c([C@]4(C)CN(C)S(=O)(=O)C(C)(C)C(=N)N4)c3)cc2o1,Moderate
CC1(C)C(=N)N[C@](C)(c2sc(-c3cncc(-c4nnco4)c3)cc2F)CS1(=O)=O,Active
CC1(C)C(=N)N[C@](C)(c2cc(NC(=O)c3ccc(Cl)cc3)cc(F)c2F)CS1(=O)=O,Active
CN1C(=N)N[C@](C)(c2cc(Nc3cccc4c3OC(F)(F)O4)ccc2F)CS1(=O)=O,Active
Cc1cc(Cl)cnc1C(=O)Nc1ccc(F)c([C@]2(C)CS(=O)(=O)C3(CCC3)C(N)=N2)c1,Active
CC(C)[C@H]1CN(C(=O)[C@]23C[C@H]2[C@@](C)(c2cc(/C=C(\F)c4ccc(C#N)cn4)ccc2F)N=C(N)S3)CCO1,Active
Cc1cccc(C2(c3ccc(OC(F)F)c(C)c3)N=C(N)N(C)C2=O)c1,Moderate
COc1ccc(C(=O)Nc2ccc(F)c([C@]3(C)CS(=O)(=O)[C@](C)(CC4CC4)C(=N)N3)c2)nc1,Active
C[C@@]1(c2cc(Nc3ccnc4cc(F)cnc34)ncc2F)CS(=O)(=O)[C@@](C)(C2CC2)C(N)=N1,Active
COc1cccc(-c2ccc3nc([C@]4(C)CS(=O)(=O)C(C)(C)C(=N)N4)sc3c2)c1,Moderate
CC#Cc1cncc(-c2csc([C@]3(C)CC4(CCOCC4)OC(N)=N3)c2)c1,Active
NC1=N[C@]2(c3cc(/C=C(\F)c4ccc(Cl)cn4)ccc3F)CN(c3ncc(F)cn3)C[C@@H]2CS1,Moderate
Cc1nc(C(=O)Nc2ccc(F)c([C@@]3(C)NC(=N)N(C)S(=O)(=O)C34CC4)c2)no1,Active
COC1CCC2(CC1)Cc1ccc(OCC3CC3)cc1C21NC(=S)N(C(C)C)C1=O,Active
CSC1=NC2(C(=O)N1C)c1cc(C#CC3CC3)ccc1CC21CCC(O)CC1,Active
CC1(C)C(=N)N[C@](C)(c2sc(-c3cc4ccccc4s3)cc2Cl)CS1(=O)=O,Moderate
N#Cc1ccc(/C(F)=C/c2ccc(F)c([C@@]34CO[C@@H](CF)[C@@H]3CSC(N)=N4)c2)nc1,Moderate
CC1(C)C(N)=N[C@](C)(c2cc(Nc3nccc4cc(C#N)cnc34)ccc2F)CS1(=O)=O,Active
COC1CCC2(CC1)Cc1ccc(OCCN(C)C)cc1C21NC(=O)N(C)C1=O,Moderate
C[C@]1(F)C(N)=N[C@](C)(c2cc(Nc3ncc(F)c4cc(C#N)cnc34)ccc2F)CS1(=O)=O,Active
C#CCOc1cnc(/C(F)=C/c2ccc(F)c([C@]3(CF)CS(=O)(=O)C(C)(C)C(N)=N3)c2)cn1,Active
N#Cc1cnc(C#Cc2ccc(F)c([C@@]3(CF)N=C(N)S[C@@]4(/C=C/C(=O)N5CCOCC5)C[C@H]43)c2)nc1,Active
C#CCOc1cnc(/C(F)=C/c2ccc(F)c([C@@]3(C)N=C(N)S[C@@]4(C(=O)N5CCOC[C@H]5C)C[C@H]43)c2)cn1,Active
C[C@H]1C[C@H]2C(=O)N(C)C(=N)N[C@@]2(c2cc(Oc3cccnc3)ccc2F)CO1,Active
CN1C(=N)N[C@](C)(c2cc(Nc3ncnc4cc(Br)cnc34)ccc2F)CS1(=O)=O,Active
Cc1nc(C(=O)Nc2ccc3c(c2)[C@]2(CCC3)CS(=O)(=O)N(C)C(=N)N2)co1,Moderate
Cc1cc(C2(c3cccc(F)c3)N=C(N)N(Cc3ccccc3)C2=O)ccc1OC(F)F,Moderate
C[C@@]1(c2sc(-c3cccc(C#N)c3)cc2Cl)Cc2ncncc2C(=N)N1,Active
CN1C(=N)N[C@](C)(c2cc(NC(=O)c3ccc(F)cn3)ccc2F)[C@@]2(CCN(CC3CC3)C2)S1(=O)=O,Active
Cc1ccc(C(=O)Nc2cc(F)c(F)c([C@]3(C)CS(=O)(=O)C(C)(C)C(=N)N3)c2)nc1,Active
COc1cnc(C(=O)Nc2ccc(F)c([C@]3(C)CS(=O)(=O)[C@](C)(c4ccccn4)C(=N)N3)c2)cn1,Moderate
CC1(CC(F)(F)F)C(=N)N[C@](C)(c2sc(-c3ccc(F)c(C#N)c3)cc2F)CS1(=O)=O,Active
COc1ccc2c(c1)C1(NC(SC)N(C)C1=O)C1(CCC(OC)CC1)C2,Moderate
C#CCOc1cnc(/C(F)=C/c2ccc(F)c([C@@]3(C)N=C(N)N(C)S(=O)(=O)C3(C)C)c2)cn1,Active
CN1C(=N)N[C@@]2(CCCc3ccc(NC(=O)C(F)F)cc32)CS1(=O)=O,Moderate
CN1C(=N)N[C@](C)(c2cc(NC(=O)c3ccc(F)cn3)ccc2F)[C@]2(CCN(CC3CC3)C2)S1(=O)=O,Active
CC1(C)C(=N)N[C@](C)(c2sc(-c3cccc(-c4ncon4)c3)cc2F)CS1(=O)=O,Active
COc1ccc(C(=O)Nc2ccc(F)c([C@@]3(C)NC(=N)N(C)S(=O)(=O)[C@@]34CCN(S(=O)(=O)CC(C)C)C4)c2)nc1,Active
COC[C@]12C[C@H]1[C@@](C)(c1cc(/C=C(\F)c3cnc(OCC4CCO4)cn3)ccc1F)N=C(N)S2,Moderate
NC1=N[C@](CF)(c2cc(NC(=O)c3cnc(-n4cncn4)cn3)ccc2F)[C@H]2COCC[C@H]2O1,Active
CN1C(=N)N[C@](C)(c2cc(NC(=O)c3ccc(F)cn3)ccc2F)[C@@]2(CCN(CCC(F)(F)F)C2)S1(=O)=O,Active
COc1cnc(C(=O)Nc2cc([C@]3(C)CS(=O)(=O)C(C)(C)C(=N)N3)c(F)cc2Br)cn1,Moderate
Cc1cc(OC(F)F)cnc1C(=O)Nc1ccc(F)c([C@]2(C)CS(=O)(=O)C(C)(C)C(N)=N2)c1,Active
CC1(C)C(=N)N[C@](C)(c2nc(NC(=O)c3ccc(Cl)cn3)ccc2F)CS1(=O)=O,Active
COc1ccc(C(=O)Nc2ccc(F)c([C@]3(C)CS(=O)(=O)C(C)(C)C(=N)N3)n2)nc1,Active
CCC/C=C(\CC)CSC(=N)N,Inactive
Nc1ncccc1CCc1cccc(Cl)c1,Inactive
Nc1nc(Nc2ccc(OCCN3CCCC3)cc2)nn1-c1ccccc1F,Moderate
NC1=N[C@](CF)(c2cc(C#Cc3ccc(OCc4ncco4)cn3)ccc2F)[C@@H]2C[C@]2(CF)S1,Moderate
C[C@@]1(c2cc(Br)ccc2F)CS(=O)(=O)[C@]2(C[C@@H](F)C2)C(N)=N1,Moderate
CC1(C)C(=N)N[C@](C)(c2sc(C(=O)NCc3cccc(Cl)c3)cc2Cl)CS1(=O)=O,Moderate
COc1ccc(C2(c3cc(F)cc(F)c3)N=C(N)N(C)C2=O)cc1F,Moderate
COc1cnc2c(Nc3ccc(F)c(C4(C(F)F)CS(=O)(=O)C(C)(C)C(N)=N4)c3)nccc2c1,Moderate
Cc1cc(OC(F)F)cnc1C(=O)Nc1ccc(F)c([C@]2(C)CS(=O)(=O)C3(CCC3)C(N)=N2)c1,Active
C[C@@]1(c2cc(NC(=O)c3ccc(Cl)cn3)ccc2F)CC2(CCOCC2)SC(N)=N1,Active
C[C@]1(c2cc(/C=C(\F)c3ccc(Cl)cn3)ccc2F)N=C(N)S[C@@]2(C(N)=O)C[C@H]21,Active
COC1CCC2(CC1)Cc1cc(F)ccc1C21N=C(SC)N(C)C1=O,Moderate
O=C(Nc1nc2ccncc2[nH]1)c1ccc2c(c1)Nc1ccccc1NC2=O,Moderate
C#Cc1cnc(/C(F)=C/c2ccc(F)c([C@@]3(C)N=C(N)S[C@@]4(C(=O)N(C)C)C[C@H]43)c2)cn1,Active
COC[C@H]1C[C@@H]2[C@](c3cc(Oc4cncc(OC)n4)ccc3F)(CO1)NC(=N)N(C)S2(=O)=O,Active
CC1=N[C@@]2(CC([C@H]3CCOC(C)(C)C3)Oc3ccc(-c4cccc(Cl)c4)cc32)N=C1N,Active
Cc1nc(C(=O)Nc2ccc(F)c(C3(C)N=C(N)OC4(CCC4)C3(F)F)c2)co1,Moderate
CN1C(N)=N[C@](C)(c2cc(/C=C(\F)c3ncc(C(F)(F)F)cc3Cl)cc(F)c2F)CS1(=O)=O,Active
Cn1c(-n2nc(Nc3ccc(OCCN4CCCC4)cc3)nc2N)nc2ccccc21,Moderate
C#C[C@H](C)Oc1cnc(/C(F)=C/c2ccc(F)c([C@]3(C)CS(=O)(=O)C(C)(C)C(N)=N3)c2)cn1,Active
CNC(=O)[C@]12C[C@H]1[C@@](C)(c1cc(/C=C(\F)c3cnc(C#C[Si](C)(C)C)cn3)ccc1F)N=C(N)S2,Active
COC(=O)c1cccc(CSC2NC3(C(=O)N2Cc2cccc(C(=O)OC)c2)c2cc(Br)ccc2CC32CCC(OC)CC2)c1,Active
COc1ccc(C(=O)Nc2ccc(F)c([C@@]3(C)NC(=N)N(C)S(=O)(=O)[C@]34CCN(S(=O)(=O)CC(C)C)C4)c2)nc1,Active
CC(F)(F)C(=O)Nc1ccc(F)c([C@]2(C)CS(=O)(=O)C(C)(C)C(=N)N2)c1,Active
CC1(C)C(=N)N[C@](C)(c2sc(-c3cc(F)cc(-c4cnco4)c3)cc2Cl)CS1(=O)=O,Active
CC1(C)C(=N)N[C@](C)(c2sc(-c3cccc(-n4nccn4)c3)cc2Cl)CS1(=O)=O,Active
[C-]#[N+]c1cnc2c(Nc3ccc(F)c([C@]4(C)CS(=O)(=O)N(C)C(=N)N4)c3)ncnc2c1,Active
N#Cc1ccc(/C(F)=C/c2ccc(F)c([C@@]34CO[C@@H](C(F)F)[C@@H]3CSC(N)=N4)c2)nc1,Active
CC1(C)C(N)=N[C@](C)(c2cc(/C=C(\F)c3cc4c(cn3)OCCO4)ccc2F)C(F)(F)S1(=O)=O,Moderate
COc1cnc(C(=O)Nc2ccc(F)c([C@]3(C)C=C(C(C)C)SC(N)=N3)c2)cn1,Active
CCSC1=NC2(C(=O)N1CC)c1cc(OCC3CC3)ccc1CC21CCC(OC)CC1,Active
O=C(Nc1ncc(-c2ccncc2)[nH]1)c1ccc2c(c1)Nc1ccccc1NC2=O,Moderate
COc1cnc(C(=O)Nc2cc(C3(C)CS(=O)(=O)C(C)(C)C(N)=N3)c(F)cn2)cn1,Moderate
COc1ccc(C(=O)Nc2ccc(F)c([C@]3(C)CS(=O)(=O)[C@](C)(C4CCC4)C(=N)N3)c2)nc1,Moderate
NC1=N[C@@]2(c3nc(NC(=O)c4cnc(OC(F)F)cn4)cs3)COC3(CCC3)C[C@H]2CO1,Moderate
Cc1cc(Cl)cnc1C(=O)Nc1cc(C2(CF)COCC(N)=N2)ccn1,Moderate
Cc1nc(C(=O)Nc2ccc(F)c([C@@]3(C)N=C(N)[C@](C)(F)C[C@@H]3F)c2)co1,Active
C[C@@]1(c2cc(/C=C(\F)c3ccc(Cl)cn3)ccc2F)C=CSC(N)=N1,Moderate
CC(C)[C@H]1C[C@@H]2[C@](c3ccccc3F)(CO1)NC(=N)C(C)(C)S2(=O)=O,Moderate
COc1cnc(C(=O)Nc2ccc(F)c([C@]3(C(F)F)CS(=O)(=O)C(C)(C)C(N)=N3)c2)cn1,Active
Cc1cc(OC(F)F)cnc1C(=O)Nc1ccc(F)c([C@]2(C)CS(=O)(=O)C3(CC(F)(F)C3)C(N)=N2)c1,Active
Nc1nc(Nc2ccc(OCCN3CCCC3)cc2)nn1-c1cc(C(F)(F)F)ccn1,Moderate
COC1CC(CN2CC[C@]3(C2)[C@@](C)(c2cc(NC(=O)c4ccc(F)cn4)ccc2F)NC(=N)N(C)S3(=O)=O)C1,Moderate
C#CCOc1cnc(C(=O)Nc2ccc3c(c2)[C@]2(CCO3)CS(=O)(=O)N(C)C(=N)N2)cn1,Active
CCOC(=O)COc1cnc(/C(F)=C/c2cc(F)c(F)c([C@]3(C)CS(=O)(=O)N(C)C(N)=N3)c2)cn1,Moderate
COc1cc(C#N)cc(-c2ccc3c(c2)C2(N=C(C)C(N)=N2)[C@]2(CC[C@H](OC(F)F)CC2)C3)c1,Active
[C-]#[N+]c1ccnc(Oc2ccc(F)c([C@]34CO[C@@H](c5ccc(F)cc5)C[C@H]3S(=O)(=O)C(C)(C)C(=N)N4)c2)c1,Active
COCCOc1cnc(/C(F)=C/c2ccc(F)c([C@@]3(C)N=C(N)[C@@]4(CF)CC[C@@H]3S4(=O)=O)c2)cn1,Active
CC(C)N1C(=O)C2(NC1=S)c1cc(Br)ccc1CC21CCC(OC(F)F)CC1,Active
COc1cccc(NC(=O)c2cc(Cl)c([C@]3(C)CS(=O)(=O)C(C)(C)C(=N)N3)s2)n1,Moderate
CN(C)C(=O)[C@]12C[C@H]1[C@@](C)(c1cc(/C=C\F)ccc1F)N=C(N)S2,Moderate
C[C@H]1CN(C(=O)[C@]23C[C@H]2[C@@](C)(c2cc(/C=C(\F)c4ccc(C#N)cn4)ccc2F)N=C(N)S3)CCO1,Active
C[C@H]1C[C@H]2CSC(N)=N[C@@]2(c2nc(NC(=O)c3cnn(C(F)F)c3)cs2)CO1,Moderate
COc1ccc(C(=O)Nc2ccc(F)c([C@@]3(C)NC(=N)N(C)S(=O)(=O)[C@]34CCN(Cc3ccccn3)C4)c2)nc1,Active
CC1(C)C(=N)N[C@](C)(c2sc(-c3cc(Cl)cc(C#N)c3)cc2Cl)CS1(=O)=O,Active
NC1=N[C@](CF)(c2cc(NC(=O)c3ccc(F)cn3)ccc2F)Cn2nncc21,Active
COc1ncc(-c2cc(Cl)c([C@]3(C)CS(=O)(=O)C(C)(C)C(=N)N3)s2)cn1,Moderate
C[C@@]1(c2sc(-c3nnc(-c4ccc(Cl)cc4)o3)cc2F)CS(=O)(=O)[C@@](C)(c2ccccn2)C(=N)N1,Active
CC(C)[C@@]1(C)C(=N)N[C@](C)(c2cc(N)ccc2F)CS1(=O)=O,Moderate
CC1(C)C(=N)N[C@](C)(c2sc(-c3cncc(-c4ncco4)c3)cc2Cl)CS1(=O)=O,Active
CN(C)C(=O)[C@]12C[C@H]1[C@@](C)(c1cc(/C=C(\F)c3cnc(C#N)nc3)ccc1F)N=C(N)S2,Moderate
CC1(C)C(=N)N[C@](C)(c2sc(-c3nnc(-c4ccc(F)cc4)o3)cc2Cl)CS1(=O)=O,Moderate
CC1(C)C(N)=N[C@](CF)(c2cc(/C=C(\F)c3ccc(C#N)cn3)ccc2F)CS1(=O)=O,Active
C[C@@]1(c2cc(Nc3nccc4cc(Cl)cnc34)ncc2F)CS(=O)(=O)[C@@](C)(C2CC2)C(N)=N1,Active
Nc1nc(Nc2ccc(OCCN3CCCC3)cc2)nn1-c1ncccc1C(F)(F)F,Inactive
CC1(C)C(=N)N[C@](C)(c2cc(NC(=O)c3ccc(Cl)cc3)ccc2F)CS1(=O)=O,Active
C[C@@]1(c2cc(-c3cccnc3)ccc2F)Cc2ncncc2C(=N)N1,Moderate
C[C@@]1(c2sc(-c3cccc(C#N)c3)cc2Cl)Cc2nc(C3CC3)ncc2C(=N)N1,Active
C[C@@]1(c2cc(NC(=O)c3ccc(F)cn3)ccc2F)CS(=O)(=O)[C@@](C)(C2CCC2)C(=N)N1,Active
Cc1nc(C(=O)Nc2ccc(F)c([C@@]3(CF)N=C(N)CCC3(F)F)c2)co1,Active
Cc1cc(C2(c3ccc(OC(F)F)c(C)c3)N=C(N)N(C)C2=O)ccn1,Moderate
C#CCOc1cnc(/C(F)=C/c2cnc(F)c([C@@]3(C)N=C(N)S[C@@]4(C(=O)N5CCOC[C@H]5C)C[C@H]43)c2)cn1,Active
Cc1cc(C2(c3cccc(Cl)c3)N=C(N)N(C)C2=O)ccc1OC(F)F,Moderate
CN1C(=N)N[C@](C)(c2cccc(Nc3ccccc3C#N)n2)CS1(=O)=O,Moderate
CC1(C)C(=N)N[C@](C)(c2sc(C(=O)NCc3ccc(F)cc3)cc2Cl)CS1(=O)=O,Moderate
C#CCOc1cnc(/C(F)=C/c2ccc(F)c([C@]3(C)C[C@](C)(C(=O)NC)SC(N)=N3)c2)cn1,Active
CC1(C)C(=N)N[C@](C)(c2cc(N)cc(Cl)c2F)CS1(=O)=O,Moderate
C[C@]1(c2cc(/C=C(\F)c3cnc(OCC4COC4)cn3)ccc2F)N=C(N)[C@@]2(CF)CC[C@@H]1S2(=O)=O,Moderate
COC1CCC2(CC1)Cc1ccc(C#CC3CC3)cc1C21NC(=S)N(CCF)C1=O,Active
Cc1cc(C#N)cnc1C(=O)Nc1ccc(F)c([C@]2(C)CS(=O)(=O)C3(CCC3)C(N)=N2)c1,Active
CN1C(N)=N[C@](C)(c2cc(/C=C(\F)c3cnc(OCc4nccn4C)cn3)cc(F)c2F)CS1(=O)=O,Moderate
CC1(C)C(=N)N[C@](C)(c2sc(C(=O)Nc3cccc(Cl)n3)cc2Cl)CS1(=O)=O,Active
COC(C)COc1cnc(/C(F)=C/c2ccc(F)c([C@@]3(C)N=C(N)[C@@]4(CF)CC[C@@H]3S4(=O)=O)c2)cn1,Moderate
CCc1cc(Cl)cnc1C(=O)Nc1ccc(F)c([C@]2(CF)CS(=O)(=O)C(C)(C)C(N)=N2)c1,Active
COC1CCC2(CC1)Cc1ccc(C#CC3CC3)cc1C21N=C(SCCN(C)C)N(CCN(C)C)C1=O,Active
Cc1cc(C2(c3cc(F)cc(F)c3)N=C(N)N(C)C2=O)ccc1F,Moderate
Cc1c(C(=O)Nc2ccc(F)c([C@]3(C)CS(=O)(=O)[C@]4(C[C@@H](F)C4)C(N)=N3)c2)nc2ccc(Cl)cn12,Active
CC1(C)C(N)=N[C@](C)(c2cc(Nc3ncc(Br)c4cc(Cl)cnc34)ccc2F)CS1(=O)=O,Active
C[C@]1(c2cc(/C=C(\F)c3ccc(C#N)cn3)ccc2F)N=C(N)S[C@@]2(C(=O)N3CCCC(F)(F)C3)C[C@H]21,Active
Cc1cc(C(F)(F)F)cnc1C(=O)Nc1ccc(F)c([C@@]2(CF)N=C(N)O[C@@H]3C[C@@H](C)OC[C@@H]32)c1,Active
NC1=N[C@](c2ccc(OC(F)(F)F)cc2)(c2cccc(-c3cccnc3F)c2)C2=NCCCN12,Active
C[C@@]1(c2cccc(F)c2)C(=N)N[C@](C)(c2cc(NC(=O)c3ccc(C(F)(F)F)cn3)ccc2F)CS1(=O)=O,Moderate
COc1cnc2c(Nc3ccc(F)c([C@]4(C)CS(=O)(=O)C(C)(C)C(N)=N4)c3)nccc2n1,Active
CN(C)C(=O)[C@]12C[C@H]1[C@@](C)(c1cc(/C=C(\F)c3ncc(C#N)s3)ccc1F)N=C(N)S2,Active
CN1C(=N)N[C@]2(C)c3cc(NC(=O)c4ccc(F)cn4)ccc3OCC[C@H]2S1(=O)=O,Moderate
C[C@H]1C[C@@H]2[C@](c3cc(OCC4CC4)ccc3F)(CO1)NC(=N)N(C)S2(=O)=O,Active
C[C@]1(c2cc(NC(=O)c3ccc(C#N)cn3)ccc2F)N=C(N)OC2(CCC2)C1(F)F,Active
COc1cnc(C(=O)Nc2ccc(F)c([C@@]3(CF)N=C(N)O[C@@H]4CCOC[C@@H]43)c2)cn1,Active
CC1CCCN1CCOc1ccc(Nc2nc(N)n(-c3nc4ccccc4[nH]3)n2)cc1,Inactive
CN1C(=N)N[C@@]2(CCCc3ccc(NC(=O)c4cn5cc(C#N)ccc5n4)cc32)CS1(=O)=O,Moderate
NC1=N[C@]2(c3nc(NC(=O)c4ncc(OC(F)F)cc4Cl)cs3)CO[C@H](C(F)(F)F)C[C@@H]2CO1,Moderate
Cc1cc(C#N)cnc1C#Cc1ccc(F)c([C@@]2(CF)N=C(N)S[C@@]3(/C=C/C(=O)N4CCOCC4)C[C@H]32)c1,Active
CN(C)C(=O)[C@]12C[C@H]1[C@@](C)(c1cc(C#Cc3ccc(C#N)cc3)ccc1F)N=C(N)S2,Active
CN(C)C(=O)[C@]12C[C@H]1[C@@](C)(c1cc(/C=C(\F)I)ccc1F)N=C(N)S2,Active
COCC1(COC)C(=N)N[C@](C)(c2sc(Br)cc2Cl)CS1(=O)=O,Moderate
COc1cnc(C(=O)Nc2ccc(F)c(C3(CF)CS(=O)(=O)C(C)(C)C(N)=N3)c2)cn1,Active
COc1cnc(C(=O)Nc2ccc(F)c([C@]3(C)CS(=O)(=O)[C@@](C)(C4CCC4)C(=N)N3)c2)cn1,Active
N#Cc1ccc(C(=O)Nc2cccc(C3(C(F)(F)F)CCSC(N)=N3)c2)nc1,Active
COc1cnc(C(=O)Nc2ccc3c(c2)[C@]2(CCO3)CS(=O)(=O)N(C)C(=N)N2)cn1,Moderate
C#CCOc1cnc(/C(F)=C/c2ccc(F)c([C@@]3(C)N=C(N)[C@]4(CF)CC[C@@H]3S4(=O)=O)c2)cn1,Active
COC1CCC2(CC1)Cc1ccc(OCCCF)cc1C21C=C(F)C(N)=N1,Moderate
C#Cc1ccc(F)c([C@@]2(C)N=C(N)S[C@@]3(C(=O)N(C)C)C[C@H]32)c1,Moderate
CC1(C)C(=N)N[C@](C)(c2cc(NC(=O)c3ccc(F)cn3)cc(Cl)c2F)CS1(=O)=O,Active
CN1C(N)=N[C@](C)(c2cc(/C=C(\F)c3cnc(Cl)cn3)ccc2F)C2(CC2)S1(=O)=O,Active
CC#CCOc1cnc2c(Nc3cnc(F)c([C@]4(C)CS(=O)(=O)[C@@](C)(C5CC5)C(N)=N4)c3)nccc2c1,Active
CC1(C)OC(=O)C(C(=O)c2ccc(C(F)(F)F)cc2)C(=O)O1,Moderate
COc1cccc(C2(c3ccccc3)N=C(N)N(C)C2=O)c1,Moderate
COc1cnc(C(=O)Nc2ccc(F)c([C@@]3(C)NC(=N)N(C)S(=O)(=O)C34CC4)c2)c(C)n1,Active
Cc1cc(F)cc(C2(c3ccc(OC(F)F)c(C)c3)N=C(N)N(C)C2=O)c1,Moderate
COc1ccc(C(=O)Nc2ccc(F)c([C@@]3(C)NC(=N)N(C)S(=O)(=O)[C@]34CCN(Cc3cccnc3)C4)c2)nc1,Active
CN1C(=N)N[C@@]2(c3cc(Oc4cccc(C#N)c4)ccc3F)CO[C@@H](C3CC3)C[C@H]2C1=O,Active
C[C@@]1(c2cc(Br)ccc2F)CS(=O)(=O)C2(CCOC2)C(N)=N1,Inactive
CN1C(=N)N[C@@]2(CCCc3ccc(NC(=O)c4ccc(OC(F)F)cn4)cc32)CS1(=O)=O,Active
NC1=N[C@@]2(c3nc(NC(=O)c4cnc(OC(F)F)cn4)cs3)CO[C@@H](C(F)(F)F)C[C@H]2CO1,Moderate
COc1ccc(C(=O)Nc2ccc(F)c([C@]3(C)CS(=O)(=O)[C@@](C)(C(C)C)C(=N)N3)c2)nc1,Active
CN1C(N)=N[C@](C)(c2cc(/C=C(\F)C3CCOCC3)cc(F)c2F)CS1(=O)=O,Moderate
CC1(C)C(=N)N[C@](C)(c2cc(NC(=O)c3cnc(C(F)(F)F)cn3)ccc2F)CS1(=O)=O,Active
C[C@]1(c2cc(/C=C(\F)c3ccc(Cl)cn3)ccc2F)N=C(N)S[C@@]2(C(=O)N3CCCC3)C[C@H]21,Active
CC1(C)C(=N)N[C@](C)(c2cc(N3Cc4cc(Br)ccc4C3=O)ccc2F)CS1(=O)=O,Moderate
CN(C)C(=O)[C@]12C[C@H]1[C@@](C)(c1cc(/C=C(\F)c3ncc(C#N)cn3)ccc1F)N=C(N)S2,Active
N#Cc1cnc(C#Cc2ccc(F)c([C@@]3(CF)N=C(N)S[C@@]4(CF)C[C@H]43)c2)s1,Active
CNC(=O)[C@]12C[C@H]1[C@@](C)(c1cc(/C=C(\F)c3ccc(Cl)cn3)ccc1F)N=C(N)S2,Active
COC[C@H]1C[C@@H]2[C@](c3cc(OCC4CC4)ccc3F)(CO1)NC(=N)N(C)S2(=O)=O,Active
COC(=O)[C@H]1CCCN1C(=O)[C@]12C[C@H]1[C@@](C)(c1cc(/C=C(\F)c3ccc(C#N)cn3)ccc1F)N=C(N)S2,Active
CC#Cc1cncc(-c2ccc(F)c([C@]3(C)CC4(CCC4)OC(N)=N3)c2)c1,Moderate
CCc1cccc(Oc2ccc(F)c([C@]3(C)CS(=O)(=O)C(C)(C)C(N)=N3)c2)c1,Moderate
Cc1cc(C#N)cnc1C#Cc1ccc(F)c([C@@]2(CF)N=C(N)S[C@@]3(CF)C[C@H]32)c1,Active
Cc1cc(Cl)cnc1C(=O)Nc1cccc(C2(CF)COCC(N)=N2)n1,Moderate
C#CCOc1cnc(/C(F)=C/c2ccc(F)c([C@]34CN(C(C)=O)C[C@H]3CSC(N)=N4)c2)cn1,Active
COC[C@H](C)Oc1cnc(/C(F)=C/c2ccc(F)c([C@@]3(C)N=C(N)[C@@]4(CF)CC[C@@H]3S4(=O)=O)c2)cn1,Active
COc1cc(C2(c3ccc(OC(F)F)c(C)c3)N=C(N)N(C)C2=O)ccn1,Moderate
CC#Cc1ccc2sc3cc(F)c([C@]4(C)CC(=O)N(C)C(=N)N4)cc3c2c1,Active
Cc1cc(C#N)cnc1C(=O)Nc1csc([C@]23CO[C@@H](C(F)(F)F)C[C@H]2COC(N)=N3)n1,Active
CNCc1cccc(C2(c3ccc(OC(F)F)c(C)c3)N=C(N)N(C)C2=O)c1,Active
C[C@@]1(c2sc(-c3cncc(C#N)c3)cc2Cl)Cc2ncncc2C(=N)N1,Active
COc1cnc2c(Nc3ccc(F)c([C@]4(C)CS(=O)(=O)N(C)C(=N)N4)c3)ncnc2n1,Active
[C-]#[N+]c1cnc2c(Nc3ccc(F)c([C@]4(C)CS(=O)(=O)C(C)(C)C(N)=N4)c3)ncc(F)c2c1,Active
CN1C(=N)N[C@](C)(c2cc(NC(=O)c3ccc(F)cn3)ccc2F)[C@]2(CCN(Cc3cocn3)C2)S1(=O)=O,Active
CN1C(=N)N[C@](C)(c2cc(NC(=O)c3cnc(C(F)(F)F)cn3)ccc2F)C2(CC2)S1(=O)=O,Active
CN1C(=N)N[C@]2(C)c3cc(NC(=O)c4ccccn4)ccc3OCC[C@@H]2S1(=O)=O,Active
COc1ccccc1Nc1cccc([C@]2(C)CS(=O)(=O)N(C)C(=N)N2)n1,Moderate
CC1CCCN1CCOc1ccc(Nc2nc(N)n(-c3cnc4ccccc4n3)n2)cc1,Moderate
CN1C(=N)N[C@](C)(c2cc(NC(=O)c3ccc(F)cn3)ccc2F)[C@]2(CCN(Cc3cncnc3)C2)S1(=O)=O,Active
C[C@@]1(c2cc(-c3cccc(C#N)c3)ccc2F)Cc2ncncc2C(=N)N1,Moderate
NC1=N[C@@]2(c3nc(NC(=O)c4ccc(Cl)cn4)cs3)CO[C@@H](C(F)(F)F)C[C@H]2CO1,Moderate
C[C@@]1(c2cc(NC(=O)c3ccc(Cl)cn3)ccc2F)CS(=O)(=O)[C@@](C)(c2ccccn2)C(=N)N1,Active
C[C@]1(F)C(N)=N[C@](C)(c2cc(Nc3ncc(F)c4cc(Cl)cnc34)ccc2F)CS1(=O)=O,Active
CN1C(N)=N[C@](C)(c2cc(/C=C(\F)c3nc(C#N)cs3)ccc2F)CS1(=O)=O,Active
CN1C(=N)N[C@]2(C)c3cc(NC(=O)c4ncc(F)cc4F)ccc3OCC[C@@H]2S1(=O)=O,Active
Cc1nc(C(=O)Nc2ccc(F)c([C@]3(C)CS(=O)(=O)C(C)(C)C(N)=N3)c2)cs1,Active
CN1C(=N)N[C@@]2(COCc3ccc(NC(=O)c4ccc(Cl)cn4)cc32)CS1(=O)=O,Moderate
C#Cc1cnc(Nc2ccc(F)c([C@]3(C)CS(=O)(=O)C(C)(C)C(N)=N3)c2)c2ncc(Cl)cc12,Active
CC1=N[C@@]2(C[C@@H]([C@@H]3CCCOC3)Oc3ccc(-c4cccc(Cl)c4)cc32)N=C1N,Inactive
COc1cnc(C(=O)Nc2ccc(F)c([C@]3(C)CSCC(N)=N3)c2)cn1,Active
C[C@@]1(c2cc(/C=C/c3ccc(F)cc3)ccc2F)CC2(CCC2)OC(N)=N1,Moderate
CC1(c2cc(NC(=O)c3ccc(Cl)cn3)ccc2F)CC2(CCOCC2)SC(N)=N1,Active
COC1CCC2(CC1)Cc1ccc(-c3cncc(C#N)c3)cc1C21N=C(N)N(CC(F)(F)F)C1=O,Active
CN1C(N)=N[C@](C)(c2cc(/C=C(\F)c3cnc(OCc4cscn4)cn3)cc(F)c2F)CS1(=O)=O,Active
CC1(C)C(=N)N[C@](C)(c2sc(-c3ccnc(C4CC4)c3)cc2F)CS1(=O)=O,Moderate
C#CCOc1ccc(C(=O)Nc2ccc3c(c2)[C@@]2(C)NC(=N)N(C)S(=O)(=O)[C@@H]2CCO3)nc1,Active
C[C@]1(c2cc(NC(=O)c3ccc(F)cn3)ccc2F)CC2(CCC2)OC(N)=N1,Moderate
CC(C)(C)[S+]([O-])N[C@@](C)(CS(=O)(=O)C1(C#N)CC1)c1cc(Br)cnc1F,Active
C[C@@H]1CN=C([C@]23C[C@H]2[C@@](C)(c2cc(/C=C(\F)c4ccc(C#N)cn4)ccc2F)N=C(N)S3)O1,Active
Cc1cc(C2(c3cccc(C(C)C)c3)N=C(N)N(C)C2=O)ccc1OC(F)F,Inactive
COC1CCC2(CC1)Cc1ccc(C#CC3CC3)cc1C21NC(=S)N(Cc2ncco2)C1=O,Active
CC1(C)C(=N)N[C@](C)(c2sc(-c3cc(F)cc(-c4nnco4)c3)cc2F)CS1(=O)=O,Active
CC(C)N1C(=O)NC2(C1=O)c1cc(Br)ccc1C[C@]21CC[C@@H](O)CC1,Moderate
COc1ccc(C(=O)Nc2ccc(F)c([C@@]3(C)N=C(N)[C@](C)(F)C[C@@H]3F)c2)nc1,Active
COCCN1C(=O)C2(N=C1N)c1cc(C#N)ccc1C[C@]21CC[C@@H](OC)CC1,Active
COCC(C)N1C(=O)C2(N=C1N)c1cc(Br)ccc1CC21CCC(OC)CC1,Active
C#CCOc1cnc(/C(F)=C/c2ccc(F)c([C@@]3(C)N=C(N)C(C)(C)S(=O)(=O)[C@@H]3F)c2)cn1,Active
Cl.NC1=NC(CF)(c2cc(NC(=O)c3ccc(Br)cn3)cnc2Cl)COC1,Moderate
C[C@H]1C[C@H]2CSC(NC(=O)c3ccccc3)=N[C@@]2(c2nc(NC(=O)c3coc(CF)n3)cs2)CO1,Active
CC1(C)C(=N)N[C@](C)(c2nc3ccc(-c4cccc(C#N)c4)cc3s2)CS1(=O)=O,Moderate
C[C@@]1(C2CCC2)C(=N)N[C@](C)(c2cc(NC(=O)c3ccc(Cl)cn3)ccc2F)CS1(=O)=O,Active
COc1cnc2c(Nc3cc([C@]4(C)CS(=O)(=O)N(C)C(=N)N4)c(F)cn3)ncnc2c1,Active
CN1C(=N)N[C@](C)(c2cc(Nc3nccc4cc(Br)cnc34)ccc2F)CS1(=O)=O,Active
CN1C(=N)N[C@@]2(c3cc(-c4cncnc4)ccc3F)CO[C@@H](C3CC3)C[C@H]2C1=O,Moderate
C#CCOc1cnc(/C(F)=C/c2cnc(F)c([C@@]3(C)N=C(N)S[C@@]4(C(=O)N5CCOCC5)C[C@H]43)c2)cn1,Active
C[C@@]1(c2cc(N)ccc2F)CS(=O)(=O)[C@@](C)(C2CCC2)C(=N)N1,Moderate
C[C@@]1(c2cc(NC(=O)c3ccc(F)cn3)ccc2F)CS(=O)(=O)[C@@](C)(c2cccc(C(F)(F)F)c2)C(=N)N1,Active
NC1=N[C@](CF)(c2cc(NC(=O)c3ccc(Cl)cn3)ccc2F)C(F)(F)CC1,Active
CC1(C)C(=N)N[C@](C)(c2nc(N)ccc2F)CS1(=O)=O,Moderate
COC1CCC2(CC1)Cc1ccc(CCC3CC3)cc1C21N=C(SCc2ccccc2F)N(Cc2ccccc2F)C1=O,Active
COc1cncc(Oc2ccc(F)c([C@]34CO[C@@H](C5CC5)C[C@H]3C(=O)N(C)C(=N)N4)c2)n1,Active
CC1(C)C(N)=N[C@](C)(c2cc(/C=C(\F)c3cnc(OCCC(F)(F)F)cn3)ccc2F)CS1(=O)=O,Moderate
CN1C(=O)C2(N=C1N)c1cc(-c3cccc(C#N)c3)ccc1CC21CCC(O)CC1,Active
COc1cnc2c(Nc3cc([C@]4(C)CS(=O)(=O)[C@@](C)(C5CC5)C(N)=N4)c(F)cn3)ncnc2c1,Active
COc1cnc(C(=O)Nc2ccc(F)c([C@@]3(C)N=C(N)[C@](C)(F)C[C@@H]3F)c2)cn1,Active
COc1ccc(C(=O)Nc2ccc3c(c2)[C@]2(CCC3)CS(=O)(=O)N(C)C(=N)N2)nc1,Moderate
COc1ccc(C(=O)Nc2ccc(F)c([C@@]3(C)NC(=N)N(C)S(=O)(=O)[C@]34CCN(Cc3cscn3)C4)c2)nc1,Active
C[C@]1(c2cc(/C=C(\F)c3ccc(C#N)cn3)ccc2F)N=C(N)S[C@@]2(C(=O)N3CCOC4(CC4)C3)C[C@H]21,Active
C[C@]1(c2cc(/C=C(\F)c3ccc(C#N)cn3)ccc2F)N=C(N)S[C@@]2(C(=O)N3CC4(CCOCC4)C3)C[C@H]21,Active
COc1ccc(C2(c3ccccc3)N=C(N)N(C)C2=O)cc1,Moderate
[C-]#[N+]c1cnc2c(Nc3ccc(F)c([C@]4(C)CS(=O)(=O)C5(CCC5)C(N)=N4)c3)nccc2c1,Active
CC#Cc1cncc(-c2csc(C3(C)CC4(CCC4)OC(N)=N3)c2)c1,Moderate
C[C@]1(F)C[C@H](F)[C@@](C)(c2cc(NC(=O)c3ccc(Br)cn3)ccc2F)N=C1N,Active
CN1C(=N)N[C@@]2(CCCc3ccc(NC(=O)c4ccc(OC(F)(F)F)cn4)cc32)CS1(=O)=O,Active
C#CCOc1cnc(/C(F)=C/c2cnc(F)c([C@@]3(C)N=C(N)S[C@@]4(C(=O)N(C)C)C[C@H]43)c2)cn1,Active
C#CCOc1cnc(/C(F)=C/c2ccc(F)c([C@]34CN(C(=O)OC(C)(C)C)C[C@H]3CSC(N)=N4)c2)cn1,Active
Cc1cc(F)cnc1C(=O)Nc1ccc2c(c1)[C@@]1(C)NC(=N)N(C)S(=O)(=O)[C@H]1CCC2,Active
C[C@@]1(F)C[C@H](F)[C@@](C)(c2cc(NC(=O)c3ccc(Cl)cn3)ccc2F)N=C1N,Active
Cc1nc(OC(F)F)cnc1C(=O)Nc1csc([C@]23CO[C@@H](C(F)(F)F)C[C@H]2COC(N)=N3)n1,Active
CC#Cc1cncc(-c2ccc3c(c2)[C@]2(N=C(C)C(N)=N2)C2(CCC2)C3)c1,Active
COC1CCC2(CC1)Cc1ccc(-c3cnc(C)s3)cc1[C@]21N=C(N)N(C)C1=O,Moderate
CC1(C)C(=N)N[C@](C)(c2cc(NC(=O)c3ccno3)cc(F)c2F)CS1(=O)=O,Moderate
CC#CCOc1cnc(/C(F)=C/c2ccc(F)c([C@]3(CF)CS(=O)(=O)C(C)(C)C(N)=N3)c2)cn1,Active
COC(=O)[C@]12C[C@H]1[C@@](C)(c1cc(/C=C(\F)c3ccc(Br)cn3)ccc1F)N=C(N)S2,Active
CC1CCCN1CCOc1ccc(Nc2nc(N)n(-c3ccccc3F)n2)cc1,Inactive
CC1(C)C(=N)N[C@](C)(c2cc(NC(=O)C3CCC3)ccc2F)CS1(=O)=O,Moderate
COC1CCC2(CC1)Cc1ccc(OCC3CC3)cc1C21N=C(SCC(F)(F)F)N(CC(F)(F)F)C1=O,Active
CN1C(=N)N[C@](C)(c2cc(NC(=O)c3ccc(F)cn3)ccc2F)[C@@]2(CCN(S(=O)(=O)C3CC3)C2)S1(=O)=O,Active
Cc1cc([C@H]2C[C@H]3C(=O)N(C)C(=N)N[C@@]3(c3cc(F)ccc3F)CO2)on1,Moderate
COc1cnc2c(Nc3ccc4c(c3)[C@@]3(C)NC(=N)N(C)S(=O)(=O)[C@H]3CCO4)ccnc2c1,Moderate
COc1cnc(C(=O)Nc2ccc(F)c(C3(C(F)F)CS(=O)(=O)C(C)(C)C(N)=N3)c2)cn1,Active
Cc1nccnc1Oc1ccc(F)c([C@]23CO[C@@H](C)C[C@H]2C(=O)N(C)C(=N)N3)c1,Moderate
N#C/C=C/[C@]12C[C@H]1[C@@](CF)(c1cc(C#Cc3ccc(C#N)cn3)ccc1F)N=C(N)S2,Active
Cc1cncc(Oc2ccc(F)c([C@]34CO[C@@H](C)C[C@H]3C(=O)N(C)C(=N)N4)c2)n1,Active
CC1(c2cc(-c3cncnc3)ccc2F)CC2(CCOCC2)OC(N)=N1,Moderate
COc1cnc(C(=O)Nc2ccc(F)c([C@@]3(C)NC(=N)N(C)S(=O)(=O)C34CC4)c2)cn1,Active
N#Cc1cnc(C#Cc2ccc(F)c([C@@]3(CF)N=C(N)S[C@@]4(/C=C/C(=O)N5CCOCC5)C[C@H]43)c2)c(F)c1,Active
COC1CCC2(CC1)Cc1ccc(CCC3CC3)cc1C21N=C(SCc2cccc(C#N)c2)N(Cc2cccc(C#N)c2)C1=O,Active
CC1(C)C(=N)N[C@](C)(c2cc(NC(=O)[C@H]3CCCO3)cc(F)c2F)CS1(=O)=O,Moderate
CN1C(=O)C(c2ccccc2)(c2cccc(Cl)c2)N=C1N,Moderate
CC#Cc1cncc(-c2cc(Cl)c([C@]3(C)CS(=O)(=O)C(C)(C)C(=N)N3)s2)c1,Active
C[C@]1(c2cc(/C=C(\F)c3ccccn3)ccc2F)N=C(N)S[C@@]2(C(=O)N3CCOCC3)C[C@H]21,Moderate
CC(C)N1C(=O)NC2(C1=O)c1cc(B3OC(C)(C)C(C)(C)O3)ccc1CC21CCc2ccccc2CC1,Active
COC1CCC2(CC1)Cc1ccc(CCC3CC3)cc1C21N=C(SCCc2nccs2)N(CCc2nccs2)C1=O,Active
O=C(Nc1ccncc1)c1ccc2c(c1)Nc1ccccc1NC2=O,Moderate
C[C@@H]1COc2nc(/C(F)=C/c3ccc(F)c([C@]4(C)CS(=O)(=O)N(C)C(N)=N4)c3)ncc2O1,Moderate
COC(=O)[C@]1(C)C[C@@](C)(c2cc(/C=C(\F)c3ccc(C#N)cn3)ccc2F)N=C(N)S1,Active
CN1C(=N)N[C@](C)(c2cc(NC(=O)c3ccc(F)cn3)ccc2F)[C@@]2(CCN(Cc3cccnc3)C2)S1(=O)=O,Active
COc1ccc(C(=O)Nc2ccc(F)c([C@@]3(C)NC(=N)N(C)S(=O)(=O)[C@]34CCN(S(=O)(=O)c3cn[nH]c3)C4)c2)nc1,Active
COC1CCC2(CC1)Cc1ccc(CCC3CC3)cc1C21N=C(N)N(Cc2nccs2)C1=O,Active
COc1cnc(C(=O)Nc2cc(F)c(F)c([C@@]3(CF)N=C(N)CCC3(F)F)c2)cn1,Active
C#CCOc1cnc(/C(F)=C/c2ccc(F)c([C@]3(C)C[C@@](C)(C(=O)NCC(F)F)SC(N)=N3)c2)cn1,Active
CC1(C)C(=N)N[C@](C)(c2cc(NC(=O)CC(F)(F)F)ccc2F)CS1(=O)=O,Moderate
CN1C(=O)C2(NC1=S)c1cc(Br)ccc1CC21CCC(Cc2ccccc2)CC1,Moderate
CN1C(=N)N[C@@]2(CCOc3ccc(NC(=O)c4ccc(F)cn4)cc32)CS1(=O)=O,Moderate
CO[C@H]1CC[C@]2(CC1)Cc1c(F)ccc(-c3cccc(C#N)c3)c1C21N=C(N)N(C)C1=O,Inactive
C[C@@H]1COC[C@@H](C)N1C(=O)[C@]12C[C@H]1[C@@](C)(c1cc(/C=C(\F)c3ccc(C#N)cn3)ccc1F)N=C(N)S2,Active
COc1ccc(C(=O)Nc2ccc(F)c([C@@]3(C)NC(=N)N(C)S(=O)(=O)[C@]34CCN(S(C)(=O)=O)C4)c2)nc1,Active
CN1C(=O)C(c2cc(F)cc(F)c2)(c2cccc(OC(F)F)c2)N=C1N,Moderate
C[C@@]1(c2cc(NC(=O)c3ccc(C#N)cn3)ccc2F)N=C(N)OC2(CCC2)C1(F)F,Inactive
CN1C(N)=N[C@](C)(c2cc(/C=C(\F)c3cnc(Cl)cn3)cc(F)c2F)CS1(=O)=O,Active
Cc1ncc2c(n1)C[C@@](C)(c1sc(-c3cccc(-c4nnco4)c3)cc1Cl)NC2=N,Active
COC[C@H]1C[C@H]2C(=O)N(C)C(=N)N[C@@]2(c2cc(Oc3cc(OC)ccn3)c(F)cc2F)CO1,Active
CN1C(=N)N[C@](C)(c2cc(NC(=O)c3ccc(F)cn3)ccc2F)[C@]2(CCN(S(=O)(=O)CC(F)(F)F)C2)S1(=O)=O,Active
C[C@@]1(c2ccc(F)cc2F)CS(=O)(=O)[C@@](C)(c2cccc(C(F)(F)F)c2)C(=N)N1,Moderate
C#CCOc1cnc(/C(F)=C/c2cnc(F)c([C@@]3(C)N=C(N)S[C@@]4(C(=O)NCC(F)F)C[C@H]43)c2)cn1,Active
COC1CCC2(CC1)Cc1ccc(N3CCC(F)(F)C3)cc1C21NC(=S)N(C)C1=O,Active
CCS(=O)(=O)N1CC[C@@]2(C1)[C@@](C)(c1cc(NC(=O)c3ccc(F)cn3)ccc1F)NC(=N)N(C)S2(=O)=O,Active
CC#Cc1cncc(-c2csc([C@]3(C)CC4(CCC(F)(F)CC4)OC(N)=N3)c2)c1,Moderate
C[C@H]1C[C@H]2CSC(N)=N[C@@]2(c2nc(NC(=O)C3(C#N)CCC3)cs2)CO1,Active
CC1(C)C(=N)N[C@](C)(c2sc(-c3ccc(C#N)c(C(F)(F)F)c3)cc2Cl)CS1(=O)=O,Moderate
CN(C)C(=O)[C@]12C[C@H]1[C@@](C)(c1cc(/C=C(\F)c3ccc(C#N)cc3)ccc1F)N=C(N)S2,Active
C[C@@]1(c2sc(Br)cc2F)CS(=O)(=O)[C@@](C)(c2cccc(F)c2)C(=N)N1,Moderate
COc1cnc2c(Nc3ccc4c(c3)[C@@]3(C)NC(=N)N(C)S(=O)(=O)[C@H]3CCO4)nccc2c1,Active
COc1ccc(C(=O)Nc2ccc(F)c([C@@]3(C)NC(=N)N(C)S(=O)(=O)[C@]34CCN(CCC(F)(F)F)C4)c2)nc1,Active
COc1cnc(C(=O)Nc2ccc(F)c([C@]3(C)CN(C)S(=O)(=O)C(C)(C)C(=N)N3)c2)c(C)c1,Active
COc1cccc2cc(-c3cc(F)c([C@]4(C)CS(=O)(=O)C(C)(C)C(=N)N4)s3)[nH]c12,Active
CNC(=O)[C@]12C[C@H]1[C@@](C)(c1cc(/C=C(\F)c3cnc(OCC(C)=O)cn3)ccc1F)N=C(N)S2,Active
CN1C(=N)N[C@@]2(c3cc(Nc4nccc5cc(Br)cnc45)ccc3F)CCC[C@H]2S1(=O)=O,Active
COc1ccc(C(=O)Nc2ccc(F)c([C@@]3(C)NC(=N)N(C)S(=O)(=O)[C@@]34CCN(S(=O)(=O)c3ccccc3)C4)c2)nc1,Active
Cc1ncc2c(n1)C[C@@](C)(c1sc(-c3cncc(C#N)c3)cc1Cl)NC2=N,Moderate
CN(C)C(=O)[C@]12C[C@H]1[C@@](C)(c1cc(/C=C(\F)c3cnc(OCC4CC4)cn3)ccc1F)N=C(N)S2,Active
Cc1cc(C2(c3cc(N)cc(F)c3)N=C(N)N(C)C2=O)ccc1OC(F)F,Moderate
CN1C(=N)N[C@](C)(c2ccc3sc4ccc(C5CC5)cc4c3c2)CC1=O,Active
C[C@]1(F)C(N)=N[C@](C)(c2cc(Nc3ncnc4cc(Cl)cnc34)ccc2F)CS1(=O)=O,Active
C#CCOc1cnc(/C(F)=C/c2ccc(F)c([C@@]3(C)N=C(N)S[C@@]4(C#N)C[C@H]43)c2)cn1,Active
CN1OC2(N=C1N)c1cc(-c3cccc(C#N)c3)ccc1CC21CCC(NCC(F)(F)F)CC1,Moderate
CN1C(=N)N[C@]2(C)c3cc(NC(=O)c4ccc(OC(F)F)cn4)ccc3OCC[C@@H]2S1(=O)=O,Active
COC1CCC2(CC1)Cc1ccc(C#CC3CC3)cc1C21NC(=S)N(CCN(C)S(C)(=O)=O)C1=O,Active
CC1=N[C@]2(C[C@H]([C@H]3CCCOC3)Oc3ccc(Br)cc32)N=C1N,Inactive
Cc1cc(C#N)cnc1C(=O)Nc1ccc(F)c([C@@]2(C)NC(=N)N(C)S(=O)(=O)C23CC3)c1,Active
NC1=N[C@@](c2cc(N[C@@H]3CCc4cc(Br)cnc43)ccc2F)(C(F)F)[C@H]2C[C@H]2O1,Moderate
Cc1cc(C#N)cnc1C#Cc1ccc(F)c([C@@]2(C)N=C(N)S[C@@]3(C(=O)N(C)C)C[C@H]32)c1,Active
COc1cnc(C(=O)Nc2ccc(F)c([C@@]3(C)NC(=N)N(C)S(=O)(=O)C34CC4)c2)c(C)c1,Active
CN1OC2(N=C1N)c1cc(-c3cccc(C#N)c3)ccc1CC21CCC(OC(F)F)CC1,Active
C[C@@H]1[C@H](F)CCN1C(=O)[C@]12C[C@H]1[C@@](C)(c1cc(/C=C(\F)c3ccc(C#N)cn3)ccc1F)N=C(N)S2,Active
COC1CCC2(CC1)Cc1ccc(Br)cc1C21N=C(SCC2CCO2)N(CC2CCO2)C1=O,Active
CC1(C)C(N)=N[C@@](C)(c2cc(Nc3noc4cc(Cl)cnc34)ccc2F)CS1(=O)=O,Active
Cc1cc(COc2cnc(/C(F)=C/c3cc(F)c(F)c([C@]4(C)CS(=O)(=O)N(C)C(N)=N4)c3)cn2)no1,Moderate
CN1OC2(N=C1N)c1cc(Br)ccc1CC21CCC(Cc2ccccc2)CC1,Moderate
CSC1=NC2(C(=O)N1C)c1cc(C#CC3CC3)ccc1CC21CCc2noc(C)c2C1,Active
CO[C@H]1CC[C@@]2(CC1)Cc1ccc(OCC(C)C)cc1C21N=C(C)C(N)=N1,Moderate
N#Cc1ccc(C(=O)Nc2csc([C@]34COC5(CCC5)C[C@H]3COC(N)=N4)n2)nc1,Moderate
CN1C(=N)N[C@@]2(c3cc(Oc4ncncc4F)ccc3F)CO[C@@H](C3CC3)CC2C1=O,Active
COc1ccc(C(=O)Nc2ccc(F)c([C@@]3(C)NC(=N)N(C)S(=O)(=O)[C@@]34CCN(CC3CC3)C4)c2)nc1,Active
OC(CNc1cccc2ccccc12)Cn1c2ccccc2c2ccccc21,Moderate
N#Cc1ccc(/C(F)=C/c2ccc(F)c([C@]34CO[C@H](C(F)(F)F)[C@H]3COC(N)=N4)c2)nc1,Active
COc1cnc(C(=O)Nc2ccc(F)c([C@]3(C)CS(=O)(=O)[C@@](C)(CC4CCOCC4)C(=N)N3)c2)cn1,Active
CC#CCOc1cnc(/C(F)=C/c2ccc(F)c([C@]3(C)CS(=O)(=O)C(C)(C)C(N)=N3)c2)cn1,Active
CN(C)C(=O)[C@]12C[C@H]1[C@@](C)(c1cc(/C=C(\F)c3ccc(C#N)s3)ccc1F)N=C(N)S2,Active
C[C@@]1(c2cc(NC(=O)c3ccc(F)cn3)ccc2F)CS(=O)(=O)[C@@](C)(c2ccc(F)cc2)C(=N)N1,Active
COC1CCC2(CC1)Cc1ccc(CCC3CC3)cc1C21N=C(SCC2CCOCC2)C(CC2CCOCC2)C1=O,Active
COCC(=O)Nc1ccc(F)c([C@@]2(C)NC(=N)N(Cc3ccccc3)S(=O)(=O)[C@@]23CCN(Cc2ccccc2)C3)c1,Active
CN1C(=N)N[C@@]2(c3cc(NC(=O)c4cnc(OCCF)cn4)ccc3F)CCC[C@H]2S1(=O)=O,Active
CC1(C)C(=N)N[C@](C)(c2sc(C(=O)NCc3ncc(F)cc3Cl)cc2Cl)CS1(=O)=O,Moderate
COc1ccc(C(=O)Nc2ccc(F)c([C@@]3(C)NC(=N)N(C)S(=O)(=O)[C@@]34CCN(Cc3cscn3)C4)c2)nc1,Active
COc1cnc(C(=O)Nc2cc(F)c(F)c([C@]3(C)CS(=O)(=O)C(C)(C)C(=N)N3)c2)c(F)c1,Active
COCC(=O)Nc1ccc2c(c1)[C@]1(CCC2)CS(=O)(=O)N(C)C(=N)N1,Moderate
CC1(C)C(N)=N[C@](C)(c2cc(NCc3nn(C(F)F)cc3Cl)ccc2F)CS1(=O)=O,Active
CN1C(N)=N[C@](C)(c2cc(/C=C(\F)c3ccc(C#N)cn3)ccc2F)C2(CC2)S1(=O)=O,Active
C[C@]1(c2cc(C#Cc3ccc(C#N)cn3)cnc2F)N=C(N)S[C@@]2(CF)C[C@H]21,Moderate
CC1(C)C(=N)N[C@](C)(c2sc(-c3cccc(C#N)c3F)cc2Cl)CS1(=O)=O,Moderate
CCCC1CC(C2(C3=CC(C)=C(OC(F)F)C(C)C3)N=C(N)N(C)C2=O)CCN1C,Inactive
C[C@]1(c2cc(/C=C(\F)c3ccc(C#N)cn3)ccc2F)N=C(N)S[C@@]2(C(=O)N3CCCC(C#N)C3)C[C@H]21,Active
C#CCOc1ccc(C(=O)Nc2ccc(F)c([C@]3(C)CN(C)S(=O)(=O)C(C)(C)C(=N)N3)c2)nc1,Active
CN1C(N)=N[C@](C)(c2cc(/C=C(\F)c3cc(C#N)c(Cl)cn3)ccc2F)CS1(=O)=O,Active
C[C@]1(c2cc(/C=C(\F)c3ccc(Cl)cn3)ccc2F)N=C(N)S[C@]2(CO)[C@H]1C2(F)F,Active
C[C@]1(c2cc(NC(=O)c3coc(C(F)F)n3)ccc2F)N=C(N)O[C@H](CF)[C@@H]1F,Active
COc1cccc2nc(-c3cc(Cl)c([C@]4(C)CS(=O)(=O)C(C)(C)C(=N)N4)s3)cn12,Moderate
COCC(=O)Nc1ccc2c(c1)[C@@]1(C)NC(=N)N(C)S(=O)(=O)[C@@H]1CCO2,Moderate
C[C@@]1(c2sc(-c3cncc(C#N)c3)cc2F)CS(=O)(=O)[C@@](C)(c2ccccn2)C(=N)N1,Moderate
CC#CCOc1cnc2c(Nc3cnc(F)c([C@]4(C)CS(=O)(=O)[C@@](CF)(C5CC5)C(N)=N4)c3)nccc2c1,Active
CC1CCN(C(=O)[C@]23C[C@H]2[C@@](C)(c2cc(/C=C(\F)c4ccc(C#N)cn4)ccc2F)N=C(N)S3)CC1,Active
Cc1nc(C(=O)Nc2ccc(F)c([C@]3(C)CC4(CCC4)OC(N)=N3)c2)co1,Active
CC1(C)C(=N)N[C@](C)(c2sc(-c3cccc(OC(F)F)c3)cc2Cl)CS1(=O)=O,Active
CC1(C)C(=N)N[C@](C)(c2sc(-c3cncc(C#N)c3)cc2Cl)CS1(=O)=O,Active
CN1C(=N)N[C@@]2(CCOc3ccc(NC(=O)c4ncc(C(F)(F)F)cn4)cc32)CS1(=O)=O,Moderate
COc1cnc(C(=O)Nc2cccc([C@]34CO[C@@H](C)C[C@@]3(F)CSC(N)=N4)c2)cn1,Moderate
CC1(C)C(=N)N[C@](C)(c2nc(-c3ccc(C#N)s3)ccc2F)CS1(=O)=O,Moderate
CN1C(=N)N[C@@]2(CCCc3ccc(NC(=O)c4ccc(F)cn4)cc32)CS1(=O)=O,Moderate
CC1(C)C(N)=N[C@](C)(c2cc(/C=C(\F)c3cnc(OCc4ccccc4)cn3)cnc2F)CS1(=O)=O,Moderate
CC1(C)C(N)=N[C@](C)(c2cc(Br)c[nH]c2=O)CS1(=O)=O,Inactive
Cc1cc(OCc2ncco2)cnc1C#Cc1ccc(F)c([C@@]2(C)N=C(N)S[C@@]3(C(=O)N(C)C)C[C@H]32)c1,Active
Cc1cc(C#N)cnc1C(=O)Nc1csc([C@]23COC4(CCC4)C[C@H]2COC(N)=N3)n1,Moderate
Cc1nnc(-c2cccc(-c3cc(F)c([C@]4(C)CS(=O)(=O)C(C)(C)C(=N)N4)s3)c2)o1,Moderate
COc1ccc(C)cc1Oc1ccc(F)c([C@]2(C)CS(=O)(=O)C(C)(C)C(N)=N2)c1,Inactive
CC1(C)C[C@@H]2[C@](c3cc(Oc4ncccc4F)ccc3F)(CO1)NC(=N)C(C)(C)S2(=O)=O,Active
COc1cnc(C(=O)Nc2cc([C@]3(C)CS(=O)(=O)C(C)(C)C(N)=N3)c(F)cn2)cn1,Moderate
CN1C[C@@](C)(c2cc(NC(=O)c3ccn(C(F)F)n3)ccc2F)NC(=N)C(C)(C)S1(=O)=O,Active
COC[C@H]1C[C@H]2C(=O)N(C)C(=N)N[C@@]2(c2cc(OCC3CC3)c(F)cc2F)CO1,Active
Cc1nc2cc(C[C@@]3(C)C(=N)N[C@](C)(c4cc(F)ccc4F)CS3(=O)=O)ccc2o1,Moderate
C#CCOc1cnc(/C(F)=C/c2ccc(F)c([C@@]3(C)N=C(N)OCC3(F)F)c2)cn1,Moderate
COc1ccc(C(=O)Nc2ccc(F)c([C@@]3(C)NC(=N)N(C)S(=O)(=O)[C@@]34CCN(Cc3cnco3)C4)c2)nc1,Active
COC[C@]12C[C@H]1[C@@](C)(c1cc(/C=C(\F)c3cnc(OCCF)cn3)ccc1F)N=C(N)S2,Moderate
CN1C(N)=N[C@](C)(c2cc(/C=C(\F)c3ccc4c(n3)OCCO4)ccc2F)CS1(=O)=O,Moderate
Cc1cnc([C@]23C[C@H]2[C@@](C)(c2cc(/C=C(\F)c4ccc(C#N)cn4)ccc2F)N=C(N)S3)o1,Active
C[C@]1(c2cc(/C=C(\F)c3ccc(C#N)cn3)ccc2F)N=C(N)S[C@@]2(C(=O)N3CCCC3c3ccccc3)C[C@H]21,Active
CN1C(=N)N[C@]2(C)c3cc(NC(=O)c4ncc(Cl)cc4F)ccc3CCC[C@@H]2S1(=O)=O,Active
COCC(=O)Nc1ccc(F)c([C@]2(C)CN(C)S(=O)(=O)C(C)(C)C(=N)N2)c1,Moderate
C[C@@]1(c2cc(NCc3ccc(F)cn3)ccc2F)CC2(CCC2)OC(N)=N1,Moderate
COC(=O)[C@]1(C)C[C@@](C)(c2cc(/C=C(\F)c3ccc(Cl)cn3)ccc2F)N=C(N)S1,Active
NC1=N[C@](CF)(c2cc(NC(=O)c3ncc(C(F)(F)F)cc3Cl)ccc2F)[C@H]2COCC[C@H]2O1,Active
Cc1cc(Cl)cnc1C(=O)Nc1ccc(F)c([C@@]2(CF)CS(=O)(=O)C3(CC3)C(N)=N2)c1,Moderate
CC1(C)C(=N)N[C@](C)(c2sc(C(=O)NCc3cc(Cl)ccn3)cc2Cl)CS1(=O)=O,Moderate
CN1C(=O)C(c2ccccc2)(c2cc(F)cc(F)c2)N=C1N,Moderate
COc1ccc(C(=O)Nc2ccc(F)c([C@@]3(CF)N=C(N)CCC3(F)F)c2)nc1,Active
CC#Cc1ccc2sc3ccc([C@]4(C)CC(=O)N(C)C(=N)N4)cc3c2c1,Active
C[C@@]1(c2cc(F)ccc2F)CS(=O)(=O)[C@@](C)(c2cccc(O)c2)C(=N)N1,Moderate
CN1C(=N)N[C@@]2(CCOc3ccc(NC(=O)c4cc5ccccn5n4)cc32)CS1(=O)=O,Moderate
CC1(C)C(=N)N[C@](C)(c2cc(NC(=O)c3cocn3)ccc2F)CS1(=O)=O,Active
CN1C(=N)N[C@@]2(CCCc3ccc(NC(=O)c4ccc(C(F)(F)F)cn4)cc32)CS1(=O)=O,Active
C[C@@]1(c2ccccn2)C(=N)N[C@](C)(c2cc(NC(=O)c3ccc(Cl)cn3)ccc2F)CS1(=O)=O,Active
[C-]#[N+]c1ccnc(Oc2ccc(F)c([C@]34CO[C@@H](C)C[C@H]3S(=O)(=O)C(C)(C)C(=N)N4)c2)c1,Active
CC1(C)C(N)=N[C@](C)(c2cc(/C=C(\F)c3cnc(Cl)cn3)cnc2F)CS1(=O)=O,Moderate
C[C@]1(c2cc(/C=C(/F)C3CCCO3)ccc2F)N=C(N)[C@@]2(CF)CC[C@@H]1S2(=O)=O,Moderate
Cc1cnc(C(=O)Nc2ccc(F)c([C@]3(C)CS(=O)(=O)C(C)(C)C(=N)N3)c2)cn1,Active
Cc1noc2c1CC1(CC2)Cc2ccc(-c3cc(F)cc(Cl)c3)cc2C12N=C(N)N(C)O2,Active
Cc1cc(OC(F)F)cnc1C(=O)Nc1csc([C@@]23CO[C@H](C(F)(F)F)C[C@@H]2COC(N)=N3)n1,Inactive
CC[C@@H]1OCC[C@H]2OC(N)=N[C@](CF)(c3cc(NC(=O)c4cnc(OCF)cn4)ccc3F)[C@@H]12,Active
[C-]#[N+]c1cnc2c(c1)CC[C@@H]2Nc1ccc(F)c([C@]2(C)CS(=O)(=O)N(C)C(=N)N2)c1,Active
CN1C(=N)N[C@@]2(c3cc(Oc4ccnc(-n5cncn5)c4)ccc3F)CO[C@@H](C3CC3)C[C@H]2C1=O,Active
COC[C@H]1C[C@H]2C(=O)N(C)C(=N)N[C@@]2(c2cc(Oc3ncccc3F)ccc2F)CO1,Active
C[C@]1(c2cc(/C=C(\F)c3ccc(C#N)cn3)ccc2F)N=C(N)S[C@@]2(C(=O)N3CCC4(CCO4)C3)C[C@H]21,Active
C[C@@]1(F)C[C@H](F)[C@@](C)(c2cc(NC(=O)c3ccc(Cl)cc3)ccc2F)N=C1N,Moderate
COCCOc1ccc2c(c1)C1(NC(=S)N(C)C1=O)C1(CCC(OC)CC1)C2,Active
CC#Cc1cnc(/C(F)=C/c2ccc(F)c([C@@]3(C)N=C(N)S[C@@]4(C(=O)NC)C[C@H]43)c2)cn1,Active
COc1cccc2cc(-c3csc([C@]4(C)Cc5nc(C(F)(F)F)ncc5C(=N)N4)c3)[nH]c12,Active
NC1=NC(CF)(c2cccc(NC(=O)c3ccccn3)n2)COC1,Moderate
CC(C)COc1ccc(F)c([C@]23CO[C@@H](C4CC4)C[C@H]2C(=O)N(C)C(=N)N3)c1,Active
COC1CCC2(CC1)Cc1ccc(CCC3CC3)cc1C21N=C(N)N([C@H](C)c2ccccc2)C1=O,Active
CN1C(=N)N[C@](C)(c2cc(NC(=O)c3ccc(F)cn3)ccc2F)[C@]2(CCN(S(=O)(=O)c3ccccc3)C2)S1(=O)=O,Active
COc1ccc(C(=O)Nc2ccc(F)c([C@@]3(C)NC(=N)N(C)S(=O)(=O)[C@]34CCN(Cc3cnco3)C4)c2)nc1,Active
C[C@@]1(c2cc(NC(=O)c3ccc(F)cn3)cc(F)c2F)Cn2nncc2C(N)=N1,Active
CC1(C)C(N)=N[C@](C)(c2cc(NC(=O)c3ccc(Cl)cc3F)ccc2F)CS1(=O)=O,Active
CC1(C)C(N)=N[C@](C)(c2cc(Nc3ncc(CO)c4cc(Cl)cnc34)ccc2F)CS1(=O)=O,Active
C[C@H]1C[C@@H]2[C@](c3cc(Oc4cc(C#N)ccn4)ccc3F)(CO1)NC(=N)C(C)(C)S2(=O)=O,Active
C[C@]1(c2cc(/C=C(\F)c3ccc(Cl)cn3)ccc2F)N=C(N)S[C@@]2(CC#N)C[C@H]21,Active
CC1(C)C(=N)N[C@](C)(c2sc(-c3ccc(F)c(C(F)(F)F)c3)cc2Cl)CS1(=O)=O,Moderate
COc1cc(C)ccc1Oc1ccc(F)c([C@]2(C)CS(=O)(=O)C(C)(C)C(N)=N2)c1,Inactive
CC1(C)C(N)=N[C@](C)(c2cc(Sc3cccc4ccccc34)ccc2F)CS1(=O)=O,Moderate
C#C[C@H](C)Oc1cnc(/C(F)=C/c2ccc(F)c([C@@]3(C)N=C(N)S[C@@]4(S(C)(=O)=O)C[C@H]43)c2)cn1,Active
Cc1cc(C2(c3cccc(F)c3)N=C(N)N(C)C2=O)ccc1OC(C)F,Moderate
CC1COC([C@]23C[C@H]2[C@@](C)(c2cc(/C=C(\F)c4ccc(C#N)cn4)ccc2F)N=C(NC(=O)OC(C)(C)C)S3)=N1,Moderate
NC1=N[C@](CF)(c2cc(NC(=O)c3cnc(OCC4(F)CC4)cn3)ccc2F)[C@H]2COCC[C@H]2O1,Active
COc1ccc(C(=O)Nc2ccc(F)c([C@@]3(C)NC(=N)N(C)S(=O)(=O)[C@@]34CCN(Cc3cccnc3)C4)c2)nc1,Active
NC1=N[C@](CF)(c2cc(NC(=O)c3cnc(OCC(F)F)cn3)ccc2F)[C@H]2COCC[C@H]2O1,Active
Cc1cc(C2(c3cccc(-c4cncnc4)c3)N=C(N)N(C)C2=O)ccc1OC(F)F,Active
Cc1cc(OCCF)cnc1C(=O)Nc1ccc(F)c([C@]2(CF)CS(=O)(=O)C(C)(C)C(N)=N2)c1,Active
CC(=O)Nc1ccc(F)c([C@]2(C)CS(=O)(=O)C(C)(C)C(=N)N2)c1,Moderate
C[C@H]1C[C@@H]2[C@](c3cc(OCC4CC4)ccc3F)(CO1)NC(=N)C(C)(C)S2(=O)=O,Active
O=C(NC1=N[C@](CF)(c2cc(Br)ccc2Cl)[C@H]2C[C@H]2O1)c1ccccc1,Moderate
C[C@H]1C[C@@H]2[C@](c3ccccc3F)(CO1)NC(=N)C(C)(C)S2(=O)=O,Moderate
C#C[C@H](CC)Oc1cnc(/C(F)=C/c2ccc(F)c([C@]3(C)CS(=O)(=O)C(C)(C)C(N)=N3)c2)cn1,Active
N#Cc1ccc(C(=O)Nc2ccc(F)c([C@]3(CF)C[S@]4(=O)=NCCCCN4C(N)=N3)n2)nc1,Active
C[C@@]1(c2cc(NC(=O)c3ccc(F)cn3)ccc2F)CC2(CCOCC2)OC(N)=N1,Active
CC1(C)C(N)=N[C@](C)(c2cc(Nc3ncc(Cl)c4cc(Cl)cnc34)ccc2F)CS1(=O)=O,Active
C[C@]1(c2cc(/C=C(\F)c3cnc(C#CC4CC4)cn3)ccc2F)N=C(N)S[C@@]2(C(=O)N3CCOCC3)C[C@H]21,Active
COc1cnc(C(=O)Nc2csc([C@]34CO[C@@H](C(F)(F)F)C[C@H]3COC(N)=N4)n2)c(C)n1,Moderate
C[C@]1(c2cc(/C=C(\F)c3ccc(Br)cn3)ccc2F)N=C(N)S[C@@]2(C(=O)N3CCOCC3)C[C@H]21,Active
COc1cnc(C(=O)Nc2cc(Cl)c(F)c([C@]3(C)CS(=O)(=O)C(C)(C)C(=N)N3)c2)cn1,Active
C[C@@]1(c2cc(NC(=O)c3ccc(Cl)cn3)ccc2F)CS(=O)(=O)[C@@](C)(C2CCC2)C(=N)N1,Active
CN1C(N)=N[C@](C)(c2cc(/C=C(\F)c3cc(F)c(Cl)cn3)ccc2F)CS1(=O)=O,Active
CNC(=O)[C@]12C[C@H]1[C@@](C)(c1cc(/C=C(\F)c3ccc(Br)cn3)ccc1F)N=C(N)S2,Active
CN1C(N)=N[C@](C)(c2cc(/C=C(\F)c3cnc(OCc4ncco4)cn3)cc(F)c2F)CS1(=O)=O,Active
CN(C)C(=O)[C@]12C[C@H]1[C@@](C)(c1cc(/C=C(\F)c3cnc(C#N)cn3)cnc1F)N=C(N)S2,Active
C[C@@]1(c2cc(Nc3nccc4cc(Br)cnc34)ccc2F)CS(=O)(=O)[C@@](C)(C2CC2)C(N)=N1,Active
CN1C(=N)N[C@]2(C)c3cc(NC(=O)c4ncc(Cl)cc4F)ccc3OCC[C@@H]2S1(=O)=O,Active
COc1cnc(C(=O)Nc2ccc(F)c(C3(C)N=C(N)OC4(CCC4)C3(F)F)c2)cn1,Moderate
CC1(c2cc(NC(=O)c3ccc(F)cn3)ccc2F)CC2(CCOCC2)OC(N)=N1,Active
CN1C[C@@](C)(c2cc(NC(=O)c3ccc(OC(F)F)cn3)ccc2F)NC(=N)C(C)(C)S1(=O)=O,Active
C[C@@]1(c2cc(NC(=O)c3ccc(C#N)cn3)ccc2F)C[S@@]2(=O)=NCCCCN2C(N)=N1,Active
CC1CCN1C(=O)[C@]12C[C@H]1[C@@](C)(c1cc(/C=C(\F)c3ccc(Cl)cn3)ccc1F)N=C(N)S2,Active
CNc1cccc(-n2nc(Nc3ccc(OCCN4CCCCC4)cc3)nc2N)n1,Moderate
CC1(C)C(N)=N[C@](C)(c2cc(Nc3ncnc4cc(OCC5CC5)cnc34)ccc2F)CS1(=O)=O,Active
CN1C[C@@](C)(c2cc(NC(=O)c3cn4ccsc4n3)ccc2F)NC(=N)C(C)(C)S1(=O)=O,Moderate
CC1(C)C(=N)N[C@](C)(c2cc(NC(=O)c3cnc(C(F)F)cn3)cc(F)c2F)CS1(=O)=O,Active
CN1C(=N)N[C@]2(C)c3cc(NC(=O)c4ccc(OC(F)(F)F)cn4)ccc3CCC[C@@H]2S1(=O)=O,Active
CCC#C[C@H](C)Oc1cnc(/C(F)=C/c2ccc(F)c([C@]3(C)CS(=O)(=O)C(C)(C)C(N)=N3)c2)cn1,Moderate
C[C@@]1(c2sc(-c3cccc(C#N)c3)cc2F)CS(=O)(=O)[C@@](C)(c2cccc(F)c2)C(=N)N1,Active
CN1C(N)=N[C@](C)(c2cc(/C=C(\F)c3ncc(C#N)cc3Cl)cc(F)c2F)CS1(=O)=O,Active
C[C@H]1C[C@H]2CSC(N)=N[C@@]2(c2nc(NC(=O)c3ccc(OCC#N)cn3)cs2)CO1,Moderate
COC[C@@H]1C[C@H]2C(=O)N(C)C(=N)N[C@@]2(c2ccc(F)cc2F)CO1,Moderate
COC1CCC2(CC1)Cc1ccc(C#CC3CC3)cc1C21N=C(SCCC(F)(F)F)N(CCC(F)(F)F)C1=O,Active
NC1=N[C@@]2(c3cc(/C=C(\F)c4ccc(F)cn4)ccc3F)CO[C@H](C(F)(F)F)[C@H]2CS1,Moderate
CC#Cc1cncc(-c2ccc3c(c2)C2(N=C(C)C(N)=N2)[C@]2(CC[C@@H](OC)CC2)C3)c1,Active
CN1C(=N)N[C@](C)(c2cc(NC(=O)c3cnc(OCC(F)(F)F)cn3)ccc2F)C2(CC2)S1(=O)=O,Active
COCCN1CCc2nc(C(=O)Nc3ccc(F)c([C@]4(C)CO[C@@](C)(C(F)(F)F)C(N)=N4)n3)c(Cl)cc21,Moderate
CCC(C)SC1=NC2(C(=O)N1C(C)CC)c1cc(C#CC3CC3)ccc1CC21CCC(OC)CC1,Active
NC1=N[C@](CF)(c2cc(NC(=O)c3cnc(C(F)(F)F)cn3)ccc2F)[C@H]2COCC[C@H]2O1,Active
COc1ccc(C(=O)Nc2ccc(F)c([C@@]3(C)NC(=N)N(C)S(=O)(=O)[C@@]34CCN(S(=O)(=O)c3ccc(F)cc3)C4)c2)nc1,Active
Cc1cc(C2(c3cc(F)c(F)c(F)c3)N=C(N)N(C)C2=O)ccc1OC(F)F,Moderate
CNC(=O)[C@]12C[C@H]1[C@@](C)(c1cc(/C=C(\F)c3ccc(C#CC(C)(C)C)cn3)ccc1F)N=C(N)S2,Moderate
O=C(NC1=N[C@@](c2cc(/C=C(\F)c3ccc(Br)cn3)ccc2F)(C(F)F)[C@H]2C[C@H]2O1)c1ccccc1,Moderate
CC1(C)COc2ccc(-c3cncc(F)c3)cc2C12C=C(F)C(N)=N2,Moderate
COC[C@@]12SC(N)=N[C@](C)(c3cc(/C=C(\F)c4ccc(C#N)cn4)ccc3F)[C@@H]1C2(F)F,Active
COC1CCC2(CC1)Cc1ccc(C#CC3CC3)cc1C21N=C(SCC2CCN(C)C2)N(CC2CCN(C)C2)C1=O,Active
COc1ccc(/C(F)=C/c2ccc(F)c([C@@]3(C)N=C(N)S[C@@]4(C(=O)N5CCCC5)C[C@H]43)c2)nc1,Active
CC1(C)C[C@@H]2[C@](c3cc(Oc4ncc(F)cc4F)ccc3F)(CO1)NC(=N)C(C)(C)S2(=O)=O,Active
C[C@]1(c2cc(/C=C(\F)c3cnc(OCCF)cn3)ccc2F)N=C(N)[C@@]2(CF)CC[C@@H]1S2(=O)=O,Moderate
COCCn1cc(-c2cc(Cl)c([C@]3(C)CS(=O)(=O)C(C)(C)C(=N)N3)s2)cn1,Moderate
COC1CCC2(CC1)Cc1ccc(C#CC3CCCC3)cc1C21N=C(SC)N(C)C1=O,Active
Cc1cc(C#N)cnc1/C(F)=C/c1ccc(F)c([C@]2(C)CS(=O)(=O)C(C)(C)C(N)=N2)c1,Active
CC(C)c1cc(Cl)cnc1C(=O)Nc1ccc(F)c([C@]2(CF)CS(=O)(=O)C(C)(C)C(N)=N2)c1,Active
CN1C(=N)N[C@@]2(c3cc(OCC4CC4(F)F)ccc3F)CO[C@@H](C3CC3)C[C@H]2C1=O,Active
CN1C(=N)N[C@@]2(CCOc3ccc(NC(=O)c4ncc(Cl)cc4F)cc32)CS1(=O)=O,Active
CC[C@]1(C)C(=N)N[C@](C)(c2cc(NC(=O)c3ccc(F)cn3)ccc2F)CS1(=O)=O,Active
C#CCOc1cnc(C(=O)Nc2ccc(F)c([C@]3(C)CN(C)S(=O)(=O)C(C)(C)C(=N)N3)c2)cn1,Active
N#Cc1ccc(C(=O)Nc2ccc(F)c([C@@]3(CF)N=C(N)CCC3(F)F)c2)nc1,Active
COC1CCC2(CC1)Cc1ccc(CCC3CC3)cc1C21N=C(SCc2cscn2)N(Cc2cscn2)C1=O,Active
C#CCOc1cnc(/C(F)=C/c2ccc(F)c([C@@]3(C)N=C(N)S[C@]4(CO)[C@H]3C4(F)F)c2)cn1,Active
COc1nc(N2C[C@H]3CSC(N)=N[C@@]3(c3cc(/C=C(\F)c4ccc(C#N)cn4)ccc3F)C2)nc(C)c1F,Active
CN1C(=N)N[C@@]2(CCOc3ccc(NC(=O)c4cnc(OCCF)cn4)cc32)CS1(=O)=O,Moderate
COc1ccc(C(=O)Nc2ccc(F)c([C@]3(C)CS(=O)(=O)[C@](C)(CC(F)(F)F)C(=N)N3)c2)nc1,Active
C[C@]1(c2cc(/C=C(\F)c3ccc(C#N)cn3)ccc2F)N=C(N)S[C@@]2(C(=O)N3CCOCC34CCC4)C[C@H]21,Active
CN(C)C(=O)[C@]12C[C@H]1[C@@](C)(c1cc(/C=C(\F)c3ccc(Br)cn3)ccc1F)N=C(N)S2,Active
Nc1nc(Nc2ccc(OCCN3CCCC3)cc2)nn1-c1nc2ccccc2s1,Moderate
N#Cc1ccc(C(=O)Nc2ccc(F)c([C@]3(CF)C[S@@]4(=O)=NCCCCN4C(N)=N3)n2)nc1,Active
CC1(c2cc(NC(=O)c3ccc(C#N)cn3)ccc2F)CC2(CCOCC2)OC(N)=N1,Active
COc1cnc2c(Nc3ccc(F)c([C@@]4(C(F)(F)F)CS(=O)(=O)C(C)(C)C(N)=N4)c3)nccc2c1,Moderate
CN1C(=N)N[C@](C)(c2cccc(Nc3cccc4c3OC(F)(F)O4)n2)CS1(=O)=O,Moderate
C#Cc1ccc(/C(F)=C/c2ccc(F)c([C@@]3(C)N=C(N)S[C@@]4(C(=O)N5CCOCC5)C[C@H]43)c2)nc1,Active
COc1cnc2c(Nc3ccc(F)c([C@@]4(C)N=C(N)C5(CC5)S(=O)(=O)[C@@H]4F)c3)nccc2n1,Active
COc1ccc(F)c([C@]23CO[C@H](C)C[C@H]2S(=O)(=O)C(C)(C)C(=N)N3)c1,Moderate
CN1C(=O)C2(NC1=S)c1cc(OCC(F)(F)F)ccc1OC21CCc2ccccc2CC1,Active
C[C@@]1(c2cc(F)ccc2F)CS(=O)(=O)[C@@](C)(c2cccc(OCc3ccccc3)c2)C(=N)N1,Moderate
COc1cnc(C(=O)Nc2ccc(F)c([C@]3(C)CS(=O)(=O)[C@](C)(c4ccc(F)cc4)C(=N)N3)c2)cn1,Moderate
NC1=NC(c2ccccc2)(c2ccccc2)C2=NCCCN12,Inactive
NC1=N[C@](c2ccc(OC(F)(F)F)cc2)(c2cccc(-c3cncnc3)c2)C2=NCCCN12,Active
CN1C(=N)N[C@@]2(c3cc(OCC4CC4)ccc3F)COCC[C@H]2C1=O,Active
CN1C(=N)N[C@](C)(c2cc(NC(=O)c3ncc(Cl)cc3F)ccc2F)C2(CC2)S1(=O)=O,Active
N#Cc1cnc(/C(F)=C/c2ccc(F)c([C@]34CO[C@H](C(F)(F)F)[C@H]3CSC(N)=N4)c2)c(Cl)c1,Active
COC(=O)[C@H]1C[C@@](C)(c2cc(/C=C(\F)c3ccc(Cl)cn3)ccc2F)N=C(N)S1,Moderate
C[C@@]1(c2nc(Nc3nccc4cc(C#N)cnc34)ncc2F)CS(=O)(=O)[C@@](C)(C2CC2)C(N)=N1,Active
CN1C(=N)N[C@](C)(c2cc(NC(=O)c3ccc(F)cn3)ccc2F)[C@@]2(CCN(S(C)(=O)=O)C2)S1(=O)=O,Active
C[C@]1(c2cc(/C=C(\F)c3ccc(C#N)cn3)cnc2F)N=C(N)S[C@@]2(C(=O)N3CC[C@H](F)C3)C[C@H]21,Active
CC1(C)C(N)=N[C@](C)(c2cc(Nc3nccc4cc(OCC(F)F)cnc34)ccc2F)CS1(=O)=O,Active
COC1CC(CN2CC[C@@]3(C2)[C@@](C)(c2cc(NC(=O)c4ccc(F)cn4)ccc2F)NC(=N)N(C)S3(=O)=O)C1,Active
CN1C(=N)N[C@](C)(c2cc(NC(=O)c3ccc(F)cn3)ccc2F)[C@]2(CCN(S(=O)(=O)c3ccc(F)cc3)C2)S1(=O)=O,Active
NC1=N[C@](CF)(c2cc(NC(=O)c3ccc(C(F)(F)F)cn3)ccc2F)[C@H]2COCC[C@H]2O1,Active
C[C@H]1C[C@H]2CSC(NC(=O)c3ccccc3)=N[C@@]2(c2nc(NC(=O)c3ccn(C(F)F)n3)cs2)CO1,Active
CC1(C)C(N)=N[C@](C)(c2cc(NC(=O)c3ccc(F)cn3)ccc2F)CS1(=O)=O,Active
Cc1csc(C(=O)Nc2ccc(F)c([C@@]3(C)N=C(N)[C@](C)(F)C[C@@H]3F)c2)n1,Active
COc1cnc2c(Nc3cc([C@]4(C)CS(=O)(=O)[C@@](C)(C5CC5)C(N)=N4)c(F)cn3)ccnc2n1,Active
Nc1nc(Nc2ccc(OCCN3CCCC3)cc2)nn1-c1nc(N2CCOCC2)nc2ccccc12,Moderate
CC1(c2cc(NC(=O)c3ccc(Cl)cn3)ccc2F)N=C(N)OC2(CCC2)C1(F)F,Active
[C-]#[N+]c1ccc(C(=O)Nc2ccc3c(c2)[C@]2(CCO3)CS(=O)(=O)N(C)C(=N)N2)nc1,Active
CC1=N[C@]2(C[C@@]3(CCCOC3)Oc3ccc(-c4ccc(F)c(Cl)c4)cc32)N=C1N,Moderate
C#CCOc1cnc(/C(F)=C/c2ccc(F)c([C@@]3(C)N=C(N)S[C@@]4(COC)C[C@H]43)c2)cn1,Active
COc1cc(Cl)cnc1C(=O)Nc1ccc(F)c([C@@]2(C)N=C(N)C3(CCC3)S(=O)(=O)[C@@H]2F)c1,Active
CC#Cc1cncc(-c2csc([C@@]3(C)CC4(CCOCC4)OC(N)=N3)c2)c1,Inactive
CN1C(=N)N[C@](C)(c2cc(NC(=O)c3cnc(OCCF)cn3)ccc2F)C2(CC2)S1(=O)=O,Active
COc1cnc(C(=O)Nc2ccc3c(c2)[C@@]2(C)NC(=N)N(C)S(=O)(=O)[C@H]2CCC3)c(C)n1,Active
Cc1cc(C#N)cnc1C(=O)Nc1ccc2c(c1)[C@]1(CCO2)CS(=O)(=O)N(C)C(=N)N1,Active
CN1C(N)=N[C@](C)(c2cc(/C=C(\F)c3ccc(C#N)s3)ccc2F)CS1(=O)=O,Active
CC1(C)C(=N)N[C@](C)(c2sc(Br)cc2Cl)CS1(=O)=O,Moderate
CN1C(=N)N[C@](C)(c2cc(N[C@@H]3CCc4ncc(C(F)(F)F)cc43)ccc2F)CS1(=O)=O,Active
C[C@@H]1C[C@H]2OC(N)=N[C@](CF)(c3cc(NC(=O)c4cnc(OCF)cn4)cc(F)c3F)[C@H]2CO1,Active
C[C@@]1(c2cc(NC(=O)c3ccc(C#N)cn3)ccc2F)CC2(COC2)OC(N)=N1,Active
CN1C(=N)N[C@](C)(c2cc(NC(=O)c3ccc(F)cn3)ccc2F)[C@]2(CCN(S(=O)(=O)C3CCCC3)C2)S1(=O)=O,Active
CN(C)C(=O)[C@]12C[C@H]1[C@@](C)(c1cc(/C=C(\F)C#Cc3ccccc3)ccc1F)N=C(N)S2,Active
COc1ccc(C(=O)Nc2ccc(F)c([C@@]3(C)NC(=N)N(C)S(=O)(=O)[C@]34CCN(CC3CCOC3)C4)c2)nc1,Active
C[C@@]1(c2cccc(NC(=O)c3ccc(Cl)cn3)n2)CO[C@@](C)(C(F)(F)F)C(N)=N1,Active
CC#CCOc1cnc(/C(F)=C/c2ccc(F)c([C@@]3(C)N=C(N)S[C@@]4(COC)C[C@H]43)c2)cn1,Active
COc1cc(Cl)cnc1C(=O)Nc1ccc(F)c([C@@]2(CF)N=C(N)O[C@@H]3C[C@@H]32)c1,Moderate
CN1C(=N)N[C@](C)(c2cc(NC(=O)c3cn4ccsc4n3)ccc2F)C2(CC2)S1(=O)=O,Moderate
Cc1nc(C(=O)Nc2ccc(F)c([C@@]3(C)NC(=N)N(C)S(=O)(=O)C34CC4)c2)c(C)o1,Active
COc1ccc(C(=O)Nc2ccc(F)c([C@@]3(C)NC(=N)N(C)S(=O)(=O)[C@@]34CCN(S(=O)(=O)c3cn(C)cn3)C4)c2)nc1,Active
C[C@@]1(c2cc(NC(=O)c3ccc(Cl)cn3)ccc2F)Cn2nncc2C(N)=N1,Active
Cc1ncc2c(n1)C[C@@](C)(c1cc(NC(=O)c3ccc(Cl)cn3)ccc1F)NC2=N,Active
CN1C(=N)N[C@]2(C)c3cc(NC(=O)c4ccc(C(F)(F)F)cn4)ccc3OCC[C@@H]2S1(=O)=O,Active
CC(C)N1C(=O)NC2(C1=O)c1cc(Br)ccc1C[C@]21CC[C@@H](OC(F)F)CC1,Moderate
COC1CCC2(CC1)Cc1ccc(-c3cc(Br)cs3)cc1C21NC(=S)N(C(C)C)C1=O,Active
CC(=O)N[C@@H](Cc1cc(F)cc(F)c1)[C@H](O)CN[C@@]1(c2cccc(C(C)(C)C)c2)CC[C@H](Nc2cccs2)NC1,Active
COc1ccc(C2(c3cccc(-c4cncnc4)c3)N=C(N)N3CCCN=C32)cc1,Active
CC[C@@H]1C[C@]2(CC[C@H]1OC)Cc1ccc(C#N)cc1[C@]21N=C(N)N(C[C@H]2CCCO2)C1=O,Active
C[C@H]1C[C@H]2CSC(NC(=O)c3ccccc3)=N[C@@]2(c2nc(NC(=O)c3ccc(OC(F)F)cn3)cs2)CO1,Active
COc1cccc(C[C@]2(C)C(=N)N[C@](C)(c3ccc(F)cc3F)CS2(=O)=O)c1,Moderate
CC1(C)C(N)=N[C@](C)(c2cc(NC(=O)c3ncc(Cl)cc3F)ccc2F)CS1(=O)=O,Active
CC1(C)C(N)=N[C@](C)(c2cc(Nc3ncnc4cc(Cl)cnc34)ccc2F)CS1(=O)=O,Active
CN1C(=N)N[C@](C)(c2cc(NC(=O)c3ccc(F)cn3)ccc2F)[C@]2(CCN(CC3CCOC3)C2)S1(=O)=O,Active
COc1ccc(C(=O)Nc2ccc(F)c([C@@]3(C)NC(=N)N(C)S(=O)(=O)[C@]34CCN(Cc3cocn3)C4)c2)nc1,Active
CN1C(N)=N[C@](C)(c2cc(/C=C(\F)c3cc4nccnc4cn3)ccc2F)CS1(=O)=O,Moderate
CC1(C)C(=N)N[C@](C)(c2sc(-c3cccc(-c4nnco4)c3)cc2Cl)CS1(=O)=O,Active
COc1ccc(C(=O)Nc2ccc(F)c([C@@]3(C)NC(=N)N(C)S(=O)(=O)[C@]34CCN(S(=O)(=O)c3ccccc3)C4)c2)nc1,Active
COc1cnc(/C(F)=C/c2ccc(F)c([C@]34CO[C@H](C(F)(F)F)[C@H]3CSC(N)=N4)c2)cn1,Moderate
C[C@]1(CC(F)(F)F)C(=N)N[C@](C)(c2cc(N)ccc2F)CS1(=O)=O,Moderate
COCC(=O)Nc1cc(F)c(F)c([C@]2(C)CS(=O)(=O)C(C)(C)C(=N)N2)c1,Moderate
CC(=O)N[C@@H](Cc1cc(F)cc(F)c1)[C@H](O)CN[C@@]1(c2cccc(C(C)(C)C)c2)CC[C@H](NO)NC1,Active
COc1cnc2c(Nc3ccc(F)c([C@]4(C)CS(=O)(=O)[C@@](CF)(C5CC5)C(N)=N4)c3)nccc2c1,Active
C[C@]1(c2cc(NC(=O)c3ccc(Cl)cn3)ccc2F)N=C(N)C2(CC2)S(=O)(=O)[C@@H]1F,Active
C[C@]1(CC2CC2)C(=N)N[C@](C)(c2cc(NC(=O)c3ccc(F)cn3)ccc2F)CS1(=O)=O,Active
COC(=O)[C@@]1(C)C[C@@](C)(c2cc(/C=C(\F)c3ccc(Cl)cn3)ccc2F)N=C(N)S1,Active
COc1ccc(C(=O)Nc2cc(F)c(F)c([C@]3(C)CS(=O)(=O)C(C)(C)C(=N)N3)c2)nc1,Active
COc1cnc(C(=O)Nc2ccc3c(c2)[C@]2(CCC3)CS(=O)(=O)N(C)C(=N)N2)c(C)n1,Moderate
CC1(C)C(=N)N[C@](C)(c2cc(Br)cs2)CS1(=O)=O,Moderate
C[C@@]1(c2cc(NC(=O)c3ccc(F)cn3)ccc2F)CC2(CCOCC2)SC(N)=N1,Active
COc1cc([C@]23CO[C@@H](C)C[C@H]2C(=O)N(C)C(=N)N3)c(F)cn1,Moderate
COc1ccc(C(=O)Nc2ccc(F)c([C@@]3(C)NC(=N)N(C)S(=O)(=O)C34CC4)c2)nc1,Active
CC1(C(=O)Nc2cc(F)c(F)c([C@]3(C)CS(=O)(=O)C(C)(C)C(=N)N3)c2)COC1,Moderate
CN1C(=N)N[C@](CCC2CCCCC2)(CC2CCCCC2)C1=O,Moderate
CN1C(N)=N[C@](C)(c2cc(/C=C(\F)c3cnc(OCc4ncco4)cn3)ccc2F)CS1(=O)=O,Active
CC1(C)C(=N)N[C@](C)(c2cc(NC(=O)C3CCC3)cc(F)c2F)CS1(=O)=O,Moderate
CN1C(=N)N[C@@]2(c3cc(Oc4cnccn4)ccc3F)CO[C@@H](C3CC3)C[C@H]2C1=O,Active
C[C@]1(c2cc(/C=C(\F)c3ccc(Br)cn3)ccc2F)N=C(N)[C@]2(CF)CC[C@@H]1S2(=O)=O,Active
CC(C)(C)c1cccc(C2(c3ccccc3)N=C(N)N3CCCN=C32)c1,Moderate
COc1cccnc1Nc1cc([C@]2(C)CS(=O)(=O)N(C)C(=N)N2)ccn1,Active
CN1C(=N)N[C@](C)(c2ccc3sc4ccc(C#CCO)cc4c3c2)CC1=O,Active
COc1cnc(C(=O)Nc2ccc(F)c([C@]3(C)CC4(CCOCC4)SC(N)=N3)c2)cn1,Active
COc1cnc(C(=O)Nc2ccc(F)c([C@]3(C)CS(=O)(=O)[C@@](C)(C4CC4)C(=N)N3)c2)cn1,Active
COc1ccc(COC[C@@H](C[C@H](O)[C@H](COc2cc(F)cc(F)c2)NC(=O)c2cc(N(C)C[C@H]3C[C@@H]3C)nc(N(C)S(C)(=O)=O)c2)OC)cc1,Moderate
CCc1cn2c3c(ccc(C(=O)N[C@@H](COc4cc(F)cc(F)c4)[C@@H](O)C[C@H](COCc4ccc(OC)cc4)OC)c13)N(C)S(=O)(=O)CC2,Moderate
COC1CCC2(CC1)Oc1ccc(Br)cc1C21NC(=S)N(C)C1=O,Moderate
COc1cnc2c(Nc3ccc4c(c3)[C@@]3(C)NC(=N)N(C)S(=O)(=O)[C@H]3CCC4)ccnc2n1,Moderate
CN1C(=N)N[C@]2(C)c3cc(NC4CCCC4)ccc3OCC[C@@H]2S1(=O)=O,Moderate
C#CCOc1cnc(/C(F)=C/c2cnc(F)c([C@@]3(C)N=C(N)S[C@@]4(C(=O)N5CC[C@H](F)C5)C[C@H]43)c2)cn1,Active
C[C@@]1(c2cc(/C=C(\F)c3ccc(C#N)cn3)ccc2F)CS(=O)(=O)C2(CCC2)C(N)=N1,Active
NC1=N[C@](CF)(c2cc(NC(=O)c3ccc(Cl)cn3)cc(F)c2F)[C@H]2CC2O1,Active
Cc1nccc(Oc2ccc(F)c([C@]34CO[C@@H](C5CC5)C[C@H]3C(=O)N(C)C(=N)N4)c2)n1,Active
C[C@]1(c2cc(/C=C(\F)c3cnc(N4CCOC4=O)cn3)ccc2F)N=C(N)S[C@@]2(C(=O)N3CCOCC3)C[C@H]21,Moderate
CN1C(N)=N[C@](C)(c2cc(/C=C(\F)c3cc4cc(Cl)ccc4cn3)ccc2F)CS1(=O)=O,Moderate
NC1=N[C@](CF)(c2cc(C#Cc3ccc(Cl)cn3)ccc2F)[C@@H]2C[C@]2(CF)S1,Moderate
CN1C(=N)N[C@](C)(c2cc(NC(=O)c3ccc(F)cn3)ccc2F)[C@@]2(CCN(S(=O)(=O)CC3CCCO3)C2)S1(=O)=O,Active
CCS(=O)(=O)N1CC[C@]2(C1)[C@@](C)(c1cc(NC(=O)c3ccc(OC)cn3)ccc1F)NC(=N)N(C)S2(=O)=O,Active
Cc1cccc(CNC(=O)c2cc(Cl)c([C@]3(C)CS(=O)(=O)C(C)(C)C(=N)N3)s2)n1,Moderate
CN1C(=N)N[C@]2(C)c3cc(NC(=O)c4ccc(F)cn4)ccc3OCC[C@@H]2S1(=O)=O,Active
COc1ccnc(Oc2ccc(F)c([C@]34CO[C@@H](C)C[C@H]3C(=O)N(C)C(=N)N4)c2)c1,Active
CC(=O)N[C@@H](Cc1cc(F)cc(F)c1)[C@H](O)CN[C@@]1(c2cccc(C(C)(C)C)c2)CC[C@H](NS(C)(=O)=O)NC1,Moderate
CN1C(=N)N[C@](C)(c2cc(NC(=O)c3ccc(F)cn3)ccc2F)[C@@]2(CCN(Cc3cncnc3)C2)S1(=O)=O,Active
Cc1cc(OC(F)F)cnc1C(=O)Nc1csc([C@]23COC(C)(C)C[C@H]2COC(N)=N3)n1,Moderate
C#C[C@H](C)Oc1cnc(/C(F)=C/c2cc(F)c(F)c([C@]3(C)CS(=O)(=O)N(C)C(N)=N3)c2)cn1,Active
C[C@]1(c2cc(NC(=O)c3ccc(Cl)cn3)ccc2F)CC2(CCOCC2)SC(N)=N1,Moderate
Cc1cc(OCC2CCC2)cnc1C(=O)Nc1ccc(F)c([C@]2(CF)CS(=O)(=O)C(C)(C)C(N)=N2)c1,Active
C[C@@]1(c2ccccn2)C(=N)N[C@](C)(c2cc(NC(=O)c3ccc(F)cn3)ccc2F)CS1(=O)=O,Moderate
CC1(c2cc(NC(=O)c3ccc(Cl)cn3)ccc2F)CC2(CCOCC2)OC(N)=N1,Active
C=CCCOc1cc([C@]23CO[C@@H](C)C[C@H]2C(=O)N(C)C(=N)N3)c(F)cn1,Active
CN1C(=N)N[C@@]2(c3cc(Nc4ncnc5cc(Br)cnc45)ccc3F)CCC[C@H]2S1(=O)=O,Active
NC1=NC(c2cccc(-c3cccnc3F)c2)(c2ccc3c(c2)OCO3)C2=NCCCN12,Moderate
CC1(C)C(=N)N[C@](C)(c2c(F)cccc2F)CS1(=O)=O,Moderate
Nc1nc(Nc2ccc(OCCN3CCCC3)cc2)nn1-c1nncc2ccccc12,Moderate
C[C@]1(c2cc(/C=C(\F)c3ccc(C#N)cn3)ccc2F)N=C(N)S[C@@]2(C(=O)N3CCCC(c4ccccc4)C3)C[C@H]21,Active
Cc1noc(CC(=O)Nc2ccc(F)c([C@]3(C)CS(=O)(=O)C(C)(C)C(=N)N3)c2)n1,Moderate
CC(=O)N[C@H]1CC[C@@](NC[C@@H](O)[C@H](Cc2cc(F)cc(F)c2)NC(C)=O)(c2cccc(C(C)(C)C)c2)CN1,Moderate
CCCOc1ccc(F)c([C@]23CO[C@@H](C4CC4)C[C@H]2C(=O)N(C)C(=N)N3)c1,Active
CN1C(=N)N[C@@]2(c3cc(Oc4cc(C#N)ccn4)ccc3F)CO[C@@H](C3CC3)C[C@H]2C1=O,Active
CO[C@@H](COCC1CC1)C[C@H](O)[C@H](COc1cc(F)cc(F)c1)NC(=O)c1cc(C(=O)N[C@H](C)c2ccccc2)cc(N(C)S(C)(=O)=O)c1,Moderate
CO[C@@H](CNc1ccccc1)C[C@H](O)[C@H](COc1cc(F)cc(F)c1)NC(=O)c1cc(C(=O)N[C@H](C)c2ccccc2)cc(N(C)S(C)(=O)=O)c1,Moderate
C=CCOC[C@@H](C[C@H](O)[C@H](COc1cc(F)cc(F)c1)NC(=O)c1cc(C(=O)N[C@H](C)c2ccccc2)cc(N(C)S(C)(=O)=O)c1)OC,Moderate
CO[C@@H](CNc1ccc(F)cc1)C[C@H](O)[C@H](COc1cc(F)cc(F)c1)NC(=O)c1cc(C(=O)N[C@H](C)c2ccccc2)cc(N(C)S(C)(=O)=O)c1,Moderate
CC1(C)C(=N)N[C@](C)(c2cc(NC(=O)Cc3ncccn3)cc(F)c2F)CS1(=O)=O,Moderate
CN1C(=N)N[C@@]2(c3cc(Oc4ncccc4F)ccc3F)CO[C@@H](C3CC3)C[C@H]2C1=O,Active
NC1=N[C@](CF)(c2cc(C#Cc3ncc(Cl)cn3)ccc2F)[C@@H]2C[C@]2(/C=C/C(=O)N2CCOCC2)S1,Active
C[C@@]1(c2cc(NC(=O)c3ccc(C(F)(F)F)cn3)ccc2F)CC2(CCC(F)(F)CC2)OC(N)=N1,Active
COc1ccc(C(=O)Nc2ccc(F)c([C@@]3(C)N=C(N)[C@@](C)(F)C[C@@H]3F)c2)nc1,Active
C[C@]1(c2cc(/C=C(\F)c3ccc(C4COC4)cn3)ccc2F)N=C(N)S[C@@]2(C(=O)N3CCOCC3)C[C@H]21,Moderate
CC1(C)C(N)=N[C@](CF)(c2cc(NC(=O)c3cnc(OCC4CC4)cn3)ccc2F)CS1(=O)=O,Active
NC1=N[C@](CF)(c2cc(NC(=O)c3cnc(OCF)cn3)ccc2F)[C@H]2COC3(CC3)C[C@H]2O1,Active
CN1C(=N)N[C@](C)(c2cc(NC(=O)c3ccc(F)cn3)ccc2F)[C@]2(CCN(S(=O)(=O)c3cn[nH]c3)C2)S1(=O)=O,Active
NC1=N[C@@](CF)(c2cc(NC(=O)c3ccc(F)cn3)ccc2F)Cn2nncc21,Moderate
CCC[C@H]1CN(Cc2ccc(CN3C(=N)NC(CCC4CCCCC4)(CC4CCCCC4)C3=O)cc2)C(=O)N1,Active
CCCc1cccc(C2(c3ccc(OC(F)(F)F)cc3)N=C(N)N3CCCN=C32)c1,Moderate
NC1=NC(c2ccc(OC(F)(F)F)cc2)(c2cccc(CCC3CC3)c2)C2=NCCCN12,Moderate
CC1(C)C(=N)N[C@](C)(c2sc(-c3cncc(-c4cnco4)c3)cc2Cl)CS1(=O)=O,Active
CN1C(=O)C(c2ccc(OC(F)(F)F)cc2)(C23CC4CC(CC(C4)C2)C3)N=C1N,Moderate
CC1(C)C(=N)N[C@](C)(c2cc(NC(=O)[C@H]3CCCO3)ccc2F)CS1(=O)=O,Moderate
C[C@@]1(c2ccccn2)C(=N)N[C@](C)(c2sc(-c3nnc(-c4ccc(Cl)cc4)o3)cc2F)CS1(=O)=O,Moderate
Cc1cc(C(=O)Nc2csc([C@]34CO[C@@H](C)C[C@H]3CSC(N)=N4)n2)on1,Moderate
Oc1cc(O)c2c(c1)O[C@H](c1ccc(O)c(O)c1)[C@H](O)C2,Moderate
C[C@]1(c2cc(/C=C(\F)c3ccc(C#C[Si](C)(C)C)cn3)ccc2F)N=C(N)S[C@@]2(C(=O)N3CCOCC3)C[C@H]21,Active
CC1(C)C(N)=N[C@](C)(c2cc(C(=O)Nc3ccc(C#N)cc3O)ccc2F)CS1(=O)=O,Moderate
C[C@@H]1CC[C@@H](C)N1C(=O)[C@]12C[C@H]1[C@@](C)(c1cc(/C=C(\F)c3ccc(C#N)cn3)ccc1F)N=C(N)S2,Active
C#CCOc1cnc(/C(F)=C/c2ccc(F)c([C@]34CN(C(=O)OC)C[C@H]3CSC(N)=N4)c2)cn1,Active
COC[C@]12C[C@H]1[C@@](C)(c1cc(/C=C(\F)c3cnc(OCc4cc(C)no4)cn3)ccc1F)N=C(N)S2,Moderate
C[C@H]1C[C@H]2[C@@H](C(F)(F)F)OC(N)=N[C@@]2(c2nc(NC(=O)c3ccc(OC(F)F)cn3)cs2)CO1,Moderate
COc1cnc2c(Nc3ccc(F)c([C@]4(C)CS(=O)(=O)C(C)(C)C(N)=N4)c3)ncc(F)c2c1,Active
CN1C(=N)N[C@](C)(c2cc(NC(=O)c3ccc(F)cn3)ccc2F)C2(CCN(C(=O)CC3CC3)C2)S1(=O)=O,Active
C#CCOc1cnc(C(=O)Nc2ccc3c(c2)[C@]2(CCC3)CS(=O)(=O)N(C)C(=N)N2)cn1,Active
CCc1cc(C2(C34CC5CC(CC(C5)C3)C4)N=C(N)N(C)C2=O)ccc1OC,Moderate
CC(=O)N[C@@H](Cc1cc(F)cc(F)c1)[C@H](O)CNC1(c2cccc(C(C)(C)C)c2)CCCN(C(C)=O)C1,Moderate
C[C@H]1[C@H](O)CCN1C(=O)[C@]12C[C@H]1[C@@](C)(c1cc(/C=C(\F)c3ccc(C#N)cn3)ccc1F)N=C(N)S2,Active
C[C@H]1C[C@@H]2[C@](c3cc(Oc4ncccc4F)ccc3F)(CO1)NC(=N)C(C)(C)S2(=O)=O,Active
C[C@H]1C[C@H]2C(=O)N(C)C(=N)N[C@@]2(c2cc(Oc3ncccc3F)c(F)cc2F)CO1,Active
CN1C(=N)N[C@](C)(c2cc(NC(=O)c3ncc(C(F)(F)F)cn3)ccc2F)C2(CC2)S1(=O)=O,Active
CN1C[C@@](C)(c2cc(Nc3nccn4ccnc34)ccc2F)NC(=N)C(C)(C)S1(=O)=O,Moderate
COC(=O)[C@]12C[C@H]1[C@@](C)(c1cc(/C=C(\F)c3ccc(Cl)cn3)cc(F)c1F)N=C(N)S2,Active
COC1CCC2(CC1)Oc1ccc(-c3cccc(C#N)c3)cc1C21CCSC(N)=N1,Moderate
CN1C(N)=N[C@](C)(c2cc(/C=C(\F)c3ncc4c(n3)OCCO4)ccc2F)CS1(=O)=O,Moderate
CN1C(=N)N[C@@]2(CCCc3ccc(NC(=O)c4cnsn4)cc32)CS1(=O)=O,Moderate
COc1ccc(C2(c3cccc(-c4cccnc4F)c3)N=C(N)N3CCCN=C32)cc1,Moderate
CC#CCOc1ccc(C#Cc2ccc(F)c([C@@]3(CF)N=C(N)S[C@@]4(CF)C[C@H]43)c2)nc1,Active
COc1ccc(C2(C34CC5CC(CC(C5)C3)C4)N=C(N)N(C)C2=O)cc1C,Moderate
NC1=NC(c2ccc(OC(F)(F)F)cc2)(c2cccc(-c3cccnc3F)c2)C2=NCCCN12,Moderate
CNC(=O)[C@]12C[C@H]1[C@@](C)(c1cc(/C=C(\F)c3cnc(C#CC4CC4)cn3)ccc1F)N=C(N)S2,Active
C[C@]1(c2cc(/C=C(\F)c3ccc(C#N)cn3)ccc2F)N=C(N)S[C@@]2(C(=O)N3CC4CC3CO4)C[C@H]21,Active
COc1ccc(C(=O)Nc2ccc(F)c([C@@]3(C)NC(=N)N(C)S(=O)(=O)[C@@]34CCN(Cc3ccccn3)C4)c2)nc1,Active
CC1=N[C@]2(C[C@H]([C@@H]3CCCOC3)Oc3ccc(Br)cc32)N=C1N,Moderate
Cc1cc(OCC#CC(C)(C)O)cnc1C(=O)Nc1ccc(F)c([C@]2(C)N=C(N)O[C@H]3C[C@H]32)c1,Moderate
Cc1ncc2c(n1)C[C@@](C)(c1sc(-c3cc(F)cc(-c4nnco4)c3)cc1Cl)NC2=N,Active
CN1C(=N)N[C@@]2(c3cc(NC(=O)c4ccc(F)cn4)ccc3F)CCC[C@H]2S1(=O)=O,Active
CN1C(=N)N[C@](C)(c2cc(NC(=O)c3ccc(F)cn3)ccc2F)[C@]2(CCN(S(=O)(=O)C3CC3)C2)S1(=O)=O,Active
Cc1cc(C2(C3CCCCC3)N=C(N)N(C)C2=O)ccc1OC(F)F,Moderate
O=C(NC1=N[C@](c2cc(Br)ccc2F)(C(F)F)[C@@H]2C[C@@H]2O1)c1ccccc1,Moderate
N#Cc1ccc(C#Cc2ccc(F)c([C@@]3(CF)N=C(N)S[C@@]4(CC(N)=O)C[C@H]43)c2)nc1,Moderate
COC1CCC2(CC1)Cc1ccc(CCC3CC3)cc1C21NC(=S)N(Cc2ccccc2C#N)C1=O,Active
CCC1C(=N)N[C@](C)(c2cc(NC(=O)c3ccc(F)cn3)ccc2F)CS1(=O)=O,Active
NC1=N[C@@](c2ccc(OC(F)(F)F)cc2)(c2cccc(-c3cccnc3F)c2)C2=NCCCN12,Moderate
C[C@@]1(c2cc(Nc3nccc4cc(O)cnc34)ncc2F)CS(=O)(=O)[C@@](C)(C2CC2)C(N)=N1,Active
NC1=NC(c2ccc(OC(F)(F)F)cc2)(c2cccc(-c3cncnc3)c2)C2=NCCCN12,Moderate
C[C@@]1(c2nc(/C=C(\F)c3ccc(C#N)cn3)ccc2F)CO[C@@](C)(C(F)(F)F)C(N)=N1,Moderate
C[C@]1(C(=O)N2CCOCC2)C[C@@](C)(c2cc(/C=C(\F)c3ccc(C#N)cn3)ccc2F)N=C(N)S1,Active
CN1C(=N)N[C@]2(C)c3cc(NC(=O)c4ccc(F)cn4)ccc3CCC[C@H]2S1(=O)=O,Moderate
C[C@H]1C[C@H]2CSC(NC(=O)c3ccccc3)=N[C@@]2(c2nc(NC(=O)c3ccc(C#N)cn3)cs2)CO1,Active
C=C1CCC(NC[C@@H](O)[C@H](Cc2cc(F)cc(F)c2)NC(C)=O)(c2cccc(C(C)(C)C)c2)CN1,Active
COc1ccc(C(=O)Nc2ccc(F)c([C@]3(C)CS(=O)(=O)C(C)(C)C(=N)N3)n2)nn1,Moderate
C[C@@]1(c2cc(NC(=O)c3ncc(Cl)cc3F)ccc2F)CC2(CCC(F)(F)CC2)OC(N)=N1,Active
C[C@H]1COC[C@H]2[C@@H]1OC(N)=N[C@]2(CF)c1cc(NC(=O)c2cnc(OCF)cn2)ccc1F,Active
CC1(C)C(=N)N[C@](C)(c2cc(-c3cc(F)cc(-c4cnco4)c3)cs2)CS1(=O)=O,Active
C[C@@]1(F)C[C@H](F)[C@@](C)(c2cc(NC(=O)c3ccc(C#N)cn3)ccc2F)N=C1N,Active
COc1ccc(C(=O)Nc2ccc(F)c([C@]3(C)CS(=O)(=O)[C@@](C)(C4CCC4)C(=N)N3)c2)nc1,Active
COc1cnc(C(=O)Nc2ccc(F)c([C@]3(C)N=C(NC(=O)c4ccccc4)O[C@H]4C[C@H]43)c2)cn1,Moderate
CC1(C)C(N)=N[C@](C)(c2cc(NC(=O)N3CC=CCC3)ccc2F)CS1(=O)=O,Moderate
CN1C(=N)N[C@@]2(c3cc(Oc4ncccn4)ccc3F)CO[C@@H](C3CC3)C[C@H]2C1=O,Active
C[C@@]1(c2cc(NC(=O)c3ccc(C#N)cn3)ccc2F)CC2(CCC2)OC(N)=N1,Active
Cn1c(-n2nc(Nc3ccc(OCCN4CCCC4)c(Cl)c3)nc2N)nc2ccccc21,Inactive
CN1C(N)=N[C@](C)(c2cc(/C=C(\F)c3ccc4c(c3)OCCO4)ccc2F)CS1(=O)=O,Moderate
C[C@H]1C[C@H]2CSC(N)=N[C@@]2(c2nc(NC(=O)c3ncccn3)cs2)CO1,Moderate
COc1ccc(C2(C34CC5CC(CC(C5)C3)C4)N=C(N)N(C)C2=O)cc1,Moderate
COc1ccc([C@]2(c3ccc(F)c(-c4cccnc4F)c3)N=C(N)N(C)C2=O)cc1C,Moderate
CC(C)(C)c1cc(NC(=O)Nc2ccc(Cl)cc2)n(-c2c(Cl)cc(C(F)(F)F)cc2Cl)n1,Moderate
C=CCOc1cnc(/C(F)=C/c2cc(F)c(F)c([C@]3(C)CS(=O)(=O)N(C)C(N)=N3)c2)cn1,Moderate
CC#CCOc1ccc(C(=O)Nc2ccc(F)c([C@]3(C)CS(=O)(=O)C(C)(C)C(N)=N3)c2)nc1,Active
CC(=O)N[C@@H](Cc1cc(F)cc(F)c1)[C@H](O)CN[C@@]1(c2cccc(C(C)(C)C)c2)CC[C@H](C)NC1,Active
CN1C[C@@](C)(c2cc(Nc3nccc4cc(Br)cnc34)ccc2F)NC(=N)C(C)(C)S1(=O)=O,Active
C[C@@]1(c2cc(Nc3nccc4cc(C#N)cnc34)ccc2F)CS(=O)(=O)[C@@](C)(C2CC2)C(N)=N1,Active
CC1(C)C(=N)N[C@](C)(c2sc(-c3cncc(Cl)c3)cc2Cl)CS1(=O)=O,Active
COCc1cc(C2(c3ccc(OC(F)F)c(C)c3)N=C(N)N(C)C2=O)ccn1,Moderate
Cc1nc(C(=O)Nc2ccc(F)c([C@]3(C)CS(=O)(=O)C(C)(C)C(=N)N3)c2)no1,Active
COc1cnc2c(Nc3cc([C@]4(C)CS(=O)(=O)[C@@](C)(C5CC5)C(N)=N4)c(F)cn3)ncnc2n1,Moderate
CC1(C)C(N)=N[C@@]2(c3cc(Nc4nccc5cc(Cl)cnc45)ccc3F)C[C@H]2S1(=O)=O,Active
C#C[C@H](C)Oc1cnc(/C(F)=C/c2ccc(F)c([C@]3(CF)CS(=O)(=O)C(C)(C)C(N)=N3)c2)cn1,Active
C[C@H]1C[C@H]2C(=O)N(C)C(=N)N[C@@]2(c2cc(Oc3cc(F)cnc3F)ccc2F)CO1,Active
CN1C(=O)C(c2cccc(-c3cccnc3)c2)(c2ccc3c(c2)OCCO3)N=C1N,Moderate
CN1C(N)=N[C@](C)(c2cc(/C=C(\F)c3cnc(OCc4ncccn4)cn3)cc(F)c2F)CS1(=O)=O,Active
Cc1ncc2c(n1)C[C@@](C)(c1sc(-c3cccc(C#N)c3)cc1Cl)NC2=N,Active
CCOc1cnc(C(=O)Nc2ccc(F)c([C@@]3(CF)N=C(N)O[C@@H]4CCOC[C@@H]43)c2)cn1,Active
COc1ccc(C2(c3ccc(F)c(-c4cccnc4F)c3)N=C(N)N(C)C2=O)cc1C,Active
CC1(C)C(=N)N[C@](C)(c2nc(NC(=O)c3cnc(Br)cn3)ccc2F)CS1(=O)=O,Active
C[C@]1(c2cc(/C=C(\F)c3cnc(C#N)cn3)ccc2F)N=C(N)S[C@@]2(C(=O)N3CC[C@@H](F)C3)C[C@H]21,Active
CC(=O)N[C@@H](Cc1cc(F)cc(F)c1)[C@H](O)CNC1(c2cccc(C(C)(C)C)c2)CCN(C(N)=O)CC1,Moderate
COc1cc(F)c2c(Nc3ccc(F)c([C@]4(C)CS(=O)(=O)C(C)(C)C(N)=N4)c3)ncnc2c1,Moderate
CC(C)(C#N)COc1cnc(/C(F)=C/c2ccc(F)c([C@]3(C)CS(=O)(=O)C(C)(C)C(N)=N3)c2)cn1,Moderate
Cc1cc(C(=O)Nc2ccc(F)c([C@]3(C)CN(C)S(=O)(=O)C(C)(C)C(=N)N3)c2)no1,Moderate
CO[C@H]1CC[C@@]2(CC1)Cc1ccc(C#CC(C)(C)C)cc1C21N=C(C)C(N)=N1,Active
Cc1cc(C#N)cnc1C#Cc1cnc(F)c([C@@]2(C)N=C(N)S[C@@]3(C(=O)N4CCCC4)CC32)c1,Active
NC1=N[C@](CF)(c2cc(NC(=O)c3cnc(OCF)cn3)ccc2F)[C@H]2COCC[C@H]2O1,Active
CC(C)CC1(C)NC(=N)N(Cc2ccc(CNC(=O)Nc3ccc(C#N)cc3)cc2)C1=O,Moderate
CC#Cc1cncc(-c2ccc(F)c([C@@]3(CF)N=C(N)O[C@@H]4C[C@@H]43)c2)c1,Moderate
C[C@H]1C[C@H]2C(=O)N(C)C(=N)N[C@@]2(c2cc(Oc3cc(F)ccc3F)ccc2F)CO1,Active
CN1C(=N)N[C@@]2(c3cc(Oc4ccncc4)ccc3F)CO[C@@H](C3CC3)C[C@H]2C1=O,Active
Cc1cnc(C(=O)Nc2ccc3c(c2)[C@@]2(C)NC(=N)N(C)S(=O)(=O)[C@@H]2CCC3)cn1,Moderate
COC[C@]12CC1[C@@](C)(c1cc(C#Cc3ncc(Cl)cc3C)ccc1F)N=C(N)S2,Moderate
COC1CCC2(CC1)Cc1ccc(Br)cc1C21N=C(NC(=O)OC(C)(C)C)N(CC(F)(F)F)C1=O,Moderate
CC(=O)Nc1ccc(F)c([C@]2(C)CN(C)S(=O)(=O)C(C)(C)C(=N)N2)c1,Moderate
C[C@]1(c2cc(/C=C(\F)c3cnc(Cl)cn3)ccc2F)N=C(N)S[C@@]2(S(C)(=O)=O)C[C@H]21,Active
C#CCOc1cnc(/C(F)=C/c2ccc(F)c([C@]3(C)C[C@@](C)(C(=O)N4CCOCC4)SC(N)=N3)c2)cn1,Active
COC1CCC2(CC1)Cc1ccc(C#CC3CC3)cc1C21NC(=S)N(C2CCC2)C1=O,Active
COc1ccc(C(=O)Nc2cc(F)c(F)c([C@@]3(CF)N=C(N)CCC3(F)F)c2)nc1,Active
COc1ccc([C@@]2(C34CC5CC(CC(C5)C3)C4)N=C(N)N(C)C2=O)cc1C,Moderate
COc1ccc([C@]2(C34CC5CC(CC(C5)C3)C4)N=C(N)N(C)C2=O)cc1,Active
N#Cc1cccc(-c2ccc3c(c2)C2(CCSC(N)=N2)C2(CCc4ccccc4CC2)C3)c1,Moderate
CN(C)C(=O)[C@]12C[C@H]1[C@@](C)(c1cc(/C=C(\F)c3cnc(C#CC4CC4)cn3)ccc1F)N=C(N)S2,Active
C[C@]1(c2cc(/C=C(\F)c3ccc(C#CC4CC4)cn3)ccc2F)N=C(N)S[C@@]2(C(=O)N3CCOCC3)C[C@H]21,Active
CC1(C)COc2ccc(-c3cncnc3)cc2C12C=C(F)C(N)=N2,Moderate
C[C@]1(c2cc(/C=C(\F)c3cnc(C#C[Si](C)(C)C)cn3)ccc2F)N=C(N)S[C@@]2(C(=O)N3CCOCC3)C[C@H]21,Active
COc1cnc(C(=O)Nc2ccc(F)c([C@]3(C)CS(=O)(=O)[C@@](C)(C4CCOCC4)C(=N)N3)c2)cn1,Active
Cc1noc(COc2cnc(/C(F)=C/c3cc(F)c(F)c([C@]4(C)CS(=O)(=O)N(C)C(N)=N4)c3)cn2)n1,Active
NC1=NC(c2ccccc2)(C2CCCCC2)C(=O)N1Cc1ccccc1,Moderate
C[C@]1(c2cc(NC(=O)c3ccc(Cl)cn3)ccc2F)N=C(N)C2(CCC2)S(=O)(=O)[C@@H]1F,Active
Cc1cc(C2(c3cccc(F)c3)N=C(N)N(C)C2=O)ccc1OC(F)F,Moderate
CN1C(=N)N[C@@]2(c3cc(Oc4cncc(C(F)F)n4)ccc3F)CO[C@@H](C3CC3)C[C@H]2C1=O,Active
COC1CCC2(CC1)Cc1ccc(Br)cc1C21NC(=S)N(Cc2ccccc2)C1=O,Active
CCCCOc1ccc(C2(C34CC5CC(CC(C5)C3)C4)N=C(N)N(C)C2=O)cc1,Moderate
COc1ccc(C2(c3cccc(-c4cccnc4)c3)N=C(N)N(C)C2=O)cc1C(F)(F)F,Moderate
C[C@@]1(c2cccc(Br)c2)CS(=O)(=O)C2(CCC2)C(N)=N1,Moderate
CO[C@H]1CC[C@]2(CC1)Cc1ccc(CCC3CC3)cc1[C@]21N=C(N)N(C[C@@H]2CCO2)C1=O,Moderate
CCC(=O)Nc1ccc(F)c([C@]2(C)CS(=O)(=O)C(C)(C)C(=N)N2)c1,Moderate
C[C@@H]1CN(C(=O)[C@]23C[C@H]2[C@@](C)(c2cc(/C=C(\F)c4ccc(C#N)cn4)ccc2F)N=C(N)S3)[C@H](C)CO1,Active
CN(C)C(=O)[C@]12C[C@H]1[C@@](C)(c1cc(/C=C(\F)c3ncc4c(n3)OCCO4)ccc1F)N=C(N)S2,Active
CNC(=O)[C@]12C[C@H]1[C@@](C)(c1cc(/C=C(\F)c3ccc(C#CC4(C)COC4)cn3)ccc1F)N=C(N)S2,Moderate
N#Cc1ccc(/C(F)=C/c2ccc(F)c([C@]34CO[C@H](C(F)F)[C@H]3CSC(N)=N4)c2)nc1,Active
COC1CCC2(CC1)Cc1ccc(C#CC3CC3)cc1C21N=C(S[C@@H](C)c2ccccc2)N([C@H](C)c2ccccc2)C1=O,Active
C[C@@]1(c2cc(/C=C(\F)c3ccc(C#N)cn3)ccc2F)CCSC(N)=N1,Active
C[C@@]1(F)C[C@H](F)[C@@](C)(c2cc(NC(=O)c3cnc(C(F)(F)F)cn3)ccc2F)N=C1N,Moderate
COC[C@]12C[C@H]1[C@@](C)(c1cc(/C=C(\F)c3cnc(C#N)cn3)ccc1F)N=C(N)S2,Active
CN1C(N)=N[C@](C)(c2cc(/C=C(\F)c3cc4c(cn3)OCCO4)ccc2F)CS1(=O)=O,Moderate
CC#Cc1cncc(-c2ccc3c(c2)[C@@]2(N=C(C)C(N)=N2)C2(CCC2)C3)c1,Inactive
CC1(C)C(=N)N[C@](C)(c2cc(NC(=O)c3ncc(F)cc3F)cc(F)c2F)CS1(=O)=O,Active
Cc1cc(C#N)cnc1C#Cc1ccc(F)c([C@@]2(CF)N=C(N)S[C@@]3(CCC(=O)N4CCOCC4)C[C@H]32)c1,Active
Cc1cc(C2(c3cocn3)N=C(N)N(C)C2=O)ccc1OC(F)F,Inactive
C[C@@]1(c2cc(NC(=O)c3ncc(Cl)cc3F)ccc2F)CC2(CCC2)OC(N)=N1,Active
CC1(C)C(=N)N[C@](C)(c2cc(NC(=O)c3ccc(C#N)cn3)cc(F)c2F)CS1(=O)=O,Active
COC1CCC2(CC1)Cc1ccc(-c3ccn(C4CC4)c(=S)c3)cc1C21NC(=S)N(C)C1=O,Moderate
COC1CCC2(CC1)Cc1ccc(C#CC3CC3)cc1C21NC(=S)N(CCC(=O)OC(C)(C)C)C1=O,Active
CC1(C)C(=N)N[C@](C)(c2sc(-c3cnn4c3CCC4)cc2Cl)CS1(=O)=O,Moderate
CN1C(=O)C(c2ccc(OC(F)(F)F)cc2)(c2ccc(F)c(-c3cncnc3)c2)N=C1N,Moderate
CC1(C)C(=N)N[C@](C)(c2cc(-c3cccc(-c4nnco4)c3)cs2)CS1(=O)=O,Active
CC[C@]1(C)C(=N)N[C@](C)(c2cc(NC(=O)c3ccc(OC)cn3)ccc2F)CS1(=O)=O,Active
Cc1cc(C(F)F)cnc1C(=O)Nc1ccc(F)c([C@]2(C)CS(=O)(=O)C3(CCC3)C(N)=N2)c1,Active
C[C@@]1(c2sc(-c3cccc(-c4nnco4)c3)cc2F)CS(=O)(=O)[C@@](C)(c2ccccn2)C(=N)N1,Active
C#CCOc1cnc(/C(F)=C/c2ccc(F)c([C@@]3(C)N=C(N)S[C@@]4(C(C)=O)C[C@H]43)c2)cn1,Active
CN1C(=O)C(c2cc(F)cc(F)c2)(c2ccc(F)c(F)c2)N=C1N,Moderate
Cc1nc(C(=O)Nc2ccc(F)c([C@]3(C)CN(C)S(=O)(=O)C(C)(C)C(=N)N3)c2)no1,Moderate
CN1C[C@@](C)(c2cc(NC(=O)c3ccc(OCF)cn3)ccc2F)NC(=N)C(C)(C)S1(=O)=O,Active
CC1(C)C(=N)N[C@](C)(c2sc(C(=O)NCc3ccccc3Cl)cc2Cl)CS1(=O)=O,Moderate
CC1(C)C(=N)N[C@](C)(c2sc(C(=O)Nc3cccc(C(F)(F)F)n3)cc2Cl)CS1(=O)=O,Moderate
COc1cncc(Oc2ccc(F)c([C@]34CO[C@@H](C)C[C@H]3C(=O)N(C)C(=N)N4)c2)n1,Active
Cc1noc(COc2cnc(/C(F)=C/c3ccc(F)c([C@]4(C)CS(=O)(=O)C(C)(C)C(N)=N4)c3)cn2)n1,Active
C#CCOc1cnc(/C(F)=C/c2ccc(F)c([C@]3(C)C[C@@](C)(C(=O)NC)SC(N)=N3)c2)cn1,Active
COc1cnc(C(=O)Nc2ccc(F)c([C@]3(C)CS(=O)(=O)[C@@](C)(F)C(N)=N3)c2)cn1,Active
CC#CCOc1cnc(/C(F)=C/c2ccc(F)c([C@]34CN(c5ncc(F)cn5)C[C@H]3CSC(NC(=O)c3ccccc3)=N4)c2)cn1,Active
COc1cnc(C(=O)Nc2ccc(F)c([C@]3(C)CS(=O)(=O)[C@@](C)(c4cc(C(F)(F)F)ccn4)C(=N)N3)c2)cn1,Active
C[C@@]1(c2cc(NC(=O)c3ccc(Cl)cn3)ccc2F)CS(=O)(=O)[C@@](C)(c2cccc(F)c2)C(=N)N1,Active
NC1=N[C@@](c2cc(/C=C(\F)c3ccc(Cl)cn3)ccc2F)(C(F)F)[C@H]2C[C@H]2O1,Moderate
CC#Cc1ccc2sc3ccc([C@@]4(C)NC(=N)OCC4(F)F)cc3c2c1,Moderate
CN1C[C@@](C)(c2cc(NC(=O)C3CC3)ccc2F)NC(=N)C(C)(C)S1(=O)=O,Moderate
CC1(C)C(=N)N[C@](C)(c2sc(-c3cccc(C#N)c3)cc2F)CS1(=O)=O,Active
CN1C(N)=N[C@](C)(c2cc(/C=C(\F)c3cc(F)c(C#N)cn3)ccc2F)CS1(=O)=O,Active
CN1C(=O)C2(N=C1N)c1cc(C#N)ccc1OC21CCc2ccccc2CC1,Active
Cc1cnc(C(=O)Nc2ccc(F)c([C@]3(C)C=C(C(C)C)SC(N)=N3)c2)cn1,Active
C#CCOc1cnc(/C(F)=C/c2ccc(F)c([C@@]3(C)N=C(N)S[C@@]4(C(=O)N(C)C)C[C@H]43)c2)cn1,Active
CN1C(=N)N[C@](C)(c2cc(NC(=O)c3ccc(F)cn3)ccc2F)[C@]2(CCN(S(=O)(=O)c3cn(C)cn3)C2)S1(=O)=O,Active
COc1cccnc1Nc1ccc(F)c([C@]2(C)CC3(CCOCC3)SC(N)=N2)c1,Active
COC1CCC2(CC1)Cc1ccc(C#CCC(C)C)cc1C21NC(=S)N(C)C1=O,Active
NC1=N[C@]2(c3nc(NC(=O)c4ccc(OC(F)F)cn4)cs3)CO[C@H](C(F)(F)F)C[C@@H]2CO1,Inactive
C[C@@]1(c2cc(NC(=O)c3ccc(F)cn3)ccc2F)CS(=O)(=O)[C@@](C)(c2cc(C(F)(F)F)ccn2)C(=N)N1,Active
CN1C(=N)N[C@](C)(c2cc(NC(=O)c3ccc(F)cn3)ccc2F)[C@]2(CCN(Cc3cnn(C)c3)C2)S1(=O)=O,Active
C[C@H]1C[C@H]2CSC(NC(=O)c3ccccc3)=N[C@@]2(c2nc(NC(=O)c3cnc(OC(F)F)cn3)cs2)CO1,Active
CCC(CC)CSC1=NC2(C(=O)N1CC(CC)CC)c1cc(CCC3CC3)ccc1CC21CCC(OC)CC1,Active
C[C@H]1C[C@H]2C(=O)N(C)C(=N)N[C@@]2(c2cc(Oc3ccncc3F)ccc2F)CO1,Active
CN1C(=O)C(c2ccccc2)(C23CC4CC(CC(C4)C2)C3)N=C1N,Moderate
COC1CCC2(CC1)Cc1ccc(CCC3CC3)cc1C21N=C(SCc2ccccc2)N(Cc2ccccc2)C1=O,Active
CC(C)CS(=O)(=O)N1CC[C@]2(C1)[C@@](C)(c1cc(NC(=O)c3ccc(F)cn3)ccc1F)NC(=N)N(C)S2(=O)=O,Active
CC1(C)C(=N)N[C@](C)(c2cc(N)ccc2F)CS1(=O)=O,Moderate
COc1cccc(-c2cc(F)c([C@]3(C)CS(=O)(=O)[C@](C)(CC(F)(F)F)C(=N)N3)s2)c1,Moderate
CC1(C)C(N)=N[C@](C)(c2cc(/C=C(\F)c3ncc(C#N)cc3Cl)ccc2F)CS1(=O)=O,Active
C[C@@]1(c2cc(NC(=O)c3ccc(F)cn3)ccc2F)Cc2nc(C3CC3)ncc2C(=N)N1,Active
CC1=NOC(CNC(=O)c2cc(Cl)c([C@]3(C)CS(=O)(=O)C(C)(C)C(=N)N3)s2)C1,Moderate
COC[C@]12CC1[C@@](C)(c1cc(C#Cc3ncc(C#N)cc3C)ccc1F)N=C(N)S2,Active
COCC1(COC)C(=N)N[C@](C)(c2sc(-c3cccc(-c4nnco4)c3)cc2Cl)CS1(=O)=O,Moderate
NC1=N[C@](CF)(c2cc(NC(=O)c3ccn(C(F)F)n3)ccc2F)C(F)(F)CC1,Active
Cc1cc(OC(F)F)cnc1C(=O)Nc1cc([C@]2(C)CS(=O)(=O)C(C)(C)C(N)=N2)c(=O)n(C)c1,Active
C[C@H]1C[C@@H]2[C@](c3cc(Oc4ncc(F)cc4F)ccc3F)(CO1)NC(=N)C(C)(C)S2(=O)=O,Active
CN1C(=N)N[C@](C)(c2cc(NC(=O)c3ccc(F)cn3)ccc2F)[C@@]2(CCN(CC3CCOC3)C2)S1(=O)=O,Moderate
NC1=N[C@@](CF)(c2cc(NC(=O)c3ccc(Cl)cn3)ccc2Cl)[C@@H]2C[C@H]2O1,Moderate
CC1(C)C(=N)N[C@](C)(c2cc(NC(=O)c3ccc(F)cn3)cc(F)c2F)CS1(=O)=O,Active
C[C@H]1C[C@H]2COC(N)=N[C@@]2(c2nc(NC(=O)c3ncc(OC(F)F)cc3Cl)cs2)CO1,Moderate
COC[C@]12C[C@H]1[C@@](C)(c1cc(/C=C(\F)c3cnc(OCC(F)F)cn3)ccc1F)N=C(N)S2,Moderate
CC#Cc1cncc(-c2ccc3c(c2)C2(NC(=S)N(C(C)C)C2=O)C2(CCC(OC)CC2)C3)c1,Active
COc1ccc(C(=O)Nc2ccc(F)c([C@@]3(C)NC(=N)N(C)S(=O)(=O)[C@]34CCN(CC3CC(OC)C3)C4)c2)nc1,Active
C=Cc1cc(Cl)cnc1C(=O)Nc1ccc(F)c([C@]2(C)CS(=O)(=O)C(C)(C)C(N)=N2)c1,Active
CN1C(=N)N[C@@]2(CCCc3ccc(NC(=O)c4ccn(C(F)F)n4)cc32)CS1(=O)=O,Active
C[C@@]1(c2ccccn2)C(=N)N[C@](C)(c2sc(-c3cncc(C#N)c3)cc2F)CS1(=O)=O,Moderate
C[C@@]1(c2cc(NC(=O)c3ccc(Cl)cc3)ccc2F)CC2(CCC2)OC(N)=N1,Moderate
C#CCOc1cnc(/C(F)=C/c2ccc(F)c([C@@]34CN(c5ncc(F)cn5)C[C@@H]3CSC(N)=N4)c2)cn1,Active
Cc1cc(C2(c3cc(F)cc(Cl)c3)N=C(N)N(C)C2=O)ccc1OC(F)F,Moderate
COC1CCC2(CC1)Cc1ccc(-c3cccc(C#N)c3)cc1C21N=C(N)N(C2CC2)C1=O,Active
COc1cnc(C(=O)Nc2ccc(Cl)c([C@@]3(CF)N=C(N)O[C@@H]4C[C@@H](C)OC[C@@H]43)c2)cn1,Active
Cc1cc(F)ccc1C(=O)Nc1csc([C@]23CO[C@@H](C)C[C@H]2CSC(N)=N3)n1,Moderate
NC1=N[C@@](c2cc(NC(=O)c3cnc(Cl)cn3)ccc2F)(C(F)F)[C@H]2CC2O1,Active
CN1C(=N)N[C@](C)(c2cc(NC(=O)c3ccc(F)cn3)ccc2F)[C@]2(CCN(S(=O)(=O)Cc3cccnc3)C2)S1(=O)=O,Active
C[C@@]1(c2cc(NC(=O)c3ccc(C(F)(F)F)cn3)ccc2F)Cc2nc(C3CC3)ncc2C(=N)N1,Active
CN1C(=N)N[C@@]2(CCCc3ccc(NC(=O)c4ncc(C(F)(F)F)cn4)cc32)CS1(=O)=O,Moderate
CN1C(=N)N[C@@]2(CCOc3ccc(NC(=O)c4ccc(OC(F)(F)F)cn4)cc32)CS1(=O)=O,Active
COC1CCC2(CC1)Cc1ccc(CCC(F)(F)F)cc1C21N=C(N)N(CCF)C1=O,Active
COC1CCC2(CC1)Cc1ccc(-c3cnn(C)c(=S)c3)cc1C21NC(=S)N(C)C1=O,Active
CC1(C)C(=N)N[C@](C)(c2cc(NC(=O)CC3CC3)cc(F)c2F)CS1(=O)=O,Moderate
CC1(C)C(N)=N[C@](C)(c2cc(/C=C(\F)c3cnc(OCc4ccncc4)cn3)ccc2F)CS1(=O)=O,Moderate
CN(C)C(=O)[C@]12C[C@H]1[C@@](C)(c1cc(/C=C(\F)c3ccc(Cl)cn3)ccc1F)N=C(N)S2,Active
CN1C(=N)N[C@]2(C)c3cc(NCC4CC4)ccc3OCC[C@@H]2S1(=O)=O,Moderate
COc1cccnc1Nc1ccnc([C@]2(C)CS(=O)(=O)N(C)C(=N)N2)c1,Moderate
Cc1nc2ccc(C[C@@]3(C)C(=N)N[C@](C)(c4cc(F)ccc4F)CS3(=O)=O)cc2o1,Moderate
COc1cnc(C(=O)Nc2ccc(F)c([C@]3(C)CS(=O)(=O)[C@@](C)(c4cccc(F)c4)C(=N)N3)c2)cn1,Active
C[C@]1(c2cc(NC(=O)c3ccc(C#N)cn3)ccc2F)N=C(N)OC2(COC2)[C@@H]1F,Active
COc1cc(-c2cc(Cl)c([C@]3(C)CS(=O)(=O)C(C)(C)C(=N)N3)s2)ccn1,Moderate
CCS(=O)(=O)N1CC[C@]2(C1)[C@@](C)(c1cc(NC(=O)c3ccc(F)cn3)ccc1F)NC(=N)N(C)S2(=O)=O,Active
COC1CCC2(CC1)Oc1ccc(OCC(F)(F)F)cc1C21NC(=S)N(C)C1=O,Active
COC1CCC2(CC1)Cc1ccc(Br)cc1C21NC(=S)N(C(C)(C)C)C1=O,Moderate
COc1cnc2c(Nc3ccc(F)c([C@]4(C)CN(C)S(=O)(=O)C(C)(C)C(=N)N4)c3)nccc2c1,Moderate
COc1cnc(C(=O)Nc2ccc3c(c2)[C@@]2(C)NC(=N)N(C)S(=O)(=O)[C@H]2CCC3)cn1,Active
C[C@H]1C[C@H]2CSC(N)=N[C@@]2(c2nc(NC(=O)c3coc(C(F)F)n3)cs2)CO1,Active
C[C@@]1(c2cc(Nc3nccc4cc(Cl)cnc34)ccc2F)CS(=O)(=O)CC(N)=N1,Active
COCC(=O)Nc1ccc(F)c([C@@]2(C)NC(=N)N(C)S(=O)(=O)[C@@]23CCNC3)c1,Moderate
COc1cnc(C(=O)Nc2ccc(F)c([C@]3(C)CS(=O)(=O)CC(N)=N3)c2)cn1,Active
N#Cc1cnc2c(c1)CCC2Nc1ccc(F)c([C@@]2(C(F)F)N=C(N)O[C@@H]3C[C@@H]32)c1,Moderate
Cc1cc(F)cnc1C(=O)Nc1ccc2c(c1)[C@@]1(C)NC(=N)N(C)S(=O)(=O)[C@@H]1CCO2,Moderate
C[C@H]1C[C@H]2C(=O)N(C)C(=N)N[C@@]2(c2cc(OCC3CC3)ccc2F)CO1,Active
COC(=O)[C@]12C[C@H]1[C@@](C)(c1cc(/C=C(\F)c3cnc(Cl)cn3)ccc1F)N=C(N)S2,Active
CC(O)CCNC(=O)[C@]12C[C@H]1[C@@](C)(c1cc(/C=C(\F)c3ccc(Cl)cn3)ccc1F)N=C(N)S2,Active
Cc1cnc(C(=O)Nc2csc([C@]34CO[C@@H](C)C[C@H]3CSC(N)=N4)n2)cn1,Moderate
C#CCOc1cnc(/C(F)=C/c2ccc(F)c([C@]34CN(C(=O)OCC)C[C@H]3CSC(N)=N4)c2)cn1,Active
CC1(C)C(=N)N[C@](C)(c2sc(C(=O)NCc3ccc(C(F)(F)F)cn3)cc2Cl)CS1(=O)=O,Moderate
NC1=N[C@@]2(c3cc(/C=C(\F)c4cnc(OCC(F)(F)CF)cn4)ccc3F)CN(c3ncc(F)cn3)C[C@H]2CS1,Moderate
[C-]#[N+]c1ccc(C(=O)Nc2ccc(F)c([C@@]3(C(F)F)N=C(N)OC4C[C@@H]43)n2)nc1,Active
CC1(C)C(=N)N[C@](C)(c2cc(NC(=O)c3ncc(F)cc3F)ccc2F)CS1(=O)=O,Active
C[C@H]1C[C@H]2C(=O)N(C)C(=N)N[C@@]2(c2cc(Oc3ncncc3F)ccc2F)CO1,Active
N#Cc1cnc(/C(F)=C/c2ccc(F)c([C@]34CO[C@H](C(F)(F)F)[C@H]3CSC(N)=N4)c2)cn1,Active
CC1(C)C(N)=N[C@](C)(c2cc(Nc3nncc4cc(Br)cnc34)ccc2F)CS1(=O)=O,Active
CC(=O)COc1cnc(/C(F)=C/c2cnc(F)c([C@@]3(C)N=C(N)S[C@@]4(C(=O)N(C)C)C[C@H]43)c2)cn1,Moderate
Cc1cnc(C(=O)Nc2ccc3c(c2)[C@@]2(C)NC(=N)N(C)S(=O)(=O)[C@H]2CCC3)cn1,Moderate
COc1cnc2c(Nc3ccc(F)c([C@]4(C)CS(=O)(=O)[C@@](C)(C5CC5)C(N)=N4)c3)nccc2n1,Active
Cc1cc(C(=O)Nc2csc([C@]34CO[C@@H](C)C[C@H]3CSC(N)=N4)n2)nn1C,Inactive
C[C@@]1(c2cc(/C=C(\F)c3cnc(C#N)cn3)ccc2F)CO[C@@](C)(C(F)(F)F)C(N)=N1,Active
C[C@@H](O)COc1cnc(/C(F)=C/c2ccc(F)c([C@]3(C)CS(=O)(=O)C(C)(C)C(N)=N3)c2)cn1,Moderate
CCCSc1ccc2c(c1)C1(N=C(N)N(C)C1=O)C1(CCC(OC)CC1)C2,Active
COC[C@H]1COCCN1C(=O)[C@]12C[C@H]1[C@@](C)(c1cc(/C=C(\F)c3ccc(C#N)cn3)ccc1F)N=C(N)S2,Active
CN1C(=N)N[C@@]2(c3cc(Br)ccc3F)CO[C@@H](c3ccc(F)cc3)C[C@H]2C1=O,Active
CC#Cc1ccc2sc3cc(Cl)c([C@]4(C)CC(=O)N(C)C(=N)N4)cc3c2c1,Active
CC1CCCN1CCOc1ccc(Nc2nc(N)n(-c3nc4ccccc4s3)n2)cc1,Moderate
NC1=N[C@](CF)(c2cc(NC(=O)c3ncc(C(F)F)cn3)ccc2F)C(F)(F)CC1,Active
Cc1cc(C#N)cnc1C#Cc1cnc(F)c([C@@]2(C)N=C(N)S[C@@]3(C(=O)N4CCOCC4)CC32)c1,Active
COc1cnc2c(Nc3cc([C@]4(C)CS(=O)(=O)[C@@](C)(C5CC5)C(N)=N4)c(F)cn3)nccc2c1,Active
CCCNc1ccc2c(c1)[C@@]1(C)NC(=N)N(C)S(=O)(=O)[C@H]1CCO2,Moderate
COC1CCC2(CC1)Cc1ccc(OC3CC3)cc1C21NC(=S)N(C)C1=O,Active
CC1(C)C(=N)N[C@](C)(c2cc(NC(=N)c3ncc(F)cc3F)ccc2F)CS1(=O)=O,Moderate
CC1(C)C(=N)N[C@](C)(c2cc(NC(=O)CC3CC3)ccc2F)CS1(=O)=O,Moderate
Cc1noc(COc2cnc(/C(F)=C/c3ccc(F)c([C@@]4(C)N=C(N)S[C@@]5(C(=O)N(C)C)C[C@H]54)c3)cn2)n1,Active
Cc1nnc(COc2cnc(/C(F)=C/c3ccc(F)c([C@@]4(C)N=C(N)S[C@@]5(C(=O)N(C)C)C[C@H]54)c3)cn2)o1,Active
CC[C@@H]1OCC[C@H]2OC(N)=N[C@](CF)(c3cc(NC(=O)c4cnc(OC(F)F)cn4)ccc3F)[C@@H]12,Active
CC1(C)C(=N)N[C@](C)(c2c(F)ccc(NC(=O)c3ccc(F)cn3)c2F)CS1(=O)=O,Active
COc1cnc2c(Nc3ccc(F)c([C@]4(C)CS(=O)(=O)C(C)(C)C(N)=N4)c3)nccc2c1,Active
Cc1cc(C#Cc2ccc(F)c([C@@]3(CF)N=C(N)S[C@@]4(/C=C/C(=O)N5CCOCC5)C[C@H]43)c2)sn1,Active
COc1cc(Cl)ccc1C(=O)Nc1ccc(F)c([C@]2(C)CC3(CCC3)OC(N)=N2)c1,Moderate
CN(C)C(=O)[C@]12C[C@H]1[C@@](C)(c1cc(/C=C(\F)c3cnc(OCc4ncco4)cn3)ccc1F)N=C(N)S2,Active
COc1cccc([C@@]2(C)C(=N)N[C@](C)(c3cc(F)ccc3F)CS2(=O)=O)c1,Moderate
C#CCOc1cnc(/C(F)=C/c2ccc(F)c([C@@]3(C)N=C(N)S[C@@]4(C(=O)NCC(F)F)C[C@H]43)c2)cn1,Active
COC1CC(COc2ccc(F)c([C@]34CO[C@@H](C5CC5)C[C@H]3C(=O)N(C)C(=N)N4)c2)C1,Moderate
Cc1cc(Cl)cnc1C(=O)Nc1ccc(F)c([C@]2(CF)CS(=O)(=O)C3(CC3)C(N)=N2)c1,Active
N#Cc1ccc(C(=O)Nc2ccc(F)c([C@]34CN(c5ncc(F)cn5)C[C@H]3CSC(N)=N4)c2)nc1,Active
COC(=O)[C@]12C[C@H]1[C@@](C)(c1cc(/C=C(\F)c3ccc(Cl)cn3)ccc1F)N=C(N)S2,Active
CN1C[C@@](C)(c2cc(NC(=O)c3ccc(F)cn3)ccc2F)NC(=N)C(C)(C)S1(=O)=O,Active
N#Cc1ccc(/C(F)=C/c2ccc(F)c([C@]34CO[C@H](C(F)(F)F)[C@H]3CSC(N)=N4)c2)nc1,Active
Cc1cc(C#N)cnc1C(=O)Nc1ccc2c(c1)[C@]1(CCC2)CS(=O)(=O)N(C)C(=N)N1,Active
COc1cnc(C(=O)Nc2ccc(F)c([C@]3(C)N=C(NC(=O)c4ccccc4)OC4C[C@@H]43)c2)cn1,Moderate
COCC1(COC)C(=N)N[C@](C)(c2sc(-c3cccc(C#N)c3)cc2Cl)CS1(=O)=O,Moderate
COC1CCC2(CC1)Cc1ccc(OCC(F)(F)F)cc1C21N=C(N)N(C)O1,Active
C[C@]1(c2cc(/C=C(\F)c3cnc(OCC(F)(F)C(F)F)cn3)ccc2F)N=C(N)[C@@]2(CF)CC[C@@H]1S2(=O)=O,Moderate
[C-]#[N+]c1cnc2c(Nc3ccc(F)c([C@]4(CF)CS(=O)(=O)C(C)(C)C(N)=N4)c3)ncc(F)c2c1,Active
COC1CCC2(CC1)Cc1ccc(CCC3CC3)cc1C21N=C(SCc2cccc(F)c2)N(Cc2cccc(F)c2)C1=O,Active
CN1C(=N)N[C@](C)(c2cc(NC(=O)c3ccc(F)cn3)ccc2F)[C@@]2(CCN(S(=O)(=O)c3cn(C)cn3)C2)S1(=O)=O,Active
COc1ccc(C(=O)Nc2ccc(F)c([C@]3(C)CS(=O)(=O)[C@@](C)(c4ccccn4)C(=N)N3)c2)nc1,Active
CN1C(=N)N[C@](C)(c2cc(NC(=O)c3ccc(F)cn3)ccc2F)[C@@]2(CCN(Cc3ccncc3)C2)S1(=O)=O,Active
CN1C(=N)N[C@@]2(c3cc(Oc4ccnnc4)ccc3F)CO[C@@H](C3CC3)C[C@H]2C1=O,Moderate
CC1(C)C(=N)N[C@](C)(c2sc(-c3nnc(-c4ccc(Cl)cc4)o3)cc2Cl)CS1(=O)=O,Active
CC1(C)C(=N)N[C@](C)(c2nc3ccc(-c4cccnc4)cc3s2)CS1(=O)=O,Moderate
C[C@]1(c2cc(/C=C(\F)c3ccc(C#N)cn3)ccc2F)N=C(N)S[C@@]2(C#N)C[C@H]21,Active
COc1cnc(C(=O)Nc2ccc3c(c2)[C@]2(CCO3)CS(=O)(=O)N(C)C(=N)N2)c(C)n1,Moderate
C=CC[C@]1(C)C(=N)N[C@](C)(c2cc(NC(=O)c3cnc(OC)cn3)ccc2F)CS1(=O)=O,Active
CC#Cc1cncc(-c2ccc3c(c2)C2(NC(=S)N(C)C2=O)C2(CCC(OC)CC2)C3)c1,Active
CN1C(=O)C2(N=C1NC(=O)OC(C)(C)C)c1cc(Br)ccc1OC21CCc2ccccc2CC1,Active
COc1cncc(-c2cc(F)c([C@]3(C)CS(=O)(=O)C(C)(CC(F)(F)F)C(=N)N3)s2)c1,Moderate
C[C@@]1(c2cc(/C=C(\F)c3ccc(Cl)cn3)ccc2F)CO[C@@](C)(C(F)(F)F)C(N)=N1,Moderate
CN1C(=N)N[C@](C)(c2cc(NC(=O)c3ccc(F)cn3)ccc2F)[C@]2(CCN(Cc3ccccn3)C2)S1(=O)=O,Active
COC1CCC2(CC1)Cc1ccc(C#CC3CC3)cc1C21N=C(SCC2CCCO2)N(CC2CCCO2)C1=O,Active
COc1cnc2c(Nc3ccc(F)c([C@]4(C)CS(=O)(=O)[C@@](C)(C5CC5)C(N)=N4)c3)ccnc2n1,Active
Cc1nc2c(Nc3ccc(F)c([C@]4(C)CS(=O)(=O)CC(N)=N4)c3)nccc2s1,Moderate
CCc1cc(Cl)cnc1C(=O)Nc1ccc(F)c([C@]2(C)CS(=O)(=O)C(C)(C)C(N)=N2)c1,Active
C[C@]1(CC(F)(F)F)C(=N)N[C@](C)(c2sc(-c3cccc(C#N)c3)cc2F)CS1(=O)=O,Active
COC1CCC2(CC1)Cc1ccc(C#CC(C)(C)C)cc1C21N=C(SC)N(C)C1=O,Active
Cc1cn(C(F)F)nc1C(=O)Nc1ccc(F)c([C@]2(C)CO[C@@](C)(C(F)(F)F)C(N)=N2)n1,Active
COC[C@H]1C[C@@H]2[C@](c3cc(Oc4cccnc4)ccc3F)(CO1)NC(=N)N(C)S2(=O)=O,Active
COC1CCC2(CC1)Cc1ccc(C#CC3CC3)cc1C21N=C(SCc2nncn2C)N(Cc2nncn2C)C1=O,Active
CN1C(=N)N[C@]2(C)c3cc(NC(=O)c4ccc(Cl)cn4)ccc3CCC[C@@H]2S1(=O)=O,Active
CN1C(=N)N[C@@]2(c3cc(C#N)ccc3F)CO[C@@H](C3CC3)C[C@H]2C1=O,Moderate
CC1(c2cc(NC(=O)c3ccc(F)cn3)ccc2F)N=C(N)OC2(CCOCC2)C1(F)F,Active
COc1ccc(F)c([C@]23CO[C@@H](CO)C[C@H]2S(=O)(=O)C(C)(C)C(=N)N3)c1,Moderate
COc1cnc(C(=O)Nc2ccc(F)c([C@]3(C)CS(=O)(=O)[C@](C)(C4CC4)C(=N)N3)c2)cn1,Active
CC1(C)C(N)=N[C@](C)(c2cc(/C=C(\F)c3ccc(C#N)cn3)cnc2F)CS1(=O)=O,Active
CN1C(N)=N[C@](C)(c2cc(/C=C(\F)c3ncc(C#N)s3)ccc2F)CS1(=O)=O,Active
COC[C@]12C[C@H]1[C@@](C)(c1cc(/C=C(\F)c3cc4c(cn3)OCCO4)ccc1F)N=C(N)S2,Moderate
CC1(C)C(=N)N[C@](C)(c2cc(NC(=O)c3ccc(C(F)(F)F)cn3)cc(Cl)c2F)CS1(=O)=O,Active
CC1(C)C(N)=N[C@](C)(c2cc(/C=C(\F)c3ccc(F)cn3)ccc2F)CS1(=O)=O,Active
NC1=N[C@](CF)(c2cc(NC(=O)c3ccc(F)cn3)ccc2F)C(F)(F)CC1,Active
Cc1nc(COc2cnc(/C(F)=C/c3cc(F)c(F)c([C@]4(C)CS(=O)(=O)N(C)C(N)=N4)c3)cn2)c(C)o1,Active
C[C@H]1C[C@H]2CSC(N)=N[C@@]2(c2nc(NC(=O)c3cc(Cl)n(C)n3)cs2)CO1,Moderate
CN1C[C@@](C)(c2cc(NC(=O)c3ccc(Cl)cn3)ccc2F)NC(=N)C(C)(C)S1(=O)=O,Active
C[C@@]1(c2cc(NC(=O)c3ccc(F)cn3)ccc2F)CC2(CCC2)SC(N)=N1,Active
COc1ccc(C(=O)Nc2ccc(F)c([C@@]3(C)NC(=N)N(C)S(=O)(=O)[C@]34CCN(S(=O)(=O)CC3CCCO3)C4)c2)nc1,Active
C[C@@]1(c2cc(/C=C(\F)c3ccc(Cl)cn3)ccc2F)CCSC(N)=N1,Moderate
Cc1cc(C2(c3cccc(C4CNC4)c3)N=C(N)N(C)C2=O)ccc1OC(F)CF,Moderate
COCC#Cc1ccc2sc3ccc([C@]4(C)CC(=O)N(C)C(=N)N4)cc3c2c1,Moderate
CN1C(=N)N[C@](C)(c2cc(NC(=O)c3ccc(Cl)cn3)ccc2F)C2(CC2)S1(=O)=O,Active
COc1cccn2cc(-c3cc(Cl)c([C@]4(C)CS(=O)(=O)C(C)(C)C(=N)N4)s3)nc12,Moderate
CN1C(=N)N[C@]2(C)c3cc(NC(=O)c4ncc(F)cc4F)ccc3CCC[C@@H]2S1(=O)=O,Active
CN1C(N)=N[C@](C)(c2cc(/C=C(\F)c3cc4c(cn3)OCO4)ccc2F)CS1(=O)=O,Moderate
CC1(C)C(N)=N[C@](C)(c2cc(Nc3nccc4cc(Cl)cnc34)cc(F)c2F)CS1(=O)=O,Active
CC(C)(C)OC(=O)N(C(=O)OC(C)(C)C)C1=N[C@](C)(c2cc(B3OC(C)(C)C(C)(C)O3)ccc2F)CS(=O)(=O)C1(C)C,Moderate
N#Cc1ccc2c(c1)OCC[C@@H]2Nc1ccc(F)c([C@@]2(C(F)F)N=C(N)O[C@@H]3C[C@@H]32)c1,Moderate
CC(C)N1C(=O)NC2(C1=O)c1cc(B3OC(C)(C)C(C)(C)O3)ccc1CC21CCC(OC(F)F)CC1,Active
C[C@@]1(c2cc(NC(=O)c3ccc(OCF)cn3)ccc2F)Cn2nncc2C(N)=N1,Active
CC(C)CC(=O)N1CCC2(C1)[C@@](C)(c1cc(NC(=O)c3ccc(F)cn3)ccc1F)NC(=N)N(C)S2(=O)=O,Active
C[C@@]1(c2cc(-c3cc(-c4cnc(OCC(F)F)cn4)no3)ccc2F)C[S@@]2(=O)=NCCCCN2C(N)=N1,Active
C[C@@]1(c2ccc(F)cc2)C(=N)N[C@](C)(c2cc(NC(=O)c3ccc(F)cn3)ccc2F)CS1(=O)=O,Moderate
CN1C(=N)N[C@](C)(c2cccc(Nc3ncccc3C#N)n2)CS1(=O)=O,Moderate
C[C@]1(c2cc(/C=C(\F)c3ccc(C#N)cn3)cnc2F)N=C(N)S[C@@]2(C(=O)N3CC[C@@H](F)C3)C[C@H]21,Active
C[C@@]1(c2cccc(F)c2)C(=N)N[C@](C)(c2cc(NC(=O)c3ccc(F)cn3)ccc2F)CS1(=O)=O,Moderate
Cc1cc(C#N)cnc1C#Cc1ccc(F)c([C@@]2(CF)N=C(N)S[C@@]3(C(=O)N(C)C)C[C@H]32)c1,Active
NC1=N[C@@]2(c3cc(/C=C(\F)c4ccc(C(F)(F)F)cn4)ccc3F)CO[C@H](C(F)(F)F)[C@H]2CS1,Active
COC[C@]12C[C@H]1[C@@](C)(c1cc(/C=C(\F)c3cnc(OCC4CCC4)cn3)ccc1F)N=C(N)S2,Moderate
CC1(C)C(N)=N[C@](C)(c2cc(/C=C(\F)c3cnc(CC4CCC4)cn3)ccc2F)CS1(=O)=O,Moderate
C[C@]1(c2cc(/C=C(\F)c3ccc(C#N)cn3)ccc2F)N=C(N)S[C@@]2(C(=O)N3CC[C@@H](O)C3)C[C@H]21,Active
COCCN1C(=O)NC2(C1=O)c1cc(Br)ccc1CC21CCC(OC)CC1,Active
NC1=N[C@]2(c3nc(NC(=O)c4ccc(Cl)cn4)cs3)CO[C@H](C(F)(F)F)C[C@@H]2CO1,Inactive
Cc1nnc(COc2cnc(/C(F)=C/c3ccc(F)c([C@]4(C)CS(=O)(=O)N(C)C(N)=N4)c3)cn2)o1,Active
N#Cc1ccc(C#Cc2ccc(F)c([C@@]3(CF)N=C(N)S[C@@]4(/C=C/C(=O)N5CCOCC5)C[C@H]43)c2)cc1,Active
CN1C(N)=N[C@](C)(c2cc(/C=C(\F)c3ccc(C#N)cc3)ccc2F)CS1(=O)=O,Active
N#CC1(Cc2ccc(Br)cc2I)CCc2ccccc2CC1,Active
C#Cc1cnc(/C(F)=C/c2ccc(F)c([C@@]3(C)N=C(N)S[C@@]4(C(=O)N5CCOCC5)C[C@H]43)c2)cn1,Active
COc1cnc(C(=O)Nc2ccc(F)c([C@]3(C)CS(=O)(=O)[C@](C)(CC4CC4)C(=N)N3)c2)cn1,Active
CCC(CN1C(=N)NC(c2ccccc2)(c2ccccc2)C1=O)c1ccccc1,Moderate
C[C@@]1(F)C[C@H](F)[C@@](C)(c2cc(NC(=O)c3coc(C(F)F)n3)ccc2F)N=C1N,Active
NC1=N[C@](CF)(c2cc(NC(=O)c3ccc(OC(F)F)cn3)ccc2F)[C@H]2COCC[C@H]2O1,Active
C[C@H]1C[C@H]2C(=O)N(C)C(=N)N[C@@]2(c2cc(Oc3cc(C#N)ccn3)ccc2F)CO1,Active
CN1C(=N)N[C@]2(C)c3cc(NC(=O)c4ccc(C#N)cn4)ccc3CCC[C@@H]2S1(=O)=O,Active
CC1=N[C@@]2(C[C@]3(CCCOC3)Oc3ccc(-c4cccc(Cl)c4)cc32)N=C1N,Active
COC1CCC2(CC1)Cc1ccc(N3CCCC3)cc1C21N=C(SC)N(C)C1=O,Moderate
CC1(C)C(=N)N[C@](C)(c2sc(C(=O)NCc3ccc(C#N)cc3)cc2Cl)CS1(=O)=O,Moderate
Cc1ccc(C(=O)Nc2ccc(F)c([C@]3(C)CS(=O)(=O)C(C)(C)C(=N)N3)c2)nc1,Active
C#CCOc1ccc(C(=O)Nc2ccc3c(c2)[C@]2(CCC3)CS(=O)(=O)N(C)C(=N)N2)nc1,Active
Nc1nc(Nc2ccc(OCCN3CCCCC3)cc2)nn1-c1cccc(Cl)n1,Inactive
Cc1cc(OC(F)F)cnc1C(=O)Nc1ccc(F)c([C@@]2(C)N=C(N)C3(CC3)S(=O)(=O)[C@@H]2F)c1,Active
CN1C(=N)N[C@@]2(c3cc(OCC4CCC4)ccc3F)CO[C@@H](C3CC3)C[C@H]2C1=O,Active
Cc1ncc2c(n1)C[C@@](C)(c1cc(-c3cccc(C#N)c3)cs1)NC2=N,Moderate
CC1(C)C(N)=N[C@](C)(c2cc(/C=C(\F)c3cnc(OCC4CCCCC4)cn3)ccc2F)CS1(=O)=O,Moderate
C[C@@]1(c2sc(-c3cccc(-c4nnco4)c3)cc2Cl)Cc2ncncc2C(=N)N1,Active
Cc1cc(C2(c3cc(F)cc(F)c3)N=C(N)N(C)C2=O)ccc1OC(F)F,Moderate
CCCCN1CC[C@]2(C1)[C@@](C)(c1cc(NC(=O)c3ccc(F)cn3)ccc1F)NC(=N)N(C)S2(=O)=O,Active
C[C@H]1C[C@@H]2[C@](c3cc(OCC45CC(C#N)(C4)C5)ccc3F)(CO1)NC(=N)N(C)S2(=O)=O,Active
CC(C)N1C(=O)C2(N=C1N)c1cc(Br)ccc1CC21CCc2ccccc2CC1,Moderate
C[C@]1(c2cc(-c3cccc(C#N)c3)cs2)NC(=N)c2cncnc2C1(F)F,Active
COc1cnc2c(Nc3ccc(F)c([C@]4(C)CS(=O)(=O)[C@@](C)(C5CC5)C(N)=N4)c3)nccc2c1,Active
COC(=O)[C@@H]1C[C@@](C)(c2cc(/C=C(\F)c3ccc(Cl)cn3)ccc2F)N=C(N)S1,Active
CN1C(=N)N[C@]2(C)c3cc(NC(=O)c4ncc(Cl)cc4Cl)ccc3OCC[C@@H]2S1(=O)=O,Active
CN(C)C(=O)[C@]12C[C@H]1[C@@](C)(c1cc(/C=C(\F)c3cnc(Br)cn3)ccc1F)N=C(N)S2,Active
CN1C(N)=N[C@](C)(c2cc(/C=C(\F)c3cnc(OCc4cocn4)cn3)cc(F)c2F)CS1(=O)=O,Active
Cc1cncc(Oc2ccc(F)c([C@]34CO[C@@H](C5CC5)C[C@H]3C(=O)N(C)C(=N)N4)c2)n1,Active
CC1(C)C(N)=N[C@](C)(c2cc(NC(=O)c3nn(C(F)F)cc3Cl)ccc2F)CS1(=O)=O,Active
C#CCOc1cnc(/C(F)=C/c2ccc(F)c([C@]34CN(C(=O)CC)C[C@H]3CSC(N)=N4)c2)cn1,Active
CN1C(=O)C(C2CCCCC2)(C2CCCCC2)N=C1N,Moderate
CC(C)Cc1cc(C(=O)Nc2csc([C@]34CO[C@@H](C)C[C@H]3CSC(N)=N4)n2)no1,Moderate
COc1ccc(-c2nnc(-c3cc(F)c([C@]4(C)CS(=O)(=O)C(C)(C)C(=N)N4)s3)o2)cc1,Active
C=C(C)c1cc(Cl)cnc1C(=O)Nc1ccc(F)c([C@]2(C)CS(=O)(=O)C(C)(C)C(N)=N2)c1,Active
C[C@H]1C[C@@H]2[C@](c3cc(Oc4ncncc4F)ccc3F)(CO1)NC(=N)N(C)S2(=O)=O,Active
CN1C(N)=N[C@](C)(c2cc(/C=C(\F)c3ncc(C(F)(F)F)cc3Cl)ccc2F)CS1(=O)=O,Active
C[C@]1(c2sc(-c3cccc(-c4nnco4)c3)cc2Cl)NC(=N)c2cncnc2C1(F)F,Active
C[C@@]1(c2cc(Br)ccc2F)CS(=O)(=O)C2(CC(O)C2)C(N)=N1,Moderate
COC(=O)c1ccc(-c2cc(Cl)c([C@]3(C)CS(=O)(=O)C(C)(C)C(=N)N3)s2)[nH]1,Active
CC1CC(C)CN(C(=O)[C@]23C[C@H]2[C@@](C)(c2cc(/C=C(\F)c4ccc(C#N)cn4)ccc2F)N=C(N)S3)C1,Active
CN(C)C(=O)[C@]12C[C@H]1[C@@](C)(c1cc(/C(F)=C/c3ccc(Cl)cn3)ccc1F)N=C(N)S2,Moderate
COC1CCC2(CC1)Cc1ccc(Br)cc1C21NC(=O)N(C)C1=O,Active
COc1ccc(C(=O)Nc2ccc(F)c([C@@]3(C)NC(=N)N(C)S(=O)(=O)[C@@]34CCN(S(C)(=O)=O)C4)c2)nc1,Active
Cc1nc(C(=O)Nc2ccc(F)c([C@]3(C)CN(C)S(=O)(=O)C(C)(C)C(=N)N3)c2)c(C)o1,Moderate
N#Cc1ccc(C#Cc2ccc(F)c([C@@]3(CF)N=C(N)S[C@@]4(CO)C[C@H]43)c2)nc1,Active
C[C@H]1C[C@H]2CSC(N)=N[C@@]2(c2nc(NC(=O)c3cn(C)cn3)cs2)CO1,Inactive
Cc1cc(C2(c3cccc(-c4cncc(F)c4)c3)N=C(N)N(C)C2=O)ccc1OC(F)F,Active
CN1C[C@@](C)(c2cc(NC(=O)c3cn4ccc(C#N)cc4n3)ccc2F)NC(=N)C(C)(C)S1(=O)=O,Moderate
CC(C)c1cccc(CNC[C@@H](O)[C@@H]2Cc3cccc(c3)OCCCCNc3cccc(c3)C(=O)N2)c1,Moderate
Cc1cc2cc(n1)OCCCCOc1cccc(c1)C[C@@H]([C@H](O)CNCc1cccc(C(C)C)c1)NC2=O,Active
CO[C@H](C[C@H](O)[C@H](COc1cc(F)cc(F)c1)NC(=O)c1cc(C(=O)N[C@H](C)c2ccccc2)cc(N(C)CS(C)(=O)=O)c1)C(=O)Nc1ccccc1,Moderate
C[C@]1(c2cc(/C=C(\F)c3ccc(Cl)cn3)ccc2F)N=C(N)S[C@@]2(C(=O)N3CCC3)C[C@H]21,Active
C[C@@]1(c2cc(/C=C/c3ccc(Cl)cc3)ccc2F)CC2(CCC2)OC(N)=N1,Moderate
CC1(C)C(=N)N[C@](C)(c2sc(-c3cccc(C(F)(F)F)c3)cc2Cl)CS1(=O)=O,Active
CC1(C)C(=N)N[C@](C)(c2sc(C(=O)NCc3cccc(F)c3)cc2Cl)CS1(=O)=O,Moderate
Nc1nc(Nc2ccc(OCCN3CCCCC3)cc2)nn1-c1ccnc(N2CCOCC2)c1,Moderate
C#CCOc1cnc(/C(F)=C/c2ccc(F)c([C@@]3(C)N=C(N)S[C@@]4(C(=O)N5CCOCC5)C[C@H]43)c2)cn1,Active
COc1cc(Br)cnc1C(=O)Nc1ccc2c(c1)[C@@]1(C)NC(=N)N(C)S(=O)(=O)[C@H]1CCC2,Active
CO[C@H](C[C@H](O)[C@H](COc1cc(F)cc(F)c1)NC(=O)c1cc(C(=O)N[C@H](C)c2ccccc2)cc(N(C)CS(C)(=O)=O)c1)C(=O)Nc1ccc(F)cc1,Active
NC1=N[C@@]2(c3nc(NC(=O)c4ccc(OC(F)F)cn4)cs3)COC3(CCC3)C[C@H]2CO1,Moderate
C[C@@]1(c2nc(NC(=O)c3ccc(C#N)cn3)ccc2F)C[S@@]2(=O)=NCCCCN2C(N)=N1,Active
CN1C(N)=N[C@](C)(c2cc(/C=C(\F)c3cnc(OCC(F)(F)C(F)F)cn3)ccc2F)CS1(=O)=O,Active
COc1cnc2c(Nc3cc([C@]4(C)CS(=O)(=O)N(C)C(=N)N4)c(F)cn3)nccc2c1,Active
C[C@@]1(c2cc(Nc3ncnc4cc(Cl)ccc34)ccc2F)CC2(CCC2)OC(N)=N1,Moderate
CN1C(=N)N[C@]2(C)c3cc(NC(=O)c4ccc(C#N)cn4)ccc3CCC[C@H]2S1(=O)=O,Active
COCC(=O)Nc1cccc(C2(C3CCCCC3)N=C(N)N(C)C2=O)c1,Moderate
CO[C@H](C[C@H](O)[C@H](COCc1ccc(Br)cc1)NC(=O)c1cc(C(=O)N[C@H](C)c2ccccc2)cc(N(C)CS(C)(=O)=O)c1)C(=O)N[C@H](C(=O)NCc1ccccc1)C(C)C,Active
Cc1cnc(COc2cnc(/C(F)=C/c3cc(F)c(F)c([C@]4(C)CS(=O)(=O)N(C)C(N)=N4)c3)cn2)o1,Active
COc1cnc2c(Nc3cnc(F)c(C4(C)CS(=O)(=O)C(C)(C)C(N)=N4)c3)nccc2c1,Active
CC1=NC2(N=C1N)c1cc(-c3cc(F)cc(C#N)c3)ccc1C[C@]21CC[C@@H](OC(F)F)CC1,Active
C[C@@]1(c2ccccn2)C(=N)N[C@](C)(c2sc(-c3cccc(C#N)c3)cc2F)CS1(=O)=O,Moderate
COC1CCC2(CC1)Cc1ccc(-c3ccn(C)c(=S)c3)cc1C21NC(=S)N(C)C1=O,Moderate
C#C[C@H](C)Oc1cnc(/C(F)=C/c2ccc(F)c([C@]34CN(c5ncc(F)cn5)C[C@H]3CSC(N)=N4)c2)cn1,Active
CCCNC1=NC(c2ccc(F)cc2)NC(=O)N1,Inactive
COc1cnc(C(=O)Nc2ccc(F)c([C@]3(C)CS(=O)(=O)[C@](C)(CC(F)(F)F)C(=N)N3)c2)cn1,Moderate
C[C@@]1(c2cc(-c3cccc(C#N)c3)cs2)Cc2nc(C(F)(F)F)ncc2C(=N)N1,Active
CN(C)C(=O)[C@]12C[C@H]1[C@@](C)(c1cc(/C=C(\F)c3ccc(C#N)nc3)ccc1F)N=C(N)S2,Moderate
N#Cc1ccc(/C(F)=C/c2ccc(F)c([C@@]3(C(F)F)N=C(N)O[C@@H]4C[C@@H]43)c2)nc1,Moderate
C[C@H](O)COc1cnc(/C(F)=C/c2ccc(F)c([C@]3(C)CS(=O)(=O)C(C)(C)C(N)=N3)c2)cn1,Moderate
CC1=N[C@]2(CC([C@@H]3CCOC(C)(C)C3)Oc3ccc(-c4cccc(Cl)c4)cc32)N=C1N,Active
CO[C@H](C[C@H](O)[C@H](COc1cc(F)cc(F)c1)NC(=O)c1cc(C(=O)N[C@H](C)c2ccccc2)cc(N(C)CS(C)(=O)=O)c1)C(=O)NCc1ccccc1,Moderate
C[C@@]1(c2cc(NC(=O)c3ccc(F)cn3)ccc2F)CS(=O)(=O)[C@](C)(CC2CC2)C(=N)N1,Active
CC1(C)COCCN1C(=O)[C@]12C[C@H]1[C@@](C)(c1cc(/C=C(\F)c3ccc(C#N)cn3)ccc1F)N=C(N)S2,Active
COc1cnc(C(=O)Nc2ccc(F)c([C@]34CCC[C@H]3S(=O)(=O)N(C)C(=N)N4)c2)cn1,Active
CN1C(=N)N[C@@]2(c3cc(Oc4ncc(F)cc4F)ccc3F)CO[C@@H](C3CC3)C[C@H]2C1=O,Active
C#Cc1ccc(/C(F)=C/c2ccc(F)c([C@@]3(C)N=C(N)S[C@@]4(C(=O)N(C)C)C[C@H]43)c2)nc1,Active
C[C@H]1C[C@H]2CSC(N)=N[C@@]2(c2nc(NC(=O)c3cc4n(n3)CCC4)cs2)CO1,Moderate
C[C@H]1C[C@H]2CSC(N)=N[C@@]2(c2nc(NC(=O)c3coc(CF)n3)cs2)CO1,Active
C[C@@]1(F)C[C@H](F)[C@@](C)(c2cc(NC(=O)c3ccn(C(F)F)n3)ccc2F)N=C1N,Active
C#CCOc1cnc(/C(F)=C/c2ccc(F)c([C@]34CO[C@H](C(F)(F)F)[C@H]3CSC(N)=N4)c2)cn1,Moderate
NC1=NC(c2ccccc2)(C2CCCCC2)C(=O)N1C[C@H]1CC[C@H](C(=O)O)CC1,Moderate
COC[C@]12C[C@H]1[C@@](C)(c1cc(/C=C(\F)c3cnc(OCC4CC(F)(F)C4)cn3)ccc1F)N=C(N)S2,Moderate
C[C@H]1C[C@@H]2[C@](c3cc(Oc4cc(F)cnc4F)ccc3F)(CO1)NC(=N)N(C)S2(=O)=O,Active
CN1C(=N)N[C@](C)(c2cc(NC(=O)c3ccc(F)cn3)ccc2F)[C@@]2(CCN(Cc3ccccn3)C2)S1(=O)=O,Active
Nc1nc(Nc2ccc(OCCN3CCCC3)c(Cl)c2)nn1-c1nc2ccccc2s1,Moderate
CN1C(=O)C(c2cc(F)cc(F)c2)(c2ccnc(F)c2)N=C1N,Moderate
CC1(C)C(=N)N[C@](C)(c2nc3ccc(-c4ccc(F)cc4)cc3s2)CS1(=O)=O,Moderate
Cc1ncc2c(n1)C[C@@](C)(c1sc(-c3cccc(-c4ncno4)c3)cc1Cl)NC2=N,Moderate
C[C@]1(c2cc(/C=C(\F)c3ccc(C#N)cn3)cnc2F)N=C(N)S[C@@]2(C(=O)N3CCOCC3)C[C@H]21,Active
COCCN1C(=O)NC2(C1=O)c1cc(Br)ccc1CC21CCc2ccccc2CC1,Active
Cn1ccnc1C(=O)Nc1ccc(F)c([C@@]2(C)N=C(N)[C@](C)(F)C[C@@H]2F)c1,Moderate
CN1C(=N)N[C@@]2(CCOc3ccc(NC(=O)c4cnc(OCC(F)(F)F)cn4)cc32)CS1(=O)=O,Active
C[C@H]1COc2cnc(/C(F)=C/c3ccc(F)c([C@]4(C)CS(=O)(=O)N(C)C(N)=N4)c3)nc2O1,Moderate
Cc1cc(C(F)F)cnc1C(=O)Nc1ccc(F)c([C@@]2(C)N=C(N)C3(CC3)S(=O)(=O)[C@@H]2F)c1,Active
CN(C)C(=O)[C@]12C[C@H]1[C@@](C)(c1cc(/C=C(\F)c3cnc(OCC4CC4(F)F)cn3)ccc1F)N=C(N)S2,Active
C[C@]1(c2cc(/C=C(/F)c3ccc(C#N)cn3)ccc2F)N=C(N)S[C@@]2(C(=O)N3CCOCC3)C[C@H]21,Active
CC1(C)C(=N)N[C@](C)(c2cc(NC(=O)C3CC3)ccc2F)CS1(=O)=O,Moderate
Cc1nnc(COc2cnc(/C(F)=C/c3cc(F)c(F)c([C@]4(C)CS(=O)(=O)N(C)C(N)=N4)c3)cn2)o1,Active
CC#C[C@@H](CC)Oc1cnc(/C(F)=C/c2ccc(F)c([C@]3(C)CS(=O)(=O)C(C)(C)C(N)=N3)c2)cn1,Active
Cc1ncc2c(n1)C[C@](c1cc(NC(=O)c3ccc(C#N)cn3)ccc1F)(C(F)F)NC2=N,Active
COc1ccc(C(=O)Nc2ccc(F)c([C@@]3(C)NC(=N)N(C)S(=O)(=O)[C@]34CCN(S(=O)(=O)C3CC3)C4)c2)nc1,Active
CN(C)C(=O)[C@]12C[C@H]1[C@@](C)(c1cc(/C=C(\F)c3cn4cc(C#N)ccc4n3)ccc1F)N=C(N)S2,Moderate
Nc1nc(Nc2ccc(OCCN3CCCC3)cc2)nn1-c1ccc(Cl)cn1,Moderate
COC(=O)[C@]12C[C@H]1[C@@](C)(c1cc(/C=C(\F)c3ccc(Cl)cn3)cnc1F)N=C(N)S2,Moderate
C[C@@]1(c2cc(/C=C(\F)c3ccc(C#N)cn3)ccc2F)CO[C@@](C)(C(F)(F)F)C(N)=N1,Active
CC1(C)C(=N)N[C@](C)(c2nc(-c3cccc(C#N)c3)ccc2F)CS1(=O)=O,Moderate
C[C@@]1(c2cccc(F)c2)C(=N)N[C@](C)(c2sc(-c3cccc(C#N)c3)cc2F)CS1(=O)=O,Moderate
COc1cnc(C(=O)Nc2ccc3c(c2)[C@]2(CCC3)CS(=O)(=O)N(C)C(=N)N2)cn1,Moderate
Cc1cc(C2(c3cnn(C)c3)N=C(N)N(C)C2=O)ccc1OC(F)F,Moderate
COc1cnc(C(=O)Nc2ccc(F)c([C@@]3(CF)N=C(N)CCC3(F)F)c2)cn1,Active
CN1C(N)=N[C@](C)(c2cc(/C=C(\F)c3cnc(C#CC4CC4)cn3)ccc2F)CS1(=O)=O,Active
Cc1nc(C(=O)Nc2cc(F)c(F)c([C@@]3(CF)N=C(N)CCC3(F)F)c2)co1,Active
CN1C(=N)N[C@](C)(c2cc(NC(=O)c3ccc(F)cn3)ccc2F)[C@@]2(CCN(S(=O)(=O)c3ccccc3)C2)S1(=O)=O,Active
CN1C(=N)N[C@@]2(c3cc(Oc4ccnc(C(F)F)c4)ccc3F)CO[C@@H](C3CC3)C[C@H]2C1=O,Active
CC(C)c1cc(C2(c3cccc(-c4cncnc4)c3)N=C(N)N(C)C2=O)ccn1,Active
Cc1noc(CC(=O)Nc2cc(F)c(F)c([C@]3(C)CS(=O)(=O)C(C)(C)C(=N)N3)c2)n1,Moderate
CC1CCCN1CCOc1ccc(Nc2nc(N)n(-c3nc4ccccc4n3C)n2)cc1,Moderate
C#CCOc1cnc(/C(F)=C/c2ccc(F)c([C@@]3(C)N=C(N)C(C)(C)S(=O)(=O)[C@H]3F)c2)cn1,Active
Cc1cc(C#N)cnc1C(=O)Nc1ccc2c(c1)[C@@]1(C)NC(=N)N(C)S(=O)(=O)[C@H]1CCC2,Active
C#CCOc1cnc(/C(F)=C/c2ccc(F)c([C@]34CN(C(=O)OC(C)C)C[C@H]3CSC(N)=N4)c2)cn1,Active
C[C@@]1(c2cc(Nc3nccc4cc(C#N)cnc34)ncc2F)CS(=O)(=O)[C@@](C)(C2CC2)C(N)=N1,Active
COc1ccc(C(=O)Nc2ccc(F)c([C@@]3(C)NC(=N)N(C)S(=O)(=O)[C@@]34CCN(S(=O)(=O)CC3CCCO3)C4)c2)nc1,Active
COC(=O)[C@@]12SC(N)=N[C@](C)(c3cc(/C=C(\F)c4ccc(C#N)cn4)ccc3F)[C@@H]1C2(F)F,Active
C[C@]1(c2cc(/C=C(\F)c3ccc(C#N)cn3)ccc2F)N=C(N)S[C@@]2(C(=O)N3CC[C@H](O)C3)C[C@H]21,Active
CC#Cc1ccc2sc3cc(F)c([C@]4(C)CS(=O)(=O)C(C)(C)C(=N)N4)cc3c2c1,Active
CC(C)N1C(=O)NC2(C1=O)c1cc(Br)ccc1CC21CCc2ccccc2CC1,Active
CC1(C)C(=N)N[C@](C)(c2sc(-c3ccc(F)c(C#N)c3)cc2Cl)CS1(=O)=O,Moderate
CC1(C)CC2CC(C)(CN2C(=O)[C@]23C[C@H]2[C@@](C)(c2cc(/C=C(\F)c4ccc(C#N)cn4)ccc2F)N=C(N)S3)C1,Active
CC1(C)C(N)=N[C@](C)(c2cc(Nc3csc4cc(C#N)cnc34)ccc2F)CS1(=O)=O,Active
CN1C(=N)N[C@](C)(c2cc(NC(=O)c3ccc(F)cn3)ccc2F)[C@]2(CCN(Cc3cscn3)C2)S1(=O)=O,Active
CCc1cc([C@]2(c3cccc(-c4cncnc4)c3)N=C(N)N(C)C2=O)cc(CC)n1,Active
COc1cnc2c(Nc3ccc(F)c([C@]4(C)CS(=O)(=O)[C@@](CF)(C5CC5)C(N)=N4)c3)nccc2n1,Active
C[C@]1(c2cc(C#Cc3ccc(C#N)cn3)ccc2F)N=C(N)S[C@]2(CO)[C@H]1C2(F)F,Active
C#CCOc1cnc(/C(F)=C/c2cnc(F)c([C@@]3(C)N=C(N)S[C@@]4(C(=O)O)C[C@H]43)c2)cn1,Active
CC1(C)C(=N)N[C@](C)(c2cc(NC(=O)C3CCC3(F)F)ccc2F)CS1(=O)=O,Moderate
C[C@@]1(F)C[C@H](F)[C@@](C)(c2cc(NC(=O)c3cnc(C(F)F)cn3)ccc2F)N=C1N,Active
CN1C(=O)C(c2cccc(NC(=O)c3ccco3)c2)(C2CCCCC2)N=C1N,Active
Cc1ccoc1C(=O)Nc1cccc(C2(C3CCCCC3)N=C(N)N(C)C2=O)c1,Active
Cc1ccc(C(=O)Nc2ccc3c(c2)[C@@]2(C)NC(=N)N(C)S(=O)(=O)[C@H]2CCO3)nc1,Active
C[C@@]1(c2sc(Br)cc2F)CS(=O)(=O)[C@@](C)(c2ccccn2)C(=N)N1,Moderate
C[C@@]1(c2cc(NC(=O)c3cnc(OCC(F)(F)F)cn3)ccc2F)Cn2nncc2C(N)=N1,Active
CC1(N)C(=N)N[C@](C)(c2nc(NC(=O)c3ccc(C#N)cn3)ccc2F)CS1(=O)=O,Active
COC[C@]12C[C@H]1[C@@](C)(c1cc(/C=C(\F)c3cnc(OCC4COC4)cn3)ccc1F)N=C(N)S2,Moderate
[C-]#[N+]c1cnc2c(Nc3ccc(F)c([C@]4(C)CS(=O)(=O)N(C)C(=N)N4)c3F)nccc2c1,Active
CN(C)C(=O)/C=C/[C@]12C[C@H]1[C@@](CF)(c1cc(C#Cc3ccc(C#N)cn3)ccc1F)N=C(N)S2,Active
COc1ccc(C(=O)Nc2ccc(F)c([C@@]3(C)NC(=N)N(C)S(=O)(=O)[C@]34CCN(CC3CC3)C4)c2)nc1,Active
COc1ccc(C(=O)Nc2ccc(F)c([C@]3(C)CS(=O)(=O)C(C)(C)C(=N)N3)c2F)nc1,Active
Cc1nnc(-c2ccc(F)c(-c3cc(F)c([C@]4(C)CS(=O)(=O)C(C)(C)C(=N)N4)s3)c2)o1,Moderate
C[C@@]1(c2ccccn2)C(=N)N[C@](C)(c2cc(NC(=O)c3ccc(C(F)(F)F)cn3)ccc2F)CS1(=O)=O,Moderate
C[C@]1(c2cc(/C=C(\F)c3ccc(C#N)cn3)ccc2F)N=C(N)S[C@@]2(C(=O)N3C4CCC3COC4)C[C@H]21,Active
C[C@@]1(c2sc(-c3cccc(-c4nnco4)c3)cc2F)CS(=O)(=O)[C@](C)(CC(F)(F)F)C(=N)N1,Moderate
Cc1cc(Cl)cnc1C(=O)Nc1ccc(F)c([C@@]2(C)N=C(N)C3(CC3)S(=O)(=O)[C@@H]2F)c1,Active
CC1(C)C(N)=N[C@](C)(c2cc(/C=C(\F)c3cnc(Cl)cn3)ccc2F)C(F)(F)S1(=O)=O,Moderate
C[C@@]1(c2cccc(Br)c2)C(=N)N[C@](C)(c2ccc(F)cc2F)CS1(=O)=O,Moderate
C#C[C@H](C)Oc1cnc(/C(F)=C/c2ccc(F)c([C@@]3(C)N=C(N)N(C)S(=O)(=O)C3(C)C)c2)cn1,Active
Cc1nc(COc2cnc(/C(F)=C/c3cc(F)c(F)c([C@]4(C)CS(=O)(=O)N(C)C(N)=N4)c3)cn2)no1,Active
CN1C(=N)N[C@@]2(c3cc(Oc4cncc(C#N)c4)ccc3F)CO[C@@H](C3CC3)C[C@H]2C1=O,Active
CN1C(=N)N[C@](C)(c2cc(NC(=O)c3ccc(F)cn3)ccc2F)[C@@]2(CCN(S(=O)(=O)Cc3cccnc3)C2)S1(=O)=O,Active
C[C@@]1(c2cc(-c3cncc(C#N)c3)ccc2F)Cc2ncncc2C(=N)N1,Moderate
C[C@@]1(c2sc(-c3nnc(-c4ccc(Cl)cc4)o3)cc2F)CS(=O)(=O)[C@](C)(CC(F)(F)F)C(=N)N1,Moderate
CC1(C)C(=N)N[C@](C)(c2sc(-c3ccn4ncnc4c3)cc2Cl)CS1(=O)=O,Moderate
CN1C(=O)C(c2cccc(NC(=O)c3cccn3C)c2)(C2CCCCC2)N=C1N,Moderate
CN(C)C(=O)[C@]12C[C@H]1[C@@](C)(c1cc(/C=C(\F)c3cnc(OCC4COC4)cn3)ccc1F)N=C(N)S2,Active
COC1CCC2(CC1)Cc1ccc(OCC3CC3)cc1C21N=C(N)N(CCF)C1=O,Active
N#Cc1ccc(/C(F)=C/c2ccc(F)c([C@]34CN(c5ncccn5)C[C@H]3CSC(N)=N4)c2)nc1,Active
CC1(C)C(=N)N[C@](C)(c2sc(-c3cncnc3)cc2Cl)CS1(=O)=O,Moderate
Cc1cc(OC2COC2)cnc1C(=O)Nc1ccc(F)c([C@]2(CF)CS(=O)(=O)C(C)(C)C(N)=N2)c1,Active
CC(C)c1cc(C(=O)Nc2csc([C@]34CO[C@@H](C)C[C@H]3CSC(N)=N4)n2)n(C)n1,Inactive
CN1C(=N)N[C@@]2(c3cc(Oc4ncc(F)cc4F)ccc3F)CO[C@@H](C(F)F)C[C@H]2C1=O,Active
C[C@@H]1COCCN1C(=O)[C@]12C[C@H]1[C@@](C)(c1cc(/C=C(\F)c3ccc(C#N)cn3)cnc1F)N=C(N)S2,Active
N#Cc1cccc(-c2ccc3c(c2)C(=O)C2(CC=C(OS(=O)(=O)C(F)(F)F)CC2)C3)c1,Moderate
COc1cnc(C(=O)Nc2ccc(F)c([C@]3(C)Cn4nncc4C(N)=N3)c2)cn1,Active
CN1C(=N)N[C@](C)(c2cc(NC(=O)c3ccn(C(F)F)n3)ccc2F)C2(CC2)S1(=O)=O,Active
C[C@@]1(c2cc(NC(=O)c3ccc(Cl)cn3)ccc2F)CS(=O)(=O)C2(CC(F)(F)C2)C(N)=N1,Active
CN1OC2(N=C1N)c1cc(-c3cccc(C#N)c3)ccc1CC21CCC(Cc2ccccc2)CC1,Moderate
C=CCN1C2(COS1(=O)=O)c1cc(Br)ccc1CC21CCC(OC)CC1,Moderate
C[C@@H]1C[C@H]2OC(N)=N[C@](CF)(c3cc(NC(=O)c4cnc(OC(F)F)cn4)ccc3F)[C@H]2CO1,Active
C[C@]1(CC(F)(F)F)C(=N)N[C@](C)(c2sc(-c3nnc(-c4ccc(Cl)cc4)o3)cc2F)CS1(=O)=O,Active
CN(C)C(=O)[C@]12C[C@H]1[C@@](C)(c1cc(/C=C(\F)c3cc4nccnc4cn3)ccc1F)N=C(N)S2,Moderate
C[C@H]1C[C@H]2CSC(N)N[C@@]2(c2cc(NC(=O)c3ccc(C#N)cn3)cs2)CO1,Active
COC(=O)CCC1(CCC(=O)OC)Cc2ccc(OC(F)(F)F)cc2C1=O,Moderate
C[C@@]1(c2cc(NC(=O)c3ccc(C(F)(F)F)cn3)ccc2F)CS(=O)(=O)[C@](C)(CC2CC2)C(=N)N1,Active
COc1ccc(C(=O)Nc2ccc(F)c([C@]3(C)CS(=O)(=O)C(C)(C)C(N)=N3)c2)nc1,Active
C[C@H]1C[C@H]2C(=O)N(C)C(=N)N[C@@]2(c2cc(Oc3ncccc3F)ncc2F)CO1,Moderate
C[C@]1(O)CCN(C(=O)[C@]23C[C@H]2[C@@](C)(c2cc(/C=C(\F)c4ccc(C#N)cn4)ccc2F)N=C(N)S3)C1,Active
CC(C)[C@H](NC(=O)[C@@H](C[C@H](O)[C@H](COc1cc(F)cc(F)c1)NC(=O)c1cc(C(=O)N[C@H](C)c2ccccc2)cc(N(C)S(C)(=O)=O)c1)OCc1ccccc1)C(=O)NCc1ccccc1,Active
COc1cnc2c(Nc3ccc(F)c([C@]4(C)CS(=O)(=O)C5(CCCC5)C(N)=N4)c3)nccc2c1,Active
C[C@@H](NC(=O)c1cc(NS(C)(=O)=O)cc(C(=O)N[C@@H](Cc2ccccc2)[C@@H](O)CNC2CC2)c1)c1ccc(F)cc1,Active
CN1C(=N)N[C@](C)(c2cc(NC(=O)c3cn(C)nc3C(F)(F)F)ccc2F)C2(CC2)S1(=O)=O,Moderate
C[C@@]1(c2cc(/C=C(\F)c3ccc(Cl)cn3)ccc2F)CS(=O)(=O)C2(CCC2)C(N)=N1,Active
C=CCO[C@H](C[C@H](O)[C@H](COc1cc(F)cc(F)c1)NC(=O)c1cc(C(=O)N[C@H](C)c2ccccc2)cc(N(C)S(C)(=O)=O)c1)C(=O)N[C@H](C(=O)NCc1ccccc1)C(C)C,Active
CCCO[C@H](C[C@H](O)[C@H](COc1cc(F)cc(F)c1)NC(=O)c1cc(C(=O)N[C@H](C)c2ccccc2)cc(N(C)S(C)(=O)=O)c1)C(=O)N[C@H](C(=O)NCc1ccccc1)C(C)C,Active
C[C@]1(c2cc(/C=C(\F)c3ccc(C#N)cn3)ccc2F)N=C(N)S[C@@]2(C(=O)N3CC[C@@H]4CCCC[C@H]4C3)C[C@H]21,Active
C[C@H]1C[C@@H]2[C@](c3cc(Oc4ncc(F)cc4F)ccc3F)(CO1)NC(=N)N(C)S2(=O)=O,Active
CC[C@]1(C)C(=N)N[C@](C)(c2cc(NC(=O)c3cnc(OC)cn3)ccc2F)CS1(=O)=O,Active
COCc1cc2cc(c1)C(=O)N[C@H]([C@H](O)CNCc1cccc(C(C)C)c1)Cc1cccc(c1)OCCCCN2,Active
Cc1cc2cc(n1)OCCCCOc1cccc(c1)C[C@@H]([C@H](O)CNC(C)c1cccc(C(C)C)c1)NC2=O,Active
NC1=N[C@@]2(c3cc(/C=C(\F)c4ccc(Cl)cn4)ccc3F)COC[C@H]2CS1,Active
CNC(=O)[C@]12C[C@H]1[C@@](C)(c1cc(/C=C(\F)c3ccc(C#CC4CC4)cn3)ccc1F)N=C(N)S2,Active
COCCO[C@H](C[C@H](O)[C@H](COc1cc(F)cc(F)c1)NC(=O)c1cc(C(=O)N[C@H](C)c2ccccc2)cc(N(C)S(C)(=O)=O)c1)C(=O)N[C@H](C(=O)NCc1ccccc1)C(C)C,Active
CCO[C@H](C[C@H](O)[C@H](COc1cc(F)cc(F)c1)NC(=O)c1cc(C(=O)N[C@H](C)c2ccccc2)cc(N(C)S(C)(=O)=O)c1)C(=O)N[C@H](C(=O)NCc1ccccc1)C(C)C,Active
CC(C)[C@H](NC(=O)[C@@H](C[C@H](O)[C@H](COc1cc(F)cc(F)c1)NC(=O)c1cc(C(=O)N[C@H](C)c2ccccc2)cc(N(C)S(C)(=O)=O)c1)OCC1CC1)C(=O)NCc1ccccc1,Active
CO[C@H](C[C@H](N)[C@H](COc1cc(F)cc(F)c1)NC(=O)c1cc(C(=O)N[C@H](C)c2ccccc2)cc(N(C)S(C)(=O)=O)c1)C(=O)N[C@H](C(=O)NCc1ccccc1)C(C)C,Moderate
CN1C(N)=N[C@](C)(c2cc(/C=C(\F)c3cnc(C4CC4)cn3)ccc2F)CS1(=O)=O,Moderate
COc1cc(/C(F)=C/c2ccc(F)c([C@]3(C)CS(=O)(=O)N(C)C(N)=N3)c2)ncc1Cl,Moderate
C[C@H]1C[C@H]2C(=O)N(C)C(=N)N[C@@]2(c2cc(Oc3ncccc3Cl)ccc2F)CO1,Active
Cc1cc(C(=O)Nc2ccc(F)c([C@]3(C)CN(C)S(=O)(=O)C(C)(C)C(=N)N3)c2)on1,Moderate
C[C@@]1(C2CCC2)C(=N)N[C@](C)(c2cc(NC(=O)c3ccc(F)cn3)ccc2F)CS1(=O)=O,Moderate
CC1(C)C(=N)N[C@](C)(c2nc(NC(=O)c3cnc(C(F)F)cn3)ccc2F)CS1(=O)=O,Active
CC1(C)C(N)=N[C@](C)(c2cc(/C=C(\F)c3cnc(Cl)cn3)cc(F)c2F)CS1(=O)=O,Moderate
COc1ccc(C(=O)Nc2ccc(F)c([C@@]3(C)NC(=N)N(C)S(=O)(=O)[C@@]34CCN(Cc3cnn(C)c3)C4)c2)nc1,Active
N#Cc1ccc(C(=O)Nc2ccc(F)c([C@]3(C#N)CCOC(N)=N3)c2)nc1,Active
CN1C(=N)N[C@](C)(c2cc(NC(=O)c3ccc(F)cn3)ccc2F)[C@]2(CCN(Cc3cccnc3)C2)S1(=O)=O,Active
COC[C@H]1C[C@H]2C(=O)N(C)C(=N)N[C@@]2(c2cc(Br)ccc2F)CO1,Moderate
CN1C(=N)N[C@@]2(CCCc3ccc(NC(=O)c4cnc(OCC(F)(F)F)cn4)cc32)CS1(=O)=O,Active
CN1C(=N)N[C@]2(C)c3cc(NC(=O)c4ccc(F)cn4)ccc3CCC[C@@H]2S1(=O)=O,Active
CC(F)(F)COc1cnc(C(=O)Nc2cccc([C@]3(C)CO[C@@](C)(C(F)(F)F)C(N)=N3)n2)c(N)n1,Moderate
C[C@@]1(c2cc(NC(=O)c3ccc(F)cn3)ccc2F)CS(=O)(=O)[C@@](C)(c2ccccn2)C(=N)N1,Active
C=CCOc1cnc(/C(F)=C/c2ccc(F)c([C@@]3(C)N=C(N)[C@@]4(CF)CC[C@@H]3S4(=O)=O)c2)cn1,Moderate
CN(C)C(=O)[C@]12C[C@H]1[C@@](C)(c1cc(/C=C(\F)c3cnc(OCC(F)F)cn3)ccc1F)N=C(N)S2,Active
C=CC[C@@]1(C)C(=N)N[C@](C)(c2cc(NC(=O)c3cnc(OC)cn3)ccc2F)CS1(=O)=O,Active
COc1cnc2c(Nc3ccc(F)c([C@]4(C)CS(=O)(=O)CC(N)=N4)c3)nccc2c1,Active
NC1=N[C@@]2(c3cc(/C=C(\F)c4ccc(OC(F)(F)F)cn4)ccc3F)CO[C@H](C(F)(F)F)[C@H]2CS1,Moderate
CN1C(=N)N[C@@]2(c3cc(OCC(F)F)ccc3F)CO[C@@H](C3CC3)C[C@H]2C1=O,Active
C#CCOc1cnc(/C(F)=C/c2ccc(F)c([C@@]3(C)N=C(N)OC[C@@H]3OCC(F)(F)F)c2)cn1,Active
CN1C(=N)N[C@]2(C)c3cc(NC(=O)c4ccc(Cl)cn4)ccc3OCC[C@H]2S1(=O)=O,Active
COc1cnc(C(=O)Nc2ccc(F)c([C@@]3(C(F)F)N=C(N)CCC3(F)F)c2)nc1,Active
NC1=N[C@](CF)(c2cc(NC(=O)c3cnc(OCC(F)(F)F)cn3)ccc2F)[C@H]2COCC[C@H]2O1,Active
COc1cccc([C@@]2(C)C(=N)N[C@](C)(c3ccc(F)cc3F)CS2(=O)=O)c1,Moderate
C[C@H]1C[C@@H]2[C@](c3cc(Oc4cc(C#N)ccn4)ccc3F)(CO1)NC(=N)N(C)S2(=O)=O,Active
Cc1cc(C2(c3cccc(C(F)(F)F)c3)N=C(N)N(C)C2=O)ccc1OC(F)F,Moderate
C[C@H]1C[C@H]2CSC(N)=N[C@@]2(c2nc(NC(=O)c3ccncn3)cs2)CO1,Moderate
C[C@]1(Cc2cccc(Br)c2)C(=N)N[C@](C)(c2ccc(F)cc2F)CS1(=O)=O,Moderate
C[C@@]1(c2cc(Br)ncc2F)CS(=O)(=O)C2(CCC2)C(N)=N1,Inactive
COc1ccc(C2(c3cc(C)c(F)cc3F)N=C(N)N(C)C2=O)cc1C,Moderate
COc1cnc(/C(F)=C/c2ccc(F)c([C@]3(C)CS(=O)(=O)N(C)C(N)=N3)c2)cn1,Moderate
CN1C(=O)C2(CC3(CC=CC3)c3ccc(Br)cc32)N=C1N,Inactive
Cc1cc(C2(c3ccncc3)N=C(N)N(C)C2=O)ccc1OC(F)F,Moderate
C[C@]1(c2cc(/C=C(\F)c3ccc(C#N)cn3)ccc2F)N=C(N)S[C@@]2(C(=O)N3CCC(F)CC3)C[C@H]21,Active
CC1(C)C(=N)N[C@](C)(c2cc(-c3cncc(-c4ncco4)c3)cs2)CS1(=O)=O,Moderate
Cc1cc(C#N)cnc1C(=O)Nc1ccc(F)c([C@]2(C)CS3(=O)=NCC(F)(F)CN3C(N)=N2)c1,Active
CC1(C)C(N)=N[C@](C)(c2cc(/C=C/c3ccc(Cl)cc3)ccc2F)CS1(=O)=O,Moderate
CC1(C)C(N)=N[C@](C)(c2cc(/C=C(\F)c3cnc(OCC4CC4)cn3)ccc2F)CS1(=O)=O,Moderate
COC[C@]12C[C@H]1[C@@](C)(c1cc(/C=C(\F)c3cnc(OCC(F)(F)F)cn3)ccc1F)N=C(N)S2,Moderate
COc1cnc2c(Nc3ccc(F)c([C@]4(C)CS(=O)(=O)C(C)(C)C(N)=N4)c3)cccc2n1,Active
C#CCOc1cnc(/C(F)=C/c2ccc(F)c([C@@]3(C)N=C(N)C(C)(C)S(=O)(=O)C3(F)F)c2)cn1,Moderate
COC[C@H]1C[C@@H]2[C@](c3cc(OCC45CC(C#N)(C4)C5)ccc3F)(CO1)NC(=N)N(C)S2(=O)=O,Active
COc1cnc(C(=O)Nc2ccc(F)c([C@]3(C)CS(=O)(=O)C(C)C(N)=N3)c2)cn1,Active
COc1ccc(C(=O)Nc2ccc(F)c([C@]3(C)CS(=O)(=O)[C@@](C)(c4cccc(F)c4)C(=N)N3)c2)nc1,Active
CC1(C)C(=N)N[C@](C)(c2sc(C(=O)NCc3ccc4cnccc4c3)cc2Cl)CS1(=O)=O,Moderate
C[C@@]1(c2cc(N)ccc2F)CS(=O)(=O)[C@@](C)(c2cc(C(F)(F)F)ccn2)C(=N)N1,Moderate
NC1=NC(c2ccccc2)(C2CCCCC2)C(=O)N1Cc1cc(F)cc(F)c1,Moderate
NC1=NC(c2ccccc2)(C2CCCCC2)C(=O)N1CC1CCCO1,Moderate
C[C@@]1(c2cc(/C=C(\F)c3cnc(OCC(F)(F)C(F)F)cn3)ccc2F)CO[C@@](C)(C(F)(F)F)C(N)=N1,Moderate
Cc1cc(OCC(C)(F)F)cnc1C(=O)Nc1ccc(F)c([C@]2(C)CO[C@@](C)(C(F)(F)F)C(N)=N2)n1,Moderate
CNC(=O)[C@]12C[C@H]1[C@@](C)(c1cc(/C=C(\F)c3cnc(OCc4ncco4)cn3)ccc1F)N=C(N)S2,Active
COc1cnc2c(Nc3cc([C@]4(C)CS(=O)(=O)[C@@](C)(C5CC5)C(N)=N4)c(F)cn3)nccc2n1,Active
C[C@]1(c2cc(/C=C(\F)c3ccc(C#N)cn3)ccc2F)N=C(N)S[C@@]2(C(=O)N3CCC(F)(F)C3)C[C@H]21,Active
COC[C@]12C[C@H]1[C@@](C)(c1cc(/C=C(\F)c3cnc(OCCC(F)(F)F)cn3)ccc1F)N=C(N)S2,Moderate
C[C@H]1C[C@H]2CSC(N)=N[C@@]2(c2nc(NC(=O)c3ccnn3C3CC3)cs2)CO1,Moderate
C[C@]1(F)C(N)=N[C@](C)(c2cc(Nc3ncnc4cc(C#N)cnc34)ccc2F)CS1(=O)=O,Active
COc1ccc2c(c1)C1(NC(=S)N(C)C1=O)C1(CCc3ccccc3CC1)C2,Active
COc1cnc(C(=O)Nc2ccc(F)c([C@]3(C)CS(=O)(=O)[C@@](C)(CC(F)(F)F)C(=N)N3)c2)cn1,Active
COc1cnc(C(=O)Nc2ccc(F)c([C@@]3(CF)N=C(N)CCC3(F)F)c2)nc1,Active
CC1(C)C(N)=N[C@@](C)(c2cc(Nc3nccc4nc(O)cnc34)cc(F)c2F)CS1(=O)=O,Moderate
COC1CCC2(CC1)Cc1ccc(C#CC3CC3)cc1C21N=C(SCCCN(C)C)N(CCCN(C)C)C1=O,Inactive
CC1(C)C(N)=N[C@](C)(c2cc(NCc3c(Cl)cnn3CC(F)(F)F)ccc2F)CS1(=O)=O,Moderate
CN1C(=N)N[C@@]2(CCOc3ccc(NC(=O)c4cnsn4)cc32)CS1(=O)=O,Moderate
CC1(C(=O)Nc2ccc(F)c([C@]3(C)CS(=O)(=O)C(C)(C)C(=N)N3)c2)COC1,Moderate
Cc1cccnc1Oc1ccc(F)c([C@]23CO[C@@H](C)C[C@H]2C(=O)N(C)C(=N)N3)c1,Moderate
COCC(=O)Nc1ccc(F)c([C@]2(C)CS(=O)(=O)C(C)(C)C(=N)N2)c1,Active
C[C@H]1C[C@H]2C(=O)N(C)C(=N)N[C@@]2(c2cc(Oc3ccc(F)cn3)ccc2F)CO1,Moderate
CC1(C)C(=N)N[C@](C)(c2c(F)c(F)cc(NC(=O)c3ccc(F)cn3)c2F)CS1(=O)=O,Active
COC1CCC2(CC1)C(C)(C)c1ccc(C#N)cc1C21N=C(N)N(C)C1=O,Moderate
NC1=N[C@](CF)(c2cc(NC(=O)c3cnc(OC(F)F)cn3)ccc2F)[C@H]2COCC[C@H]2O1,Active
CC#C[C@H](CC)Oc1cnc(/C(F)=C/c2ccc(F)c([C@]3(C)CS(=O)(=O)C(C)(C)C(N)=N3)c2)cn1,Moderate
C[C@]1(c2cc(/C=C(\F)c3ccc(C#N)cn3)ccc2F)N=C(N)S[C@@]2(C(=O)NC3CC3)C[C@H]21,Active
C[C@@]1(c2ccc(F)cc2F)CS(=O)(=O)[C@@](C)(c2cccc(Br)c2)C(=N)N1,Moderate
COC[C@H]1C[C@@H]2[C@](c3cc(Oc4ncncc4F)ccc3F)(CO1)NC(=N)N(C)S2(=O)=O,Active
NC1=N[C@](CF)(c2cc(C#Cc3cc(Cl)ccn3)ccc2F)[C@@H]2C[C@]2(CF)S1,Moderate
Cc1cc(C2(C3CCN(C)CC3)N=C(N)N(C)C2=O)ccc1OC(F)CF,Inactive
COC1CCC2(CC1)Cc1ccc(C#CC3CC3)cc1C21N=C(SCc2cccc(-c3nccs3)c2)N(Cc2cccc(-c3nccs3)c2)C1=O,Active
CC[C@@H]1C[C@]2(CC[C@H]1OC)Cc1ccc(C#N)cc1[C@]21N=C(N)N(Cc2ncccn2)C1=O,Active
C[C@@]1(c2cc(NC(=O)c3ccc(C(F)(F)F)cn3)ccc2F)CS(=O)(=O)[C@@](C)(C2CCC2)C(=N)N1,Active
CC#C/C(F)=C/c1ccc(F)c([C@@]2(C)N=C(N)S[C@@]3(C(=O)N(C)C)C[C@H]32)c1,Active
C[C@@]1(c2cc(Nc3nccc4cc(F)cnc34)ncc2F)CS(=O)(=O)[C@@](C)(C2CC2)C(N)=N1,Active
CC1(C)C(=N)N[C@](C)(c2sc(-c3cnc(-c4ccc(F)cc4)o3)cc2Cl)CS1(=O)=O,Active
CC1(C)C(=N)N[C@](C)(c2nc(NC(=O)c3ccc(C(F)(F)F)cn3)ccc2F)CS1(=O)=O,Active
COC1CCC2(CC1)Oc1ccc(OCC3CC3)cc1C21NC(=S)N(C)C1=O,Active
Cc1cc(OC(F)F)cnc1C(=O)Nc1csc([C@]23COC4(CCC4)C[C@H]2COC(N)=N3)n1,Moderate
C[C@@]1(c2cc(-c3cccc(-c4nnco4)c3)cs2)Cc2nc(C(F)(F)F)ncc2C(=N)N1,Active
COc1cnc2c(Nc3ccc(F)c([C@]4(C)CS(=O)(=O)[C@@](C)(F)C(N)=N4)c3)ncnc2c1,Active
COC1CCC2(CC1)Cc1ccc(OCC(F)(F)F)cc1C21N=C(SC)N(C)C1=O,Active
CN1C(=N)N[C@@]2(c3cc(Oc4cccc(-c5cocn5)c4)ccc3F)CO[C@@H](C3CC3)C[C@H]2C1=O,Active
Cc1nnc(C(=O)Nc2ccc(F)c([C@]3(C)CS(=O)(=O)C(C)(C)C(=N)N3)c2)o1,Moderate
C[C@@]1(c2cc(-c3cncc(C#N)c3)cs2)Cc2nc(C(F)(F)F)ncc2C(=N)N1,Moderate
C[C@]1(c2cc(NC(=O)c3ccc(F)cn3)ccc2F)CC2(CCOCC2)SC(N)=N1,Moderate
CN1C(=N)N[C@](C)(c2cc(Nc3nccc4cc(F)cnc34)ccc2F)CS1(=O)=O,Active
COc1cccc(C[C@@]2(C)C(=N)N[C@](C)(c3ccc(F)cc3F)CS2(=O)=O)c1,Moderate
Nc1nc(Nc2ccc(OCCN3CCCC3)cc2)nn1-c1ccc(Br)cn1,Moderate
CN1C(=N)N[C@@]2(c3cc(OCC4CC4)ccc3F)CO[C@@H](C3CC3)C[C@H]2C1=O,Active
COc1ccc(C(=O)Nc2ccc(F)c([C@@]3(C)NC(=N)N(C)S(=O)(=O)[C@@]34CCN(CCC(F)(F)F)C4)c2)nc1,Active
Cc1cc(C#N)cnc1C#Cc1ccc(F)c([C@@]2(C)N=C(N)S[C@@]3(C#N)C[C@H]32)c1,Active
CN1C(=O)C2(N=C1NC(=O)OC(C)(C)C)c1cc(C#CC3CC3)ccc1CC21CCC(OC(=O)[C@H](Cc2ccc(OC(=O)OC(C)(C)C)cc2)NC(=O)OC(C)(C)C)CC1,Moderate
COC[C@]12C[C@H]1[C@@](C)(c1cc(/C=C(\F)c3cnc(OCC4CC4)cn3)ccc1F)N=C(N)S2,Moderate
Cc1ncc2c(n1)C[C@@](C)(c1cc(NC(=O)c3ccc(F)cn3)ccc1F)NC2=N,Active
C[C@H]1CN(C(=O)[C@]23C[C@H]2[C@@](C)(c2cc(/C=C(\F)c4ccc(C#N)cn4)ccc2F)N=C(N)S3)C[C@H](C)O1,Active
C[C@H]1C[C@H]2CSC(N)=N[C@@]2(c2nc(NC(=O)c3ccon3)cs2)CO1,Moderate
CN1C(=N)N[C@](C)(c2cc(Nc3nccc4cc(Cl)cnc34)ccc2F)CS1(=O)=O,Active
C[C@@H]1C[C@H]2OC(N)=N[C@](CF)(c3cc(NC(=O)c4cnc(OCF)cn4)ccc3F)[C@H]2CO1,Active
CC1(C)C(=N)N[C@](C)(c2cc(NC(=O)C3(C#N)CC3)ccc2F)CS1(=O)=O,Moderate
COCCCSC1=NC2(C(=O)N1CCCOC)c1cc(CCC3CC3)ccc1CC21CCC(OC)CC1,Active
CN1C(=N)N[C@@]2(CCOc3ccc(NC(=O)c4ccn(C(F)F)n4)cc32)CS1(=O)=O,Active
CN1C(=N)N[C@](C)(c2cc(NC(=O)c3cnsn3)ccc2F)C2(CC2)S1(=O)=O,Active
CC(C)(C)[Si](OC1CCC2(CC1)Cc1ccc(-c3cccc(C#N)c3)cc1C2=O)(c1ccccc1)c1ccccc1,Active
C[C@@]1(c2cc(Nc3nccc4cc(Cl)cnc34)ccc2F)CS(=O)(=O)C2(CCC2)C(N)=N1,Active
C#CCOc1ccc(C#Cc2ccc(F)c([C@@]3(C)N=C(N)S[C@@]4(C(=O)N(C)C)C[C@H]43)c2)nc1,Moderate
CC1CCCN(C(=O)[C@]23C[C@H]2[C@@](C)(c2cc(/C=C(\F)c4ccc(C#N)cn4)ccc2F)N=C(N)S3)C1,Active
COc1cccc(Oc2ccc3c(c2)C2(NC(=S)N(C)C2=O)C2(CCC(OC)CC2)C3)c1,Active
Cc1cc(Cl)cnc1C(=O)Nc1cccc([C@]2(C)CO[C@@](C)(C(F)(F)F)C(N)=N2)n1,Active
CC1(C)C(N)=N[C@](C)(c2cc(/C=C(\F)c3cnc(C#N)cn3)ccc2F)CS1(=O)=O,Active
COc1cnc2c(Nc3ccc(F)c(C4(CF)CS(=O)(=O)C(C)(C)C(N)=N4)c3)nccc2c1,Active
COc1cccc2cc(-c3cc(Cl)c([C@]4(C)CS(=O)(=O)[C@@](C)(CC5CCOCC5)C(=N)N4)s3)[nH]c12,Active
CC1(C)C(=N)N[C@](C)(c2cc(NC(=O)c3ccc(Cl)cn3)cc(Cl)c2F)CS1(=O)=O,Active
C[C@@]1(c2cc(Nc3ccnc4cccnc34)ncc2F)CS(=O)(=O)[C@@](C)(C2CC2)C(N)=N1,Active
COC[C@H]1C[C@H]2C(=O)N(C)C(=N)N[C@@]2(c2cc(Oc3cc(F)cnc3F)c(F)cc2F)CO1,Active
CN1C[C@@](C)(c2cc(NC(=O)c3ncc(Cl)cc3F)ccc2F)NC(=N)C(C)(C)S1(=O)=O,Active
Cc1cc(OC(F)F)cnc1C(=O)Nc1ccc(F)c([C@]2(CF)CS(=O)(=O)C(C)(C)C(N)=N2)c1,Active
CC(C)Cc1cc(C(=O)Nc2csc([C@]34CO[C@@H](C)C[C@H]3CSC(N)=N4)n2)nn1C,Inactive
COc1cncc(-c2cc(Cl)c([C@]3(C)CS(=O)(=O)C(C)(C)C(=N)N3)s2)n1,Moderate
C[C@@]1(c2ccccc2F)C[S@@]2(=O)=NCCCCN2C(N)=N1,Moderate
COc1cnc(C(=O)Nc2ccc(F)c([C@@]3(CF)N=C(N)O[C@@H]4C[C@@H](C)OC[C@@H]43)c2)cn1,Active
COc1ccc(C(=O)Nc2ccc(F)c([C@]3(C)CS(=O)(=O)[C@](C)(C(C)C)C(=N)N3)c2)nc1,Moderate
CNC(=O)[C@]12C[C@H]1[C@@](C)(c1cc(/C=C(\F)c3cnc(Cl)cn3)ccc1F)N=C(N)S2,Active
Nc1nc(Nc2ccc(OCCN3CCCC3)cc2)nn1-c1cnccn1,Moderate
C[C@@H]1C[C@H]2OC(N)=N[C@](CF)(c3cc(NC(=O)c4ccc(C(F)(F)F)cn4)ccc3F)[C@H]2CO1,Active
COC[C@]1(C)C(=N)N[C@](C)(c2cc(F)ccc2F)CS1(=O)=O,Moderate
COc1cnc(C(=O)Nc2ccc(F)c([C@]34CCC[C@H]3S(=O)(=O)N(C)C(=N)N4)c2)c(C)c1,Active
C[C@H]1C[C@H]2CCOC(N)=N[C@@]2(c2nc(NC(=O)c3ccc(OC(F)F)cn3)cs2)CO1,Moderate
Cc1cnc(C(=O)Nc2cc(F)c(F)c([C@]3(C)CS(=O)(=O)C(C)(C)C(=N)N3)c2)cn1,Active
CNC(=O)[C@]12C[C@H]1[C@@](C)(c1cc(/C=C(\F)c3cnc(Br)cn3)ccc1F)N=C(N)S2,Active
Cc1cc(C2(c3ccccc3)N=C(N)N(C)C2=O)ccc1OC(F)F,Moderate
CC1(C)C(N)=N[C@](C)(c2cc(Nc3nccc4cc(Cl)cnc34)ccc2F)CS1(=O)=O,Active
COC1CCC2(CC1)Cc1ccc(C#CC3CC3)cc1C21NC(=S)NC1=O,Active
CC(C)[C@]1(C)C(=N)N[C@](C)(c2cc(N)ccc2F)CS1(=O)=O,Moderate
C[C@]1(c2cc(/C=C(\F)c3cnc(C#N)cn3)ccc2F)N=C(N)S[C@@]2(C(=O)N3CCCC3)C[C@H]21,Active
CCCCCCN1C(=O)C(c2ccccc2)(C2CCCCC2)N=C1N,Moderate
CN1C(N)=N[C@](C)(c2cc(/C=C(\F)c3cnc(OCC#CCO)cn3)ccc2F)CS1(=O)=O,Active
C[C@]1(c2cc(/C=C(\F)c3ccc(C#N)cn3)ccc2F)N=C(N)S[C@@]2(C(=O)N3CC[C@H](F)C3)C[C@H]21,Active
CC#CCOc1cnc2c(Nc3cc([C@]4(C)CS(=O)(=O)[C@@](C)(C5CC5)C(N)=N4)c(F)cn3)nccc2c1,Active
C[C@]1(c2cc(NC(=O)c3cnc(C(F)F)cn3)ccc2F)N=C(N)C2(CCC2)S(=O)(=O)[C@@H]1F,Active
CC1(C)C(=N)N[C@@]2(c3cc(OCC4CC4)ccc3F)CO[C@@H](c3ccc(F)cc3)C[C@H]2S1(=O)=O,Moderate
CC#CCOc1cnc(/C(F)=C/c2ccc(F)c([C@@]3(C)N=C(N)OC[C@@H]3OCC(F)(F)F)c2)cn1,Active
CC#Cc1cc(C2(c3ccc(OC(F)F)c(C)c3)N=C(N)N(C)C2=O)ccn1,Moderate
CC1(C)C(N)=N[C@](C)(c2cc(N)ccc2F)[C@@H](F)S1(=O)=O,Moderate
C#CCOc1cnc(/C(F)=C/c2cc(F)c(F)c([C@]3(C)CS(=O)(=O)C(C)(C)C(N)=N3)c2)cn1,Active
Cc1nnc(COc2cnc(/C(F)=C/c3ccc(F)c([C@@]4(C)N=C(N)[C@@]5(CF)CC[C@@H]4S5(=O)=O)c3)cn2)o1,Active
CN1C(=N)N[C@@]2(c3cc(NC(=O)c4cnc(C(F)(F)F)cn4)ccc3F)CCC[C@H]2S1(=O)=O,Active
CN1C(=N)N[C@](C)(c2cc(NC(=O)c3ccc(F)cn3)ccc2F)C2(CCN(C(=O)C3CC3)C2)S1(=O)=O,Active
CCn1cc(C(=O)Nc2csc([C@]34CO[C@@H](C)C[C@H]3CSC(N)=N4)n2)cn1,Moderate
CN1C(=O)NC2(C1=O)c1cc(Br)ccc1CC21CCC(F)(F)CC1,Moderate
C[C@]1(c2cc(/C=C(\F)c3ccc(C#N)cn3)ccc2F)N=C(N)S[C@@]2(C(=O)N3Cc4ccccc4C3)C[C@H]21,Active
CN1C(=N)N[C@@]2(c3cc(Oc4ncccc4F)ccc3F)COCC[C@H]2C1=O,Active
CN1C(=N)N[C@@]2(c3ccc(F)cc3F)CO[C@@H](C(F)F)C[C@H]2C1=O,Moderate
CC(C)[C@]1(C)C(=N)N[C@](C)(c2cc(NC(=O)c3ccc(F)cn3)ccc2F)CS1(=O)=O,Moderate
Cc1onc2c1CC1(CC2)Cc2ccc(-c3cccc(Cl)c3)cc2C12N=C(N)N(C)C2=O,Active
C[C@]1(CC2CCOCC2)C(=N)N[C@](C)(c2cc(NC(=O)c3ccc(F)cn3)ccc2F)CS1(=O)=O,Active
CC(C)N1C(=O)C2(NC1=S)c1cc(Br)ccc1CC21CCc2ccccc2CC1,Active
COC1CCC2(CC1)Cc1ccc(Sc3ccccc3)cc1C21N=C(N)N(C)C1=O,Active
CC[C@H]1C[C@@]2(CC[C@@H]1OC)Cc1ccc(C#N)cc1[C@]21NC(=S)N(C[C@H]2CCCO2)C1=O,Active
CC1(c2cc(NC(=O)c3ccc(C#N)cn3)ccc2F)N=C(N)OC2(CCC2)C1(F)F,Active
CN1C(=O)C2(NC1=S)c1cc(OCC3CC3)ccc1CC21CCc2ccccc2CC1,Active
CN1C[C@@](C)(c2cc(Nc3nccc4cc(C#N)cnc34)ccc2F)NC(=N)C(C)(C)S1(=O)=O,Active
COC1CCC2(CC1)Cc1ccc(OCC3CC3)cc1C21N=C(N)N(CCC(F)(F)F)C1=O,Active
CC1(C)C(N)=N[C@](C)(c2cc(/C=C(\F)c3cnc(OCCn4cc(Br)cn4)cn3)ccc2F)CS1(=O)=O,Moderate
COC1CCC2(CC1)Cc1ccc(Br)cc1C21NC(=S)N(C(C)C)C1=O,Moderate
CC1(C)C(=N)N[C@](C)(c2cc(NC(=O)C3CCC3(F)F)cc(F)c2F)CS1(=O)=O,Moderate
COCCC(=O)Nc1cccc(C2(C3CCCCC3)N=C(N)N(C)C2=O)c1,Moderate
COc1cnc2c(Nc3ccc(F)c([C@]4(C)CS(=O)(=O)C5(CC(F)(F)C5)C(N)=N4)c3)nccc2n1,Active
COCc1cc2cc(c1)C(=O)N[C@H]([C@H](O)CNC(CF)c1cccc(C(C)(C)C)c1)Cc1cccc(c1)OCCCCN2,Moderate
CC1(C)C(=N)N[C@](C)(c2cc(-c3cncc(-c4cnco4)c3)cs2)CS1(=O)=O,Active
CC1(C)C(N)=N[C@](C)(c2cc(Oc3ccc4ccccc4c3)ccc2F)CS1(=O)=O,Moderate
COC1CCC2(CC1)Cc1ccc(OCC3CC3)cc1C21N=C(N)N(CC(F)F)C1=O,Active
C[C@@]1(c2cc(-c3cncc(C#N)c3)cs2)Cc2nc(C3CC3)ncc2C(=N)N1,Moderate
CC1(C)C(N)=N[C@](C)(c2cc(Oc3cc(F)cc(C(F)(F)F)c3)ccc2F)CS1(=O)=O,Moderate
C[C@@]1(c2cc(NC(=O)c3ccc(Cl)cn3)ccc2F)CS(=O)(=O)[C@](C)(CC2CC2)C(=N)N1,Active
COc1ccc(C(=O)Nc2ccc(F)c([C@@]3(C)NC(=N)N(C)S(=O)(=O)[C@]34CCN(S(=O)(=O)c3cn(C)cn3)C4)c2)nc1,Active
Cc1cn(C[C@]23C[C@H]2[C@@](CF)(c2cc(C#Cc4ccc(C#N)cn4)ccc2F)N=C(N)S3)nn1,Moderate
CN1C(N)=N[C@](C)(c2cc(/C=C(\F)c3cnc(C#N)cn3)ccc2F)C(C)(C)S1(=O)=O,Active
COc1cnc(/C(F)=C/c2cc(F)c(F)c([C@]3(C)CS(=O)(=O)N(C)C(N)=N3)c2)cn1,Moderate
COC(=O)CCN1C(=O)C2(NC1=S)c1cc(C#CC3CC3)ccc1CC21CCC(OC)CC1,Active
CO[C@H]1CC[C@]2(CC1)Cc1ccc(Oc3cccc(C#N)c3)cc1[C@@]21N=C(N)N(C)C1=O,Active
COc1cccc(C(=O)Nc2cccc(C3(C4CCCCC4)N=C(N)N(C)C3=O)c2)c1,Moderate
COCc1cc2cc(c1)C(=O)N[C@H]([C@H](O)CNC(COC)c1cccc(C(C)(C)C)c1)Cc1cccc(c1)OCCCCN2,Moderate
NC1=N[C@]2(c3cc(/C=C(\F)c4ccc(Cl)cn4)ccc3F)COC[C@@H]2CS1,Moderate
COC[C@H]1C[C@H]2C(=O)N(C)C(=N)N[C@@]2(c2cc(Oc3ncccc3F)c(F)cc2F)CO1,Active
CC#Cc1ccc2sc3ccc([C@]4(C)CS(=O)(=O)C(C)(C)C(=N)N4)cc3c2c1,Active
C[C@H]1C[C@H]2C(=O)N(C)C(=N)N[C@@]2(c2cc(Oc3ncccc3F)ccc2F)CO1,Active
CC#Cc1cncc(-c2csc(C3(C)CC4(CCOCC4)SC(N)=N3)c2)c1,Moderate
Cc1cc(OC(F)F)cnc1C(=O)Nc1ccc(F)c([C@@]2(CF)CS(=O)(=O)C3(CC3)C(N)=N2)c1,Moderate
COc1cnc(C(=O)Nc2ccc(F)c([C@]3(C)CS(=O)(=O)C(C)(C)C(=N)N3)c2)c(F)c1,Active
CCCS(=O)(=O)N(C)c1cc2cc(c1)C(=O)N[C@H]([C@H](O)CNCc1cccc(C(C)C)c1)Cc1cccc(c1)OCCCCN2,Active
CN1C(N)=N[C@](C)(c2cc(/C=C(\F)c3cnc(OCC(F)(F)F)cn3)ccc2F)CS1(=O)=O,Active
CN1C(=N)N[C@](C)(c2cc(NC(=O)c3ccc(OC(F)F)cn3)ccc2F)C2(CC2)S1(=O)=O,Active
CN1C(=N)N[C@@]2(c3cc(OCC4CC4)ccc3F)CO[C@@H](c3ccc(F)cc3)C[C@H]2C1=O,Active
CN1C(=N)N[C@](C)(c2cc(NC(=O)c3ccc(F)cn3)ccc2F)[C@@]2(CCN(Cc3cscn3)C2)S1(=O)=O,Active
CC(C)c1cccc(CNC[C@@H](O)[C@@H]2Cc3cccc(c3)OCCCCNc3cc(cc(N4C=COC4)c3)C(=O)N2)c1,Active
COCc1cc2cc(c1)C(=O)N[C@H]([C@H](O)CNC1(c3cccc(C(C)C)c3)CC1)Cc1cccc(c1)OCCCCN2,Active
C[C@H]1C[C@H]2CSC(NC(=O)c3ccccc3)=N[C@@]2(c2nc(N)cs2)CO1,Active
C[C@@]1(c2cc(N)ccc2F)CS(=O)(=O)[C@@](C)(c2cccc(F)c2)C(=N)N1,Moderate
COc1ccc(C(=O)Nc2ccc(F)c([C@]3(C)CS(=O)(=O)[C@@](C)(CC(F)(F)F)C(=N)N3)c2)nc1,Active
CC(C)c1cccc(C2(NC[C@@H](O)[C@@H]3Cc4cccc(c4)OCCCCOc4cc(cc(N5CCCC5=O)c4)C(=O)N3)CC2)c1,Active
CN(C)[C@@H]1CCN(C(=O)[C@]23C[C@H]2[C@@](C)(c2cc(/C=C(\F)c4ccc(C#N)cn4)ccc2F)N=C(N)S3)C1,Active
CC1(C)C[C@@H]2[C@](c3cc(OCC4CC4)ccc3F)(CO1)NC(=N)C(C)(C)S2(=O)=O,Moderate
Cc1cc(C#N)cnc1/C(F)=C/c1ccc(F)c([C@]23CO[C@H](C(F)(F)F)[C@H]2CSC(N)=N3)c1,Active
CCCS(=O)(=O)N(C)c1cc2cc(c1)C(=O)N[C@H]([C@H](O)CNC1(c3cccc(C(C)C)c3)CC1)Cc1cccc(c1)OCCCCN2,Active
COc1cccc2cc(-c3cc(Cl)c([C@]4(C)Cc5nc(C6CC6)ncc5C(=N)N4)s3)[nH]c12,Active
CC1(C)C(=N)N[C@](C)(c2sc(-c3csc4ccccc34)cc2Cl)CS1(=O)=O,Moderate
CC1(C)C(N)=N[C@](C)(c2cc(NC(=O)c3ccc(Cl)cn3)cc(F)c2F)CS1(=O)=O,Active
COCc1cc2cc(c1)C(=O)N[C@H]([C@H](O)CNC(C)(C)c1cccc(C(C)C)c1)Cc1cccc(c1)OCCCCN2,Active
COc1cnc2c(Nc3ccc4c(c3)[C@@]3(C)NC(=N)N(C)S(=O)(=O)[C@H]3CCC4)nccc2c1,Moderate
C#C[C@H](C)Oc1cnc(/C(F)=C/c2ccc(F)c([C@@]3(C)N=C(N)S[C@@]4(C(C)=O)C[C@H]43)c2)cn1,Active
COCc1cc2cc(c1)C(=O)N[C@H]([C@H](O)CNC1(c3cccc(C(C)(C)C)c3)CCC1)Cc1cccc(c1)OCCCCN2,Active
COCc1cc2cc(n1)OCCCCOc1cccc(c1)C[C@@H]([C@H](O)CNC1(c3cccc(C(C)C)c3)CC1)NC2=O,Active
CO[C@H]1CC[C@@]2(CC1)Cc1ccc(-c3cncnc3)cc1C21C=C(F)C(N)=N1,Moderate
CN1C(=N)N[C@]2(C)c3cc(NC(=O)c4ncc(C(F)(F)F)cc4Cl)ccc3CCC[C@@H]2S1(=O)=O,Active
CCCC(=O)Nc1cccc(C2(C3CCCCC3)N=C(N)N(C)C2=O)c1,Moderate
COCc1cc2cc(c1)C(=O)N[C@H]([C@H](O)CNC1(c3cccc(C(C)(C)C)c3)CCCC1)Cc1cccc(c1)OCCCCN2,Active
CN1C(=N)N[C@](C)(c2cc(NC(=O)c3ccc(F)cn3)ccc2F)[C@@]2(CCN(Cc3cnn(C)c3)C2)S1(=O)=O,Moderate
Cc1cc(C2(c3cccc(-c4cccnc4)c3)N=C(N)N(C)C2=O)ccc1OC(F)F,Active
CC[C@@]1(C)C(=N)N[C@](C)(c2cc(NC(=O)c3cnc(OC)cn3)ccc2F)CS1(=O)=O,Active
CC1(C)C(=N)N[C@](C)(c2sc(-c3cn4ccccc4n3)cc2Cl)CS1(=O)=O,Moderate
C[C@H]1C[C@H]2C(=O)N(C)C(=N)N[C@@]2(c2cc(Oc3cc4ccccc4cn3)ccc2F)CO1,Moderate
C[C@@]1(c2sc(-c3cccc(C#N)c3)cc2F)CS(=O)(=O)[C@@](C)(c2ccccn2)C(=N)N1,Moderate
CN1C(=N)N[C@@]2(CCOc3ccc(NC(=O)c4ccc(OCF)cn4)cc32)CS1(=O)=O,Active
CC1(C)C(=N)N[C@](C)(c2sc(-c3cccc(-c4ccno4)c3)cc2Cl)CS1(=O)=O,Active
COc1cnc(C(=O)Nc2ccc3c(c2)[C@]2(CCO3)CS(=O)(=O)N(C)C(=N)N2)c(C)c1,Moderate
COc1cnc(C(=O)Nc2ccc(F)c([C@]3(C)CS(=O)(=O)[C@]4(C[C@H](OC)C4)C(N)=N3)c2)c(C)c1,Active
Cc1cc(C(F)(F)F)cnc1C(=O)Nc1ccc(F)c([C@@]2(CF)N=C(N)O[C@@H]3CCOC[C@@H]32)c1,Active
COc1cnc2c(Nc3ccc4c(c3)[C@@]3(C)NC(=N)N(C)S(=O)(=O)[C@H]3CCO4)nccc2n1,Active
CNC(=O)[C@]12C[C@H]1[C@@](C)(c1cc(/C=C(\F)c3cnc(OCC(F)(F)C(F)F)cn3)ccc1F)N=C(N)S2,Active
CN1C(=N)N[C@](C)(c2cc(Nc3nccc4nc(C(F)F)cnc34)ccc2F)CS1(=O)=O,Active
CN1C(=N)N[C@@]2(CCCc3ccc(NC(=O)c4ncc(Cl)cc4F)cc32)CS1(=O)=O,Active
C[C@H]1C[C@H]2CSC(N)=N[C@@]2(c2nc(NC(=O)c3cn(C)nn3)cs2)CO1,Inactive
COC1CCC2(CC1)Cc1cc(F)c(C#CC3CC3)cc1C21NC(=S)N(C)C1=O,Moderate
Nc1nc(Nc2ccc(OCCN3CCCCC3)cc2)nn1-c1ccccc1F,Moderate
C[C@]1(c2cc(/C=C(\F)c3ccc(C#N)cn3)ccc2F)N=C(N)S[C@@]2(C(=O)N3CCNC(=O)CC3)C[C@H]21,Active
COC1CCC2(CC1)Cc1ccc(B3OC(C)(C)C(C)(C)O3)cc1C21NC(=O)N(C(C)C)C1=O,Active
Cc1nc(C)c(C(=O)Nc2csc([C@]34CO[C@@H](C)C[C@H]3CSC(N)=N4)n2)o1,Moderate
Nc1nc(Nc2ccc(OCCN3CCCCC3)cc2)nn1-c1cccc(N2CCOCC2)n1,Moderate
CCc1cc(Oc2ccc(F)c([C@]3(C)CS(=O)(=O)C(C)(C)C(N)=N3)c2)ccc1Cl,Moderate
C[C@H]1C[C@H]2CSC(N)=N[C@@]2(c2nc(NC(=O)c3cnn(C)c3)cs2)CO1,Moderate
CC1=N[C@]2(C[C@@H]([C@@H]3CCCOC3)Oc3ccc(Br)cc32)N=C1N,Moderate
CNC(=O)[C@]12C[C@H]1[C@@](C)(c1cc(/C=C(/F)c3ccc(Br)cn3)ccc1F)N=C(N)S2,Active
C[C@@]1(c2cc(NC(=O)c3ccc(C(F)(F)F)cn3)ccc2F)CS(=O)(=O)[C@@](C)(c2ccccn2)C(=N)N1,Active
CC1(c2cc(NC(=O)c3ccc(F)cn3)ccc2F)CC2(CCOCC2)SC(N)=N1,Active
C#CCOc1cnc(/C(F)=C/c2ccc(F)c([C@@]3(C)N=C(N)N(C)S(=O)(=O)C34CC4)c2)cn1,Active
Cc1cc(C2(c3cncnc3)N=C(N)N(C)C2=O)ccc1OC(F)F,Moderate
CNC(=O)[C@]12C[C@H]1[C@@](C)(c1cc(/C=C(\F)c3cc4c(cn3)OCCO4)ccc1F)N=C(N)S2,Moderate
COc1ccccc1Nc1ccc(F)c([C@@]2(C)CS(=O)(=O)C(C)(C)C(=N)N2)n1,Moderate
CC1(C)C(N)=N[C@](C)(c2cc(Nc3c(Cl)sc4cc(C#N)cnc34)ccc2F)CS1(=O)=O,Active
CC1(C)C(=N)N[C@](C)(c2sc(C(=O)NCc3ccc(Cl)cc3)cc2Cl)CS1(=O)=O,Moderate
COc1ccc(C(=O)Nc2ccc(F)c([C@@]3(C)NC(=N)N(C)S(=O)(=O)[C@]34CCN(S(=O)(=O)CC(F)(F)F)C4)c2)nc1,Active
C[C@@]1(C2CCC2)C(=N)N[C@](C)(c2cc(NC(=O)c3ccc(C(F)(F)F)cn3)ccc2F)CS1(=O)=O,Moderate
CC1(C)C(N)=N[C@](C)(c2cc(Nc3nccc4cc(Cl)cnc34)ccc2F)[C@@H](F)S1(=O)=O,Active
COc1cnc(C(=O)Nc2ccc(F)c([C@]3(C)CS(=O)(=O)[C@@](C)(CC4CC4)C(=N)N3)c2)cn1,Active
CN1C(=N)N[C@]2(C)c3cc(NC(=O)c4ccc(OC(F)F)cn4)ccc3CCC[C@H]2S1(=O)=O,Active
N#Cc1ccc(/C(F)=C/c2ccc(F)c([C@]34CO[C@H](CF)[C@H]3CSC(N)=N4)c2)nc1,Active
CC1(C)C(=N)N[C@](C)(c2cc(NC(=O)c3ccc(OC(F)F)cn3)ccc2F)CS1(=O)=O,Active
C[C@]1(CC2CC2)C(=N)N[C@](C)(c2cc(NC(=O)c3ccc(Cl)cn3)ccc2F)CS1(=O)=O,Active
CN1C(=N)N[C@]2(C)c3cc(NC(=O)c4ccccn4)ccc3OCC[C@H]2S1(=O)=O,Moderate
CC1(C)C(N)=N[C@](C)(c2cc(/C=C(\F)c3cnc(Oc4ccccc4)cn3)ccc2F)CS1(=O)=O,Moderate
COCC(=O)Nc1ccc2c(c1)[C@]1(CCO2)CS(=O)(=O)N(C)C(=N)N1,Moderate
CC[C@@]1(C)C(=N)N[C@](C)(c2cc(NC(=O)c3ccc(OC)cn3)ccc2F)CS1(=O)=O,Active
CC1(C)C(N)=N[C@](CF)(c2cc(NC(=O)c3ccc(Cl)cn3)ccc2F)CS1(=O)=O,Active
COc1cnc2c(Nc3ccc(F)c([C@]4(C)CS(=O)(=O)[C@@](C)(C5CC5)C(N)=N4)c3)ncnc2n1,Active
CN1C[C@@](C)(c2cc(NC(=O)c3cnc(OCCF)cn3)ccc2F)NC(=N)C(C)(C)S1(=O)=O,Active
CC1(C)C(=N)N[C@](C)(c2c(F)c(F)cc(NC(=O)c3ccc(Cl)cn3)c2F)CS1(=O)=O,Active
COC1CCC2(CC1)Cc1ccc(-c3cc(C#N)cc(C#N)c3)cc1C21N=C(N)N(C)C1=O,Active
Cc1cc(OC(F)F)cnc1C(=O)Nc1csc([C@]23CO[C@@H](C(F)(F)F)C[C@H]2COC(N)=N3)n1,Moderate
Cc1cc(C2(c3ccnc(F)c3)N=C(N)N(C)C2=O)ccc1OC(F)F,Moderate
C[C@H]1C[C@H]2CSC(NC(=O)c3ccccc3)=N[C@@]2(c2nc(NC(=O)c3nn(C(F)F)cc3Cl)cs2)CO1,Active
C[C@]1(c2cc(/C=C(\F)c3ccc(C#N)cn3)ccc2F)N=C(N)S[C@@]2(C(=O)N3CCN(CC4CC4)CC3)C[C@H]21,Active
C[C@H]1C[C@H]2C(=O)N(C)C(=N)N[C@@]2(c2cc(Oc3cnccn3)ccc2F)CO1,Active
C[C@@]1(c2ccc(F)cc2F)CS(=O)(=O)[C@@](C)(c2cccc(OCC3CC3)c2)C(=N)N1,Moderate
COc1nc(N2C[C@H]3CSC(N)=N[C@@]3(c3cc(/C=C(\F)c4ccc(C#N)cn4)ccc3F)C2)ncc1F,Active
CCCCN1CC[C@@]2(C1)[C@@](C)(c1cc(NC(=O)c3ccc(F)cn3)ccc1F)NC(=N)N(C)S2(=O)=O,Active
C[C@H]1C[C@@]2(F)CSC(N)=N[C@@]2(c2cccc(NC(=O)c3ccc(Cl)cn3)c2)CO1,Moderate
CC1(C)C(=N)N[C@@]2(c3cc(Oc4ncccc4F)ccc3F)CO[C@@H](c3ccc(F)cc3)C[C@H]2S1(=O)=O,Active
CC#Cc1cncc(-c2ccc(F)c([C@]3(C)Cc4ncncc4C(=N)N3)c2)c1,Moderate
CN1C(=N)N[C@@]2(c3cc(OCC45CC(C#N)(C4)C5)ccc3F)CO[C@@H](C3CC3)C[C@H]2C1=O,Active
CN1C(N)=N[C@](C)(c2cc(/C=C(\F)c3ccc(C(F)(F)F)cn3)cc(F)c2F)CS1(=O)=O,Active
CSC1=NC2(C(=O)N1C)c1cc(Br)ccc1CC21CCc2noc(C)c2C1,Active
NC1=N[C@](c2nc(NC(=O)c3ccc(Cl)cn3)ccc2F)(C(F)F)[C@H]2C[C@H]2O1,Moderate
Cc1cc(C2(c3cccc(-c4cnco4)c3)N=C(N)N(C)C2=O)ccc1OC(F)F,Moderate
C[C@@]1(c2cc(Nc3ncnc4cc(Br)cnc34)ncc2F)CS(=O)(=O)[C@@](C)(C2CC2)C(N)=N1,Active
CNC(=O)[C@]12C[C@H]1[C@@](C)(c1cc(/C=C(\F)c3ccc(C(F)(F)F)cn3)ccc1F)N=C(N)S2,Active
C[C@@H]1OCC[C@H]2OC(N)=N[C@](CF)(c3cc(NC(=O)c4cnc(OCF)cn4)ccc3F)[C@@H]12,Active
CN1C(N)=N[C@](C)(c2cc(/C=C(\F)c3ccc(Br)cn3)ccc2F)CS1(=O)=O,Active
CC#CCOc1cnc2c(Nc3cnc(F)c([C@]4(C)CS(=O)(=O)[C@@](C)(C5CC5)C(N)=N4)c3)nccc2n1,Active
CC1=N[C@@]2(C[C@]3(CCCOC3)Oc3ccc(-c4ccc(F)c(Cl)c4)cc32)N=C1N,Moderate
COCCOc1ccc(F)c([C@]23CO[C@@H](C4CC4)C[C@H]2C(=O)N(C)C(=N)N3)c1,Active
C[C@]1(c2cc(/C=C(\F)c3cnc(C#N)cn3)ccc2F)N=C(N)S[C@@]2(C(=O)N3CCCCC3)C[C@H]21,Active
N#Cc1ccc(C(=O)Nc2ccc(F)c([C@@]3(C(F)F)N=C(N)O[C@@H]4C[C@@H]43)n2)nc1,Inactive
C[C@@]1(c2cc(NC(=O)c3ccc(C(F)(F)F)cn3)ccc2F)CS(=O)(=O)[C@@](C)(c2cccc(F)c2)C(=N)N1,Active
CN1C(N(C(=O)OC(C)(C)C)C(=O)OC(C)(C)C)=N[C@](C)(c2cc(/C=C(\F)c3ccc(F)cn3)ccc2F)CS1(=O)=O,Active
C[C@@]1(c2nc(Nc3nccc4cc(C#N)cnc34)ccc2F)CS(=O)(=O)[C@@](CF)(C2CC2)C(N)=N1,Active
COc1cnc(C(=O)Nc2ccc(F)c([C@@]3(C(F)(F)F)CS(=O)(=O)C(C)(C)C(N)=N3)c2)cn1,Moderate
C[C@@]1(c2cc(NC(=O)c3ccc(C4CC4)cn3)ccc2F)CC2(CCC(F)(F)CC2)OC(N)=N1,Moderate
C[C@@]1(c2cc(NC(=O)c3ccc(F)cn3)ccc2F)CS(=O)(=O)[C@@](C)(C2CCOCC2)C(=N)N1,Active
C[C@@]1(c2cccc(F)c2)C(=N)N[C@](C)(c2cc(NC(=O)c3ccc(Cl)cn3)ccc2F)CS1(=O)=O,Active
C[C@@H]1C[C@@H]2[C@](c3ccccc3F)(CO1)NC(=N)C(C)(C)S2(=O)=O,Moderate
C[C@@]1(c2cc(NC(=O)C3CC3)ccc2F)CC2(CCC(F)(F)CC2)OC(N)=N1,Moderate
CC#C[C@@H](C)Oc1cnc(/C(F)=C/c2ccc(F)c([C@]3(C)CS(=O)(=O)C(C)(C)C(N)=N3)c2)cn1,Active
C[C@@]1(C(=O)N2CCOCC2)C[C@@](C)(c2cc(/C=C(\F)c3ccc(C#N)cn3)ccc2F)N=C(N)S1,Active
CC[C@@]1(C)C(=N)N[C@](C)(c2cc(NC(=O)c3ccc(F)cn3)ccc2F)CS1(=O)=O,Active
CN1C(N)=N[C@](C)(c2cc(/C=C(\F)c3cnc(OCC#CCF)cn3)ccc2F)CS1(=O)=O,Active
COc1ccc(C(=O)Nc2ccc(F)c([C@]34CCC[C@H]3S(=O)(=O)N(C)C(=N)N4)c2)nc1,Active
COc1cnc(C(=O)Nc2ccc(F)c([C@]3(CF)CS(=O)(=O)C(C)(C)C(N)=N3)c2)c(OC)n1,Active
N#Cc1ccc(C(=O)Nc2csc([C@]34COCC[C@H]3CSC(N)=N4)c2)nc1,Active
C[C@]1(c2cc(/C=C(\F)c3cnc(Cl)cn3)ccc2F)N=C(N)S[C@]2(CO)[C@H]1C2(F)F,Active
CN1C[C@@](C)(c2cc(NC(=O)c3cnsn3)ccc2F)NC(=N)C(C)(C)S1(=O)=O,Active
C#Cc1cccc(-c2ccc3c(c2)C2(N=C(N)N(C)C2=O)C2(CCN(C(C)=O)CC2)O3)c1,Moderate
CC#Cc1cncc(-c2csc(C3(C)CC4(COC4)OC(N)=N3)c2)c1,Active
CC1(C)C(=N)N[C@](C)(c2cc(NC(=O)c3ccc(F)cc3F)ccc2F)CS1(=O)=O,Active
Cc1cc(C(F)F)cnc1C(=O)Nc1ccc(F)c([C@@]2(C)N=C(N)C3(CC3)S(=O)(=O)[C@H]2F)c1,Active
C[C@]1(c2cc(/C=C(\F)c3cnc(OCC(F)F)cn3)ccc2F)N=C(N)[C@@]2(CF)CC[C@@H]1S2(=O)=O,Moderate
NC1=N[C@@](c2cc(NC(=O)c3cnc(OCC(F)(F)F)cn3)ccc2F)(C(F)F)[C@H]2C[C@H]2O1,Active
CNC(=O)[C@]12C[C@H]1[C@@](C)(c1cc(/C=C(\F)c3cnc(C#N)cn3)ccc1F)N=C(N)S2,Active
CO[C@H]1CC[C@]2(CC1)Oc1ccc(-c3cc(F)cc(C#N)c3)cc1C21C=C(F)C(N)=N1,Active
COC1CCC2(CC1)Cc1ccc(C#CC3CC3)cc1C21N=C(SCC2CCO2)N(CC2CCO2)C1=O,Active
COC[C@]12C[C@H]1[C@@](C)(c1cc(/C=C(\F)c3cnc(OCc4cc(C)on4)cn3)ccc1F)N=C(N)S2,Moderate
CCCc1cc(C2(c3ccc(OC(F)F)c(C)c3)N=C(N)N(C)C2=O)ccn1,Moderate
CN(C)C(=O)[C@]12C[C@H]1[C@@](C)(c1cc(/C=C(\F)c3cnc(OCC(F)(F)F)cn3)cnc1F)N=C(N)S2,Active
CC1(C)C(N)=N[C@](C)(c2cc(Oc3ccccn3)ccc2F)CS1(=O)=O,Moderate
CN1C[C@@](C)(c2cc(NC(=O)c3ccccn3)ccc2F)NC(=N)C(C)(C)S1(=O)=O,Moderate
COc1cnc2c(Nc3ccc(F)c([C@@]4(C)N=C(N)C(C)(C)S(=O)(=O)[C@@H]4F)c3)nccc2c1,Active
COc1cnc2c(Nc3cnc(F)c([C@]4(C)CS(=O)(=O)[C@@](C)(C5CC5)C(N)=N4)c3)nccc2c1,Active
C[C@@H](NC(=O)c1cc(C(=O)N[C@@H](Cc2ccccc2)[C@@H](O)CNC2CC2)cc(N(C)S(C)(=O)=O)c1)c1ccccc1,Moderate
COc1cnc2c(Nc3ccc(F)c([C@]4(C)CS(=O)(=O)[C@@](C)(C5CC5)C(N)=N4)c3)ccnc2c1,Active
C[C@@]1(c2cc(Nc3ncnc4cc(C#N)cnc34)ccc2F)CS(=O)(=O)[C@@](C)(C2CC2)C(N)=N1,Active
Cc1cc(C2(c3cccc(-c4cncnc4)c3)N=C(N)N(C)C2=O)cc(C)n1,Moderate
Cc1cc(C2(c3cccc(-c4cncnc4)c3)N=C(N)N(C)C2=O)cc(C(C)C)n1,Moderate
N#Cc1ccc(C#Cc2ccc(F)c([C@@]3(CF)N=C(N)S[C@@]4(/C=C/C(=O)N5CCOCC5)C[C@H]43)c2)nc1,Active
CNC1=NC(c2ccccc2C)NC(=O)N1,Inactive
Cc1ncc2c(n1)C[C@@](C)(c1sc(-c3ccc(F)c(C#N)c3)cc1Cl)NC2=N,Active
COc1cnc2c(Nc3ccc(F)c([C@]4(C)CS(=O)(=O)N(C)C(=N)N4)c3)ncnc2c1,Active
CN1C[C@@](C)(c2cc(NC(=O)C(F)F)ccc2F)NC(=N)C(C)(C)S1(=O)=O,Moderate
C#Cc1ccc2c(c1)[C@]1(N=C(N)N(C)C1=O)C1(CCC(OC)CC1)C2,Active
COc1cnc(C(=O)Nc2ccc(F)c([C@]3(C)CS(=O)(=O)[C@@](C)(C(C)C)C(=N)N3)c2)cn1,Active
C[C@@]1(c2cc(/C=C(\F)c3cnc(Cl)cn3)ccc2F)CO[C@@](C)(C(F)(F)F)C(N)=N1,Moderate
CC1(C)C(=N)N[C@](C)(c2cc(NC(=O)C3(C#N)CC3)cc(F)c2F)CS1(=O)=O,Moderate
C#C[C@H](C)Oc1cnc(/C(F)=C/c2ccc(F)c([C@@]3(C)N=C(N)S[C@@]4(COC)C[C@H]43)c2)cn1,Active
COC1CCC2(CC1)Cc1ccc(C#CC3CC3)cc1C21NC(=S)N(Cc2nccs2)C1=O,Active
CC1(C)C(=N)N[C@](C)(c2cc(NC(=O)c3cnc(O)cn3)ccc2F)CS1(=O)=O,Active
C[C@]1(c2cc(/C=C(\F)c3ccc(C#N)cn3)ccc2F)N=C(N)S[C@@]2(C(=O)N3CCC(F)(F)CC3)C[C@H]21,Active
CN1C(=O)C(c2ccccc2)(c2ccncc2)N=C1N,Moderate
N#Cc1cnc(/C(F)=C/c2ccc(F)c([C@]34CN(c5ncc(F)cn5)C[C@H]3CSC(N)=N4)c2)cn1,Active
CCc1cc(C2(c3cccc(-c4cncnc4)c3)N=C(N)N(C)C2=O)cc(CC)n1,Active
CC1(C)C(=N)N[C@](C)(c2sc(-c3cc(F)cc(F)c3)cc2Cl)CS1(=O)=O,Moderate
CN1C[C@@](C)(c2cc(OCc3ccc(C#N)cc3)ccc2F)NC(=N)C(C)(C)S1(=O)=O,Moderate
CC1(C)C(N)=N[C@](CF)(c2cc(/C=C(\F)c3cnc(Cl)cn3)ccc2F)CS1(=O)=O,Moderate
C[C@H]1C[C@H]2C(=O)N(C)C(=N)N[C@@]2(c2cc(O)ccc2F)CO1,Moderate
C#CCOc1cnc(/C(F)=C/c2ccc(F)c([C@@]3(C)N=C(N)S[C@@]4(S(C)(=O)=O)C[C@H]43)c2)cn1,Active
N#Cc1ccc(C(=O)Nc2cc(F)c(F)c([C@@]3(CF)N=C(N)CCC3(F)F)c2)nc1,Active
Cc1nnc(COc2cnc(/C(F)=C/c3ccc(F)c([C@]4(C)CS(=O)(=O)C(C)(C)C(N)=N4)c3)cn2)o1,Active
CC1(C)C(=N)N[C@](C)(c2sc(C(=O)NCc3ncccn3)cc2Cl)CS1(=O)=O,Moderate
CC1(C)C(=N)N[C@](C)(c2c(F)ccc(N)c2F)CS1(=O)=O,Moderate
Cc1cc(OC(F)F)cnc1C(=O)Nc1ccc(F)c([C@@]2(C)N=C(N)C3(CC3)S(=O)(=O)[C@H]2F)c1,Active
C[C@]1(c2cc(/C=C(\F)c3cnc(OCC4CC4)cn3)ccc2F)N=C(N)[C@@]2(CF)CC[C@@H]1S2(=O)=O,Moderate
CC1(C)C(N)=N[C@](C)(c2cc(C(=O)Nc3ccc(Cl)cc3)ccc2F)CS1(=O)=O,Moderate
Cc1nc(C(=O)Nc2ccc3c(c2)[C@]2(CCO3)CS(=O)(=O)N(C)C(=N)N2)co1,Moderate
CC1(C)C(N)=N[C@](C)(c2cc(Nc3ncc(F)c4cc(Cl)cnc34)ccc2F)CS1(=O)=O,Active
CN1C(=N)N[C@](C)(c2cc(NC(=O)c3ccc(F)cn3)ccc2F)[C@@]2(CCN(Cc3cocn3)C2)S1(=O)=O,Active
CC#CCOc1cnc(/C(F)=C/c2ccc(F)c([C@@]3(C)N=C(N)S[C@@]4(C(N)=O)C[C@H]43)c2)cn1,Active
Cc1cc(C#N)cnc1/C(F)=C/c1ccc(F)c([C@@]2(C)N=C(N)S[C@@]3(C(=O)N4CCOCC4)C[C@H]32)c1,Active
COc1ccc(C(=O)Nc2ccc(F)c([C@@]3(C)NC(=N)N(C)S(=O)(=O)[C@]34CCN(S(=O)(=O)c3ccc(F)cc3)C4)c2)nc1,Active
COC1CCC2(CC1)Cc1cc(F)c(-c3cccc(C#N)c3)cc1C21NC(=S)N(C)C1=O,Active
C[C@]1(c2cc(/C=C(\F)c3ccc(C#N)cn3)cnc2F)N=C(N)S[C@@]2(C(=O)N3[C@H]4COC[C@@H]3COC4)C[C@H]21,Active
CC1=N[C@@]2(C[C@@H]([C@@H]3CCCOC3)Oc3ccc(Br)cc32)N=C1N,Inactive
NC1=N[C@@]2(c3nc(NC(=O)c4ncc(OC(F)F)cc4Cl)cs3)CO[C@@H](C(F)(F)F)C[C@H]2CO1,Moderate
CC1(C)C(=N)N[C@](C)(c2sc(N3Cc4cc(F)ccc4C3=O)cc2Cl)CS1(=O)=O,Moderate
CN1C(N)=N[C@](C)(c2cc(/C=C(\F)c3cc4ccccc4cn3)ccc2F)CS1(=O)=O,Moderate
CN1C(=N)N[C@](C)(c2cc(NC(=O)c3ccc(F)cn3)ccc2F)C2(CCNC2)S1(=O)=O,Active
C[C@H]1C[C@H]2C(=O)N(C)C(=N)N[C@@]2(c2cc(Oc3cnccc3Cl)ccc2F)CO1,Active
CC(C)COc1ccc(F)c([C@]23COC(C)(C)C[C@H]2S(=O)(=O)C(C)(C)C(=N)N3)c1,Moderate
COC1CCC2(CC1)Cc1ccc(CCC3CC3)cc1C21N=C(SCC2CCO2)N(CC2CCO2)C1=O,Active
CN1C(=N)N[C@](C)(c2cc(NC(=O)c3ccc(F)cn3)ccc2F)C2(CC2)S1(=O)=O,Active
COc1ccc(C(=O)Nc2ccc(F)c([C@]3(C)CN(C)S(=O)(=O)C(C)(C)C(=N)N3)c2)nc1,Active
[C-]#[N+]c1cnc2c(Nc3ccc(F)c([C@]4(C)CS(=O)(=O)N(C)C(=N)N4)c3)nccc2c1,Active
COc1cnc(C(=O)Nc2cc(F)c(F)c([C@]3(C)CS(=O)(=O)C(C)(C)C(=N)N3)c2)cn1,Active
COc1ccc(C(=O)Nc2ccc(F)c([C@]3(C)CS(=O)(=O)[C@@](C)(c4ccccc4F)C(=N)N3)c2)nc1,Active
CC(F)(F)C(=O)Nc1cc(F)c(F)c([C@]2(C)CS(=O)(=O)C(C)(C)C(=N)N2)c1,Active
C[C@@]1(c2cc(Nc3ncnc4cc(C#N)cnc34)ncc2F)CS(=O)(=O)[C@@](C)(C2CC2)C(N)=N1,Active
CN1C(=N)N[C@@]2(CCOc3ccc(NC(=O)c4cn5cc(C#N)ccc5n4)cc32)CS1(=O)=O,Moderate
CC1(C)C(=N)N[C@](C)(c2sc(C(=O)NCc3cnn4ccccc34)cc2Cl)CS1(=O)=O,Moderate
C[C@]1(c2cc(NC(=O)c3ccc(Cl)cn3)ccc2F)N=C(N)C2(CC2)S(=O)(=O)[C@H]1F,Active
C[C@@]1(c2cc(NC(=O)c3ccc(Cl)cn3)ccc2F)CC2(CCC2)OC(N)=N1,Active
C[C@H]1OC(N)=N[C@](CF)(c2cc(NC(=O)c3ccc(C#N)cn3)ccc2F)[C@H]1CF,Moderate
CC(=O)N1CCC2(C1)[C@@](C)(c1cc(NC(=O)c3ccc(F)cn3)ccc1F)NC(=N)N(C)S2(=O)=O,Active
Cc1ccc(C(=O)Nc2ccc3c(c2)[C@@]2(C)NC(=N)N(C)S(=O)(=O)[C@H]2CCC3)nc1,Active
C[C@@H]1C[C@@H]2[C@](c3cc(OCC4CC4)ccc3F)(CO1)NC(=N)C(C)(C)S2(=O)=O,Moderate
CN1C(=N)N[C@@]2(CCOc3ccc(NC(=O)c4cnc(C(F)(F)F)cn4)cc32)CS1(=O)=O,Moderate
C[C@@]1(c2cc(NC(=O)c3ccc(Cl)cn3)ccc2F)CS(=O)(=O)[C@]2(C[C@@H](F)C2)C(N)=N1,Active
CN(C)C(=O)[C@]12C[C@H]1[C@@](C)(c1cc(/C=C(\F)c3cnc(C#N)cn3)ccc1F)N=C(N)S2,Active
COC[C@H](C)Oc1cnc(/C(F)=C/c2ccc(F)c([C@@]3(C)N=C(N)S[C@@]4(C(=O)N(C)C)C[C@H]43)c2)cn1,Active
CN1C[C@@](C)(c2cc(NC(=O)c3ccc(C(F)(F)F)cn3)ccc2F)NC(=N)C(C)(C)S1(=O)=O,Active
NC1=N[C@@](c2cc(Nc3coc4cc(Cl)cnc34)ccc2F)(C(F)F)[C@H]2C[C@H]2O1,Moderate
C[C@@H]1COC[C@H](C)N1C(=O)[C@]12C[C@H]1[C@@](C)(c1cc(/C=C(\F)c3ccc(C#N)cn3)ccc1F)N=C(N)S2,Active
CC#CCOc1cnc(/C(F)=C/c2ccc(F)c([C@@]3(C)N=C(N)S[C@@]4(C(C)=O)C[C@H]43)c2)cn1,Active
COc1ccc(-c2nnc(-c3cc(Cl)c([C@]4(C)CS(=O)(=O)C(C)(C)C(=N)N4)s3)o2)cc1,Active
C[C@@]1(c2ccc(F)cc2F)CS(=O)(=O)[C@](C)(Cc2cccc(Br)c2)C(=N)N1,Moderate
C#Cc1cnc(/C(F)=C/c2ccc(F)c([C@@]3(C)N=C(N)S[C@@]4(C(=O)NC)C[C@H]43)c2)cn1,Active
CC1(C)C(N)=N[C@](C)(c2cc(Nc3nccc4nc(O)cnc34)cc(F)c2F)CS1(=O)=O,Active
Cc1cnc(C(=O)Nc2ccc(F)c([C@]3(C)CS(=O)(=O)C(C)(C)C(N)=N3)c2)c(C)n1,Active
CC1(C)C(N)=N[C@@]2(c3cc(/C=C(\F)c4ccc(C#N)cn4)ccc3F)CO[C@H]2S1(=O)=O,Active
CN(C)C(=O)[C@]12C[C@H]1[C@@](C)(c1cc(/C=C(\F)c3cnc(OCC(F)(F)C(F)F)cn3)cnc1F)N=C(N)S2,Active
COc1ccc(C(=O)Nc2ccc(F)c([C@]3(C)CS(=O)(=O)[C@](C)(c4ccccc4F)C(=N)N3)c2)nc1,Active
CC1(C)C(=N)N[C@](C)(c2cc(Nc3noc4cc(F)cnc34)ccc2F)CS1(=O)=O,Active
COC1CCC2(CC1)Cc1ccc(-c3nc(Br)cs3)cc1C21NC(=S)N(C(C)C)C1=O,Active
Cc1c(CNc2cc([C@]3(C)CS(=O)(=O)C(C)(C)C(N)=N3)c(F)cn2)nc2ccc(Cl)cn12,Moderate
CN1C[C@@](C)(c2cc(NC(=O)c3ccn(C)n3)ccc2F)NC(=N)C(C)(C)S1(=O)=O,Moderate
CN1C(=N)N[C@](C)(c2cc(N[C@@H]3CCc4ncc(Cl)cc43)ccc2F)CS1(=O)=O,Active
NC1=N[C@@]2(c3cc(/C=C(\F)c4ccc(Cl)cn4)ccc3F)CN(c3ncc(F)cn3)C[C@H]2CS1,Active
CC1(C)C(=N)N[C@](C)(c2sc(C(=O)NCC3CCC3)cc2Cl)CS1(=O)=O,Moderate
C[C@]1(c2cc(/C=C(\F)c3ccc(C#N)cn3)ccc2F)N=C(N)S[C@@]2(C(=O)NC3CCOCC3)C[C@H]21,Active
CN1C(N)=N[C@](C)(c2cc(/C=C(\F)c3ccc(C#N)cn3)ccc2F)CS1(=O)=O,Active
COC[C@H]1C[C@H]2C(=O)N(C)C(=N)N[C@@]2(c2cc(Oc3cc(C#N)ccn3)c(F)cc2F)CO1,Active
CN1C(=N)N[C@@]2(c3cc(Br)ccc3F)COCC[C@H]2C1=O,Moderate
Cc1cc(C2(c3cccc(-c4cccnc4)c3)N=C(N)N(C)C2=O)ccn1,Active
Cc1cc(C2(c3cccc(-c4cncnc4)c3)N=C(N)N(C)C2=O)ccn1,Active
CCc1cc(C2(c3cccc(-c4cncnc4)c3)N=C(N)N(C)C2=O)ccn1,Active
CC1(C)C(=N)N[C@](C)(c2c(F)ccc(F)c2F)CS1(=O)=O,Moderate
CO[C@@H](C)C(=O)Nc1ccc(F)c([C@]2(C)CN(C)S(=O)(=O)C(C)(C)C(=N)N2)c1,Moderate
C#CCOc1cnc(/C(F)=C/c2ccc(F)c([C@]3(C)CO[C@@](C)(C(F)(F)F)C(N)=N3)c2)cn1,Active
CCc1cc([C@]2(c3cccc(-c4cccnc4F)c3)N=C(N)N(C)C2=O)cc(CC)n1,Active
C[C@@H]1C[C@H]2OC(N)=N[C@](CF)(c3cc(NC(=O)c4cnc(OCF)cn4)ccc3Cl)[C@H]2CO1,Active
C[C@@]1(c2cc(NC(=O)c3ccc(F)cn3)ccc2F)CS(=O)(=O)[C@@](C)(c2ccccc2F)C(=N)N1,Active
COc1cccc2cc(C(=O)Nc3ccc(F)c([C@]4(C)CS(=O)(=O)[C@@](C)(CC5CCOCC5)C(=N)N4)c3)[nH]c12,Active
COc1ccc(C(=O)Nc2ccc(F)c([C@@]3(C)NC(=N)N(C)S(=O)(=O)[C@@]34CCN(CC3CC(OC)C3)C4)c2)nc1,Active
C[C@@]1(c2cc(N)ccc2F)CS(=O)(=O)[C@@](C)(c2ccccn2)C(=N)N1,Moderate
C[C@@]1(c2cc(NC(=O)c3nn(C(F)F)cc3Cl)ccc2F)Cn2nncc2C(N)=N1,Active
CC1(C)C(=N)N[C@](C)(c2cccc(Cl)c2F)CS1(=O)=O,Moderate
C[C@@]1(c2ccc(F)cc2F)CS(=O)(=O)[C@@](C)(c2cccc(OCc3ccccc3)c2)C(=N)N1,Moderate
CN1C(=N)N[C@@]2(CCOc3ccc(NC(=O)c4ccc(OC(F)F)cn4)cc32)CS1(=O)=O,Active
CC#Cc1cncc(-c2cc([C@]3(C)CC4(CCOCC4)OC(N)=N3)sc2C)c1,Moderate
C[C@@]1(c2cc(N)ccc2F)CS(=O)(=O)[C@@](C)(c2cccc(C(F)(F)F)c2)C(=N)N1,Moderate
COc1ccc(C(=O)Nc2ccc(F)c([C@]3(C)CS(=O)(=O)[C@@](C)(C4CCOCC4)C(=N)N3)c2)nc1,Active
C[C@@H]1C[C@H]2OC(N)=N[C@](CF)(c3cc(NC(=O)c4cnc(C(F)F)cn4)ccc3F)[C@H]2CO1,Active
CC#Cc1ccc2c(c1)c1cc([C@]3(C)CC(=O)N(C)C(=N)N3)ccc1[s+]2[O-],Active
C[C@]1(c2cc(/C=C(\F)c3cnc(C#N)cn3)ccc2F)N=C(N)OC[C@@H]1OCC(F)(F)F,Active
C[C@]1(c2cc(/C=C(\F)c3ccc(C#N)cn3)cnc2F)N=C(N)S[C@@]2(C(=O)N3CCC(F)(F)CC3)C[C@H]21,Active
COc1cnc2c(Nc3cc([C@]4(C)CS(=O)(=O)[C@@](C)(C5CC5)C(N)=N4)c(F)cn3)ccnc2c1,Active
COCC1(COC)C(=N)N[C@](C)(c2sc(-c3cc4cccc(OC)c4[nH]3)cc2Cl)CS1(=O)=O,Active
COc1cnc(C(=O)Nc2ccc(F)c([C@]3(C)CS(=O)(=O)C(C)(C)C(N)=N3)n2)cn1,Moderate
COCCOc1cnc(/C(F)=C/c2ccc(F)c([C@@]3(C)N=C(N)S[C@@]4(C(=O)N(C)C)C[C@H]43)c2)cn1,Active
CC1(C)C(=N)N[C@](C)(c2cc(-c3cccc(-c4cnco4)c3)cs2)CS1(=O)=O,Active
COc1cnc2c(Nc3ccc(F)c([C@]4(C)CS(=O)(=O)C5(CC5)C(N)=N4)c3)nccc2c1,Active
CN1C(NC(=O)OC(C)(C)C)=N[C@](C)(c2cc(/C=C(\F)c3ccc(Cl)cn3)ccc2F)CS1(=O)=O,Active
CN1C(=N)N[C@@]2(c3cc(OCC4CC(F)(F)C4)ccc3F)CO[C@@H](C3CC3)C[C@H]2C1=O,Active
CCS(=O)(=O)N1CC[C@@]2(C1)[C@@](C)(c1cc(NC(=O)c3ccc(OC)cn3)ccc1F)NC(=N)N(C)S2(=O)=O,Active
Cc1cc(C(F)F)cnc1C(=O)Nc1ccc(F)c([C@@]2(C)N=C(N)C3(CCC3)S(=O)(=O)[C@@H]2F)c1,Active
COC[C@]12CC1[C@@](C)(c1cc(C#Cc3ccc(C#N)cn3)ccc1F)N=C(N)S2,Active
C[C@]1(c2cc(/C=C(\F)c3ccc(C#N)cn3)ccc2F)N=C(N)OC[C@@H]1OCC(F)(F)F,Active
CN(C)c1cccc(-n2nc(Nc3ccc(OCCN4CCCCC4)cc3)nc2N)n1,Moderate
Cc1cc(C#N)cnc1C(=O)Nc1ccc(F)c([C@@]2(C)N=C(N)[C@@](C)(F)C[C@@H]2F)c1,Active
CN(C)C(=O)[C@]12C[C@H]1[C@@](C)(c1cc(/C=C(\F)c3ccc(C#N)cc3F)ccc1F)N=C(N)S2,Active
COCc1cccc(C2(c3ccc(OC(F)I)c(C)c3)N=C(N)N(C)C2=O)c1,Moderate
CNC(=O)[C@]12C[C@H]1[C@@](C)(c1cc(/C=C(\F)c3cnc(C#CCF)cn3)ccc1F)N=C(N)S2,Active
COCCN1C(=O)C2(NC1=S)c1cc(C#CC3CC3)ccc1CC21CCC(OC)CC1,Active
CC1(C)C(=N)N[C@](C)(c2sc(-c3nnc(-c4ccccc4)o3)cc2Cl)CS1(=O)=O,Moderate
C#CCOc1ccc(C(=O)Nc2ccc(F)c([C@]34CCC[C@H]3S(=O)(=O)N(C)C(=N)N4)c2)nc1,Active
CN1C(=N)N[C@](C)(c2cc(NC(=O)c3ccc(F)cn3)ccc2F)[C@]2(CCN(S(=O)(=O)CC3CCCO3)C2)S1(=O)=O,Active
CC#Cc1cncc(-c2csc(C3(C)N=C(N)OC4(CCOCC4)C3(F)F)c2)c1,Moderate
CC1(C)C(N)=N[C@](C)(c2cc(/C=C(\F)c3cnc(OCC(F)(F)C(F)F)cn3)ccc2F)CS1(=O)=O,Moderate
C[C@]1(c2cc(/C=C(\F)c3cnc(Cl)cn3)ccc2F)N=C(N)OC[C@@H]1OCC(F)(F)F,Moderate
COc1cnc(C(=O)Nc2ccc(F)c([C@]3(C)CS(=O)(=O)[C@](C)(C4CCC4)C(=N)N3)c2)cn1,Moderate
COC1CCC2(CC1)Cc1ccc(CCC(F)(F)F)cc1C21NC(=S)N(C)C1=O,Active
CN1C(=N)N[C@@]2(c3cc(OCC(F)(F)F)ccc3F)CO[C@@H](C3CC3)C[C@H]2C1=O,Moderate
CN1C(=O)C(c2ccncc2)(c2cccc(-c3ccccc3)c2)N=C1N,Moderate
Nc1nc(Nc2ccc(OCCN3CCCC3)cc2)nn1-c1nc2ccccc2[nH]1,Moderate
CC1(C)C(=N)N[C@](C)(c2nc(Nc3cccc(Cl)c3F)ccc2F)CS1(=O)=O,Moderate
COc1cnc2c(Nc3ccc(F)c([C@]4(C)CS(=O)(=O)[C@@](C)(C5CC5)C(N)=N4)c3)ncnc2c1,Active
C[C@]1(CC2CC2)C(=N)N[C@](C)(c2cc(NC(=O)c3ccc(C(F)(F)F)cn3)ccc2F)CS1(=O)=O,Active
CC1(C)C(=N)N[C@](C)(c2cc(NC(=O)C(F)F)ccc2F)CS1(=O)=O,Moderate
COC[C@H]1C[C@@H]2[C@](c3cc(Oc4cnccc4Cl)ccc3F)(CO1)NC(=N)N(C)S2(=O)=O,Moderate
COc1cnc(C(=O)Nc2ccc(F)c([C@]3(C)CS(=O)(=O)[C@](C)(c4cccc(F)c4)C(=N)N3)c2)cn1,Moderate
NC1=N[C@@](c2cc(N[C@H]3CCc4cc(Br)ccc43)ccc2F)(C(F)F)[C@H]2C[C@H]2O1,Moderate
C[C@@]1(c2sc(-c3ccc(F)c(C#N)c3)cc2Cl)Cc2ncncc2C(=N)N1,Active
C[C@]1(CC2CCOCC2)C(=N)N[C@](C)(c2cc(NC(=O)c3ccc(Cl)cn3)ccc2F)CS1(=O)=O,Active
C[C@H]1C[C@H]2C(=O)N(C)C(=N)N[C@@]2(c2cc(=O)n(CC3CC3)cc2F)CO1,Moderate
C[C@@]1(c2ccc(F)cc2F)CS(=O)(=O)[C@@](C)(c2cccc(O)c2)C(=N)N1,Moderate
COC1CCC2(CC1)Cc1ccc(CCC3CC3)cc1C21NC(=S)N(CCN(C)C)C1=O,Active
COc1ccc(C(=O)Nc2cc(Cl)c(F)c([C@]3(C)CS(=O)(=O)C(C)(C)C(=N)N3)c2)nc1,Active
CN1C(=N)NC2(c3cc(NC(=O)c4ccc(Cl)cn4)ccc3F)CC2S1(=O)=O,Moderate
COc1cnc(C(=O)Nc2ccc3c(c2)[C@@]2(C)NC(=N)N(C)S(=O)(=O)[C@H]2CCC3)c(C)c1,Active
COc1cnc(C(=O)Nc2ccc(F)c([C@]34CO[C@@H](C)C[C@@]3(F)CSC(N)=N4)c2)cn1,Moderate
COc1cnc(C(=O)Nc2ccc(F)c([C@]3(C)CS(=O)(=O)C(C)(C)C(=N)N3)c2F)cn1,Active
COc1cnc2c(Nc3ccc(F)c([C@]4(C)CS(=O)(=O)C(C)(C)C(N)=N4)c3)ncnc2c1,Active
COc1ccc(C(=O)Nc2ccc(F)c([C@@]3(C)NC(=N)N(C)S(=O)(=O)[C@]34CCN(Cc3cnn(C)c3)C4)c2)nc1,Active
CN1C(=N)N[C@@]2(CCCc3ccc(NC(=O)c4ccc(OCF)cn4)cc32)CS1(=O)=O,Active
CCc1cccc(NC(=O)c2cc(Cl)c([C@]3(C)CS(=O)(=O)C(C)(C)C(=N)N3)s2)n1,Moderate
COc1ccnc(Oc2ccc(F)c([C@]34CO[C@@H](C)C[C@H]3S(=O)(=O)N(C)C(=N)N4)c2)n1,Active
Cc1noc(COc2cnc(/C(F)=C/c3ccc(F)c([C@@]4(C)N=C(N)[C@@]5(CF)CC[C@@H]4S5(=O)=O)c3)cn2)n1,Active
C[C@@]1(c2cc(Nc3nccc4cc(Br)cnc34)ncc2F)CS(=O)(=O)[C@@](C)(C2CC2)C(N)=N1,Active
C[C@@]1(F)C[C@H](F)[C@@](C)(c2cc(NC(=O)c3ccc(F)cn3)ccc2F)N=C1N,Active
CC1(C)C(=N)N[C@](C)(c2cc(NC(=O)CC(F)(F)F)cc(F)c2F)CS1(=O)=O,Moderate
COC[C@]12C[C@H]1[C@@](C)(c1cc(/C=C(\F)c3cnc(OC[C@H](C)OC)cn3)ccc1F)N=C(N)S2,Moderate
CNC(=O)[C@]12C[C@H]1[C@@](C)(c1cc(/C=C(\F)c3ccc(OC(F)(F)F)cn3)ccc1F)N=C(N)S2,Active
CN(C(=O)OC(C)(C)C)c1cnc(C(=O)Nc2ccc(F)c([C@@]3(C(F)F)N=C(N)O[C@@H]4C[C@@H]43)c2)nc1,Moderate
COc1cccc(-n2nc(Nc3ccc(OCCN4CCCC4)cc3)nc2N)n1,Inactive
CN(C)C(=O)[C@]12C[C@H]1[C@@](C)(c1cc(/C=C(\F)c3ccc(C#N)cn3)cnc1F)N=C(N)S2,Active
CC1=N[C@@]2(C[C@H]([C@@H]3CCCOC3)Oc3ccc(-c4cccc(Cl)c4)cc32)N=C1N,Active
NC1=N[C@@]2(c3nc(NC(=O)c4ncc(OC(F)F)cc4Cl)cs3)COC3(CCC3)C[C@H]2CO1,Moderate
CC(=O)[C@]12C[C@H]1[C@@](C)(c1cc(/C=C(\F)c3cnc(OCC(F)(F)F)cn3)ccc1F)N=C(N)S2,Moderate
C[C@@]1(c2ccccc2F)C(=N)N[C@](C)(c2sc(-c3cccc(C#N)c3)cc2F)CS1(=O)=O,Moderate
CN1C(N)=N[C@](C)(c2cc(/C=C(\F)c3ccc(F)cn3)ccc2F)CS1(=O)=O,Moderate
C#CCOc1ccc(C(=O)Nc2ccc(F)c([C@@]3(C)NC(=N)N(C)S(=O)(=O)C34CC4)c2)nc1,Active
CC#CCOc1cnc2c(Nc3cnc(F)c([C@]4(C)CS(=O)(=O)[C@@](CF)(C5CC5)C(N)=N4)c3)nccc2n1,Active
Cc1cc(C(F)F)cnc1C(=O)Nc1ccc(F)c([C@]2(C)CO[C@@](C)(C(F)(F)F)C(N)=N2)n1,Active
COc1ccc(CNC2=N[C@](C)(c3cc(/C=C(\F)c4ccc(C#N)cn4)ccc3F)[C@@H]3C(F)(F)[C@]3(CO)S2)cc1,Active
CC1(C)C(N)=N[C@](C)(c2cc(Br)ccc2F)C2(CC2)S1(=O)=O,Inactive
CN1C(=N)N[C@](C)(c2cc(NC(=O)c3ccc(F)cn3)ccc2F)[C@]2(CCN(Cc3ccncc3)C2)S1(=O)=O,Active
COc1ccc(C(=O)Nc2ccc(F)c([C@@]3(C)NC(=N)N(C)S(=O)(=O)[C@@]34CCN(CC3CCOC3)C4)c2)nc1,Active
CC1(C)C(=N)N[C@](C)(c2cc(NC(=O)c3cnc(OCC4CC4)cn3)ccc2F)CS1(=O)=O,Active
CC(C)N1C(=O)C2(NC1=S)c1cc(OCC(F)(F)F)ccc1CC21CCc2ccccc2CC1,Active
C[C@@]1(c2cc(Nc3nccc4cc(C#N)cnc34)ccc2F)CS(=O)(=O)[C@@](CF)(C2CC2)C(N)=N1,Active
CN(C)C(=O)[C@]12C[C@H]1[C@@](C)(c1cc(C#CC3CC3)ccc1F)N=C(N)S2,Active
NC1=N[C@@](c2cc(NC(=O)c3cnc(CCC#CC4CC4)cn3)ccc2F)(C(F)F)[C@H]2C[C@H]2O1,Active
C[C@@]1(c2cc(NC(=O)c3ccc(F)cn3)ccc2F)Cn2nncc2C(N)=N1,Active
C[C@@]1(c2cc(-c3cccc(C#N)c3)cs2)Cc2nc(C3CC3)ncc2C(=N)N1,Moderate
COCC(C)N1C(=O)C2(NC1=S)c1cc(Br)ccc1CC21CCC(OC)CC1,Moderate
COc1ccc(F)c([C@]23CO[C@@H](c4ccc(F)cc4)C[C@H]2S(=O)(=O)C(C)(C)C(=N)N3)c1,Moderate
CC1(C)C(=N)N[C@](C)(c2sc(-c3nnc(-c4ccc(C#N)cc4)o3)cc2Cl)CS1(=O)=O,Active
CN1C(=O)C(c2ccc(OC(F)F)cc2)(c2cc(F)cc(F)c2)N=C1N,Moderate
C[C@@]1(c2cc(-c3cncnc3)ccc2F)Cc2ncncc2C(=N)N1,Moderate
CC1(C)C(N)=N[C@](C)(c2cc(/C=C(\F)c3cnc(OCc4ncco4)cn3)ccc2F)CS1(=O)=O,Active
C[C@]1(CC2CC2)C(=N)N[C@](C)(c2cc(N)ccc2F)CS1(=O)=O,Moderate
CC1(C)C(=N)N[C@](C)(c2cc(NC(=O)C(F)F)cc(F)c2F)CS1(=O)=O,Moderate
COc1ccc(F)c([C@]23CO[C@@H](C)C[C@H]2S(=O)(=O)C(C)(C)C(=N)N3)c1,Moderate
CC1(C)C(N)=N[C@](C)(c2cc(/C=C(\F)c3ccc(Cl)cn3)ccc2F)CS1(=O)=O,Active
C[C@H]1CCN1C(=O)[C@]12C[C@H]1[C@@](C)(c1cc(/C=C(\F)c3ccc(Cl)cn3)ccc1F)N=C(N)S2,Active
C#C[C@@H](CC)Oc1cnc(/C(F)=C/c2ccc(F)c([C@]3(C)CS(=O)(=O)C(C)(C)C(N)=N3)c2)cn1,Moderate
CCCn1cc(-c2ccc(F)c(C3(C)CC4(CCOCC4)OC(N)=N3)c2)cn1,Moderate
COC(C)COc1cnc(/C(F)=C/c2ccc(F)c([C@]3(C)CS(=O)(=O)C(C)(C)C(N)=N3)c2)cn1,Active
COC1CCC2(CC1)Cc1ccc(CCC3CC3)cc1C21NC(=S)N(Cc2cccc(NS(C)(=O)=O)c2)C1=O,Active
CN1C(=N)N[C@@]2(CCCc3ccc(NC(=O)c4ccc(C#N)cn4)cc32)CS1(=O)=O,Active
COC1CCC2(CC1)Cc1ccc(C#Cc3ccccc3)cc1C21N=C(SC)N(C)C1=O,Active
C[C@]1(c2cc(/C=C(\F)c3ccc(C#N)cn3)cnc2F)N=C(N)S[C@@]2(C(=O)N3CCC(F)(F)C3)C[C@H]21,Active
N#Cc1ccc(/C(F)=C/c2ccc(F)c([C@@]34COC[C@@H]3CSC(N)=N4)c2)nc1,Moderate
CN1C(=N)N[C@@]2(CCCc3ccc(NC(=O)c4cnc(C(F)(F)F)cn4)cc32)CS1(=O)=O,Moderate
N#Cc1ccc(C(=O)Nc2cccc([C@]34CN(c5ncc(F)cn5)C[C@H]3CSC(N)=N4)c2)nc1,Active
CN1C(=N)N[C@@]2(c3cc(Oc4cc(-n5cccn5)ncn4)ccc3F)CO[C@@H](C3CC3)C[C@H]2C1=O,Active
CN1C(=O)C(c2ccccc2)(C2CCCCC2)N=C1N,Moderate
COc1cnc2c(Nc3ccc(F)c([C@]45CCC[C@H]4S(=O)(=O)N(C)C(=N)N5)c3)nccc2c1,Active
CC(C)[C@@H]1COCCN1C(=O)[C@]12C[C@H]1[C@@](C)(c1cc(/C=C(\F)c3ccc(C#N)cn3)ccc1F)N=C(N)S2,Active
COc1ccccc1Nc1cc([C@]2(C)CS(=O)(=O)N(C)C(=N)N2)ccn1,Moderate
CN1C(N)=N[C@](C)(c2cc(/C=C(\F)c3ccc(C#N)cn3)ccc2F)C(C)(C)S1(=O)=O,Active
CC#CCOc1cnc(/C(F)=C/c2cnc(F)c([C@@]3(C)N=C(N)S[C@@]4(C(=O)N(C)C)C[C@H]43)c2)cn1,Active
CC1(c2cc(NC(=O)c3ccc(F)cn3)ccc2F)CC2(CCC2)OC(N)=N1,Moderate
NC1=N[C@](CF)(c2cc(NC(=O)c3ccc(F)cn3)cc(F)c2F)C(F)(F)CC1,Active
COc1cccc(-c2cc(F)c([C@]3(C)CS(=O)(=O)[C@@](C)(CC(F)(F)F)C(=N)N3)s2)c1,Moderate
NC1=N[C@](CF)(c2cc(NC(=O)c3ccc(Cl)cn3)cc(F)c2F)C(F)(F)CC1,Active
CC1(C)C[C@@H]2[C@](c3cc(Oc4cc(F)cnc4F)ccc3F)(CO1)NC(=N)C(C)(C)S2(=O)=O,Active
C[C@@]1(c2cc(NC(=O)c3ccc(F)cn3)ccc2F)CS(=O)(=O)[C@](C)(CC(F)(F)F)C(=N)N1,Active
C[C@]1(c2cc(NC(=O)c3ccc(F)cn3)ccc2F)N=C(N)OC2(CCOCC2)C1(F)F,Moderate
COc1cnc(C(=O)Nc2cc(F)c(F)c([C@]3(C)CS(=O)(=O)C(C)(C)C(=N)N3)c2F)cn1,Active
COc1cnc2c(Nc3ccc(Cl)c([C@@]4(CF)N=C(N)O[C@@H]5C[C@@H]54)c3)nccc2c1,Moderate
COC(=O)[C@@H]1C[C@H]2C(=O)N(C)C(=N)N[C@@]2(c2ccc(F)cc2F)CO1,Moderate
Cc1cc2cc(n1)OCCCCOc1cccc(c1)C[C@@H]([C@H](O)CNC1(c3cccc(C(C)C)c3)CC1)NC2=O,Active
CC1(C)COc2ccc(-c3cc(F)cc(F)c3)cc2C12C=C(F)C(N)=N2,Moderate
COC1CCC2(CC1)Cc1ccc(C#CC3CC3)cc1C21NC(=S)N(Cc2nnc(C)o2)C1=O,Active
C[C@@]1(c2cc(-c3cccc(-c4nnco4)c3)cs2)Cc2nc(C3CC3)ncc2C(=N)N1,Active
CN1C(=O)C(c2ccc(OC(F)F)cc2)(c2cccc(-c3cncnc3)c2)N=C1N,Active
COc1ccc(C(=O)Nc2ccc(F)c([C@@]3(C)NC(=N)N(C)S(=O)(=O)[C@@]34CCN(S(=O)(=O)C3CC3)C4)c2)nc1,Active
COc1ccc(C(=O)Nc2ccc(F)c([C@]3(C)CS(=O)(=O)[C@](C)(c4cccc(F)c4)C(=N)N3)c2)nc1,Moderate
C[C@@]1(c2cc(NC(=O)c3ccc(F)cn3)ccc2F)CS(=O)(=O)[C@@](C)(c2cccc(F)c2)C(=N)N1,Active
COc1cnc(/C(F)=C/c2ccc(F)c([C@]3(C)CS(=O)(=O)C(C)(C)C(N)=N3)c2)cn1,Moderate
COc1ccc(C(=O)Nc2ccc(F)c([C@@]3(C)NC(=N)N(C)S(=O)(=O)[C@@]34CCN(Cc3cncnc3)C4)c2)nc1,Active
COc1cnc(C(=O)Nc2cc([C@@]3(C)CS(=O)(=O)C4(CCC4)C(N)=N3)c(F)cn2)cn1,Moderate
Nc1nc(Nc2ccc(OCCN3CCCC3)cc2)nn1-c1cccc(Cl)n1,Moderate
CC1(C)C(N)=N[C@@](C)(c2cc(NC(=O)c3ccc(Cl)cn3)cc(F)c2F)CS1(=O)=O,Moderate
C[C@@]1(c2cc(NC(=O)c3ccc(Cl)cn3)ccc2F)CC2(CCC2)SC(N)=N1,Active
CC(C)(C)OC(=O)N=C1OC2C[C@@H]2[C@@](CF)(c2cc(-c3cncc(F)c3)c(CO)cc2F)N1C(=O)OC(C)(C)C,Inactive
CC#Cc1cncc(-c2csc(C3(C)CC4(CCOCC4)OC(N)=N3)c2)c1,Moderate
COc1cnc(C(=O)Nc2ccc(F)c([C@]3(C)CS(=O)(=O)[C@]4(C[C@@H](F)C4)C(N)=N3)c2)c(C)c1,Active
COc1cnc2c(Nc3ccc(F)c([C@]45CCC[C@H]4S(=O)(=O)N(C)C(=N)N5)c3)ccnc2c1,Moderate
CC1(C)C(N)=N[C@](C)(c2cc(Sc3ccccn3)ccc2F)CS1(=O)=O,Moderate
Cc1noc2c1CC1(CC2)Oc2ccc(Br)cc2C12N=C(N)N(C)O2,Moderate
C#CCOc1cnc(/C(F)=C/c2ccc(F)c([C@@]3(C)N=C(N)S[C@@]4(C(=O)NC)C[C@H]43)c2)cn1,Active
CC1(C)C(=N)N[C@](C)(c2nc3ccc(-c4ccccc4)cc3s2)CS1(=O)=O,Moderate
COC1CCC2(CC1)Cc1ccc(C#CC3CC3)cc1C21NC(=S)N(Cc2cncnc2)C1=O,Active
CN(C)C(=O)[C@]12C[C@H]1[C@@](C)(c1cc(/C(F)=C/c3ccc(C#N)cc3)ccc1F)N=C(N)S2,Moderate
N#Cc1ccc(/C(F)=C/c2ccc(F)c([C@@]34CO[C@@H](C(F)(F)F)[C@@H]3CSC(N)=N4)c2)nc1,Moderate
C[C@]1(c2cc(/C=C(\F)c3ccc(C#N)cn3)ccc2F)N=C(N)S[C@@]2(C(=O)N3CC[C@@H](F)C3)C[C@H]21,Active
COc1cccc(-c2ccc(F)c([C@]3(C)Cc4ncncc4C(=N)N3)c2)c1,Moderate
COc1cnc(C(=O)Nc2ccc(F)c([C@]3(C)CN(C)S(=O)(=O)C(C)(C)C(=N)N3)c2)cn1,Active
COc1ccc(C#Cc2ccc(F)c(C3(C)CS(=O)(=O)C(C)(C)C(=N)N3)n2)cc1,Moderate
CC1(c2cc(NC(=O)c3ccc(Cl)cn3)cc(F)c2F)CS(=O)(=O)C(C)(C)C(N)=N1,Active
CC1(C)C[C@@](C)(c2cc(NC(=O)c3ccc(C#N)cn3)ccc2F)NC(N)O1,Active
C[C@@]1(c2cc(N)ccc2F)CS(=O)(=O)[C@@](C)(C2CCOCC2)C(=N)N1,Moderate
CC1(C)C(N)=N[C@](C)(c2cc(/C=C(\F)c3cnc(OCC(F)(F)F)cn3)ccc2F)CS1(=O)=O,Active
CC#Cc1cncc(-c2cc([C@@]3(CF)N=C(N)OC4C[C@@H]43)c(F)cc2COCc2ccc(OC)cc2)c1,Inactive
NC1=N[C@](CF)(c2cc(NC(=O)c3cnc(C(F)F)cn3)ccc2F)[C@H]2COCC[C@H]2O1,Active
Cc1cc(C(=O)Nc2ccc(F)c([C@@]3(C)NC(=N)N(C)S(=O)(=O)C34CC4)c2)no1,Moderate
Cc1nc(C(=O)Nc2ccc3c(c2)[C@@]2(C)NC(=N)N(C)S(=O)(=O)[C@@H]2CCO3)c(C)o1,Moderate
Cc1cc(Cl)cnc1C(=O)Nc1ccc(F)c([C@@]2(C)N=C(N)C3(CC3)S(=O)(=O)[C@H]2F)c1,Active
C[C@]1(CC2CCOCC2)C(=N)N[C@](C)(c2cc(N)ccc2F)CS1(=O)=O,Moderate
CC1(C)C(NC(=O)OCC2CCCC2)=N[C@](C)(c2cc(/C=C(\F)c3cnc(OCC4CCCC4)cn3)ccc2F)CS1(=O)=O,Moderate
COc1cnc2c(Nc3ccc(F)c([C@]4(C)CS(=O)(=O)[C@@](C)(F)C(N)=N4)c3)nccc2n1,Active
CC1(C)C(N)=N[C@](C)(c2cc(/C=C(\F)c3ccc(C(F)(F)F)cn3)ccc2F)CS1(=O)=O,Active
Cc1cc(OC(F)F)cnc1C(=O)Nc1ccc(F)c([C@]2(CF)CS(=O)(=O)C3(CC3)C(N)=N2)c1,Active
CC1(C)C(=N)N[C@](C)(c2cc(NC(=O)c3ccc(C(F)(F)F)cn3)cc(F)c2F)CS1(=O)=O,Active
Cc1cc(COc2cnc(/C(F)=C/c3ccc(F)c([C@@]4(C)N=C(N)S[C@@]5(C(=O)N(C)C)C[C@H]54)c3)cn2)on1,Active
C[C@H]1C[C@H]2CSC(N)=N[C@@]2(c2nc(NC(=O)c3cn(C)nc3C(F)(F)F)cs2)CO1,Moderate
Cc1cc(C2(c3cccc(F)c3)N=C3NCCC(c4ccccc4)N3C2=O)ccc1OC(F)F,Moderate
CCOc1cnc(/C(F)=C/c2ccc(F)c([C@@]3(C)N=C(N)[C@@]4(CF)CC[C@@H]3S4(=O)=O)c2)cn1,Moderate
CC1(C)C(N)=N[C@](C)(c2cc(/C=C(\F)c3ccc(C#N)cn3)ccc2F)CS1(=O)=O,Active
COc1cccc2cc(-c3csc([C@]4(C)Cc5nc(C6CC6)ncc5C(=N)N4)c3)[nH]c12,Active
COc1cnc2c(Nc3ccc(F)c([C@]45CCC[C@H]4S(=O)(=O)N(C)C(=N)N5)c3)nccc2n1,Active
CC1(C)C(=N)N[C@](C)(c2nc(NC(=O)c3ccc(F)cn3)ccc2F)CS1(=O)=O,Active
CN1C(=N)N[C@](C)(c2cc(NC(=O)c3ccc(C(F)(F)F)cn3)ccc2F)C2(CC2)S1(=O)=O,Active
COC1CCC2(CC1)Oc1ccc(CCC3CC3)cc1C21NC(=S)N(C)C1=O,Active
COc1cnc2c(Nc3ccc(F)c([C@]4(C)CS(=O)(=O)[C@@](C)(F)C(N)=N4)c3)nccc2c1,Active
C#CCOc1cnc(/C(F)=C/c2ccc(F)c([C@@]3(C)N=C(N)S[C@@]4(C(=O)N5CC[C@H](F)C5)C[C@H]43)c2)cn1,Active
C#CCOc1cnc(/C(F)=C/c2ccc(F)c([C@]34CN(c5ncccn5)C[C@H]3CSC(N)=N4)c2)cn1,Active
CN1C(=O)NC2(C1=O)c1cc(Br)ccc1C[C@]21CC[C@H](N(C)C)CC1,Moderate
C[C@H]1C[C@H]2CSC(NC(=O)c3ccccc3)=N[C@@]2(c2nc(NC(=O)c3ccc(Cl)cn3)cs2)CO1,Active
CO[C@H]1C[C@]2(C1)C(N)=N[C@](C)(c1cc(NC(=O)c3ncc(Cl)cc3C)ccc1F)CS2(=O)=O,Active
COC[C@H]1C[C@H]2C(=O)N(C)C(=N)N[C@@]2(c2cc(Oc3cc(C#N)ccn3)ccc2F)CO1,Active
C[C@]1(c2cc(/C=C(\F)c3ccc(C#N)cn3)cnc2F)N=C(N)S[C@@]2(C(=O)NCC(F)F)C[C@H]21,Active
Cc1noc(COc2cnc(/C(F)=C/c3ccc(F)c([C@@]45CN(c6ncc(F)cn6)C[C@@H]4CSC(N)=N5)c3)cn2)n1,Active
C#CCOc1cnc(/C(F)=C/c2ccc(F)c([C@]3(C)CS(=O)(=O)C4(CCC4)C(N)=N3)c2)cn1,Active
C#CCOc1cnc(/C(F)=C/c2cnc(F)c([C@@]3(C)N=C(N)S[C@@]4(C(=O)OC)C[C@H]43)c2)cn1,Active
C[C@@H]1CCN1C(=O)[C@]12C[C@H]1[C@@](C)(c1cc(/C=C(\F)c3ccc(Cl)cn3)ccc1F)N=C(N)S2,Active
COCC(=O)Nc1ccc(F)c([C@]2(C)CS(=O)(=O)[C@@](C)(c3cccc(C(F)(F)F)c3)C(=N)N2)c1,Active
CN1C(=N)N[C@@]2(CCCc3ccc(NC(=O)c4ccc(Cl)cn4)cc32)CS1(=O)=O,Active
C[C@]1(c2cc(/C=C(\F)C3CCOC3)ccc2F)N=C(N)[C@@]2(CF)CC[C@@H]1S2(=O)=O,Moderate
Cc1cc(C#N)cnc1C(=O)Nc1ccc(F)c([C@]2(C(F)F)CC(C)(C)OC(N)N2)c1,Active
CN1C(=N)N[C@](C)(c2cc(NC(=O)c3ccc(F)cn3)ccc2F)C2(CCN(S(C)(=O)=O)C2)S1(=O)=O,Active
CO[C@H]1CC[C@]2(CC1)Cc1c(F)ccc(Br)c1C21NC(=O)NC1=O,Moderate
COC[C@H]1C[C@H]2C(=O)N(C)C(=N)N[C@@]2(c2ccc(F)cc2F)CO1,Moderate
CN1C(N)=N[C@](C)(c2cc(/C=C(\F)c3ncc(C#N)cc3Cl)ccc2F)CS1(=O)=O,Active
NC1=N[C@@]2(c3cc(/C=C(\F)c4ncc(C(F)(F)F)cc4Cl)ccc3F)CO[C@H](C(F)(F)F)[C@H]2CS1,Active
CC1(C)C(=N)N[C@](C)(c2c(F)c(F)cc(NC(=O)c3ccc(C(F)(F)F)cn3)c2F)CS1(=O)=O,Active
C[C@H]1C[C@H]2CSC(N)=N[C@@]2(c2nc(NC(=O)c3ncnn3C)cs2)CO1,Moderate
C[C@]1(CC(F)(F)F)C(=N)N[C@](C)(c2sc(Br)cc2F)CS1(=O)=O,Moderate
C[C@@]1(c2cc(NC(=O)c3ccc(Cl)cn3)ccc2F)CC2(CCC(F)(F)CC2)OC(N)=N1,Active
CN1C[C@@](C)(c2cc(NC(=O)c3cnccn3)ccc2F)NC(=N)C(C)(C)S1(=O)=O,Moderate
C[C@@]1(c2cc(NC(=O)c3ccc(Br)cn3)ccc2F)CC2(CCC(F)(F)CC2)OC(N)=N1,Active
COC(=O)[C@]12C[C@H]1[C@@](C)(c1cc(/C=C(\F)c3cnc(Br)cn3)ccc1F)N=C(N)S2,Moderate
CC#CCOc1cnc(/C(F)=C/c2ccc(F)c([C@@]3(C)N=C(N)N(C)S(=O)(=O)C3(C)C)c2)cn1,Active
CC1(C(=O)Nc2cc(F)c(F)c([C@]3(C)CS(=O)(=O)C(C)(C)C(=N)N3)c2)CC1,Moderate
CN1C[C@@](C)(c2cc(NC(=O)c3cnc(OCC(F)(F)F)cn3)ccc2F)NC(=N)C(C)(C)S1(=O)=O,Active
CN1OC2(N=C1N)c1cc(-c3cccc(C#N)c3)ccc1CC21CCCCC1,Moderate
C[C@H]1C[C@H]2CSC(N)=N[C@@]2(c2nc(NC(=O)C3CC(F)(F)C3)cs2)CO1,Moderate
C[C@@]1(c2nc(NC(=O)c3ccc(C#N)cn3)ccc2F)C[S@]2(=O)=NCCCCN2C(N)=N1,Active
CN1C(=O)C2(NC1=S)c1cc(OCC3CC3)ccc1OC21CCc2ccccc2CC1,Active
C[C@]1(CC(F)(F)F)C(=N)N[C@](C)(c2sc(-c3cccc(-c4nnco4)c3)cc2F)CS1(=O)=O,Active
CO[C@H](CC[C@H](COc1cc(F)cc(F)c1)NC(=O)c1cc(C(=O)N[C@H](C)c2ccccc2)cc(N(C)S(C)(=O)=O)c1)C(=O)N[C@H](C(=O)NCc1ccccc1)C(C)C,Moderate
CO[C@H](C[C@@H](O)[C@H](COc1cc(F)cc(F)c1)NC(=O)c1cc(C(=O)N[C@H](C)c2ccccc2)cc(N(C)S(C)(=O)=O)c1)C(=O)N[C@H](C(=O)NCc1ccccc1)C(C)C,Moderate
CO[C@H](C[C@H](N=[N+]=[N-])[C@H](COc1cc(F)cc(F)c1)NC(=O)c1cc(C(=O)N[C@H](C)c2ccccc2)cc(N(C)S(C)(=O)=O)c1)C(=O)N[C@H](C(=O)NCc1ccccc1)C(C)C,Active
N#Cc1ccc(/C(F)=C/c2ccc(F)c([C@]34COC[C@H]3CSC(N)=N4)c2)nc1,Active
C[C@@]1(c2cc(NC(=O)c3ccc(F)cn3)ccc2F)CC2(CCC2)OC(N)=N1,Active
COc1ccc(C(=O)Nc2cc(F)c(F)c([C@@]3(C)N=C(N)[C@](C)(F)C[C@@H]3F)c2)nc1,Active
CN1C(=O)NC2(C1=O)c1cc(B3OC(C)(C)C(C)(C)O3)ccc1CC21CCC(OC(F)F)CC1,Active
C[C@@]1(c2cc(Br)ccc2F)CS(=O)(=O)C2(CCC2)C(N)=N1,Moderate
NC(=S)c1ccc(C(=O)Nc2cccc(C3(CF)COCC(N)=N3)n2)nc1.O=C(O)C(F)(F)F,Moderate
COc1cnc(/C(F)=C/c2ccc(F)c([C@@]3(C)N=C(N)[C@@]4(CF)CC[C@@H]3S4(=O)=O)c2)cn1,Moderate
COC(=O)C1CCCN1CCOc1ccc(Nc2nc(N)n(-c3cnc4ccccc4n3)n2)cc1,Moderate
CN(C)C(=O)[C@]12C[C@H]1[C@@](C)(c1cc(/C=C(\F)c3ccc(C#N)nn3)ccc1F)N=C(N)S2,Moderate
C#CCOc1cnc(/C(F)=C/c2ccc(F)c([C@]34CN(C(=O)CC(F)(F)F)C[C@H]3CSC(N)=N4)c2)cn1,Active
CO[C@H]1CC[C@]2(CC1)Cc1ccccc1C21N=C(N)N(C)C1=O,Moderate
Cc1csc(COc2cnc(/C(F)=C/c3cc(F)c(F)c([C@]4(C)CS(=O)(=O)N(C)C(N)=N4)c3)cn2)n1,Active
Cc1cc2cc(n1)NCCCCOc1cccc(c1)C[C@@H]([C@H](O)CNCc1cccc(C(C)C)c1)NC2=O,Active
N#Cc1ccc(/C(F)=C/c2ccc(F)c([C@@]34CN(c5ncc(F)cn5)C[C@@H]3CSC(N)=N4)c2)nc1,Active
C[C@]1(c2nc(/C=C(\F)c3ccc(C#N)cn3)ccc2F)N=C(N)COC1(F)F,Moderate
C[C@H]1C[C@H]2COC(N)=N[C@@]2(c2nc(NC(=O)c3ccc(OC(F)F)cn3)cs2)CO1,Moderate
CNC(=O)[C@]1(C)C[C@@](C)(c2cc(/C=C(\F)c3ccc(C#N)cn3)ccc2F)N=C(N)S1,Active
Cc1cc(COc2cnc(/C(F)=C/c3cc(F)c(F)c([C@]4(C)CS(=O)(=O)N(C)C(N)=N4)c3)cn2)on1,Active
COC1CCC2(CC1)Cc1ccc(Cl)cc1[C@@]21N=C(N)N(C)C1=O,Active
CC1(C)C(=N)N[C@](C)(c2nc(NC(=O)c3ccncn3)ccc2F)CS1(=O)=O,Active
CC1(C)C(=N)N[C@](C)(c2cc(NC(=O)c3ccn(C(F)F)n3)ccc2F)CS1(=O)=O,Active
Cc1nc(C(=O)Nc2ccc3c(c2)[C@]2(CCO3)CS(=O)(=O)N(C)C(=N)N2)no1,Moderate
CN1C(N)=N[C@](C)(c2cc(/C=C(\F)c3ccc(C#N)cn3)cc(F)c2F)CS1(=O)=O,Active
CC1(C(=O)Nc2ccc(F)c([C@]3(C)CS(=O)(=O)C(C)(C)C(=N)N3)c2)CC1,Moderate
COc1cnc2c(Nc3cnc(F)c([C@]4(C)CS(=O)(=O)[C@@](CF)(C5CC5)C(N)=N4)c3)nccc2c1,Active
CC1(C)C(=N)N[C@](C)(c2sc(C(=O)NCc3cccc(-c4ccon4)c3)cc2Cl)CS1(=O)=O,Moderate
CCCC#Cc1ccc(/C(F)=C/c2ccc(F)c([C@@]3(C)N=C(N)S[C@@]4(C(=O)NC)C[C@H]43)c2)nc1,Active
C[C@@H]1C[C@H]2OC(N)=N[C@](CF)(c3cc(NC(=O)c4cnc(-n5cncn5)cn4)ccc3F)[C@H]2CO1,Active
COC1CCC2(CC1)Cc1ccc(-c3cnc(C)s3)cc1[C@@]21N=C(N)N(C)C1=O,Active
CN1C(=N)N[C@](C)(c2cc(NC(=O)c3ccc(F)cn3)ccc2F)[C@@]2(CCN(S(=O)(=O)c3ccc(F)cc3)C2)S1(=O)=O,Active
COC1CCC2(CC1)Cc1ccc(Br)cc1C21N=C(SCC(F)(F)F)N(CC(F)(F)F)C1=O,Active
Cc1cc(C2(c3cccc(-c4ccccc4)c3)N=C(N)N(C)C2=O)ccc1OC(F)F,Moderate
CN1C(=N)N[C@@]2(CCCc3ccc(NC(=O)c4cc5ccccn5n4)cc32)CS1(=O)=O,Moderate
Cc1cnc(C(=O)Nc2cccc([C@]34CO[C@@H](C)C[C@@]3(F)CSC(N)=N4)c2)cn1,Moderate
N#Cc1ccc(/C(F)=C/c2ccc(F)c([C@]34CN(c5ncc(F)cn5)C[C@H]3CSC(N)=N4)c2)nc1,Active
C#CCOc1cnc(/C(F)=C/c2cnc(F)c([C@]3(C)CS(=O)(=O)C(C)(C)C(N)=N3)c2)cn1,Active
C[C@]1(c2cc(/C=C(\F)c3ccc(C#N)cn3)ccc2F)N=C(N)S[C@@]2(C(N)=O)C[C@H]21,Active
CN1C(=N)N[C@](C)(c2cc(N[C@H]3CCCc4cc(Br)cnc43)ccc2F)CS1(=O)=O,Moderate
CN1C(=O)C2(N=C1N)c1cc(Br)ccc1CC21CCC(OC(F)F)CC1,Active
CC1(C)C(=N)N[C@](C)(c2sc(-c3cc(F)cc(-c4nnco4)c3)cc2Cl)CS1(=O)=O,Active
CN(C)C(=O)[C@]12C[C@H]1[C@@](C)(c1cc(/C=C(\F)c3ccc(C#CC4CC4)cn3)ccc1F)N=C(N)S2,Active
C[C@]1(c2cc(/C=C(\F)c3ccc(C#N)cn3)ccc2F)N=C(N)S[C@@]2(C(=O)N3CCOC4(COC4)C3)C[C@H]21,Active
C[C@]1(c2cc(NC(=O)c3ccc(F)cn3)ccc2F)CC2(CCC2)SC(N)=N1,Inactive
COC1CCC2(CC1)Cc1ccc(Br)cc1C21NC(=S)N(C2COC2)C1=O,Active
CC#CCOc1cnc(/C(F)=C/c2ccc(F)c([C@@]3(C)N=C(N)[C@@]4(CF)CC[C@@H]3S4(=O)=O)c2)cn1,Active
COC(=O)CCc1c(OC)cc2occc2c1OCC=C(C)C,Inactive
C[C@]1(c2cc(/C=C(\F)c3ccc(Cl)cn3)ccc2F)N=C(N)S[C@@]2(C(=O)Nc3ccccc3)C[C@H]21,Active
COC(=O)[C@]12C[C@H]1[C@@](C)(c1cc(/C=C(/F)c3ccc(Cl)cn3)cnc1F)N=C(N)S2,Moderate
Cc1cc(Cl)cnc1C(=O)Nc1ccc(F)c([C@]2(C)CS(=O)(=O)C(C)(C)C(N)=N2)c1,Active
COc1cnc(C(=O)Nc2ccc(F)c([C@]3(C)CS(=O)(=O)[C@](C)(C(C)C)C(=N)N3)c2)cn1,Moderate
CN1C(=N)N[C@](C)(c2cc(NC(=O)c3ccc(F)cn3)ccc2F)[C@@]2(CCN(S(=O)(=O)c3cn[nH]c3)C2)S1(=O)=O,Active
CN1C(=N)N[C@](C)(c2ccc3sc4ccc(C(F)(F)F)cc4c3c2)CC1=O,Active
CC#CCOc1cnc2c(Nc3cc([C@]4(C)CS(=O)(=O)[C@@](C)(C5CC5)C(N)=N4)c(F)cn3)nccc2n1,Active
COC[C@]12C[C@H]1[C@@](C)(c1cc(/C=C(\F)c3cnc(Cl)cn3)ccc1F)N=C(N)S2,Active
C[C@H]1C[C@@H]2[C@](c3cc(Oc4ncccc4F)ccc3F)(CO1)NC(=N)N(C)S2(=O)=O,Active
CC(C)N1C(=O)C2(NC1=S)c1cc(Br)ccc1OC21CCc2ccccc2CC1,Moderate
Cc1nc(C(=O)Nc2ccc3c(c2)[C@]2(CCC3)CS(=O)(=O)N(C)C(=N)N2)no1,Moderate
CC1(C)C(=N)N[C@](C)(c2sc(-c3cn4ccsc4n3)cc2Cl)CS1(=O)=O,Moderate
CC#C[C@H](C)Oc1cnc(/C(F)=C/c2ccc(F)c([C@]3(C)CS(=O)(=O)C(C)(C)C(N)=N3)c2)cn1,Moderate
Cc1nc2ccc(C[C@]3(C)C(=N)N[C@](C)(c4cc(F)ccc4F)CS3(=O)=O)cc2o1,Moderate
C[C@@H]1C[C@H]2OC(N)=N[C@](CF)(c3cc(NC(=O)c4ncc(C(F)(F)F)cc4Cl)ccc3F)[C@H]2CO1,Active
CCCC1CC(C2(c3ccc(OC(F)F)c(C)c3)N=C(N)N(C)C2=O)CCN1,Inactive
COc1ccc(C(=O)Nc2ccc(F)c([C@@]3(C)N=C(N)[C@@](C)(F)C[C@H]3F)c2)nc1,Active
Cc1ncc2c(n1)C[C@@](C)(c1cc(NC(=O)c3ccc(C(F)(F)F)cn3)ccc1F)NC2=N,Active
C[C@H]1C[C@H]2C(=O)N(C)C(=N)N[C@@]2(c2ccc(F)cc2F)CO1,Moderate
C[C@]1(c2cc(/C=C(\F)c3ccc(C#N)cn3)ccc2F)N=C(N)[C@]2(CF)CC[C@@H]1S2(=O)=O,Active
CN(C)C(=O)[C@]12C[C@H]1[C@@](C)(c1cc(/C=C(\F)c3cnc(OCC(F)(F)F)cn3)ccc1F)N=C(N)S2,Active
CC1(C)C(N)=N[C@](C)(c2cc(Oc3ccc(C#N)cc3)ccc2F)CS1(=O)=O,Moderate
C[C@H]1C[C@H]2[C@@H](CF)OC(N)=N[C@@]2(c2nc(NC(=O)c3ccc(OC(F)F)cn3)cs2)CO1,Moderate
CN1C(=N)N[C@](C)(c2cc(NC(=O)c3ccc(F)cn3)ccc2F)[C@]2(CCN(CCC(F)(F)F)C2)S1(=O)=O,Active
CC1(C)C(N)=N[C@](C)(c2cc(Nc3ncc(C#C[Si](C)(C)C)c4cc(Cl)cnc34)ccc2F)CS1(=O)=O,Active
C[C@H]1C[C@@H]2[C@](c3cc(Br)ccc3F)(CO1)NC(=N)C(C)(C)S2(=O)=O,Moderate
NC1=N[C@@]2(c3nc(NC(=O)c4ccc(OC(F)F)cn4)cs3)CO[C@@H](C(F)(F)F)C[C@H]2CO1,Moderate
COC[C@H]1C[C@@H]2[C@](c3cc(Oc4cccc(C#N)c4)ccc3F)(CO1)NC(=N)N(C)S2(=O)=O,Active
COC1CCC2(CC1)Cc1ccc(CCC3CC3)cc1C21NC(=S)N(Cc2ncco2)C1=O,Active
Cc1cc(C2(C3CCNCC3)N=C(N)N(C)C2=O)ccc1OC(F)F,Inactive
COc1cnc(C(=O)Nc2ccc(F)c([C@]3(C)CS(=O)(=O)[C@](C)(c4cc(C(F)(F)F)ccn4)C(=N)N3)c2)cn1,Active
Cc1cc(C#N)cnc1C#Cc1ccc(F)c([C@@]2(C)N=C(N)S[C@@]3(C(=O)N4CCCC4)C[C@H]32)c1,Active
COc1cnc(C(=O)Nc2ccc(F)c([C@@]3(C)N=C(N)C4(CCC4)S(=O)(=O)[C@@H]3F)c2)c(C)c1,Active
CC1(C)C(=N)N[C@](C)(c2sc(-c3ccc4ncnn4c3)cc2Cl)CS1(=O)=O,Moderate
CC1(C)C(N)=N[C@](C)(c2cc(/C=C(\F)c3cnc(Cl)cn3)ccc2F)CS1(=O)=O,Active
COc1cccc2cc(-c3ccc(F)c([C@]4(C)CS(=O)(=O)C(C)(C)C(=N)N4)c3)[nH]c12,Moderate
C[C@H]1C[C@H]2CSC(N)=N[C@@]2(c2nc(NC(=O)c3cnn(C4CC4)c3)cs2)CO1,Moderate
CC[C@@H]1C[C@]2(CC[C@H]1OC)Cc1ccc(C#N)cc1[C@]21N=C(N)N(CC2(F)CCCCC2)C1=O,Active
COC(CNC(=O)[C@]12C[C@H]1[C@@](C)(c1cc(/C=C(\F)c3ccc(C#N)cn3)ccc1F)N=C(N)S2)OC,Active
COC[C@H](C)Oc1cnc(/C(F)=C/c2ccc(F)c([C@]34CN(c5ncc(F)cn5)C[C@H]3CSC(N)=N4)c2)cn1,Active
C#C[C@H](C)Oc1cnc(/C(F)=C/c2ccc(F)c([C@@]3(C)N=C(N)[C@@]4(CF)CC[C@@H]3S4(=O)=O)c2)cn1,Active
CC(C)c1nc(C(=O)Nc2csc([C@]34CO[C@@H](C)C[C@H]3CSC(N)=N4)n2)co1,Inactive
N#CC[C@]12C[C@H]1[C@@](CF)(c1cc(C#Cc3ccc(C#N)cn3)ccc1F)N=C(N)S2,Active
C[C@@]1(c2cc(NC(=O)c3ccc(Cl)cn3)ccc2F)CC2(CCOCC2)OC(N)=N1,Active
CO[C@H](C[C@H](O)[C@H](COCc1cc(F)cc(F)c1)NC(=O)c1cc(C(=O)N[C@H](C)c2ccccc2)cc(N(C)CS(C)(=O)=O)c1)C(=O)N[C@H](C(=O)NCc1ccccc1)C(C)C,Active
Cc1noc(C(=O)Nc2ccc(F)c([C@]3(C)CS(=O)(=O)C(C)(C)C(=N)N3)c2)n1,Active
C[C@@]1(c2cc(Nc3ccnc4cc(Cl)cnc34)ncc2F)CS(=O)(=O)[C@@](C)(C2CC2)C(N)=N1,Active
CCCOc1cnc(/C(F)=C/c2ccc(F)c([C@@]3(C)N=C(N)[C@@]4(CF)CC[C@@H]3S4(=O)=O)c2)cn1,Moderate
COCc1cccc(C2(c3ccc(OC(F)F)c(C)c3)N=C(N)N(C)C2=O)c1,Moderate
C[C@H]1C[C@H]2C(=O)N(C)C(=N)N[C@@]2(c2cc(OCC34CC(C#N)(C3)C4)ccc2F)CO1,Active
CC1(C)C(=N)N[C@](C)(c2sc(-c3cncc(C#N)c3)cc2F)CS1(=O)=O,Moderate
C[C@@]1(c2cc(/C=C/c3ccc(F)cc3)ccc2F)CC2(CCC(F)(F)CC2)OC(N)=N1,Moderate
C[C@H]1C[C@H]2C(=O)N(C)C(=N)N[C@@]2(c2cc(Oc3cncc(F)c3)ccc2F)CO1,Active
C#CCOc1cnc(/C(F)=C/c2cnc(F)c([C@@]3(C)N=C(N)S[C@@]4(C(=O)N5CC[C@@H](F)C5)C[C@H]43)c2)cn1,Active
COc1ccc(C2(c3cc(F)cc(F)c3)N=C(N)N(C)C2=O)cc1C,Moderate
C[C@@]1(c2cc(NC(=O)c3ccc(Cl)cn3)ccc2F)CC2(CC2)OC(N)=N1,Active
C#CCOc1cnc(/C(F)=C/c2ccc(F)c([C@@]3(C)N=C(N)S[C@@]4(c5ncc(C)o5)C[C@@H]34)c2)cn1,Active
C[C@H]1C[C@@]2(F)CSC(N)=N[C@@]2(c2cc(N)ccc2F)CO1,Moderate
COC1CCC2(CC1)Cc1ccc(OCC3CCCC3)cc1C21NC(=S)N(C)C1=O,Active
Cc1c(CNc2ccc(F)c([C@]3(C)CS(=O)(=O)C(C)(C)C(N)=N3)c2)nc2ccc(Cl)cn12,Moderate
CO[C@H](C[C@H](O)[C@H](COc1ccc(Br)cc1)NC(=O)c1cc(C(=O)N[C@H](C)c2ccccc2)cc(N(C)CS(C)(=O)=O)c1)C(=O)N[C@H](C(=O)NCc1ccccc1)C(C)C,Active
CO[C@H](C[C@H](O)[C@H](COc1ccccc1)NC(=O)c1cc(C(=O)N[C@H](C)c2ccccc2)cc(N(C)CS(C)(=O)=O)c1)C(=O)N[C@H](C(=O)NCc1ccccc1)C(C)C,Active
CO[C@H](C[C@H](O)[C@H](COc1cc(F)cc(F)c1)NC(=O)c1cc(C(=O)N[C@H](C)c2ccccc2)cc(N(C)CS(C)(=O)=O)c1)C(=O)NC1CC1,Moderate
CO[C@H](C[C@H](O)[C@H](COc1cc(F)cc(F)c1)NC(=O)c1cc(C(=O)N[C@H](C)c2ccccc2)cc(N(C)CS(C)(=O)=O)c1)C(=O)NCC(C)C,Moderate
CO[C@H]1CC[C@]2(CC1)Cc1c(F)cccc1C21NC(=O)NC1=O,Moderate
CN1OC2(N=C1N)c1cc(-c3cccc(C#N)c3)ccc1CC21CCCc2cnncc2C1,Moderate
CN1C(N)=N[C@](C)(c2cc(/C=C(\F)c3cc(=O)c(Cl)c[nH]3)ccc2F)CS1(=O)=O,Moderate
CN1C(N)=N[C@](C)(c2cc(/C=C(\F)c3cnc(Cl)cn3)ccc2F)C(C)(C)S1(=O)=O,Moderate
C[C@H]1C[C@H]2C(=O)N(C)C(=N)N[C@@]2(c2cc(Oc3ccccn3)ccc2F)CO1,Active
COC[C@H]1C[C@@H]2[C@](c3cc(Oc4cc(F)cnc4F)ccc3F)(CO1)NC(=N)N(C)S2(=O)=O,Active
C#C[C@]1(c2cc(NC(=O)c3cnc(OCF)cn3)ccc2F)N=C(N)O[C@@H]2COC[C@@H]21,Active
C[C@H]1C[C@H]2CSC(N)=N[C@@]2(c2nc(NC(=O)c3cnc(C4CC4)cn3)cs2)CO1,Moderate
N#Cc1ccc(C(=O)Nc2cccc(C3(CF)COCC(N)=N3)n2)nc1,Moderate
COC[C@]12C[C@H]1[C@@](C)(c1cc(/C=C(\F)c3cnc(OC(C)C(F)(F)F)cn3)ccc1F)N=C(N)S2,Moderate
COc1ccc(C(=O)Nc2ccc(F)c([C@]3(C)Cc4nc(C)ncc4C(=N)N3)c2)nc1,Active
Cc1nnc(COc2cnc(/C(F)=C/c3ccc(F)c([C@@]4(C)N=C(N)S[C@@]5(S(C)(=O)=O)C[C@H]54)c3)cn2)o1,Active
Cc1cc(C#N)cnc1C(=O)Nc1ccc(F)c([C@]23CCC[C@H]2S(=O)(=O)N(C)C(=N)N3)c1,Active
CNCc1cccc(C2(c3ccc(OC(F)CF)c(C)c3)N=C(N)N(C)C2=O)c1,Moderate
O=C(Nc1ccc(F)c([C@@]2(C(F)F)N=CO[C@@H]3C[C@@H]32)c1)c1ncc(Cl)cc1CO,Active
COC[C@H]1C[C@@H]2[C@](c3cc(Oc4ncc(F)cc4F)ccc3F)(CO1)NC(=N)N(C)S2(=O)=O,Active
NC1=N[C@](CF)(c2cc(NC(=O)c3ccc(Br)cn3)ccc2F)C(F)(F)CC1,Active
CN1C[C@@](C)(c2cc(NC(=O)c3ccc(C#N)cn3)ccc2F)NC(=N)C(C)(C)S1(=O)=O,Active
NC1=N[C@](CF)(c2cc(NC(=O)c3cnc(OCF)cn3)ccc2F)[C@H]2[C@H](CF)OCC[C@H]2O1,Active
CC1(c2cc(NC(=O)c3ccc(F)cn3)ccc2F)CC2(CCCCC2)SC(N)=N1,Active
CN1C(=N)N[C@@]2(c3ccc(F)cc3F)CO[C@@H](C3CC3)C[C@H]2C1=O,Active
C[C@]1(c2cc(/C=C(\F)c3ccc(C#N)cn3)ccc2F)N=C(N)S[C@@]2(C(=O)N3CCNC(=O)C3)C[C@H]21,Active
COc1ncc(NC(=O)c2ccc(Cl)cn2)cc1[C@]1(C)CS(=O)(=O)C(C)(C)C(N)=N1,Active
CC1(C)C(=N)N[C@](C)(c2cc(NC(=O)c3cocn3)cc(F)c2F)CS1(=O)=O,Active
CC1(c2cc(NC(=O)c3ccc(F)cn3)ccc2F)N=C(N)OC2(CCC2)C1(F)F,Active
COC1CCC2(CC1)Cc1ccc(CCC3CC3)cc1C21NC(=S)N(Cc2nccs2)C1=O,Active
CN1C(N)=N[C@](C)(c2cc(/C=C(\F)c3ccc(C(F)(F)F)cn3)ccc2F)CS1(=O)=O,Active
CC1(C)C(=N)N[C@](C)(c2sc(C(=O)NCc3ccsn3)cc2Cl)CS1(=O)=O,Moderate
CCC#C[C@@H](C)Oc1cnc(/C(F)=C/c2ccc(F)c([C@]3(C)CS(=O)(=O)C(C)(C)C(N)=N3)c2)cn1,Active
C[C@@]1(c2cc(NC(=O)c3ccc(F)cn3)ccc2F)CC2(CCC(F)(F)CC2)OC(N)=N1,Active
CN1C(=N)N[C@](C)(c2cc(NC(=O)c3ccc(F)cn3)ccc2F)[C@]2(CCN(Cc3cnco3)C2)S1(=O)=O,Active
CC1(C)C(=N)N[C@](C)(c2cc(NC(=O)c3ccc(C(F)(F)F)cn3)ccc2F)CS1(=O)=O,Active
COc1ccc(C2(c3ccc(F)cc3F)N=C(N)N(C)C2=O)cc1C,Moderate
CCc1cc(C2(c3cccc(-c4cncnc4)c3)N=C(N)N(C)C2=O)cc(C)n1,Moderate
CN1C(N)=N[C@](C)(c2cc(/C=C(\F)c3ccc(OC(F)(F)F)cn3)ccc2F)CS1(=O)=O,Active
N#Cc1ccc(/C(F)=C/c2ccc(F)c([C@@]34CO[C@@H](C(F)(F)F)[C@@H]3COC(N)=N4)c2)nc1,Moderate
Cc1cnc(Oc2ccc(F)c([C@]34CO[C@@H](C5CC5)C[C@H]3C(=O)N(C)C(=N)N4)c2)c(F)c1,Moderate
C[C@H]1C[C@H]2CSC(N)=N[C@@]2(c2nc(NC(=O)c3ccn(C4CC4)n3)cs2)CO1,Moderate
CC1(C)C(=N)N[C@](C)(c2sc(-c3nnc(-c4ccc(Cl)cc4)o3)cc2F)CS1(=O)=O,Active
N#Cc1ccc(C#Cc2ccc(F)c([C@@]3(CF)N=C(N)S[C@@]4(Cn5ccnc5)C[C@H]43)c2)nc1,Moderate
CC[C@H]1COCCN1C(=O)[C@]12C[C@H]1[C@@](C)(c1cc(/C=C(\F)c3ccc(C#N)cn3)ccc1F)N=C(N)S2,Active
C[C@]1(c2cc(/C=C(\F)c3cnc(OCC(F)(F)F)cn3)ccc2F)N=C(N)S[C@@]2(S(C)(=O)=O)C[C@H]21,Active
C[C@H]1C[C@H]2C(=O)N(C)C(=N)N[C@@]2(c2cc(Oc3cc(C#N)ccn3)c(F)cc2F)CO1,Active
Cc1c(C(=O)Nc2ccc(F)c([C@]3(CF)CS(=O)(=O)C(C)(C)C(N)=N3)c2)nc2ccc(Cl)cn12,Active
CN1C(=N)N[C@](C)(c2cc(NC(=O)c3ccc(F)cn3)ccc2F)C2(CCN(Cc3ccccc3)C2)S1(=O)=O,Active
Cc1cc(C#N)cnc1C(=O)Nc1ccc(F)c([C@]2(C)C[S@@]3(=O)=NCCCCN3C(N)=N2)n1,Active
CC1(C)C(=N)N[C@](C)(c2sc(-c3coc(-c4ccc(F)cc4)n3)cc2Cl)CS1(=O)=O,Moderate
C[C@]1(c2sc(-c3cccc(C#N)c3)cc2Cl)NC(=N)c2cncnc2C1(F)F,Moderate
CN1C(=N)N[C@](C)(c2cc(NC(=O)c3ccc(F)cn3)ccc2F)[C@@]2(CCN(Cc3cnco3)C2)S1(=O)=O,Active
CC1=N[C@]2(C[C@@H]([C@H]3CCCOC3)Oc3ccc(Br)cc32)N=C1N,Moderate
C[C@H]1C[C@@]2(F)CSC(N)=N[C@@]2(c2cc(NC(=O)c3ccc(Cl)cn3)ccc2F)CO1,Moderate
[C-]#[N+]c1ccnc(Oc2ccc(F)c([C@]34COC(C)(C)C[C@H]3S(=O)(=O)C(C)(C)C(=N)N4)c2)c1,Active
C[C@@]1(c2cc(Nc3nccc4cc(Cl)cnc34)ccc2F)CS(=O)(=O)C2(CCOC2)C(N)=N1,Active
CO[C@H](C)C(=O)Nc1ccc(F)c([C@]2(C)CN(C)S(=O)(=O)C(C)(C)C(=N)N2)c1,Moderate
CN1C(=N)N[C@@]2(c3cc(NC(=O)c4cnc(OCC(F)(F)F)cn4)ccc3F)CCC[C@H]2S1(=O)=O,Active
C[C@]1(CC2CCOCC2)C(=N)N[C@](C)(c2sc(-c3cncc(C#N)c3)cc2Cl)CS1(=O)=O,Moderate
CC#Cc1ccc2c(c1)-c1cc([C@]3(C)CC(=O)N(C)C(=N)N3)ccc1S2(=O)=O,Active
COC(=O)[C@]12C[C@H]1[C@@](C)(c1cc(/C=C(\F)c3cnc(OCc4ncco4)cn3)ccc1F)N=C(N)S2,Active
CCOC1CCC2(CC1)Cc1ccc(C#CC3CC3)cc1C21N=C(SC)N(C)C1=O,Active
N#Cc1cnc2c(c1)CCC[C@@H]2Nc1ccc(F)c([C@@]2(C(F)F)N=C(N)O[C@@H]3C[C@@H]32)c1,Moderate
Cc1nc(F)c([C@]2(C)CS(=O)(=O)C(C)(C)C(N)=N2)cc1Br,Moderate
CN1C(=N)N[C@@]2(c3cc(OC4CC(F)(F)C4)ccc3F)CO[C@@H](C3CC3)C[C@H]2C1=O,Active
CC1(C)C(=N)N[C@](C)(c2sc(C(=O)NCc3cnsn3)cc2Cl)CS1(=O)=O,Moderate
CN1C[C@@](C)(c2cc(NC(=O)c3cn(C)nc3C(F)(F)F)ccc2F)NC(=N)C(C)(C)S1(=O)=O,Moderate
CCSC1=NC2(C(=O)N1CC)c1cc(C#CC3CC3)ccc1CC21CCC(OC)CC1,Active
CC(C)[C@@H]1CN(C(=O)[C@]23C[C@H]2[C@@](C)(c2cc(/C=C(\F)c4ccc(C#N)cn4)ccc2F)N=C(N)S3)CCO1,Active
COc1ccc(C(=O)Nc2ccc(F)c([C@]3(C)CS(=O)(=O)[C@@](C)(CC4CC4)C(=N)N3)c2)nc1,Active
CC1(c2cc(NC(=O)c3ccc(Cl)cn3)ccc2F)N=C(N)OC2(CCOCC2)C1(F)F,Active
CN1C(=N)N[C@]2(C)c3cc(NC(=O)c4ccc(OC(F)F)cn4)ccc3CCC[C@@H]2S1(=O)=O,Active
CC1(C)C(N)=N[C@](C)(c2cc(/C=C(\F)c3cnc(OCCn4ccnc4)cn3)ccc2F)CS1(=O)=O,Moderate
CN(C)C(=O)[C@]12C[C@H]1[C@@](C)(c1cc(/C=C(\F)c3ccc(Cl)cn3)cnc1F)N=C(N)S2,Active
COC1CCC2(CC1)Cc1ccc(CCC3CC3)cc1C21N=C(N)N(Cc2cccc(S(C)(=O)=O)c2)C1=O,Active
C[C@@]1(c2sc(-c3cccc(C#N)c3)cc2F)CS(=O)(=O)[C@@](C)(c2ccccc2F)C(=N)N1,Active
CC1(C)C(=N)N[C@](C)(c2sc(-c3cccc(OC(F)(F)F)c3)cc2Cl)CS1(=O)=O,Active
CC1(C)C(N)=N[C@](C)(c2cc(Nc3nccc4nc(C(F)(F)F)cnc34)ccc2F)CS1(=O)=O,Active
C[C@]1(c2cc(/C=C(\F)c3ccc(Cl)cn3)ccc2F)N=C(N)S[C@@]2(CO)C[C@H]21,Active
CC1(C)C(=N)N[C@](C)(c2cc(NC(=O)C3CCOCC3)ccc2F)CS1(=O)=O,Moderate
COC1CCC2(CC1)Cc1ccc(B3OC(C)(C)C(C)(C)O3)cc1C21NC(=O)N(CCF)C1=O,Active
C[C@]1(c2cc(/C=C(\F)c3ccc(C#N)cn3)ccc2F)N=C(N)S[C@@]2(C(=O)N3CCO[C@H]4C[C@H]43)C[C@H]21,Active
CCCCSC1=NC2(C(=O)N1CCCC)c1cc(C#CC3CC3)ccc1CC21CCC(OC)CC1,Active
COc1ccc(C(=O)Nc2ccc(F)c([C@]3(C)CS(=O)(=O)[C@](C)(c4ccccn4)C(=N)N3)c2)nc1,Moderate
C[C@H]1CN(C(=O)[C@]23C[C@H]2[C@@](C)(c2cc(/C=C(\F)c4ccc(C#N)cn4)ccc2F)N=C(N)S3)[C@@H](C)CO1,Active
CC#CCOc1cnc(/C(F)=C/c2ccc(F)c([C@@]3(C)N=C(N)S[C@@]4(S(C)(=O)=O)C[C@H]43)c2)cn1,Active
CC1(C)C(=N)N[C@](C)(c2sc(-c3cc(F)cc(-c4cnco4)c3)cc2F)CS1(=O)=O,Active
C[C@@]1(c2sc(-c3cc(F)cc(-c4nnco4)c3)cc2Cl)Cc2ncncc2C(=N)N1,Active
CC1(C)C(N)=N[C@](C)(c2cc(/C=C(\F)c3ccc(C#N)cn3)cc(F)c2F)CS1(=O)=O,Active
Cc1cc(C#N)cnc1C(=O)Nc1ccc(F)c([C@]2(C)CN(C)S(=O)(=O)C(C)(C)C(=N)N2)c1,Active
CC1(C)C(=N)N[C@](C)(c2sc(C(=O)NCc3ccncn3)cc2Cl)CS1(=O)=O,Moderate
N#Cc1cnc(C#Cc2ccc(F)c([C@@]3(CF)N=C(N)S[C@@]4(CF)C[C@H]43)c2)cn1,Active
COc1cnc2c(Nc3ccc(F)c([C@]4(C)CS(=O)(=O)N(C)C(=N)N4)c3)nccc2n1,Active
Cc1nc2cc(C[C@]3(C)C(=N)N[C@](C)(c4cc(F)ccc4F)CS3(=O)=O)ccc2o1,Moderate
C[C@@]1(c2cc(/C=C(\F)c3ccc(C#N)cn3)ccc2F)C=CSC(N)=N1,Active
COc1cncc(-c2cc(Cl)c([C@]3(C)CS(=O)(=O)C(C)(C)C(=N)N3)s2)c1,Moderate
CN(C)C(=O)[C@]12C[C@H]1[C@@](C)(c1cc(/C=C(/F)c3ccc(Cl)cn3)cnc1F)N=C(N)S2,Moderate
C[C@]1(F)C(N)=N[C@](C)(c2cc(Nc3nccc4cc(Cl)cnc34)ccc2F)CS1(=O)=O,Active
C[C@@]1(c2cc(-c3cccc(C(F)(F)F)c3)ccc2F)Cc2ncncc2C(=N)N1,Moderate
CN1C(=O)C(c2ccncc2)(c2cccc(-c3cccnc3)c2)N=C1N,Active
CN1C(N)=N[C@](C)(c2cc(/C=C(\F)c3ccc(Br)cn3)cc(F)c2F)CS1(=O)=O,Active
Cc1cc(C)cc(C2(c3cc(F)cc(F)c3)N=C(N)N(C)C2=O)c1,Moderate
CC1(C)C[C@@H]2[C@](c3ccccc3F)(CO1)NC(=N)C(C)(C)S2(=O)=O,Moderate
Cc1cc(C#N)cnc1/C(F)=C/c1ccc(F)c([C@]2(C)CS(=O)(=O)N(C)C(N)=N2)c1,Active
Cc1cc(OC(F)F)cnc1C(=O)Nc1csc([C@]23CO[C@@H](C)C[C@H]2CCOC(N)=N3)n1,Active
COC[C@@H]1CCCN1C(=O)[C@]12C[C@H]1[C@@](C)(c1cc(/C=C(\F)c3ccc(Cl)cn3)ccc1F)N=C(N)S2,Active
[C-]#[N+]c1cnc2c(c1)CC[C@H]2Nc1ccc(F)c([C@]2(C)CS(=O)(=O)N(C)C(=N)N2)c1,Active
COc1cncc(-c2cc(F)c([C@]3(C)CS(=O)(=O)C(C)(C)C(=N)N3)s2)n1,Moderate
CC1(C)C(=N)N[C@@]2(c3cc(Oc4cc(C#N)ccn4)ccc3F)CO[C@@H](c3ccc(F)cc3)C[C@H]2S1(=O)=O,Active
CN1C(=N)N[C@@]2(CCOc3ccc(NC(=O)c4ccc(C(F)(F)F)cn4)cc32)CS1(=O)=O,Active
NC1=N[C@@]2(c3cc(/C=C(\F)c4cnc(OCC(F)F)cn4)ccc3F)CN(c3ncc(F)cn3)C[C@H]2CS1,Active
COc1ccccc1Nc1cccc([C@]2(C)CS(=O)(=O)N(C)C(=N)N2)c1,Active
COC1CCC2(CC1)Cc1ccc(CCC3CC3)cc1C21N=C(SCC(F)(F)F)N(CC(F)(F)F)C1=O,Active
C[C@@]1(c2sc(-c3cncc(C#N)c3)cc2Cl)Cc2nc(C3CC3)ncc2C(=N)N1,Active
CC1(C)C[C@H]2COC(N)=N[C@@]2(c2nc(NC(=O)c3ccc(OC(F)F)cn3)cs2)CO1,Moderate
C[C@@]1(c2ccccn2)C(=N)N[C@](C)(c2sc(-c3cccc(-c4nnco4)c3)cc2F)CS1(=O)=O,Moderate
C[C@]1(F)C[C@H](F)[C@@](C)(c2cc(NC(=O)c3ccc(F)cn3)ccc2F)N=C1N,Active
COC[C@@]1(C)C(=N)N[C@](C)(c2cc(F)ccc2F)CS1(=O)=O,Moderate
CN1C(N)=N[C@](C)(c2cc(/C=C(\F)c3cc4c(cn3)OCCC4)ccc2F)CS1(=O)=O,Moderate
N#Cc1ccc(C(=O)Nc2ccc(F)c(C3(C(F)F)C=C(N)OCCC3)c2)nc1,Moderate
CC1=N[C@]2(C[C@@]3(CCCOC3)Oc3ccc(-c4cccc(Cl)c4)cc32)N=C1N,Moderate
COc1cnc2c(Nc3ccc4c(c3)[C@@]3(C)NC(=N)N(C)S(=O)(=O)[C@H]3CCC4)nccc2n1,Active
CN1C(N)=N[C@](C)(c2cc(/C=C(\F)c3cnc(Cl)cn3)ccc2F)CS1(=O)=O,Active
COc1cnc(C(=O)Nc2ccc(F)c([C@]3(C)CC4(CCC4)OC(N)=N3)c2)cn1,Active
CC(=O)c1cc(Cl)c([C@]2(C)CS(=O)(=O)C(C)(C)C(=N)N2)s1,Moderate
CN1C(=N)N[C@](C)(c2cc(NC(=O)c3cn4ccc(C#N)cc4n3)ccc2F)C2(CC2)S1(=O)=O,Moderate
Cc1c(F)cccc1[C@@]1(C(F)F)N=C(NC(=O)c2ccccc2)O[C@@H]2C[C@@H]21,Moderate
C[C@@]1(c2cc(NC(=O)c3ccc(OCCO)cn3)ccc2F)C=CSC(N)=N1,Active
CN1C(=N)N[C@](C)(c2cc(NC(=O)c3ccc(F)cn3)ccc2F)[C@]2(CCN(S(C)(=O)=O)C2)S1(=O)=O,Active
C[C@@]1(c2cc(NC(=O)c3ccc(F)cn3)ccc2F)CC2(COC2)SC(N)=N1,Active
CNC(=O)[C@]12C[C@H]1[C@@](C)(c1cc(/C=C(\F)c3ncc(C#N)cc3C)ccc1F)N=C(N)S2,Active
COc1cnc2c(Nc3ccc(F)c([C@]4(CF)CS(=O)(=O)C(C)(C)C(N)=N4)c3)ncc(F)c2c1,Active
NC1=NC(c2ccccc2)(C2CCCCC2)C(=O)N1CCCO,Moderate
COC[C@]12C[C@H]1[C@@](C)(c1cc(/C=C(\F)c3cnc(OCC(C)C)cn3)ccc1F)N=C(N)S2,Moderate
CN1C[C@@](C)(c2cc(NC(=O)c3ncc(C(F)(F)F)cn3)ccc2F)NC(=N)C(C)(C)S1(=O)=O,Moderate
CNC(=O)[C@@]12C[C@@H]1[C@](C)(c1cc(/C=C(\F)c3ncc(C#CCO)cn3)ccc1F)N=C(N)S2,Active
CC1(C)C(N)=N[C@](C)(c2cc(/C=C(\F)c3cnc(OCC4CCCC4)cn3)ccc2F)CS1(=O)=O,Moderate
COc1cnc(C(=O)Nc2ccc(F)c([C@]3(C)CN(C)S(=O)(=O)C(C)(C)C(=N)N3)c2)c(C)n1,Active
Nc1nc(Nc2ccc(OCCN3CCCC3)cc2)nn1-c1ncccc1Cl,Moderate
C[C@]1(c2cc(/C=C(\F)c3cnc(C#N)cn3)ccc2F)N=C(N)S[C@@]2(C(=O)N3CC[C@H](F)C3)C[C@H]21,Active
CN1C(=O)C2(NC1=S)c1cc(-c3cccc(C#N)c3)ccc1CC21CCC(F)(F)CC1,Moderate
C[C@H]1C[C@H]2C(=O)N(C)C(=N)N[C@@]2(c2cc(Oc3ncc(F)cc3F)ccc2F)CO1,Active
CC(C)n1cnc(C(=O)Nc2csc([C@]34CO[C@@H](C)C[C@H]3CSC(N)=N4)n2)c1,Moderate
CCc1cc(C2(c3cccc(-c4cccnc4F)c3)N=C(N)N(C)C2=O)cc(CC)n1,Active
COC(=O)[C@@]1(C)C[C@@](C)(c2cc(/C=C(\F)c3ccc(C#N)cn3)ccc2F)N=C(N)S1,Active
CC(C)(O)[C@@]12SC(N)=N[C@](C)(c3cc(/C=C(\F)c4ccc(C#N)cn4)ccc3F)[C@@H]1C2(F)F,Active
COC1CCC2(CC1)Cc1ccc(C#N)cc1C21N=C(N)N(C)C1=O,Active
CC1(C)C(=N)N[C@](C)(c2sc(-c3cccc(-c4nnco4)c3)cc2F)CS1(=O)=O,Active
CC#CCOc1cnc(/C(F)=C/c2cc(F)c(F)c([C@]3(C)CS(=O)(=O)N(C)C(N)=N3)c2)cn1,Active
C=CCCn1cc(F)c([C@]23CO[C@@H](C)C[C@H]2C(=O)N(C)C(=N)N3)cc1=O,Moderate
CC1(C)C(=N)N[C@](C)(c2cc(NC(=O)c3ccno3)ccc2F)CS1(=O)=O,Active
CC1(C)C[C@@H]2[C@](c3cc(OC4CCC4)ccc3F)(CO1)NC(=N)C(C)(C)S2(=O)=O,Moderate
CO[C@H]1CC[C@]2(CC1)Cc1ccc(Br)cc1C21N=C(N)N(C(C)c2cccnn2)C1=O,Active
COc1ccc(C(=O)Nc2cc(F)c(F)c([C@]3(C)CS(=O)(=O)C(C)(C)C(=N)N3)c2F)nc1,Active
CC1CCCN1C(=O)[C@]12C[C@H]1[C@@](C)(c1cc(/C=C(\F)c3ccc(C#N)cn3)ccc1F)N=C(N)S2,Active
CN1C(=N)N[C@@]2(c3cc(O)ccc3F)CO[C@@H](c3ccc(F)cc3)C[C@H]2C1=O,Active
NC1=N[C@@]2(c3cc(/C=C(\F)c4cnc(Cl)cn4)ccc3F)CN(c3ncc(F)cn3)C[C@H]2CS1,Active
CN1C(=N)N[C@@]2(CCOc3ccc(NC(=O)C(F)F)cc32)CS1(=O)=O,Moderate
Cc1cc(OC(F)F)cnc1C(=O)Nc1ccc(F)c([C@@]2(C)N=C(N)C3(CCC3)S(=O)(=O)[C@@H]2F)c1,Active
CN1C(=N)N[C@]2(C)c3cc(NC(=O)c4ncc(C(F)(F)F)cc4Cl)ccc3OCC[C@@H]2S1(=O)=O,Active
COc1ccc(C2(c3cc(F)cc(F)c3)N=C(N)N(C)C2=O)cn1,Moderate
CN1C[C@@](C)(c2cc(NC(=O)c3cnc(C(F)(F)F)cn3)ccc2F)NC(=N)C(C)(C)S1(=O)=O,Moderate
CC1(C)C(N)=N[C@](C)(c2cc(NC(=O)c3ccc(C(F)F)cn3)ccc2F)CS1(=O)=O,Active
C#CCOc1cnc(/C(F)=C/c2ccc(F)c([C@@]3(C)N=C(N)S[C@@]4(C(=O)N5CC[C@@H](F)C5)C[C@H]43)c2)cn1,Active
CN1C(=N)N[C@@]2(CCOc3ccc(NC(=O)c4ccc(Cl)cn4)cc32)CS1(=O)=O,Active
N#Cc1ccc(C#Cc2ccc(F)c([C@@]3(CF)N=C(N)S[C@@]4(CF)C[C@H]43)c2)nc1,Moderate
CN1C(=N)N[C@@]2(c3cc(OCC45CC(C4)C5)ccc3F)CO[C@@H](C3CC3)C[C@H]2C1=O,Active
C[C@@]1(c2cccc(C(F)(F)F)c2)C(=N)N[C@](C)(c2ccc(F)cc2F)CS1(=O)=O,Moderate
CN1C(=O)C(c2cccc(NC(=O)c3ccc4c(c3)OCO4)c2)(C2CCCCC2)N=C1N,Moderate
CN1C(=O)C2(N=C1NC(=O)OC(C)(C)C)c1cc(Br)ccc1CC21CCc2ccccc2CC1,Active
NC1=N[C@](CF)(c2cc(Br)ccc2F)CS(=O)(=O)C12CCC2,Moderate
C[C@]1(c2cc(/C=C(\F)c3cnc(C#N)cn3)ccc2F)N=C(N)S[C@]2(CO)[C@H]1C2(F)F,Active
NC1=N[C@@](CF)(c2cc(Nc3nccc4cc(Cl)cnc34)cc(F)c2F)[C@@H]2C[C@@H]2O1,Moderate
CCCSC1=NC2(C(=O)N1CCC)c1cc(C#CC3CC3)ccc1CC21CCC(OC)CC1,Active
CN1C(N)=N[C@](C)(c2cc(/C=C(\F)c3cnc(OCC4COC4)cn3)ccc2F)CS1(=O)=O,Moderate
C[C@H]1C[C@H]2CSC(N)=N[C@@]2(c2nc(NC(=O)c3nn(C(F)F)cc3Cl)cs2)CO1,Active
CC1(C)C(=N)N[C@](C)(c2sc(C(=O)NCc3cnoc3)cc2Cl)CS1(=O)=O,Moderate
Cc1cc(C(=O)Nc2csc([C@]34CO[C@@H](C)C[C@H]3CSC(N)=N4)n2)no1,Moderate
CN1C(=N)N[C@](C)(c2cc(N[C@H]3CCc4cc(Cl)ccc43)ccc2F)CS1(=O)=O,Active
C#CCOc1ccc(C(=O)Nc2ccc3c(c2)[C@]2(CCO3)CS(=O)(=O)N(C)C(=N)N2)nc1,Active
CC#CCOc1cnc(/C(F)=C/c2ccc(F)c([C@@]3(C)N=C(N)S[C@@]4(C#N)C[C@H]43)c2)cn1,Active
CC#Cc1ccc2[nH]c([C@]3(C)CC(=O)N(C)C(=N)N3)c(Cl)c2c1,Active
CCc1cc(C(=O)Nc2csc([C@]34CO[C@@H](C)C[C@H]3CSC(N)=N4)n2)on1,Moderate
CC1(C)C(N)=N[C@](C)(c2cc(NCc3nn(CC(F)(F)F)cc3Cl)ccc2F)CS1(=O)=O,Active
COC1CCC2(CC1)Cc1ccc(-c3ccnc(Cl)c3)cc1C21N=C(N)N(C(C)C)C1=O,Active
CN1C(N)=N[C@](C)(c2cc(/C=C(\F)c3ccc(Cl)cn3)cc(F)c2F)CS1(=O)=O,Moderate
COC1CCC2(CC1)Cc1ccc(Br)cc1C21N=C(SCC2CCCO2)N(CC2CCCO2)C1=O,Active
COc1cnc2c(Nc3ccc(F)c([C@]4(C(F)F)CS(=O)(=O)C(C)(C)C(N)=N4)c3)nccc2c1,Active
COc1ccc(C(=O)Nc2ccc3c(c2)[C@]2(COC3)CS(=O)(=O)N(C)C(=N)N2)nc1,Moderate
C[C@]1(c2cc(/C=C(\F)c3ccc(C#N)cn3)ccc2F)N=C(N)S[C@@]2(C(=O)N3CCC(C(F)(F)F)CC3)C[C@H]21,Active
C[C@@]1(c2cc(Nc3ncnc4cc(Br)cnc34)ccc2F)CS(=O)(=O)[C@@](C)(C2CC2)C(N)=N1,Active
CC1(C)C(=N)N[C@](C)(c2cc(-c3cccc(-c4ccno4)c3)cs2)CS1(=O)=O,Moderate
CC1(C)C(=N)N[C@](C)(c2sc(-c3ccc4nncn4c3)cc2Cl)CS1(=O)=O,Moderate
CC(Oc1cnc(/C(F)=C/c2ccc(F)c([C@@]3(C)N=C(N)S[C@@]4(C(=O)N(C)C)C[C@H]43)c2)cn1)c1ncco1,Active
CCCN(CCC)C(=O)c1cccc(C(=O)N[C@@H](COc2cc(F)cc(F)c2)[C@@H](O)C[C@@H](OC)C(=O)NC2CC2)c1,Moderate
CC1(C)C(=N)N[C@](C)(c2sc(C(=O)Nc3cccc(F)n3)cc2Cl)CS1(=O)=O,Moderate
NC1=N[C@](CF)(c2cc(NC(=O)c3coc(C(F)F)n3)ccc2F)C(F)(F)CC1,Active
Cc1nc2c(Nc3ccc(F)c([C@]4(C)CS(=O)(=O)C(C)(C)C(N)=N4)c3)nccc2s1,Active
CC(C)[C@@]1(C)C(=N)N[C@](C)(c2cc(NC(=O)c3ccc(F)cn3)ccc2F)CS1(=O)=O,Active
O=C(NC1=N[C@@](c2cc(Br)ccc2F)(C(F)F)[C@H]2C[C@H]2O1)c1ccccc1,Moderate
CC1(C)C(N)=N[C@](C)(c2cc(/C=C(\F)c3cc4c(cn3)OCCO4)ccc2F)[C@H](F)S1(=O)=O,Moderate
CNC(=O)[C@]12C[C@H]1[C@@](C)(c1cc(/C=C(\F)c3cnc(OCc4cnco4)cn3)ccc1F)N=C(N)S2,Moderate
C[C@]1(CC(F)(F)F)C(=N)N[C@](C)(c2cc(NC(=O)c3ccc(F)cn3)ccc2F)CS1(=O)=O,Active
CN1C(=N)N[C@@]2(c3cc(Oc4cc(-n5cccn5)ccn4)ccc3F)CO[C@@H](C3CC3)C[C@H]2C1=O,Active
CC1(C)C[C@@H]2[C@](c3cc(Oc4cc(C#N)ccn4)ccc3F)(CO1)NC(=N)C(C)(C)S2(=O)=O,Active
CC1(C)C(=N)N[C@](C)(c2sc(-c3cccc(-c4cnco4)c3)cc2Cl)CS1(=O)=O,Active
CC(=O)Nc1cc(F)c(F)c([C@]2(C)CS(=O)(=O)C(C)(C)C(=N)N2)c1,Moderate
C[C@]1(c2cc(/C=C(\F)c3ccc(C#N)cn3)ccc2F)N=C(N)OCC1(F)F,Moderate
COC[C@H]1C[C@H]2C(=O)N(C)C(=N)N[C@@]2(c2cc(OCC3CC3)ccc2F)CO1,Active
N#Cc1ccc(C#Cc2ccc(F)c([C@@]3(CF)N=C(N)S[C@@]4(CCC(=O)N5CCOCC5)C[C@H]43)c2)nc1,Active
COc1cnc(C(=O)Nc2ccc3c(c2)[C@@]2(C)NC(=N)N(C)S(=O)(=O)[C@@H]2CCO3)cn1,Moderate
CN1C(=N)N[C@](C)(c2cc(NC(=O)c3ccc(F)cn3)ccc2F)[C@@]2(CCN(S(=O)(=O)C3CCCC3)C2)S1(=O)=O,Active
COc1cncc(-c2ccc(F)c([C@]3(C)Cc4ncncc4C(=N)N3)c2)c1,Moderate
CC#Cc1cncc(-c2csc(C3(C)CC4(CCC(F)(F)CC4)OC(N)=N3)c2)c1,Moderate
COC1CCC2(CC1)Cc1ccc(Br)cc1C21N=C(NC(=O)OC(C)(C)C)N(C)C1=O,Active
C[C@@H]1COC[C@H]2[C@@H]1OC(N)=N[C@]2(CF)c1cc(NC(=O)c2cnc(OCF)cn2)ccc1F,Active
Cc1cc(C2(c3cncc(F)c3)N=C(N)N(C)C2=O)ccc1OC(F)F,Moderate
C[C@@]1(c2cc(NC(=O)c3ccc(OCC(F)(F)F)cn3)ccc2F)C[S@@]2(=O)=NCCCCN2C(N)=N1,Active
C[C@@]1(c2sc(-c3cccc(C#N)c3)cc2F)CS(=O)(=O)[C@](C)(CC(F)(F)F)C(=N)N1,Moderate
COc1ccc(C(=O)Nc2cc(F)c(F)c([C@@]3(C)N=C(N)[C@@](C)(F)C[C@@H]3F)c2)nc1,Active
CC1(C)C(=N)N[C@](C)(c2sc(C(=O)NCc3ncccc3Cl)cc2Cl)CS1(=O)=O,Moderate
Cc1cc(OC(F)F)cnc1C(=O)Nc1csc([C@]23CO[C@@H](C)C[C@H]2COC(N)=N3)n1,Active
CO[C@H]1CC[C@@]2(CC1)Cc1ccc(C#CC3CC3)cc1C21N=C(C)C(N)=N1,Active
C[C@H]1C[C@H]2C(=O)N(C)C(=N)N[C@@]2(c2cc(Br)ccc2F)CO1,Moderate
CC12OC(N)N[C@](CF)(c3cc(NC(=O)c4ccc(C#N)cn4)ccc3F)C1O2,Active
CCN1CC2(N=C1N)c1cc(-c3cc(F)cc(Cl)c3)ccc1CC21CCC(OC)CC1,Moderate
CN1C(=N)N[C@@]2(CCCc3ccc(NC(=O)c4cnc(OCCF)cn4)cc32)CS1(=O)=O,Moderate
CN1C(=N)N[C@@]2(c3cc(Oc4cccc(-n5cccn5)n4)ccc3F)CO[C@@H](C3CC3)C[C@H]2C1=O,Active
CNCCc1cccc(C2(c3ccc(OC(F)F)c(C)c3)N=C(N)N(C)C2=O)c1,Moderate
CC(C)COc1ccc(F)c([C@]23CO[C@@H](C)C[C@H]2S(=O)(=O)C(C)(C)C(=N)N3)c1,Moderate
N#Cc1ccc(C(=O)Nc2csc([C@]34CO[C@@H](C(F)(F)F)C[C@H]3COC(N)=N4)n2)nc1,Active
CN1C(=N)N[C@]2(C)c3cc(NC(=O)c4ccc(OC(F)(F)F)cn4)ccc3OCC[C@@H]2S1(=O)=O,Active
COc1cnc(C(=O)Nc2ccc3c(c2)[C@]2(CCC3)CS(=O)(=O)N(C)C(=N)N2)c(C)c1,Moderate
C[C@]1(c2cc(/C=C(\F)c3cnc(OCC4CCC4)cn3)ccc2F)N=C(N)[C@@]2(CF)CC[C@@H]1S2(=O)=O,Moderate
CN(C)C(=O)[C@]12C[C@H]1[C@@](C)(c1cc(/C=C(\F)c3cnc(OCC#N)cn3)ccc1F)N=C(N)S2,Moderate
NC1=NC(c2ccccc2)(C2CCCCC2)C(=O)N1CCCCCC(=O)O,Moderate
CC(=O)N[C@@H](Cc1cc(F)cc(F)c1)[C@H](O)CNC1(c2cccc(C(C)(C)C)c2)CCc2n[nH]cc2C1,Active
CC(=O)N[C@@H](Cc1cc(F)cc(F)c1)[C@H](O)CNC1(c2cccc(C(C)(C)C)c2)CCc2nc(N)ncc2C1,Active
Nc1ccc2ccccc2n1,Inactive
Nc1nccc2ccccc12,Inactive
O=c1oc2c(O)c(O)cc3c(=O)oc4c(O)c(O)cc1c4c23,Moderate
O=c1cc(-c2ccc(O)c(-c3c(O)cc(O)c4c(=O)cc(-c5ccc(O)cc5)oc34)c2)oc2cc(O)cc(O)c12,Moderate
CSCC(NC(=O)[C@@H](NC(=O)OC(C)(C)C)C(C)C)C(=O)N[C@@H](CC(C)C)C(O)CC(C)C(=O)NC(C(=O)NCc1ccccc1)C(C)C,Active
CC(C)C[C@H](NC(=O)C(CC(N)=O)NC(=O)[C@@H](NC(=O)OC(C)(C)C)C(C)C)C(O)CC(C)C(=O)NC(C)C(=O)NCc1ccccc1,Active
CC(C)C[C@H](NC(=O)[C@H](CC(N)=O)NC(=O)[C@@H](NC(=O)[C@@H](N)CC(=O)O)C(C)C)C(O)C[C@@H](C)C(=O)N[C@@H](C)C(=O)N[C@@H](CCC(=O)O)C(=O)N[C@@H](Cc1ccccc1)C(=O)O,Active
CSCCC(NC(=O)OC(C)(C)C)C(=O)N[C@@H](CC(C)C)C(O)CC(C)C(=O)NC(C(=O)NCc1ccccc1)C(C)C,Moderate
COc1cccc(CNC[C@@H](O)[C@H](Cc2cc(F)cc(F)c2)NC(=O)c2cc(/C(C)=N\OCC(C)C)cc(N(C)S(C)(=O)=O)c2)c1,Moderate
CCN(CC)CCCC(C)Nc1ccnc2cc(Cl)ccc12,Moderate
CC[C@H](NC(=O)OC(C)(C)C)C(=O)N[C@@H](C)C(=O)N[C@@H](Cc1ccccc1)[C@@H](O)C[C@@H](C)C(=O)N[C@H](C(=O)NCc1ccncc1)C(C)C,Active
CCC[C@H](NC(=O)OC(C)(C)C)C(=O)N[C@@H](C)C(=O)N[C@@H](Cc1ccccc1)[C@@H](O)C[C@@H](C)C(=O)N[C@H](C(=O)NCc1ccncc1)C(C)C,Active
CC(C)C[C@H](NC(=O)[C@H](CC(N)=O)NC(=O)[C@@H](NC(=O)[C@@H](N)CCC(=O)O)C(C)C)[C@@H](O)C[C@@H](C)C(=O)N[C@@H](C)C(=O)N[C@@H](CCC(=O)O)C(=O)N[C@@H](Cc1ccccc1)C(=O)O,Active
CCC[C@H](NC(=O)OC(C)(C)C)C(=O)N[C@@H](CCSC)C(=O)N[C@@H](Cc1ccccc1)[C@@H](O)C[C@@H](C)C(=O)N[C@H](C(=O)NCc1ccncc1)C(C)C,Active
CC(C)[C@H](NC(=O)[C@H](C)C[C@H](O)[C@H](Cc1ccccc1)NC(=O)[C@H](C)NC(=O)[C@H](CN(C)C)NC(=O)OC(C)(C)C)C(=O)NCc1ccncc1,Moderate
CC(C)[C@H](NC(=O)[C@H](C)C[C@H](O)[C@H](Cc1ccccc1)NC(=O)[C@H](C)NC(=O)[C@H](CC(F)F)NC(=O)OC(C)(C)C)C(=O)NCc1ccncc1,Active
CC(C)[C@H](NC(=O)[C@H](C)C[C@H](O)[C@H](Cc1ccccc1)NC(=O)[C@H](C)NC(=O)[C@H](CCN(C)C)NC(=O)OC(C)(C)C)C(=O)NCc1ccncc1,Inactive
CC(C)[C@H](NC(=O)OC(C)(C)C)C(=O)N[C@@H](C)C(=O)N[C@@H](Cc1ccccc1)[C@@H](O)C[C@@H](C)C(=O)N[C@H](C(=O)NCc1ccncc1)C(C)C,Moderate
CC(C)C[C@H](O)C(=O)N[C@@H](C)C(=O)N[C@@H](Cc1ccccc1)[C@@H](O)C[C@@H](C)C(=O)N[C@H](C(=O)NCc1ccncc1)C(C)C,Moderate
CC(C)[C@H](F)C(=O)N[C@@H](C)C(=O)N[C@@H](Cc1ccccc1)[C@@H](O)C[C@@H](C)C(=O)N[C@H](C(=O)NCc1ccncc1)C(C)C,Moderate
CSCC[C@H](NC(=O)[C@@H](O)C(C)C)C(=O)N[C@@H](Cc1ccccc1)[C@@H](O)C[C@@H](C)C(=O)N[C@H](C(=O)NCc1ccncc1)C(C)C,Moderate
CC[C@H](C[C@H](O)[C@H](Cc1ccccc1)NC(=O)[C@H](C)NC(=O)[C@@H](O)C(C)C)C(=O)N[C@H](C(=O)N[C@H](C)c1ccccc1)C(C)C,Active
COCC[C@H](NC(=O)OC(C)(C)C)C(=O)N[C@@H](C)C(=O)N[C@@H](Cc1ccccc1)[C@@H](O)C[C@@H](C)C(=O)N[C@H](C(=O)NCc1ccncc1)C(C)C,Moderate
COC[C@H](NC(=O)OC(C)(C)C)C(=O)N[C@@H](C)C(=O)N[C@@H](Cc1ccccc1)[C@@H](O)C[C@@H](C)C(=O)N[C@H](C(=O)NCc1ccncc1)C(C)C,Moderate
CC(C)[C@H](NC(=O)[C@H](C)C[C@H](O)[C@H](Cc1ccccc1)NC(=O)[C@H](C)NC(=O)[C@H](CC(F)(F)C(F)F)NC(=O)OC(C)(C)C)C(=O)NCc1ccncc1,Moderate
CC(C)[C@H](NC(=O)[C@H](C)C[C@H](O)[C@H](Cc1ccccc1)NC(=O)[C@H](C)NC(=O)[C@@H](O)CC(F)(F)F)C(=O)NCc1ccncc1,Moderate
CC[C@H](C[C@H](O)[C@H](Cc1ccccc1)NC(=O)[C@H](C)NC(=O)[C@@H](O)C(C)C)C(=O)N[C@H](C(=O)N[C@@H](C)c1ccccc1)C(C)C,Active
CCC[C@H](NC(=O)[C@@H](O)C(C)C)C(=O)N[C@@H](Cc1ccccc1)[C@@H](O)C[C@@H](C)C(=O)N[C@H](C(=O)NCc1ccncc1)C(C)C,Moderate
CC(C)CC(=O)N[C@@H](C)C(=O)N[C@@H](Cc1ccccc1)[C@@H](O)C[C@@H](C)C(=O)N[C@H](C(=O)NCc1ccncc1)C(C)C,Moderate
CC(C)[C@H](O)C(=O)N[C@@H](COC(C)(C)C)C(=O)N[C@@H](Cc1ccccc1)[C@@H](O)C[C@@H](C)C(=O)N[C@H](C(=O)NCc1ccncc1)C(C)C,Moderate
CC[C@H](C)[C@H](O)C(=O)N[C@@H](CC(F)F)C(=O)N[C@@H](Cc1ccccc1)[C@@H](O)C[C@@H](CC(F)F)C(=O)N[C@H](C(=O)NCc1ccncc1)C(C)C,Moderate
CSCC[C@H](NC(=O)[C@@H](NC(C)=O)C(C)C)C(=O)N[C@@H](CC1CCCCC1)C(O)CC(=O)N[C@H](C(=O)N[C@@H](C)C(=O)N[C@@H](CCC(=O)O)C(=O)N[C@@H](Cc1ccccc1)C(=O)O)C(C)C,Moderate
CSCC[C@H](NC(=O)[C@@H](NC(C)=O)C(C)C)C(=O)N[C@@H](Cc1ccccc1)C(O)CC(=O)N[C@H](C(=O)N[C@@H](C)C(=O)N[C@@H](CCC(=O)O)C(=O)N[C@@H](Cc1ccccc1)C(=O)O)C(C)C,Moderate
CSCC[C@H](NC(=O)[C@@H](NC(C)=O)C(C)C)C(=O)NC(CC(C)C)C(O)CC(=O)N[C@@H](Cc1ccccc1)C(=O)N[C@@H](C)C(=O)N[C@@H](CCC(=O)O)C(=O)N[C@@H](Cc1ccccc1)C(=O)O,Inactive
CSCC[C@H](NC(=O)[C@@H](NC(C)=O)C(C)C)C(=O)N[C@@H](CC(C)C)C(O)C[C@H](C(=O)N[C@@H](C)C(=O)N[C@@H](CCC(=O)O)C(=O)N[C@@H](Cc1ccccc1)C(=O)O)C(C)C,Active
CSCC[C@H](NC(=O)[C@@H](NC(C)=O)C(C)C)C(=O)NC(CC(C)C)C(O)CC(=O)N[C@@H](C)C(=O)N[C@@H](C)C(=O)N[C@@H](CCC(=O)O)C(=O)N[C@@H](Cc1ccccc1)C(=O)O,Moderate
COc1cc2ncnc(Nc3ccc(F)c(Cl)c3)c2cc1OCCCN1CCOCC1,Inactive
CC(C)C[C@H](NC(=O)[C@H](CC(N)=O)NC(=O)[C@@H](NC(=O)OC(C)(C)C)C(C)C)[C@@H](O)C[C@@H](C)C(=O)N[C@@H](C)C(=O)NCc1ccccc1,Active
CC(C)C[C@H](NC(=O)[C@H](CC(N)=O)NC(=O)OC(C)(C)C)[C@@H](O)C[C@@H](C)C(=O)N[C@H](C(=O)NCc1ccccc1)C(C)C,Moderate
CC(C)C[C@H](NC(=O)[C@H](CS(C)(=O)=O)NC(=O)[C@@H](NC(=O)OC(C)(C)C)C(C)C)[C@@H](O)C[C@@H](C)C(=O)N[C@H](C(=O)NCc1ccccc1)C(C)C,Active
CSCC[C@H](NC(=O)[C@@H](NC(=O)OC(C)(C)C)C(C)C)C(=O)N[C@@H](CC(C)C)[C@@H](O)C[C@@H](CC(C)C)C(=O)N[C@H](C(=O)NCc1ccccc1)C(C)C,Inactive
CC(C)C[C@H](NC(=O)[C@H](CC(N)=O)NC(=O)OC(C)(C)C)[C@@H](O)C[C@@H](C)C(=O)N[C@@H](C)C(=O)NCc1ccccc1,Inactive
CC(C)C[C@H](NC(=O)[C@H](CC(N)=O)NC(=O)[C@@H](NC(=O)OC(C)(C)C)C(C)C)[C@@H](O)C[C@@H](C)C(=O)N[C@H](C(=O)NCc1ccccc1)C(C)C,Active
CSC[C@H](NC(=O)[C@@H](NC(=O)OC(C)(C)C)C(C)C)C(=O)N[C@@H](CC(C)C)[C@@H](O)C[C@@H](C)C(=O)N[C@H](C(=O)NCc1ccccc1)C(C)C,Active
