smiles,class
CN1CC[C@@]2(C)c3cc(OC(=O)Nc4ccccc4)ccc3N(C=O)C12,Moderate
CN(C)Cc1ccc(CSCCNc2cc(Nc3ncccc3[N+](=O)[O-])c([N+](=O)[O-])cc2[N+](=O)[O-])o1,Inactive
CN(C)Cc1ccc(CSCCNc2ccc(F)cc2[N+](=O)[O-])o1,Moderate
[Br-].[Br-].c1ccc2c(c1)ccc[n+]2CCCCCCCCCCCC[n+]1cccc2ccccc21,Moderate
[Br-].[Br-].c1ccc2c[n+](CCCCCCCCC[n+]3ccc4ccccc4c3)ccc2c1,Moderate
[Br-].[Br-].c1ccc2c[n+](CCCCCCCCCCC[n+]3ccc4ccccc4c3)ccc2c1,Moderate
CN(C)Cc1ccc(CSCCNc2cc(F)c([N+](=O)[O-])cc2[N+](=O)[O-])o1,Moderate
COc1ccccc1/C=C/C(=O)c1ccccc1,Inactive
[Br-].[Br-].c1ccc2c(c1)ccc[n+]2CCCCCCCCC[n+]1cccc2ccccc21,Moderate
[Br-].[Br-].c1ccc2c(c1)ccc[n+]2CCCCCCCCCCC[n+]1cccc2ccccc21,Moderate
COc1ccc(/C=C/C(=O)c2ccccc2)cc1,Inactive
[Br-].[Br-].c1ccc2c[n+](CCCCCCCCCCCC[n+]3ccc4ccccc4c3)ccc2c1,Active
[Br-].[Br-].c1cc[n+](CCCCCCCCC[n+]2ccccc2)cc1,Moderate
CN(C)Cc1ccc(CSCCNc2cc(Nc3ccccc3C#N)c([N+](=O)[O-])cc2[N+](=O)[O-])o1,Moderate
CN(C)Cc1ccc(CSCCNc2cc(NCc3ccccn3)c([N+](=O)[O-])cc2[N+](=O)[O-])o1,Moderate
CN(C)CCNc1cc(NCCSCc2ccc(CN(C)C)o2)c([N+](=O)[O-])cc1[N+](=O)[O-],Moderate
O=C(/C=C/c1ccc([N+](=O)[O-])cc1)c1ccccc1,Inactive
CCCNc1cc(NCCSCc2ccc(CN(C)C)o2)c([N+](=O)[O-])cc1[N+](=O)[O-],Moderate
CC(C)=NNc1cc(NCCSCc2ccc(CN(C)C)o2)c([N+](=O)[O-])cc1[N+](=O)[O-],Moderate
CN(C)Cc1ccc(CSCCNc2cc(NCc3ccccc3)c([N+](=O)[O-])cc2[N+](=O)[O-])o1,Moderate
CN(C)Cc1ccc(CSCCNc2cc(Nc3ccc(F)cc3)c([N+](=O)[O-])cc2[N+](=O)[O-])o1,Moderate
CCCCCCOC(=O)[C@H](CCC(=O)NCCC1CCN(Cc2ccccc2)CC1)NC(=O)Cc1cc2ccc(Cl)cc2s1,Active
CCCCCCOC(=O)[C@H](CCC(=O)NCCC1CCN(Cc2ccccc2)CC1)NC(=O)c1cc2ccccc2s1,Moderate
CCCCCCOC(=O)[C@H](CCC(=O)NCCC1CCN(Cc2ccccc2)CC1)NC(=O)c1cc2cccnc2s1,Moderate
CN(C)Cc1ccc(CSCCNc2cc(NCc3cccnc3)c([N+](=O)[O-])cc2[N+](=O)[O-])o1,Moderate
CN(C)Cc1ccc(CSCCNc2cc(N)c([N+](=O)[O-])cc2[N+](=O)[O-])o1,Moderate
CCCCCCOC(=O)[C@H](CCC(=O)NCCC1CCN(Cc2ccccc2)CC1)NC(=O)c1cc2ccsc2s1,Moderate
CC(C)c1ccc(NC(=O)Oc2ccc3c(c2)[C@]2(C)CCN(CCc4ccccc4)[C@@H]2N3C)cc1,Active
CCCCCCOC(=O)[C@H](CCC(=O)NCCC1CCN(Cc2ccccc2)CC1)NC(=O)c1ccccc1,Moderate
CCCCCCOC(=O)[C@H](CCC(=O)NCCC1CCN(Cc2ccccc2)CC1)NC(=O)c1cccs1,Moderate
CCCCCCOC(=O)[C@H](CCC(=O)NCCC1CCN(Cc2ccccc2)CC1)NC(=O)c1cc(Br)cs1,Moderate
CN1c2ccc(OC(=O)NC3CCCCC3)cc2[C@]2(C)CCN(CCc3ccccc3)[C@H]12,Active
CN1c2ccc(OC(=O)NCC3CCCCC3)cc2[C@]2(C)CCN(CCc3ccccc3)[C@H]12,Active
CN(C)Cc1ccc(CSCCNc2cc(Nc3ccccc3)c([N+](=O)[O-])cc2[N+](=O)[O-])o1,Moderate
[Br-].[Br-].c1cc[n+](Cc2ccc3ccc(C[n+]4ccccc4)cc3c2)cc1,Moderate
CCCCCCOC(=O)[C@H](CCC(=O)NCCC1CCN(Cc2ccccc2)CC1)NC(=O)OC(C)(C)C,Moderate
CCCCCCOC(=O)[C@H](CCC(=O)NCCC1CCN(Cc2ccccc2)CC1)NC(=O)OCc1ccccc1,Moderate
[Br-].[Br-].c1cc[n+](CCCCCCC[n+]2ccccc2)cc1,Inactive
COc1cc(NC(=O)/C=C/c2cccc(OCc3ccccc3)c2)cc(OC)c1OC,Moderate
CC(C)=CCC/C(C)=C/Cc1cc(C2CC(=O)c3c(O)cc(O)cc3O2)c(O)cc1O,Moderate
O=C(CN1CCCCC1)Nc1ccc2nc3c4[nH]c5ccccc5c4ccn3c(=O)c2c1,Moderate
CC1=CC2Cc3nc4cccc(F)c4c(N)c3C(C1)C2,Moderate
CC1=CC2Cc3nc4cc(C)ccc4c(N)c3C(C1)C2,Moderate
CC1=C[C@@H]2Cc3nc4cc(F)ccc4c(N)c3[C@H](C1)C2,Moderate
CN(C)C(=O)Oc1ccc[n+](C)c1,Moderate
COc1ccc2cc3n(c(=O)c2c1OC)CCc1cc2c(cc1-3)OCO2,Inactive
CC1Cc2c(nc3ccccc3c2N)C1(C)O,Inactive
Nc1c2c(nc3ccccc13)-c1ccccc1NCC2,Inactive
CC1=C[C@@H]2Cc3nc4cc(Cl)ccc4c(N)c3[C@H](C1)C2,Moderate
Cc1cn([C@H]2C=C[C@@H](COP(=O)(O)OCc3cccc(-c4cccc5c4OP(=O)(OC[C@@H]4C=C[C@H](n6cc(C)c(=O)[nH]c6=O)O4)OC5)c3O)O2)c(=O)[nH]c1=O,Moderate
Cc1c(N)c(=O)n(-c2ccccc2)n1C,Inactive
CN(C)c1cccc(OC(=O)Nc2ccccc2)c1,Inactive
COS(=O)(=O)[O-].C[N+](C)(C)c1cccc(OC(=O)Nc2ccccc2)c1,Inactive
Cc1ccccc1NC(=O)Oc1ccc2c(c1)[C@]1(C)CC[N+](C)(C)C1N2C.[Br-],Moderate
CC(C)c1ccc(NC(=O)Oc2ccc3c(c2)[C@]2(C)CC[N+](C)(CCc4ccccc4)C2N3C)cc1.[Br-],Active
C[n+]1cccc(OC(=O)Nc2ccccc2)c1.[Br-],Moderate
CNC(=O)Oc1ccc2c(c1)[C@]1(C)CC[N+](C)(C)C1N2C.[Br-],Moderate
CN1c2ccc(OC(=O)Nc3ccccc3)cc2[C@]2(C)CC[N+](C)(C)C12.[Br-],Moderate
CC(C)c1ccc(NC(=O)Oc2ccc3c(c2)[C@]2(C)CC[N+](C)(C)C2N3C)cc1.[Br-],Active
O=C1C(=O)N(c2ccccc2)c2ccccc21,Inactive
COc1ccccc1CN(C)CCCCCC(=O)N(C)CCCCCCCCN(C)C(=O)CCCCCN(C)Cc1ccccc1OC,Inactive
Nc1c2c(nc3ccccc13)CCCc1ccccc1-2,Inactive
OC1CCN2Cc3ccccc3N=C12,Moderate
Nc1c2c(nc3ccccc13)CCC2,Active
Nc1c2c(nc3ccccc13)CCCCCC2,Moderate
C#CCN(C)C1CCc2c(OC(=O)N(C)CC)cccc21,Inactive
CCCCCCCCCCN1CCCC(C(=O)N(CC)CC)C1,Moderate
C#CCNC1CCc2c(OC(=O)N(C)CC)cccc21,Moderate
CCCCC1=C(C)Cc2c1nc1ccccc1c2N,Inactive
CC1=C(C)c2nc3ccccc3c(N)c2C1,Moderate
CCCCC1(O)c2nc3ccccc3c(N)c2CC1C,Inactive
O=C(NCCCCCCCCNc1c2c(nc3cc(Cl)ccc13)CCCC2)c1ccc2nc(-c3ccc(Cl)cc3)c3c(c2c1)OCCC3,Moderate
c1ccc2c(c1)[nH]c1c[n+](CCCCCCCCCCCC[n+]3ccc4c(c3)[nH]c3ccccc34)ccc12,Moderate
CCN(CC)C(C)CN1c2ccccc2Sc2ccccc21.Cl,Moderate
CCN(C)C(=O)Oc1cccc([C@H](C)N(C)C)c1.O=C(O)[C@H](O)[C@@H](O)C(=O)O,Moderate
Cc1ccccc1NC(=O)Oc1ccc2c(c1)[C@]1(C)CCN(C)[C@@H]1N2C.O=C(O)C(O)C(O)C(=O)O,Moderate
Cl.Cl.O.c1ccc(CN2CCC(CCNc3cc4c(nn3)-c3ccccc3CCC4)CC2)cc1,Moderate
Cl.Cl.c1ccc(CN2CCC(CCSc3ccc(-c4ccccc4)nn3)CC2)cc1,Moderate
Cl.Cl.O.c1ccc(CN2CCC(CCOc3ccc(-c4ccccc4)nn3)CC2)cc1,Moderate
Cl.Cl.O.c1ccc(CN2CCC(CCNc3cc4ccc5ccccc5c4nn3)CC2)cc1,Moderate
Cl.Cl.O.c1ccc(CN2CCC(CCNc3cc4c(nn3)-c3ccccc3CC4)CC2)cc1,Moderate
Cl.O.c1ccc(CN2CCC(CCN=c3cc4c(n[nH]3)-c3ccccc3C4)CC2)cc1,Moderate
CCc1cc(=NCCC2CCN(Cc3ccccc3)CC2)[nH]nc1-c1ccccc1.Cl.Cl.O,Moderate
Cc1cc(=NCCC2CCN(Cc3ccccc3)CC2)[nH]nc1-c1ccccc1.Cl.Cl.O,Moderate
CCN(CC)C(C)CN1c2ccccc2Sc2ccccc21,Moderate
COc1ccc2cc3[n+](cc2c1OC)CCc1cc2c(cc1-3)OCO2.[Cl-],Inactive
CCc1ccccc1NC(=O)Oc1ccc2c(c1)[C@]1(C)CCN(C)O[C@@H]1N2C,Moderate
CCc1ccccc1NC(=O)Oc1ccc2c(c1)[C@]1(C)CCN(C)[C@@H]1N2C.O=C(O)C(O)C(O)C(=O)O,Moderate
CNC(=O)Oc1ccc2c(c1)[C@]1(C)CCN(C)O[C@@H]1N2C,Active
CN1CC[C@@]2(C)c3cc(OC(=O)Nc4ccccc4)ccc3N(C)[C@@H]12.O=C(O)C(O)C(O)C(=O)O,Moderate
COc1cc2c(cc1O)[C@@H]1Cc3ccc(OC)c(O)c3CN1CC2,Inactive
CN1CC[C@@]2(C)c3cc(OC(=O)Nc4ccccc4)ccc3N(C)[C@H]2O1,Moderate
Cc1ccccc1NC(=O)Oc1ccc2c(c1)[C@]1(C)CCN(C)O[C@@H]1N2C,Moderate
CNC(=O)Oc1cccc(CN(C)CCCOc2ccc(-c3ccccc3)cc2)c1,Active
CN(C)c1ccc(/C=C/c2ccc3ccccc3[n+]2C)cc1.[I-],Moderate
CC(C)c1ccc(NC(=O)Oc2ccc3c(c2)[C@]2(C)CCOC2O3)cc1,Active
CN(C)Cc1ccc(CSCc2ccc(CSCc3ccc(CN(C)C)o3)cc2)o1,Moderate
CNC(=O)Oc1cccc(CN(C)CCCCCCOc2ccc3c(=O)c4ccccc4oc3c2)c1,Active
COc1ccc2nc3c(c(N)c2c1)CCCC3,Inactive
COC(=O)[C@H]1[C@H]2C[C@H]3c4[nH]c5ccccc5c4CCN3C[C@H]2CC[C@@H]1O.Cl,Inactive
CCCCCCCCCNc1c2c(nc3ccc(OC)cc13)CCCC2.Cl,Moderate
CCCCCCCCNc1c2c(nc3ccc(OC)cc13)CCCC2.Cl,Moderate
CCCCCCCNc1c2c(nc3ccc(OC)cc13)CCCC2.Cl,Active
CCCCCCNc1c2c(nc3ccc(OC)cc13)CCCC2.Cl,Moderate
CCCCCNc1c2c(nc3ccc(OC)cc13)CCCC2.Cl,Inactive
CCCCNc1c2c(nc3ccc(OC)cc13)CCCC2.Cl,Inactive
CCCNc1c2c(nc3ccc(OC)cc13)CCCC2.Cl,Inactive
CCNc1c2c(nc3ccc(OC)cc13)CCCC2.Cl,Inactive
CN(CCCOc1ccc2c(=O)c3ccccc3oc2c1)Cc1cccc(OC(=O)NCCCCCCCCN2CCOCC2)c1,Active
CN(C)Cc1ccc(CSCc2ccc(-c3ccc(CSCc4ccc(CN(C)C)o4)cc3)cc2)o1,Moderate
CN(CCCOc1ccc2c(=O)c3ccccc3oc2c1)Cc1cccc(OC(=O)NCCCCCCCCCN2CCOCC2)c1,Active
CCCCCCCNC(=O)Oc1cccc(CN(C)CCCOc2ccc3c(=O)c4cccnc4oc3c2)c1,Active
CN(C)Cc1ccc(CSCCNC(=NC#N)NCCSCc2ccc(CN(C)C)o2)o1,Moderate
c1ccc2c(NCCCCCCCCSc3c4c(nc5ccccc35)CCCC4)c3c(nc2c1)CCCC3,Active
CN(C)Cc1ccc(CSCCCCSCc2ccc(CN(C)C)o2)o1,Moderate
C=C[C@H]1CN2CC[C@H]1C[C@@H]2[C@@H](O)c1ccnc2ccc(OC)cc12,Moderate
CC(C)c1ccc(NC(=O)Oc2ccc3c(c2)[C@]2(C)CCN(C)[C@@H]2N3C)cc1,Active
CC(C)c1ccccc1NC(=O)Oc1ccc2c(c1)[C@]1(C)CCN(C)[C@@H]1N2C,Moderate
Cc1cc(C)c(NC(=O)Oc2ccc3c(c2)[C@]2(C)CCN(C)[C@@H]2N3C)c(C)c1,Moderate
COc1ccc2c(c[n+](C)c3c4cc5c(cc4ccc23)OCO5)c1OC,Moderate
Cc1ccccc1NC(=O)Oc1ccc2c(c1)[C@]1(C)CCN(C)[C@@H]1N2C,Moderate
CSc1nc(-c2ccc(OC(F)(F)F)cc2)nn1C(=O)N(C)C,Moderate
O=C(N1CCCCC1)n1nc(-c2ccc(Cl)cc2)nc1SCC(F)(F)F,Moderate
CSc1nc(-c2ccc(Cl)cc2)nn1C(=O)N1CCOCC1,Inactive
CSc1nc(-c2ccc(Cl)cc2)nn1C(=O)N1CCCCC1,Moderate
Cc1ccc(NC(=O)Oc2ccc3c(c2)[C@]2(C)CCN(C)[C@@H]2N3C)cc1C,Active
CSc1nc(-c2ccc(C)cc2)nn1C(=O)N1CCOCC1,Moderate
Cc1ccc(NC(=O)Oc2ccc3c(c2)[C@]2(C)CCN(C)[C@@H]2N3C)cc1,Moderate
Cc1cc(C)cc(NC(=O)Oc2ccc3c(c2)[C@]2(C)CCN(C)[C@@H]2N3C)c1,Moderate
CN(C)Cc1ccc(CSCCNc2cc(NCCSCc3ccc(CN(C)C)o3)c([N+](=O)[O-])cc2[N+](=O)[O-])o1,Active
Cc1ccc(-c2nc(SCC(F)(F)F)n(C(=O)N(C)C)n2)cc1,Moderate
Cc1cccc(NC(=O)Oc2ccc3c(c2)[C@]2(C)CCN(C)[C@@H]2N3C)c1,Moderate
CN(C)Cc1ccc(CSCCCCCSCc2ccc(CN(C)C)o2)o1,Moderate
CN(C)Cc1ccc(CSCCN/C=C(/NCCSCc2ccc(CN(C)C)o2)[N+](=O)[O-])o1,Moderate
CN(C)Cc1cc2c(cc1OC(=O)Nc1ccccc1)[C@]1(C)CCN(C)[C@@H]1N2C,Moderate
COc1ccccc1CNCCCCCC(=O)N(C)CCCCCCCCN(C)C(=O)CCCCCNCc1ccccc1OC,Moderate
Cc1cc2c(cc1OC(=O)Nc1ccccc1)[C@]1(C)CCN(C)[C@@H]1N2C,Moderate
COc1cccc(C(=O)N2c3ccccc3Sc3ccccc32)c1,Inactive
CN(C)Cc1ccc(CSCCSCc2ccc(CN(C)C)o2)o1,Moderate
CSc1nc(-c2ccc(C)cc2)nn1C(=O)N(C)C,Moderate
CCOc1nn(-c2cccc(OCc3ccccc3)c2)c(=O)o1,Moderate
CNC(=O)Oc1cc2c(cc1C)N(C)[C@H]1N(C)CC[C@@]21C,Moderate
CN(C)Cc1ccc(CSCCCCCCCSCc2ccc(CN(C)C)o2)o1,Moderate
COc1ccccc1CNCCCCCCNCCCCCNCCCCCCNCc1ccccc1OC,Moderate
COc1ccccc1CNCCCCCC(=O)NCCCCCCCCNC(=O)CCCCCNCc1ccccc1OC,Inactive
Clc1ccc(CNC2CCN(Cc3ccccc3)CC2)cc1,Moderate
C/C=C(\C)C(=O)N[C@H]1CC[C@@]2(C)C(=CC[C@H]3C4=CC[C@H]([C@H](C)N(C)C)[C@@]4(C)CC[C@@H]32)C1=O,Moderate
CC[N+](C)(CCCCCC(=O)N(C)CCCCCCCCN(C)C(=O)CCCCC[N+](C)(CC)Cc1ccccc1)Cc1ccccc1,Moderate
CCCCNc1nc2ccccc2[nH]1,Inactive
CCC1=CC2Cc3nc4cccc(Cl)c4c(N)c3C(C1)C2,Moderate
CC1=CC2Cc3nc4cc(Cl)ccc4c(N)c3C(C1)C2,Moderate
c1ccc2c(CN3CCN(Cc4c[nH]c5ccccc45)CC3)c[nH]c2c1,Moderate
Clc1ccc2c(c1)Nc1ccccc1S2,Inactive
CC(=O)NC1=NN(C(C)=O)C(C)(c2ccccc2)S1,Active
COc1ccc(CCNCc2ccc(OCc3ccccc3)cc2)cc1,Moderate
Fc1ccc(CNC2CCN(Cc3ccccc3)CC2)cc1,Moderate
CCC1=CC2Cc3nc4cccc(F)c4c(N)c3C(C1)C2,Moderate
CCC1=CC2Cc3nc4ccc(Cl)cc4c(N)c3C(C1)C2,Moderate
CCN(CCCCCC(=O)N(CCCCCCCCN(C(=O)CCCCCN(CC)Cc1ccccc1OC)C(C)C)C(C)C)Cc1ccccc1OC,Moderate
CCC1=CC2Cc3nc4cc(C)cc(C)c4c(N)c3C(C1)C2,Active
CC1=CC2Cc3nc4cc(F)cc(F)c4c(N)c3C(C1)C2,Moderate
COc1cc2c(cc1OC)C(=O)C(CC1CCN(Cc3ccccc3[N+](=O)[O-])CC1)C2,Inactive
C/C=C(\C)C(=O)N[C@@H]1C=C2CC[C@@H]3[C@H](CC[C@]4(C)C([C@H](C)N(C)C)=CC[C@@H]34)[C@@]2(C)C[C@H]1O,Inactive
CC(=O)O[C@H]1[C@@H](NC(=O)C=C(C)C)CC[C@]2(C)[C@H]3CC[C@]4(C)[C@@H]([C@H](C)N(C)C)CC[C@H]4[C@@H]3CC[C@@H]12,Moderate
O=C(c1ccc(OCCCc2c[nH]cn2)cc1)C1CC1,Inactive
COc1ccc(C2=Nn3c(nnc3-c3cccnc3)SC2)cc1,Moderate
CN[C@H]1CC[C@@]2(C)[C@@H](CC[C@@H]3[C@@H]2CC[C@]2(C)[C@@H]([C@H](C)N(C)C(C)=O)CC[C@@H]32)C1,Inactive
O=c1c(O)c(-c2ccc(O)cc2)oc2cc(O)cc(O)c12,Inactive
O=C(/C=C/c1ccccc1O)c1ccccc1O,Inactive
C[C@@H]1CC[C@H]2[C@H](C)[C@H]3CC[C@@]4(O)[C@@H]5CC(=O)[C@H]6CC(=O)CC[C@]6(C)[C@H]5C[C@H]4[C@@H]3CN2C1,Moderate
CCN(C)C(=O)Oc1cccc(C(C)N(C)C)c1,Inactive
c1cncc(-c2nnc3sc(-c4ccco4)nn23)c1,Moderate
O=[N+]([O-])c1ccc(C2CC(c3ccccc3)=Nc3ccccc3S2)cc1,Inactive
CCCCCCCNc1c2c(nc3ccc(OC)cc13)CCCC2,Active
CCCCCCNc1c2c(nc3ccc(OC)cc13)CCCC2,Moderate
CNc1nc(NCc2ccccc2)c2ccccc2n1,Inactive
O=c1c(O)c(-c2cc(O)c(O)c(O)c2)oc2cc(O)cc(O)c12,Inactive
CC(C)(C)c1cc[n+](C[n+]2ccc(C(C)(C)C)cc2)cc1.[Br-].[Br-],Inactive
CC(C)(C)c1cc[n+](CC[n+]2ccc(C(C)(C)C)cc2)cc1.[Br-].[Br-],Inactive
CC(C)(C)c1cc[n+](CCC[n+]2ccc(C(C)(C)C)cc2)cc1.[Br-].[Br-],Inactive
CC(C)(C)c1cc[n+](CCCC[n+]2ccc(C(C)(C)C)cc2)cc1.[Br-].[Br-],Moderate
CC(C)(C)c1cc[n+](CCCCC[n+]2ccc(C(C)(C)C)cc2)cc1.[Br-].[Br-],Moderate
CC(C)(C)c1cc[n+](CCCCCC[n+]2ccc(C(C)(C)C)cc2)cc1.[Br-].[Br-],Moderate
CC(C)(C)c1cc[n+](CCCCCCC[n+]2ccc(C(C)(C)C)cc2)cc1.[Br-].[Br-],Moderate
CC(C)(C)c1cc[n+](CCCCCCCC[n+]2ccc(C(C)(C)C)cc2)cc1.[Br-].[Br-],Active
CC(C)(C)c1cc[n+](CCCCCCCCC[n+]2ccc(C(C)(C)C)cc2)cc1.[Br-].[Br-],Moderate
CC(C)(C)c1cc[n+](CCCCCCCCCC[n+]2ccc(C(C)(C)C)cc2)cc1.[Br-].[Br-],Active
CC(C)(C)c1cc[n+](CCCCCCCCCCC[n+]2ccc(C(C)(C)C)cc2)cc1.[Br-].[Br-],Moderate
CC(C)(C)c1cc[n+](COC[n+]2ccc(C(C)(C)C)cc2)cc1.[Cl-].[Cl-],Inactive
CC(C)(C)c1cc[n+](C/C=C/C[n+]2ccc(C(C)(C)C)cc2)cc1.[Br-].[Br-],Inactive
CC(C)(C)c1cc[n+](C/C=C\C[n+]2ccc(C(C)(C)C)cc2)cc1.[Cl-].[Cl-],Moderate
CC(C)(C)c1cc[n+](Cc2ccccc2C[n+]2ccc(C(C)(C)C)cc2)cc1.[Br-].[Br-],Moderate
CC(C)(C)c1cc[n+](Cc2cccc(C[n+]3ccc(C(C)(C)C)cc3)c2)cc1.[Br-].[Br-],Moderate
CC(C)(C)c1cc[n+](Cc2ccc(C[n+]3ccc(C(C)(C)C)cc3)cc2)cc1.[Br-].[Br-],Moderate
CC(C)(C)c1cc[n+](/C=C2\C=CC3=CC/C(=C\[n+]4ccc(C(C)(C)C)cc4)C=C3C2)cc1.[Br-].[Br-],Moderate
[Br-].[Br-].c1ccc2c[n+](CCCCCCCCCC[n+]3ccc4ccccc4c3)ccc2c1,Moderate
C[N+](C)(CCNC(=O)C(=O)NCC[N+](C)(C)Cc1ccccc1Cl)Cc1ccccc1Cl.[Cl-].[Cl-],Moderate
[Br-].[Br-].c1ccc2c[n+](CCCC[n+]3ccc4ccccc4c3)ccc2c1,Inactive
[Br-].[Br-].c1ccc2c[n+](CCCCC[n+]3ccc4ccccc4c3)ccc2c1,Moderate
[Br-].[Br-].c1ccc2c[n+](CCCCCC[n+]3ccc4ccccc4c3)ccc2c1,Moderate
[Br-].[Br-].c1ccc2c[n+](CCCCCCC[n+]3ccc4ccccc4c3)ccc2c1,Moderate
[Br-].[Br-].c1ccc2c[n+](CCCCCCCC[n+]3ccc4ccccc4c3)ccc2c1,Moderate
[Br-].[Br-].c1ccc2c[n+](CCOCC[n+]3ccc4ccccc4c3)ccc2c1,Inactive
C(=C/C[n+]1ccc2ccccc2c1)\C[n+]1ccc2ccccc2c1.[Br-].[Br-],Inactive
C(=C\C[n+]1ccc2ccccc2c1)\C[n+]1ccc2ccccc2c1.[Cl-].[Cl-],Inactive
[Br-].[Br-].c1ccc(C[n+]2ccc3ccccc3c2)c(C[n+]2ccc3ccccc3c2)c1,Moderate
[Br-].[Br-].c1cc(C[n+]2ccc3ccccc3c2)cc(C[n+]2ccc3ccccc3c2)c1,Moderate
[Br-].[Br-].c1ccc2c[n+](Cc3ccc4ccc(C[n+]5ccc6ccccc6c5)cc4c3)ccc2c1,Moderate
Cl.Nc1c2c(nc3ccccc13)CCCC2,Active
COc1cc2c(cc1OC)C(=O)C(CC1CCN(Cc3ccccc3)CC1)C2.Cl,Moderate
COc1cc2c(cc1OC)C(=O)C(CC1CCN(Cc3cccc(C)c3)CC1)C2,Inactive
COc1cc2c(cc1OC)C(=O)C(CC1CCN(Cc3ccc([N+](=O)[O-])cc3)CC1)C2,Inactive
CC(C)(O)CCc1c(-c2ccc(O)cc2O)oc2c3c(cc(O)c2c1=O)OC(C)(C)C=C3,Moderate
CC[N+](C)(CCCCCCOCCCCCCCCOCCCCCC[N+](C)(CC)Cc1ccccc1OC)Cc1ccccc1OC,Moderate
CC[N+](C)(CCCCCC(=O)N(C)CCCCCCCCN(C)C(=O)CCCCC[N+](C)(CC)Cc1ccccc1OC)Cc1ccccc1OC,Moderate
Oc1ccc(-c2cnc3ccccc3n2)cc1,Moderate
CCN(CCCCCC(=O)N(C)CCCCCCCCN(C)C(=O)CCCCCN(CC)Cc1ccccc1OC)Cc1ccccc1OC,Moderate
CC[N+](C)(CCCCCC(=O)N(C)CCCCCCCCN(C)C(=O)CCCCC[N+](C)(CC)Cc1ccccc1C)Cc1ccccc1C,Moderate
CC[N+](C)(CCCCCC(=O)N(C)CCCCCCCCN(C)C(=O)CCCCC[N+](C)(CC)Cc1ccccc1Cl)Cc1ccccc1Cl,Moderate
CC[N+](C)(CCCCCC(=O)N(C)CCCCCCCCN(C)C(=O)CCCCC[N+](C)(CC)Cc1ccccc1C(F)(F)F)Cc1ccccc1C(F)(F)F,Moderate
CCN(CCCCCC(=O)N(C)CCCCCCCCN(C)C(=O)CCCCCN(CC)Cc1ccccc1C)Cc1ccccc1C,Moderate
CO[C@@H]1C=CC[C@@H]2Oc3ccc(Br)cc3C(=O)[C@@]21C#N,Moderate
COc1ccccc1CN(CCCCCC(=O)N(C)CCCCCCCCN(C)C(=O)CCCCCN(Cc1ccccc1OC)C(C)C)C(C)C,Moderate
CCN(CCCCCCOCCCCCCCCOCCCCCCN(CC)Cc1ccccc1OC)Cc1ccccc1OC,Moderate
CN(CCCCSc1c2c(nc3ccccc13)CCCC2)CCCNc1c2c(nc3ccccc13)CCCC2,Active
CC(=O)N(CCCCSc1c2c(nc3ccccc13)CCCC2)CCCNc1c2c(nc3ccccc13)CCCC2,Active
[Br-].[Br-].c1ccc2c(c1)ccc[n+]2CCC[n+]1cccc2ccccc21,Inactive
[Br-].[Br-].c1ccc2c(c1)ccc[n+]2CCCC[n+]1cccc2ccccc21,Inactive
[Br-].[Br-].c1ccc2c(c1)ccc[n+]2CCCCC[n+]1cccc2ccccc21,Inactive
[Br-].[Br-].c1ccc2c(c1)ccc[n+]2CCCCCCC[n+]1cccc2ccccc21,Moderate
[Br-].[Br-].c1ccc2c(c1)ccc[n+]2CCCCCCCC[n+]1cccc2ccccc21,Moderate
[Br-].[Br-].c1ccc2c(c1)ccc[n+]2CCOCC[n+]1cccc2ccccc21,Inactive
C(=C\C[n+]1cccc2ccccc21)\C[n+]1cccc2ccccc21.[Cl-].[Cl-],Moderate
[Br-].[Br-].c1ccc(C[n+]2cccc3ccccc32)c(C[n+]2cccc3ccccc32)c1,Moderate
[Br-].[Br-].c1cc(C[n+]2cccc3ccccc32)cc(C[n+]2cccc3ccccc32)c1,Inactive
[Br-].[Br-].c1ccc2c(c1)ccc[n+]2Cc1ccc2ccc(C[n+]3cccc4ccccc43)cc2c1,Moderate
CCN(CCCCCC(=O)N(C)CCCCCCCCN(C)C(=O)CCCCCN(CC)Cc1ccccc1[N+](=O)[O-])Cc1ccccc1[N+](=O)[O-],Inactive
COc1ccc2c(c1)C(=O)[C@]1(C#N)C(OC)C=CC[C@@H]1O2,Moderate
CC[N+](C)(CCCCCC(=O)N(CCCCCCCCN(C(=O)CCCCC[N+](C)(CC)Cc1ccccc1OC)C(C)C)C(C)C)Cc1ccccc1OC,Moderate
CCN(CCCCCC(=O)N(C)CCCCCCCCN(C)C(=O)CCCCCN(CC)Cc1ccccc1)Cc1ccccc1,Moderate
COc1cccc(CN(C)CCCCCC(=O)N(C)CCCCCCCCN(C)C(=O)CCCCCN(C)Cc2cccc(OC)c2)c1,Moderate
CC(C)=CC1Oc2cc(O)ccc2-c2oc3c4c(cc(O)c3c(=O)c21)OC(C)(C)C=C4,Moderate
CC1(C)C=Cc2c(cc(O)c3c(=O)c4c(oc23)-c2ccc(O)cc2OC(C(C)(C)O)C4)O1,Moderate
CCN(CCCCCC(=O)N(C)CCCCCCCCN(C)C(=O)CCCCCN(CC)Cc1ccccc1Cl)Cc1ccccc1Cl,Moderate
COc1cc(CNCCCNC2=CC(=O)C(NCCCNCc3ccc(O)c(OC)c3)=CC2=O)ccc1O,Moderate
COc1cc(CNCCCCCCNC2=CC(=O)C(NCCCCCCNCc3ccc(O)c(OC)c3)=CC2=O)ccc1O,Moderate
O=C1C=C(NCCCNCc2cc3ccccc3o2)C(=O)C=C1NCCCNCc1cc2ccccc2o1,Moderate
O=C1C=C(NCCCCCCNCc2cc3ccccc3o2)C(=O)C=C1NCCCCCCNCc1cc2ccccc2o1,Inactive
O=C1C=C(NCCCNCc2ccc(-c3nc4ccccc4s3)cc2)C(=O)C=C1NCCCNCc1ccc(-c2nc3ccccc3s2)cc1,Inactive
O=C1C=C(NCCCCCCNCc2ccc(-c3nc4ccccc4s3)cc2)C(=O)C=C1NCCCCCCNCc1ccc(-c2nc3ccccc3s2)cc1,Inactive
[Br-].[Br-].c1cc(C[N+]23CCC(CC2)CC3)cc(-c2cccc(C[N+]34CCC(CC3)CC4)c2)c1,Active
COc1cc2c(cc1OC)CN(c1cc[n+](Cc3ccc(C[n+]4ccc(N5CCCCC5)cc4)cc3)cc1)CC2.[Br-].[Br-],Moderate
CN(Cc1ccccc1)Cc1ccc(C(=O)c2ccc(NC(=O)CCCCN3CCCCC3)cc2)cc1,Inactive
CCN(CC)CCCOc1ccc(C(=O)c2ccc(CN(C)Cc3ccccc3)cc2)cc1,Inactive
CN(Cc1ccccc1)Cc1ccc(C(=O)c2ccc(OCCCN3CCCCC3)cc2)cc1,Inactive
CN(Cc1ccccc1)Cc1ccc(C(=O)c2ccc(OCCCN3CCOCC3)cc2)cc1,Inactive
CN(Cc1ccccc1)Cc1ccc(C(=O)c2ccc(OCCCN3CCC(n4c(=O)[nH]c5ccccc54)CC3)cc2)cc1,Inactive
CCN(CC)CCCCCOc1ccc(C(=O)c2ccc(CN(C)Cc3ccccc3)cc2)cc1,Inactive
CN(Cc1ccccc1)Cc1ccc(C(=O)c2ccc(OCCCCCN3CCCCC3)cc2)cc1,Inactive
CCN(CC)CCCCCCOc1ccc(C(=O)c2ccc(CN(C)Cc3ccccc3)cc2)cc1,Inactive
CN(Cc1ccccc1)Cc1ccc(C(=O)c2ccc(OCCCCCCN3CCCCC3)cc2)cc1,Moderate
CCN(CC)CCCCCCCOc1ccc(C(=O)c2ccc(CN(C)Cc3ccccc3)cc2)cc1,Inactive
CN(Cc1ccccc1)Cc1ccc(C(=O)c2ccc(OCCCCCCCN3CCCCC3)cc2)cc1,Inactive
CC(C)c1ccc(NC(=O)Oc2ccc3c(c2)[C@]2(C)CCOC2N3C)cc1,Active
CCN1C[C@]2(C)[C@H](CC=C3C[C@H]4C(=O)C[C@]5(C)[C@@H]([C@H](C)N(C)C)[C@H](O)C[C@@]5(C)[C@@H]4CC[C@H]32)N=C1C(C)C,Moderate
CC(C)C1=N[C@H]2CC[C@]34C[C@]35C(=O)C[C@]3(C)[C@@H]([C@H](C)N(C)CCCN6C(=O)c7ccccc7C6=O)[C@H](O)C[C@@]3(C)[C@@H]5CC[C@H]4[C@]2(C)CS1,Moderate
COc1cccc(CN(C)[C@@H](C)[C@H]2[C@H](O)C[C@@]3(C)[C@@H]4CC[C@H]5[C@]6(C)CSC(C(C)C)=N[C@H]6CC[C@@]56C[C@@]46C(=O)C[C@]23C)c1,Moderate
COc1ccc(CN(C)[C@@H](C)[C@H]2[C@H](O)C[C@@]3(C)[C@@H]4CC[C@H]5[C@]6(C)CSC(C(C)C)=N[C@H]6CC[C@@]56C[C@@]46C(=O)C[C@]23C)cc1,Moderate
CC(C)C1=N[C@H]2CC[C@]34C[C@]35C(=O)C[C@]3(C)[C@@H]([C@H](C)N(C)CCN6C(=O)c7ccccc7C6=O)[C@H](O)C[C@@]3(C)[C@@H]5CC[C@H]4[C@]2(C)CS1,Moderate
CC(C)C1=N[C@H]2CC[C@]34C[C@]35C(=O)C[C@]3(C)[C@@H]([C@H](C)N(C)C)[C@H](O)C[C@@]3(C)[C@@H]5CC[C@H]4[C@]2(C)CS1,Moderate
CN[C@@H](C)[C@H]1[C@H](O)C[C@@]2(C)[C@@H]3CC[C@H]4[C@]5(C)CSC(C(C)C)=N[C@H]5CC[C@@]45C[C@@]35C(=O)C[C@]12C,Moderate
CC(C)C1=N[C@H]2CC[C@]34C[C@]35C(=O)C[C@]3(C)[C@@H]([C@H](C)N(C)Cc6ccccc6)[C@H](O)C[C@@]3(C)[C@@H]5CC[C@H]4[C@]2(C)CS1,Moderate
CC(C)C1=N[C@H]2CC[C@]34C[C@]35C(=O)C[C@]3(C)[C@@H]([C@H](C)N(C)CCc6ccccc6)[C@H](O)C[C@@]3(C)[C@@H]5CC[C@H]4[C@]2(C)CS1,Moderate
CC(C)C1=N[C@H]2CC[C@]34C[C@]35C(=O)C[C@]3(C)[C@@H]([C@H](C)N(C)CCCc6ccccc6)[C@H](O)C[C@@]3(C)[C@@H]5CC[C@H]4[C@]2(C)CS1,Moderate
COc1ccccc1CN(C)[C@@H](C)[C@H]1[C@H](O)C[C@@]2(C)[C@@H]3CC[C@H]4[C@]5(C)CSC(C(C)C)=N[C@H]5CC[C@@]45C[C@@]35C(=O)C[C@]12C,Moderate
CC(C)C1=N[C@H]2CC[C@]34C[C@]35C(=O)C[C@]3(C)[C@@H]([C@H](C)N(C)C)[C@H](O)C[C@@]3(C)[C@@H]5CC[C@H]4[C@]2(C)CN1C,Moderate
CC(C)C1=N[C@H]2CC[C@]34C[C@]35C(=O)C[C@]3(C)[C@@H]([C@H](C)N(C)C)[C@H](O)C[C@@]3(C)[C@@H]5CC[C@H]4[C@]2(C)N1,Moderate
CC(C)C1=N[C@H]2CC[C@]34C[C@]35C(=O)C[C@]3(C)[C@@H]([C@H](C)N(C)C)[C@H](O)C[C@@]3(C)[C@@H]5CC[C@H]4[C@]2(C)C=C1,Moderate
C[C@@H](c1cccc(OC(=O)N(C)[C@@H](C)Cc2ccccc2)c1)N(C)C.Cl,Moderate
C[C@H](Cc1ccccc1)NC(=O)Oc1cccc([C@H](C)N(C)C)c1.Cl,Moderate
C[C@@H](Cc1ccccc1)NC(=O)Oc1cccc([C@H](C)N(C)C)c1.Cl,Moderate
C[C@H](Cc1ccccc1)N(C)C(=O)Oc1cccc([C@H](C)N(C)C)c1.Cl,Inactive
CC(C)c1ccc(NC(=O)Oc2ccc3c(c2)C2(C)COC(C2)O3)cc1,Active
CC(=O)N(CCCNc1c2c(nc3ccccc13)CCCC2)CCCSc1c2c(nc3ccccc13)CCCC2,Active
CC(C)c1ccc(NC(=O)Oc2ccc3c(c2)C2(C)CCOC2O3)cc1,Active
Nc1ccc2c(c1)c(-c1ccccc1)[n+](CCCNCCCNCCCNc1c3c(nc4ccccc14)CCCC3)c1cc(N)ccc21,Active
O=C(c1ccccc1)N1c2ccccc2Sc2ccc(Cl)cc21,Moderate
COc1ccc(C(=O)N2c3ccccc3Sc3ccc(Cl)cc32)cc1,Moderate
CC(=O)N(CCCNc1c2c(nc3ccccc13)CCCC2)CCCNc1c2ccccc2nc2ccccc12,Active
Cl.O=C(NCCNc1c2c(nc3ccccc13)CCCC2)c1ccc(F)cc1,Active
Cl.O=C(NCCCNc1c2c(nc3ccccc13)CCCC2)c1ccc(F)cc1,Active
Cl.O=C(NCCCCNc1c2c(nc3ccccc13)CCCC2)c1ccc(F)cc1,Active
c1ccc2c(NCCCCCCN3CCOCC3)c3c(nc2c1)CCCC3,Active
c1ccc2c(NCCCCCCCN3CCOCC3)c3c(nc2c1)CCCC3,Active
c1ccc2c(NCCCCCCCCN3CCOCC3)c3c(nc2c1)CCCC3,Active
c1ccc2c(NCCCCCCCCCN3CCOCC3)c3c(nc2c1)CCCC3,Active
c1ccc2c(NCCCCCCCCCCN3CCOCC3)c3c(nc2c1)CCCC3,Active
O=c1c2ccc(OCCCCCCCNc3c4c(nc5ccccc35)CCCC4)cc2oc2ncccc12,Active
c1ccc2c(c1)Cc1c-2nc2ccccc2c1NCCCCCCCNc1c2c(nc3ccccc13)CCCC2,Active
Clc1ccc2c(NCCCCCCCNc3c4c(nc5ccccc35)-c3ccccc3C4)c3c(nc2c1)CCCC3,Active
Clc1ccc2c(NCCCCCCCNc3c4c(nc5cc(Cl)ccc35)-c3ccccc3C4)c3c(nc2c1)CCCC3,Moderate
Clc1ccc2c(NCCCCCCCOc3ccc(-c4cc5ccccc5o4)cc3)c3c(nc2c1)CCCC3,Moderate
Clc1ccc2c(NCCCCCCCOc3cccc(-c4cc5ccccc5o4)c3)c3c(nc2c1)CCCC3,Active
c1ccc2c(c1)Cc1c-2nc2ccccc2c1NCCCCCCCNc1c2c(nc3ccccc13)-c1ccccc1C2,Active
CCC(c1ccc(O)c(OC)c1)c1cccc(O)c1O,Moderate
O=c1c2ccccc2nc2n1CCC2O,Inactive
CCNC(=O)Oc1cccc2c1OCC1CCN(C)C21,Active
[Br-].[Br-].c1cc(C[n+]2ccc(N3CCCCC3)cc2)cc(-c2cccc(C[n+]3ccc(N4CCCCC4)cc3)c2)c1,Moderate
CCCCCCCNC(=O)Oc1cccc2c1OCC1CCN(C)C21,Active
CNC(=O)Oc1cccc(C(C)N(C)C)c1.Cl,Moderate
[Br-].[Br-].c1cc(C[n+]2ccc(N3CCCCC3)cc2)ccc1C[n+]1ccc(N2CCCCC2)cc1,Moderate
CNC(=O)Oc1cccc2c1OCC1CCN(C)C21,Active
CNC(=O)Oc1cccc2c1CCC1CCN(C)C21,Active
CNC(=O)Oc1cccc(CN(C)CCCCCCCOc2ccc3c(=O)c4ccccc4oc3c2)c1,Active
CNC(=O)Oc1cccc(CN(C)CCCOc2ccc3c(c2)O/C(=C\c2cccc4ccccc24)C3=O)c1,Inactive
CNC(=O)Oc1cccc2c1SCC1CCN(C)C21,Active
COc1ccccc1CNCCCCCCNCCSSCCNCCCCCCNCc1ccccc1OC,Moderate
O=C(CCCC[C@H]1CCSS1)NCCCNc1c2c(nc3cc(Cl)ccc13)CCCC2,Active
O=C(CCCC[C@@H]1CCSS1)NCCCNc1c2c(nc3cc(Cl)ccc13)CCCC2,Active
O=C(CCCCc1cccs1)NCCCNc1c2c(nc3cc(Cl)ccc13)CCCC2,Active
CCN(CCCCCCNC(=O)CCCCC1CCSS1)Cc1ccccc1OC,Moderate
COc1cccc(C(C)N(C)CCCNC(=O)CCCCC2CCSS2)c1,Moderate
CC(c1cccc(OCCCNC(=O)CCCCC2CCSS2)c1)N(C)C,Inactive
CNC(=O)Oc1cccc(CN(C)CCCOc2ccc3c(c2)O/C(=C\c2ccc4ccccc4c2)C3=O)c1,Inactive
C=CC(CBr)Nc1c2c(nc3ccc(OC)cc13)CCCC2,Inactive
CNC(=O)Oc1cccc(CN(C)CCCCCCCOc2ccc3c(c2)C/C(=C\c2cc(OC)c(OC)c(OC)c2)C3=O)c1,Inactive
Nc1c2c(nc3oc(-c4ccccc4)cc13)CCCC2,Moderate
Nc1c2c(nc3c1cc(-c1ccccc1)n3-c1ccccc1)CCCC2,Moderate
Nc1c2c(nc3oc(-c4ccc(Cl)cc4)cc13)CCCC2,Inactive
NCCCNc1c2c(nc3cc(Cl)ccc13)CCCC2,Moderate
C=CCCCNc1c2c(nc3ccc(OC)cc13)CCCC2,Moderate
O=C1C(Cl)=C(Cl)C(=O)C(Cl)=C1Cl,Moderate
O=C(CCCCC1CCSS1)NCCNc1c2c(nc3ccccc13)CCCC2,Active
C#CCN(C)Cc1cc2cc(OCCCC3CCN(Cc4ccccc4)CC3)ccc2n1C,Moderate
O=C(Nc1ccccc1)OC1CN2CCC1CC2,Moderate
CCN(CCCCCCNC1=CC(=O)c2ccccc2C1=O)Cc1ccccc1OC,Moderate
CCN(CCCCCCNC1=CC(=O)c2ncccc2C1=O)Cc1ccccc1OC,Moderate
CCN(CCCCCCNC1=CC(=O)C(C)=C(C)C1=O)Cc1ccccc1OC,Moderate
CCN(CCCCCCNC1=CC(=O)C(OC)=CC1=O)Cc1ccccc1OC,Inactive
COc1ccccc1CNCCCCCCNC1=CC(=O)c2ccccc2C1=O,Moderate
COc1ccccc1CN1CCC(N2CCC(NC3=CC(=O)c4ccccc4C3=O)CC2)CC1,Moderate
COC1=CC(=O)C(N2CCC(C3CCN(Cc4ccccc4OC)CC3)CC2)=CC1=O,Moderate
O=C(CCCCC1CCSS1)NCCCNc1c2c(nc3cc(Cl)ccc13)CCCC2,Active
O=C(CCCCC1CCSS1)NCCCCCCCNc1c2c(nc3ccccc13)CCCC2,Active
O=C(CCCCC1CCSS1)NCCCNc1c2c(nc3ccccc13)CCCC2,Active
CC(C)CC/N=C(/C=N/O)N(C)C.Cl,Inactive
Cl.O/N=C/C1=NCCN1Cc1ccccc1,Moderate
Cl.O/N=C/C1=NCCN1Cc1ccc(Cl)cc1Cl,Moderate
Cl.O/N=C/C1=NCCCN1Cc1ccccc1,Inactive
Cl.O/N=C/C1=NCCCN1Cc1ccc(Cl)cc1Cl,Moderate
CCCCCN1CC(C)(C)CN=C1/C=N/O.Cl,Inactive
Cc1c(N2CCN(C)CC2)nc2ccccc2c1C(=O)NCCCCCCCNc1c2c(nc3ccccc13)CCCC2,Active
Cc1c(Cl)nc2ccccc2c1C(=O)NCCCCCCCNc1c2c(nc3ccccc13)CCCC2,Active
COc1ccc2c(c1)[nH]c1c(C(C)=O)nccc12,Inactive
CC[N+](C)(CCCCCC(=O)N1CCC(CCC2CCN(C(=O)CCCCC[N+](C)(CC)Cc3ccccc3OC)CC2)CC1)Cc1ccccc1OC.[I-].[I-],Moderate
Cc1ccc(S(=O)(=O)SCc2ccccc2)cc1,Moderate
O=C(CCCCCCNc1c2c(nc3cc(Cl)cc(Cl)c13)CCCC2)NCCc1c[nH]c2ccccc12,Active
O=C(CCCCCCNc1c2c(nc3ccccc13)CCCC2)NCCc1c[nH]c2ccccc12,Active
CC1=C[C@@H]2Cc3nc4cc(Cl)ccc4c(N)c3[C@H](C1)C2,Moderate
CC1=CC2Cc3nc4cc(Cl)ccc4c(NCCCCCCNc4c5c(nc6ccccc46)CCCC5)c3C(C1)C2.Cl,Active
CC1=CC2Cc3nc4cc(Cl)ccc4c(NCCCN(C)CCCNc4c5c(nc6ccccc46)CCCC5)c3C(C1)C2.Cl,Active
CC1=CC2Cc3nc4cc(Cl)ccc4c(NCCCCCCCCNc4c5c(nc6ccccc46)CCCC5)c3C(C1)C2.Cl,Active
CC1=CC2Cc3nc4cc(Cl)ccc4c(NCCCCCCNc4c5c(nc6cc(Cl)ccc46)CCCC5)c3C(C1)C2.Cl,Active
CC1=CC2Cc3nc4cc(Cl)ccc4c(NCCCN(C)CCCNc4c5c(nc6cc(Cl)ccc46)CCCC5)c3C(C1)C2.Cl,Active
CC1=CC2Cc3nc4cc(Cl)ccc4c(NCCCCCCCCNc4c5c(nc6cc(Cl)ccc46)CCCC5)c3C(C1)C2.Cl,Active
CC1=C[C@H]2Cc3nc4cc(Cl)ccc4c(N)c3[C@@H](C1)C2.Cl,Moderate
Cl.O=C(NCCCCCCCCCCNc1c2c(nc3ccccc13)CCCC2)c1cc(=O)c2ccccc2o1,Active
Cl.O=C(NCCCCCCCCCCNc1c2c(nc3cc(Cl)ccc13)CCCC2)c1cc(=O)c2ccccc2o1,Active
COc1ccc2oc(C(=O)NCCCCCCCCCCNc3c4c(nc5ccccc35)CCCC4)cc(=O)c2c1.Cl,Active
COc1ccc2oc(C(=O)NCCCCCCCCCCNc3c4c(nc5cc(Cl)ccc35)CCCC4)cc(=O)c2c1.Cl,Active
COc1cc(OC)c2c(=O)cc(C(=O)NCCCCCCCCCCNc3c4c(nc5ccccc35)CCCC4)oc2c1.Cl,Active
COc1cc(OC)c2c(=O)cc(C(=O)NCCCCCCCCCCNc3c4c(nc5cc(Cl)ccc35)CCCC4)oc2c1.Cl,Active
COc1cc2oc(C(=O)NCCCCCCCCCCNc3c4c(nc5ccccc35)CCCC4)cc(=O)c2cc1OC.Cl,Active
COc1cc2oc(C(=O)NCCCCCCCCCCNc3c4c(nc5cc(Cl)ccc35)CCCC4)cc(=O)c2cc1OC.Cl,Active
Cl.O=C(NCCCCCCCCCCNc1c2c(nc3ccccc13)CCCC2)c1cc(=O)c2cc(O)ccc2o1,Active
Cl.O=C(NCCCCCCCCCCNc1c2c(nc3cc(Cl)ccc13)CCCC2)c1cc(=O)c2cc(O)ccc2o1,Active
COc1cc(O)c2c(=O)cc(C(=O)NCCCCCCCCCCNc3c4c(nc5ccccc35)CCCC4)oc2c1.Cl,Active
Cl.O=C(NCCCCCCCCCCNc1c2c(nc3ccccc13)CCCC2)c1cc(=O)c2c(O)cc(O)cc2o1,Active
COc1cc(O)c2c(=O)cc(C(=O)NCCCCCCCCCCNc3c4c(nc5cc(Cl)ccc35)CCCC4)oc2c1.Cl,Active
Cl.O=C(NCCCCCCCCCCNc1c2c(nc3cc(Cl)ccc13)CCCC2)c1cc(=O)c2c(O)cc(O)cc2o1,Active
Cl.O=C(NCCCCCCCCCCNc1c2c(nc3ccccc13)CCCC2)c1cc(=O)c2cc(O)c(O)cc2o1,Active
Cl.O=C(NCCCCCCCCCCNc1c2c(nc3cc(Cl)ccc13)CCCC2)c1cc(=O)c2cc(O)c(O)cc2o1,Active
CC1=C[C@H]2Cc3nc4cc(Cl)ccc4c(N)c3[C@@H](C1)C2,Moderate
C#CCN1CCc2nc3nc(N4CCCC4)c(C#N)cc3c(N)c2C1,Inactive
O=C(CCCCCNc1c2c(nc3cccc(Cl)c13)CCCC2)NCCc1c[nH]c2ccccc12,Active
CC(C)c1ccc(NC(=O)Oc2ccc3c(c2)[C@@]2(C)CO[C@H](C2)O3)cc1,Active
CNC(=O)Oc1cccc(CN(C)CCCCCCCOc2ccc(-c3cc4ccccc4oc3=O)cc2)c1,Active
CN(CCCOc1ccc2ccc(=O)oc2c1)Cc1cccc(OC(=O)NCCCCCc2ccccc2)c1,Active
CN(CCCOc1ccc2ccc(=O)oc2c1)Cc1cccc(OC(=O)NCCCCCCCN2CCOCC2)c1,Active
CN(CCCOc1ccc2c(=O)c3cccnc3oc2c1)Cc1cccc(OC(=O)NCCCCCc2ccccc2)c1,Active
CN(CCCOc1ccc2c(=O)c3cccnc3oc2c1)Cc1cccc(OC(=O)NCCCCCCCN2CCOCC2)c1,Active
CCNC(=O)Oc1ccc2c(c1)[C@]1(C)CCO[C@@H]1O2,Active
CNC(=O)Oc1ccc2c(c1)[C@]1(C)CCO[C@@H]1N2C,Active
CC(C)c1ccc(NC(=O)Oc2ccc3c(c2)[C@]2(C)CO[C@@H](C2)O3)cc1,Active
Cc1ccccc1NC(=O)Oc1ccc2c(c1)[C@@]1(C)CCO[C@H]1N2C,Moderate
CCNC(=O)Oc1ccc2c(c1)[C@]1(C)CCN(C)[C@@H]1N2C,Active
CC(C)c1ccc(NC(=O)Oc2ccc3c(c2)[C@@]2(C)CCO[C@H]2N3C)cc1,Active
Cc1ccccc1NC(=O)Oc1ccc2c(c1)[C@]1(C)CCO[C@@H]1N2C,Moderate
CNC(=O)Oc1ccc2c(c1)[C@@]1(C)CCO[C@H]1N2C,Active
CCNC(=O)Oc1ccc2c(c1)[C@]1(C)CO[C@@H](C1)O2,Moderate
Cc1ccccc1NC(=O)Oc1ccc2c(c1)[C@@]1(C)CCO[C@H]1O2,Inactive
CC(C)c1ccc(NC(=O)Oc2ccc3c(c2)[C@@]2(C)CCO[C@H]2O3)cc1,Active
O=C(CCN1CCCCC1)N1CCN(CCNc2c3c(nc4ccccc24)CCCC3)CC1,Active
CN(CCC(=O)N1CCN(CCNc2c3c(nc4ccccc24)CCCC3)CC1)C1CCCCC1,Active
CCN(CCC(=O)N1CCN(CCNc2c3c(nc4ccccc24)CCCC3)CC1)C1CCCCC1,Active
CN(CCC(=O)N1CCN(CCNc2c3c(nc4ccccc24)CCCC3)CC1)c1ccccc1,Active
CN(CCCN1CCN(CCNc2c3c(nc4ccccc24)CCCC3)CC1)C1CCCCC1,Moderate
CCN(CCCN1CCN(CCNc2c3c(nc4ccccc24)CCCC3)CC1)C1CCCCC1,Moderate
CN(CCCN1CCN(CCNc2c3c(nc4ccccc24)CCCC3)CC1)c1ccccc1,Moderate
O=C(CCNCCNc1c2c(nc3ccccc13)CCCC2)N1CCN(CCNc2c3c(nc4ccccc24)CCCC3)CC1,Moderate
CC(C)c1ccc(NC(=O)Oc2ccc3c(c2)[C@]2(C)CCO[C@@H]2O3)cc1,Active
C/C=C1\C2C=C(C)C[C@]1(N)CC(NCCCCCCCNc1c3c(nc4ccccc14)CCCC3)C2(C)C,Active
CCC1=CC2Cc3nc4cc(Cl)ccc4c(N)c3[C@@H](C1)C2,Active
N#Cc1c(N)nc(NCCC2CCN(Cc3ccccc3)CC2)c(C#N)c1-c1ccccc1,Moderate
N#Cc1c(N)nc(NCCCC2CCN(Cc3ccccc3)CC2)c(C#N)c1-c1ccccc1,Moderate
N#Cc1c(N)nc(NCCCCC2CCN(Cc3ccccc3)CC2)c(C#N)c1-c1ccccc1,Moderate
N#Cc1cc(C#N)c(NCCC2CCN(Cc3ccccc3)CC2)nc1N,Moderate
N#Cc1cc(C#N)c(NCCCC2CCN(Cc3ccccc3)CC2)nc1N,Moderate
N#Cc1cc(C#N)c(NCCCCC2CCN(Cc3ccccc3)CC2)nc1N,Moderate
C/C=C1\C2C=C(C)C[C@]1(C(=O)OC)CC(NCCCCCCCNc1c3c(nc4ccccc14)CCCC3)C2,Active
Cc1cccc2c1OP(=O)(OC[C@@H]1C[C@H](F)[C@H](n3cnc4c(N)ncnc43)O1)OC2,Moderate
Cc1cccc2c1OP(=O)(OC[C@@H]1C[C@@H](F)[C@H](n3cnc4c(N)ncnc43)O1)OC2,Moderate
CC1=C[C@@H]2Cc3nc4cc(Cl)ccc4c(NCCCN(C)CCCCNc4c5c(nc6cc(Cl)ccc46)CCCC5)c3[C@H](C1)C2.Cl.Cl.Cl,Active
CC1=C[C@@H]2Cc3nc4cc(Cl)ccc4c(NCCCN(C)CCCCNc4c5c(nc6ccccc46)CCCC5)c3[C@H](C1)C2.Cl.Cl.Cl,Active
Cc1cccc2c1O[P@@](=O)(OC[C@H](CO)OCn1cnc3c(O)nc(N)nc31)OC2,Inactive
Cc1cn([C@H]2C=C[C@@H](CO[P@]3(=O)OCc4cccc(C(C)(C)C)c4O3)O2)c(=O)[nH]c1=O,Moderate
O=C1NC(=O)N([C@H]2C[C@H](O)[C@@H](CO[P@]3(=O)OCc4cccc(-c5ccccc5)c4O3)O2)CC1/C=C/Br,Moderate
CN(C)C(=O)Oc1cccc([N+](C)(C)C)c1.COS(=O)(=O)[O-],Active
CC(=O)NC1C2C=C(C)CC1c1c(nc3cc(Cl)ccc3c1N)C2,Moderate
O=c1[nH]c(=O)n([C@H]2C[C@H](O)[C@@H](COP3(=O)OCc4ccccc4O3)O2)cc1I,Moderate
Cc1cccc2c1OP(=O)(OC[C@H]1O[C@@H](n3cc(I)c(=O)[nH]c3=O)C[C@@H]1O)OC2,Active
CC(C)(C)c1cc(C(C)(C)C)c2c(c1F)COP(=O)(OC[C@H]1O[C@@H](n3cc(I)c(=O)[nH]c3=O)C[C@@H]1O)O2,Moderate
Cc1cn([C@H]2C[C@H](O)[C@@H](COP3(=O)OCc4c(F)c(C(C)(C)C)cc(C(C)(C)C)c4O3)O2)c(=O)[nH]c1=O,Moderate
Cc1cn([C@H]2C[C@H](F)[C@@H](COP3(=O)OCc4c(F)c(C(C)(C)C)cc(C(C)(C)C)c4O3)O2)c(=O)[nH]c1=O,Active
CC(C)(C)c1cc(C(C)(C)C)c2c(c1F)COP(=O)(OC[C@H]1O[C@@H](n3cc(I)c(=O)[nH]c3=O)C[C@@H]1F)O2,Moderate
CCCCCCCNC(=O)Oc1ccc2c(c1)CN1CCc3ccccc3C1N2C,Active
CN(C)CCOc1ccc(C(=O)/C=C/c2ccccc2)cc1,Inactive
CN(C)c1cc[n+](CCCCOc2ccc(C(=O)NCCc3c[nH]c4ccccc34)cc2)cc1.[Br-],Moderate
O=C(NCCc1c[nH]c2ccccc12)c1ccc(OCCCC[n+]2cccc3ccccc32)cc1.[Br-],Active
CC(=O)c1ccccc1NC(=O)c1ccc(OCCCC[n+]2cccc3ccccc32)cc1.[Br-],Moderate
CC(=O)c1ccccc1NC(=O)c1ccc(OCCCC[n+]2ccc3ccccc3c2)cc1.[Br-],Active
CC(=O)c1ccccc1NC(=O)c1ccc(OCCCCC[n+]2ccc3ccccc3c2)cc1.[Br-],Active
CC(=O)c1ccccc1NC(=O)c1ccc(OCCCCCC[n+]2ccc3ccccc3c2)cc1.[Br-],Active
CC(=O)c1ccccc1NC(=O)c1ccc(OCCCCC[n+]2cccc3ccccc32)cc1.[Br-],Active
CC(=O)c1ccccc1NC(=O)c1ccc(OCCCCC[n+]2ccccc2)cc1.[Br-],Active
CC(=O)c1ccccc1NC(=O)c1ccc(OCCCCCC[n+]2ccccc2)cc1.[Br-],Active
CN(CCCCCOc1ccc(-c2cc3ccccc3o2)cc1)Cc1ccccc1,Moderate
CN(CCCCCCCCOc1ccc(-c2cc3ccccc3o2)cc1)Cc1ccccc1,Moderate
CN(CCCCCCCCCOc1ccc(-c2cc3ccccc3o2)cc1)Cc1ccccc1,Inactive
CN(CCCCCCCOc1cccc(-c2cc3ccccc3o2)c1)Cc1ccccc1,Moderate
CN(CCCCCCCOc1ccc(-c2oc3ccccc3c2C(=O)c2cccc3ccccc23)cc1)Cc1ccccc1,Inactive
CN(CCCCCCCOc1ccc(-c2oc3ccccc3c2C(=O)c2ccc3ccccc3c2)cc1)Cc1ccccc1,Inactive
CN(CCCCCCCOc1ccc(-c2oc3ccccc3c2C(=O)c2ccc(-c3ccccc3)cc2)cc1)Cc1ccccc1,Inactive
CN(CCCCCCCOc1ccc(-c2oc3ccccc3c2C(=O)c2c3ccccc3cc3ccccc23)cc1)Cc1ccccc1,Inactive
CCN(CC)Cc1cccc(C(=O)c2c(-c3ccc(OCCCCCCCN(C)Cc4ccccc4)cc3)oc3ccccc23)c1,Moderate
CCN(CC)Cc1ccc(C(=O)c2c(-c3ccc(OCCCCCCCN(C)Cc4ccccc4)cc3)oc3ccccc23)cc1,Moderate
CCN(CC)CCOc1cccc(C(=O)c2c(-c3ccc(OCCCCCCCN(C)Cc4ccccc4)cc3)oc3ccccc23)c1,Moderate
CCN(CC)CCOc1ccc(C(=O)c2c(-c3ccc(OCCCCCCCN(C)Cc4ccccc4)cc3)oc3ccccc23)cc1,Inactive
CN(CCCCCCCOc1ccc(-c2oc3ccccc3c2C(=O)c2ccc(OCCN3CCOCC3)cc2)cc1)Cc1ccccc1,Inactive
CNC(=O)Oc1cccc(CN(C)CCCCCCCOc2ccc(-c3oc4ccccc4c3C(=O)c3ccc(C)cc3)cc2)c1,Moderate
CN(CCCCCCCOc1cccc(-c2oc3ccccc3c2C(=O)c2ccccc2)c1)Cc1ccccc1,Moderate
Cc1cccc(C(=O)c2c(-c3cccc(OCCCCCCCN(C)Cc4ccccc4)c3)oc3ccccc23)c1,Moderate
Cc1ccc(C(=O)c2c(-c3cccc(OCCCCCCCN(C)Cc4ccccc4)c3)oc3ccccc23)cc1,Inactive
COc1ccccc1C(=O)c1c(-c2cccc(OCCCCCCCN(C)Cc3ccccc3)c2)oc2ccccc12,Moderate
COc1cccc(C(=O)c2c(-c3cccc(OCCCCCCCN(C)Cc4ccccc4)c3)oc3ccccc23)c1,Moderate
COc1cccc(C(=O)c2c(-c3cccc(OCCCCCCCN(C)Cc4ccccc4)c3)oc3ccccc23)c1OC,Moderate
COc1ccc(C(=O)c2c(-c3cccc(OCCCCCCCN(C)Cc4ccccc4)c3)oc3ccccc23)cc1OC,Moderate
COc1cc(OC)cc(C(=O)c2c(-c3cccc(OCCCCCCCN(C)Cc4ccccc4)c3)oc3ccccc23)c1,Active
COc1cc(C(=O)NCCCCCCCC(=O)NNc2c3c(nc4ccccc24)CCCC3)cc(OC)c1OC,Active
O[C@H]1CCN2Cc3ccccc3N=C12,Moderate
CCC1=C[C@@H]2CN3CCc4c([nH]c5ccccc45)[C@@](C(=O)OC)(C2)[C@@H]13,Moderate
COc1cc2c3cc1Oc1c(OO)c(OC)cc4c1[C@H](Cc1ccc(cc1)Oc1cc(ccc1O)C[C@H]3N(C)CC2)N(C)CC4.O=S(=O)(O)O,Moderate
Cc1cccc2c1O[P@](=O)(OC[C@@H]1C=C[C@H](n3cc(C)c(=O)[nH]c3=O)O1)OC2,Moderate
CC12CC3Cc4nc5cc(Cl)ccc5c(N)c4C(C1)C3N2S(C)(=O)=O,Moderate
COc1ccc2c3c1O[C@H]1C[C@@H](O)C=C[C@@]31CCN(CCCCNC13CC4CC(C)(CC(C)(C4)C1)C3)C2,Moderate
CCN(CCCCCCNC1=CC(=O)C(NCCCCCCN(CC)Cc2ccccc2)=CC1=O)Cc1ccccc1,Moderate
COc1cc(C(=O)NCCCC(=O)NNc2c3c(nc4ccccc24)CCCC3)cc(OC)c1OC,Active
COc1cc(C(=O)NNc2c3c(nc4ccccc24)CCCC3)cc(OC)c1OC,Active
COc1cc(CCC(=O)NCCCCCC(=O)NNc2c3c(nc4ccccc24)CCCC3)cc(OC)c1OC,Active
COc1cc(CCC(=O)NCCCCC(=O)NNc2c3c(nc4ccccc24)CCCC3)cc(OC)c1OC,Active
CCOC(=O)C1=C(C)Nc2nc3c(c(N)c2C1c1ccccc1[N+](=O)[O-])CCCC3,Moderate
CCOC(=O)C1=C(C)Nc2nc3c(c(N)c2C1c1ccc([N+](=O)[O-])cc1)CCCC3,Inactive
COc1cc(C(=O)NCCCCC(=O)NNc2c3c(nc4ccccc24)CCCC3)cc(OC)c1OC,Active
COc1cc(C(=O)NCCCCCCC(=O)NNc2c3c(nc4ccccc24)CCCC3)cc(OC)c1OC,Active
COc1cc(CCC(=O)NNc2c3c(nc4ccccc24)CCCC3)cc(OC)c1OC,Active
COc1cc(CCC(=O)NCCC(=O)NNc2c3c(nc4ccccc24)CCCC3)cc(OC)c1OC,Active
COc1ccccc1C1c2ccc3ccccc3c2Oc2nc3c(c(N)c21)CCCC3,Moderate
C[n+]1ccc2c(c1)[nH]c1ccc(O)cc12,Moderate
Cc1cn([C@H]2C=C[C@@H](COP3(=O)OCc4cccc(-c5ccccc5)c4O3)O2)c(=O)[nH]c1=O,Moderate
Cc1cc2c(cc1Br)NC(=O)C2=O,Inactive
CC[N+](C)(CCCCCC(=O)N1CCC(CCCC2CCN(C(=O)CCCCC[N+](C)(CC)Cc3ccccc3OC)CC2)CC1)Cc1ccccc1OC.[I-].[I-],Moderate
CCN(CCCCCCNc1ccc(Cc2ccc(NCCCCCCN(CC)Cc3ccccc3OC)cc2)cc1)Cc1ccccc1OC,Moderate
CC[N+](C)(CCCCCC(=O)Nc1ccc(CCc2ccc(NC(=O)CCCCC[N+](C)(CC)Cc3ccccc3OC)cc2)cc1)Cc1ccccc1OC.[I-].[I-],Moderate
CCN(CCCCCCNc1ccc(-c2ccc(NCCCCCCN(CC)Cc3ccccc3OC)cc2)cc1)Cc1ccccc1OC,Inactive
CC(C)(C)c1ccc(NCN2C(=O)C(=O)c3ccccc32)cc1,Inactive
O=C1Nc2c(Cl)cccc2C1=O,Inactive
CCN(CCCCCC(=O)Nc1ccc(-c2ccc(NC(=O)CCCCCN(CC)Cc3ccccc3OC)cc2)cc1)Cc1ccccc1OC.O=C(O)C(=O)O,Moderate
CCN(CCCCCC(=O)N1CCC(CCCC2CCN(C(=O)CCCCCN(CC)Cc3ccccc3OC)CC2)CC1)Cc1ccccc1OC.O=C(O)C(=O)O,Moderate
O=C1C(=O)N(CN2CCSCC2)c2ccccc21,Inactive
CCN(CCCCCC(=O)Nc1ccc(Cc2ccc(NC(=O)CCCCCN(CC)Cc3ccccc3OC)cc2)cc1)Cc1ccccc1OC.O=C(O)C(=O)O,Moderate
Cc1ccc(NCN2C(=O)C(=O)c3ccccc32)cc1,Inactive
COc1ccccc1CN(C)CCCCCC(=O)N(C)CCCCCCCCN(C)C(=O)CCCCCN(C)Cc1ccccc1OC.O=C(O)C(=O)O,Inactive
CCN(CCCCCC(=O)Nc1ccc(CCc2ccc(NC(=O)CCCCCN(CC)Cc3ccccc3OC)cc2)cc1)Cc1ccccc1OC.O=C(O)C(=O)O,Moderate
CCN(CCCCCC(=O)N1CCC(C2CCN(C(=O)CCCCCN(CC)Cc3ccccc3OC)CC2)CC1)Cc1ccccc1OC.O=C(O)C(=O)O,Moderate
CCN(CCCCCC(=O)N1CCC(CC2CCN(C(=O)CCCCCN(CC)Cc3ccccc3OC)CC2)CC1)Cc1ccccc1OC.O=C(O)C(=O)O,Moderate
O=C1C(=O)N(CCBr)c2ccccc21,Inactive
N#Cc1ccc2[nH]cc(CCC(=O)NCCCCCCNc3c4c(nc5cc(Cl)ccc35)CCCC4)c2c1,Active
O=C(CCOc1c[nH]c2ccccc12)NCCCCCNc1c2c(nc3cc(Cl)ccc13)CCCC2,Moderate
O=C(Cc1c[nH]c2ccccc12)NCCCCCCCNc1c2c(nc3cc(Cl)ccc13)CCCC2,Active
Cc1cc(CN(CCO)Cc2cc(C)n(C)n2)nn1C,Inactive
O=C(CCc1c[nH]c2ccccc12)NCCCCCCCCCc1c2c(nc3cc(Cl)ccc13)CCCC2,Active
Nc1ccc(C(=O)/C=C/c2ccccc2Br)cc1,Inactive
O=C(NCCCCCCCCNc1c2c(nc3cc(Cl)ccc13)CCCC2)c1c[nH]c2ccccc12,Active
Oc1ccccc1C1=Nc2ccccc2SC(c2ccccc2)C1,Inactive
Oc1ccccc1C1=Nc2ccccc2SC(c2ccc(F)cc2)C1,Inactive
Cc1ccc(C2CC(c3ccccc3O)=Nc3ccccc3S2)cc1,Inactive
Cc1ccc2c(c1)COP(=O)(OC[C@@H]1C=C[C@H](n3cc(C)c(=O)[nH]c3=O)O1)O2,Moderate
O=C(CCc1c[nH]c2ccccc12)NCCCCCCCCCCNc1c2c(nc3ccccc13)CCCC2,Active
O=C(CCc1c[nH]c2ccccc12)NCCCCCNc1c2c(nc3ccccc13)CCCC2,Active
O=C(/C=C/c1c[nH]c2ccccc12)NCCCCCCNc1c2c(nc3cc(Cl)ccc13)CCCC2,Active
O=C(CCc1c[nH]c2ccccc12)NCCCCCNc1c2c(nc3cc(Cl)ccc13)CCCC2,Active
CN(CCCNC(=O)CCc1c[nH]c2ccccc12)CCCNc1c2c(nc3ccccc13)CCCC2,Active
CN(CCCCCCCCCCCOc1ccc2c(=O)c3ccccc3oc2c1)Cc1ccccc1,Moderate
Cc1ccc2c(c1)sc(-c1ccc(N(C)C)cc1)[n+]2C.[Cl-],Moderate
CN(CCCCCCCOc1ccc2c(=O)c3ccccc3oc2c1)Cc1ccccc1,Moderate
CN(CCCCCCCCOc1ccc2c(=O)c3ccccc3oc2c1)Cc1ccccc1,Active
CCN(CCCCCCCOc1ccc2c(=O)c3ccccc3oc2c1)Cc1ccccc1OC,Moderate
CN(CCCCCCCCCCCCOc1ccc2c(=O)c3ccccc3oc2c1)Cc1ccccc1,Moderate
CN(CCCCCCCOc1ccc2c(=O)c3ccccc3oc2c1)Cc1ccccc1[N+](=O)[O-],Inactive
COc1cc2oc3cc(OCCCCCCCN(C)Cc4ccccc4)ccc3c(=O)c2cc1OC,Moderate
O=C(NCCCCCCNc1c2c(nc3cc(Cl)ccc13)CCCC2)c1c[nH]c2ccccc12,Active
O=C(CCCc1c[nH]c2ccccc12)NCCCCCNc1c2c(nc3cc(Cl)ccc13)CCCC2,Active
O=C(CCOc1c[nH]c2ccccc12)NCCCCCCCNc1c2c(nc3cc(Cl)ccc13)CCCC2,Active
O=C(CCc1c[nH]c2ccccc12)NCCCCCCCNc1c2c(nc3cc(Cl)ccc13)CCCC2,Active
O=C(Cc1c[nH]c2ccc(Br)cc12)NCCCCCCCNc1c2c(nc3cc(Cl)ccc13)CCCC2,Active
O=C(CCOc1c[nH]c2ccccc12)NCCCCCCNc1c2c(nc3cc(Cl)ccc13)CCCC2,Active
COc1ccc2c(=O)c3ccc(OCCCCCCCN(C)Cc4ccccc4)cc3oc2c1,Inactive
COc1ccc(CN(C)CCCCCCCOc2ccc3c(=O)c4ccccc4oc3c2)cc1,Moderate
COc1cccc(CN(C)CCCCCCCOc2ccc3c(=O)c4ccccc4oc3c2)c1,Moderate
O=C(CCc1c[nH]c2ccccc12)NCCCCCCNc1c2c(nc3cc(Cl)ccc13)CCCC2,Active
[Br-].[Br-].c1ccc2c(c1)ccc[n+]2CCCCCCCCCC[n+]1cccc2ccccc21,Active
CN(CCCOc1ccc2c(=O)c3ccccc3oc2c1)Cc1ccccc1,Moderate
CN(CCCCOc1ccc2c(=O)c3ccccc3oc2c1)Cc1ccccc1,Moderate
COc1ccc(OC)c(CN(C)CCCCCCCOc2ccc3c(=O)c4ccccc4oc3c2)c1,Moderate
Cc1ccccc1CN(C)CCCCCCCOc1ccc2c(=O)c3ccccc3oc2c1,Inactive
[Br-].[Br-].c1cc[n+](CCCCCCCC[n+]2ccccc2)cc1,Inactive
[Br-].[Br-].c1cc[n+](CCCCCCCCCC[n+]2ccccc2)cc1,Moderate
O=C(OCCCCN1CCC(OCc2ccccc2)CC1)c1ccc([N+](=O)[O-])cc1,Moderate
CC(C)(C)c1ccc(C(=O)OCCCCN2CCC(OCc3ccccc3)CC2)cc1,Inactive
CC(C)c1ccc(C(=O)OCCCCN2CCC(OCc3ccccc3)CC2)cc1,Inactive
O=C(OCCCCN1CCC(OCc2ccccc2)CC1)c1cccc(F)c1,Moderate
O=C(Nc1ccc(Cl)cc1)OCCCCN1CCC(OCc2ccccc2)CC1,Moderate
O=C(Nc1ccc(F)cc1)OCCCCN1CCC(OCc2ccccc2)CC1,Moderate
O=C(OCCCCN1CCC(OCc2ccccc2)CC1)c1ccccc1,Moderate
O=C(OCCCCN1CCC(OC(c2ccccc2)c2ccccc2)CC1)c1ccccc1,Inactive
O=C(OCCCCN1CCC(OC(c2ccccc2)c2ccccc2)CC1)c1ccc(Cl)cc1,Inactive
O=C(OCCCCN1CCC(OC(c2ccccc2)c2ccccc2)CC1)c1ccc(F)cc1,Inactive
CC(C)(C)c1ccc(C(=O)OCCCCN2CCC(OC(c3ccccc3)c3ccccc3)CC2)cc1,Inactive
CC(C)c1ccc(C(=O)OCCCCN2CCC(OC(c3ccccc3)c3ccccc3)CC2)cc1,Inactive
O=C(OCCCCN1CCC(OC(c2ccccc2)c2ccccc2)CC1)c1cccc(Cl)c1,Inactive
O=C(OCCCCN1CCC(OC(c2ccccc2)c2ccccc2)CC1)c1cccc(F)c1,Inactive
O=C(OCCCCN1CCC(OCc2ccccc2)CC1)c1ccc(F)cc1,Moderate
O=C(/C=C/c1ccc(O)cc1)NCCc1ccc(O)c(O)c1,Inactive
COc1cc(O)c(C2CC(=O)c3c(O)cc(O)cc3O2)cc1C/C=C(\C)CCC=C(C)C,Moderate
CC(C)=CCC/C(C)=C/Cc1cc(-c2cc(=O)c3c(O)cc(O)cc3o2)c(O)cc1O,Inactive
COc1cc(O)c(-c2cc(=O)c3c(O)cc(O)cc3o2)cc1C/C=C(\C)CCC=C(C)C,Moderate
CCN(CCCCCCNc1ccc(NCCCCCCN(CC)Cc2ccccc2OC)cc1)Cc1ccccc1OC,Moderate
CCN(CCCCCNC1=CC(=O)C(NCCCCCN(CC)Cc2ccccc2OC)=CC1=O)Cc1ccccc1OC,Moderate
CCN(CCCCCCNC1=CC(=O)C(NCCCCCCN(CC)Cc2ccccc2OC)=CC1=O)Cc1ccccc1OC,Moderate
COc1cc2cc(NC(=O)[C@H]3CCC[C@@H](NCc4ccccc4)C3)c(=O)oc2cc1OC,Moderate
O=[N+]([O-])c1ccc(-c2nc(-c3ccccc3)c(-c3ccccc3)n2CCCCCCCCNc2c3c(nc4ccccc24)CCCC3)cc1,Moderate
COc1ccc(-c2nc(-c3ccccc3)c(-c3ccccc3)n2CCCCCCCNc2c3c(nc4ccccc24)CCCC3)cc1,Active
N#Cc1ccc(-c2nc(-c3ccccc3)c(-c3ccccc3)n2CCCCCCCNc2c3c(nc4ccccc24)CCCC3)cc1,Active
O=[N+]([O-])c1ccc(-c2nc(-c3ccccc3)c(-c3ccccc3)n2CCCCCCCNc2c3c(nc4ccccc24)CCCC3)cc1,Active
c1ccc(-c2nc(-c3ccccc3)n(CCCCCCNc3c4c(nc5ccccc35)CCCC4)c2-c2ccccc2)cc1,Active
Clc1ccc(-c2nc(-c3ccccc3)c(-c3ccccc3)n2CCCCCCNc2c3c(nc4ccccc24)CCCC3)cc1,Active
Clc1cccc(-c2nc(-c3ccccc3)c(-c3ccccc3)n2CCCCCCNc2c3c(nc4ccccc24)CCCC3)c1,Active
Fc1ccc(-c2nc(-c3ccccc3)c(-c3ccccc3)n2CCCCCCNc2c3c(nc4ccccc24)CCCC3)cc1,Active
COc1ccc(-c2nc(-c3ccccc3)c(-c3ccccc3)n2CCCCCCNc2c3c(nc4ccccc24)CCCC3)cc1,Active
N#Cc1ccc(-c2nc(-c3ccccc3)c(-c3ccccc3)n2CCCCCCNc2c3c(nc4ccccc24)CCCC3)cc1,Active
O=[N+]([O-])c1ccc(-c2nc(-c3ccccc3)c(-c3ccccc3)n2CCCCCCNc2c3c(nc4ccccc24)CCCC3)cc1,Active
Clc1ccc(-c2nc(-c3ccccc3)c(-c3ccccc3)n2CCCCCCCCNc2c3c(nc4ccccc24)CCCC3)cc1,Moderate
Fc1ccc(-c2nc(-c3ccccc3)c(-c3ccccc3)n2CCCCCCCCNc2c3c(nc4ccccc24)CCCC3)cc1,Active
COc1ccc(-c2nc(-c3ccccc3)c(-c3ccccc3)n2CCCCCCCCNc2c3c(nc4ccccc24)CCCC3)cc1,Active
N#Cc1ccc(-c2nc(-c3ccccc3)c(-c3ccccc3)n2CCCCCCCCNc2c3c(nc4ccccc24)CCCC3)cc1,Active
c1ccc(-c2nc(-c3ccccc3)n(CCCCCCCNc3c4c(nc5ccccc35)CCCC4)c2-c2ccccc2)cc1,Active
Clc1ccc(-c2nc(-c3ccccc3)c(-c3ccccc3)n2CCCCCCCNc2c3c(nc4ccccc24)CCCC3)cc1,Active
Fc1ccc(-c2nc(-c3ccccc3)c(-c3ccccc3)n2CCCCCCCNc2c3c(nc4ccccc24)CCCC3)cc1,Active
COc1cc2c(cc1OC)C(=O)C(CC1CCN(Cc3ccccc3)CC1)C2.Cl.O,Moderate
c1ccc2c(NCCOCCOCCNc3c4c(nc5ccccc35)CCCC4)c3c(nc2c1)CCCC3,Active
O=C1Cc2ccccc2C1=O,Moderate
O=C1C(=O)c2ccc([N+](=O)[O-])c3c([N+](=O)[O-])ccc1c23,Moderate
C[C@@H]([C@H]1[C@H](O)C[C@@]2(C)[C@@H]3CC[C@@H]4C(=CC[C@@H]5N=C(C6CCCCC6)OC[C@]54C)C[C@H]3C(=O)C[C@]12C)N(C)C,Moderate
CN[C@@H](C)[C@H]1[C@H](O)C[C@@]2(C)[C@@H]3CC[C@@H]4[C@@H](CC[C@H](NC(=O)C(C)C)[C@@]4(C)CO)C[C@H]3C(=O)C[C@]12C,Moderate
CCN(CC)Cc1cccc(C(=O)/C=C/c2ccc(-c3ccccc3)cc2)c1,Moderate
O=C(CCCNc1c2c(nc3ccccc13)CCCC2)CCCNc1c2c(nc3ccccc13)CCCC2,Active
CCOP(=O)(OCC)Oc1ccc([N+](=O)[O-])cc1,Active
O=C(O)CCC(=O)Nc1ccncc1,Inactive
O=C1CCC(=O)N1c1ccncc1,Moderate
O=C1C=CC(=O)N1c1ccncc1,Inactive
O=C(c1ccccc1)N1c2ccccc2Sc2ccccc21,Moderate
Cc1cccc(C(=O)N2c3ccccc3Sc3ccccc32)c1,Moderate
O=C(c1cccc(Br)c1)N1c2ccccc2Sc2ccccc21,Moderate
O=C(c1ccc(Br)cc1)N1c2ccccc2Sc2ccccc21,Moderate
COc1ccc(C(=O)N2c3ccccc3Sc3ccccc32)cc1,Moderate
CC(C)(C)OC(=O)NCCNc1nc2ccccc2[nH]1,Inactive
CN(C)CCCN(c1nc2ccccc2[nH]1)c1nc2ccccc2[nH]1,Moderate
c1ccc2[nH]c(N3CCCCC3)nc2c1,Moderate
CC1CCCCN1c1nc2ccccc2[nH]1,Moderate
O=C(c1ccc([N+](=O)[O-])cc1)N1c2ccccc2Sc2ccccc21,Moderate
CC(C(=O)N1c2ccccc2Sc2ccccc21)c1ccccc1,Moderate
O=C(CCc1ccccc1)N1c2ccccc2Sc2ccccc21,Inactive
CCC(C(=O)N1c2ccccc2Sc2ccccc21)c1ccccc1,Moderate
CC(CC(=O)N1c2ccccc2Sc2ccccc21)c1ccccc1,Moderate
O=C(C1CCCCCC1)N1c2ccccc2Sc2ccccc21,Moderate
O=C(Cc1ccc(-c2ccccc2)cc1)N1c2ccccc2Sc2ccccc21,Moderate
CCC(CC)C1=N[C@H]2CC=C3C[C@H]4C(=O)C[C@]5(C)[C@@H]([C@H](C)N(C)C)[C@H](O)C[C@@]5(C)[C@@H]4CC[C@H]3[C@]2(C)CO1,Moderate
O=C(c1cccc2ccccc12)N1c2ccccc2Sc2ccccc21,Active
O=C(c1ccc2ccccc2c1)N1c2ccccc2Sc2ccccc21,Moderate
O=C(Cc1cccc2ccccc12)N1c2ccccc2Sc2ccccc21,Active
O=C(Cc1ccc2ccccc2c1)N1c2ccccc2Sc2ccccc21,Active
CCCCNC(=O)Oc1ccc(Oc2ncc(Cl)cc2Cl)cc1,Inactive
O=C(N/N=C/c1ccc(O)cc1O)Nc1ccncc1,Inactive
O=C(NN=C(c1ccccc1)c1ccccc1)Nc1ccncc1,Inactive
C/C(=N\NC(=O)Nc1ccncc1)c1ccc(O)cc1,Moderate
O=C(Oc1ccc(Oc2ccc(C(F)(F)F)cn2)cc1)N1CCCCC1,Moderate
O=C(/C=C/c1ccccc1)N1c2ccccc2Sc2ccccc21,Moderate
COc1ccc2oc(-c3ccc(CN(C)Cc4ccccc4)cc3)cc(=O)c2c1,Inactive
CCN(CCCCCCNC1=CC(=O)C(NCCCCCCN(CC)Cc2ccncc2)=CC1=O)Cc1ccncc1,Inactive
N#Cc1c(Cl)nc(NCCCC2CCN(Cc3ccccc3)CC2)c(C#N)c1-c1ccccc1,Moderate
N#Cc1c(Cl)nc(NCCCCC2CCN(Cc3ccccc3)CC2)c(C#N)c1-c1ccccc1,Moderate
N#Cc1cc(C#N)c(NCCC2CCN(Cc3ccccc3)CC2)nc1Cl,Moderate
N#Cc1cc(C#N)c(NCCCC2CCN(Cc3ccccc3)CC2)nc1Cl,Moderate
N#Cc1cc(C#N)c(NCCCCC2CCN(Cc3ccccc3)CC2)nc1Cl,Moderate
CCN(CCCCCCNC1=CC(=O)C(NCCCCCCN(CC)Cc2cccnc2)=CC1=O)Cc1cccnc1,Inactive
CCN(Cc1ccccc1OC)C(=O)CCCCCNC1=CC(=O)C(NCCCCCC(=O)N(CC)Cc2ccccc2OC)=CC1=O,Inactive
COc1ccccc1CN(C)CCCCCCNC1=CC(=O)C(NCCCCCCN(C)Cc2ccccc2OC)=CC1=O,Moderate
COc1ccccc1CNCCCCCCN1CCC(CCC2CCN(CCCCCCNCc3ccccc3OC)CC2)CC1,Inactive
O=C1NC(=O)C(=CNNC(=O)Nc2ccccc2)C(=O)N1,Inactive
O=C(NNC=C1C(=O)NC(=S)NC1=O)Nc1ccccc1,Moderate
O=C1NC(=S)NC(=O)C1=CNNC(=S)Nc1ccccc1,Inactive
O=C1NC(=S)NC(=O)C1=CNNC(=S)Nc1ccc(F)cc1,Inactive
O=C1NC(=S)NC(=O)C1=CNNC(=S)Nc1ccc(Cl)cc1,Inactive
Cc1cccc(Cl)c1NC(=S)NNC=C1C(=O)NC(=O)NC1=O,Moderate
O=C1NC(=S)NC(=O)C1=CNNC(=S)Nc1ccc(Br)cc1,Inactive
O=C1NC(=S)NC(=O)C1=CNNC(=S)Nc1ccc(C(F)(F)F)cc1,Moderate
COc1ccc(NC(=S)NNC=C2C(=O)NC(=S)NC2=O)cc1,Inactive
NC(=S)NNC=C1C(=O)NC(=O)NC1=O,Inactive
CCN(CCCCCCNC1=CC(=O)C(NCCCCCCN(CC)Cc2ccc(OC)cc2)=CC1=O)Cc1ccc(OC)cc1,Moderate
COc1ccccc1CN(CCCCCCNC1=CC(=O)C(NCCCCCCN(Cc2ccccc2OC)C(C)C)=CC1=O)C(C)C,Moderate
COc1ccccc1CNCCCCCC(=O)N1CCC(CCC2CCN(C(=O)CCCCCNCc3ccccc3OC)CC2)CC1,Inactive
COc1ccccc1CNCCCCCCNC1=CC(=O)C(NCCCCCCNCc2ccccc2OC)=CC1=O,Moderate
CCN(CCCCCCNC1=C(F)C(=O)C(NCCCCCCN(CC)Cc2ccccc2OC)=C(F)C1=O)Cc1ccccc1OC,Moderate
CCN(CCCCCCNC1=C(Cl)C(=O)C(NCCCCCCN(CC)Cc2ccccc2OC)=C(Cl)C1=O)Cc1ccccc1OC,Moderate
CCN(CCCCCCNC1=CC(=O)C(NCCCCCCN(CC)Cc2ccccc2Cl)=CC1=O)Cc1ccccc1Cl,Inactive
CCN(CCCCCCNC1=C(Br)C(=O)C(NCCCCCCN(CC)Cc2ccccc2OC)=C(Br)C1=O)Cc1ccccc1OC,Moderate
CCN(CCCCCCNC1=C(C)C(=O)C(NCCCCCCN(CC)Cc2ccccc2OC)=C(C)C1=O)Cc1ccccc1OC,Moderate
CCN(CCNC1=CC(=O)C(NCCN(CC)Cc2ccccc2OC)=CC1=O)Cc1ccccc1OC,Inactive
CCN(CCCNC1=CC(=O)C(NCCCN(CC)Cc2ccccc2OC)=CC1=O)Cc1ccccc1OC,Moderate
CCN(CCCCNC1=CC(=O)C(NCCCCN(CC)Cc2ccccc2OC)=CC1=O)Cc1ccccc1OC,Inactive
CCN(CCCCCCCNC1=CC(=O)C(NCCCCCCCN(CC)Cc2ccccc2OC)=CC1=O)Cc1ccccc1OC,Moderate
CCN(CCCCCCNC1=CC(=O)C(NCCCCCCN(CC)Cc2ccccc2C)=CC1=O)Cc1ccccc1C,Moderate
CCN(CCCCCCNC1=CC(=O)C(NCCCCCCN(CC)Cc2ccccn2)=CC1=O)Cc1ccccn1,Moderate
Cl.Cl.O=C(CCc1ccc2nc(-c3ccccc3)c3c(c2c1)OCCC3)NCCCCCNc1c2c(nc3cc(Cl)ccc13)CCCC2,Moderate
CCOC(=O)c1c(C)nc2nc3c(c(N)c2c1-c1ccc(OC)cc1)CCCCC3,Inactive
CCOC(=O)c1c(C)nc2nc3c(c(N)c2c1-c1ccc(F)cc1)CCCC3,Inactive
CCOC(=O)c1c(C)nc2nc3c(c(N)c2c1-c1ccc(Cl)cc1)CCCC3,Inactive
Cc1nc2nc3c(c(N)c2c(-c2ccccc2)c1C(=O)OC(C)C)CCCC3,Inactive
CCOC(=O)c1c(C)nc2nc3c(c(N)c2c1-c1ccccc1)CCCC3,Moderate
CCN(CCCCCC(=O)N1CCC(C2CCN(C(=O)CCCCCN(CC)Cc3ccccc3OC)CC2)CC1)Cc1ccccc1OC,Moderate
C[N+](C)(C)CCOC(=O)Nc1cc(Cl)nc(Cl)c1.[I-],Inactive
COc1ccc2c(c[n+](C)c3c4cc5c(cc4ccc23)OCO5)c1OC.[Cl-],Inactive
O=[N+]([O-])OCCCCCCNCCCCNc1c2c(nc3ccccc13)CCCC2,Active
O=C(CO/N=[N+](\[O-])N1CCCC1)NCCCCNc1c2c(nc3ccccc13)CCCC2,Active
O=[N+]([O-])OCCCCCCNCCCNc1c2c(nc3ccccc13)CCCC2,Active
Cc1cn(C2C=CC(COP3(=O)OCc4cc(CCC(=O)OCc5ccccc5)ccc4O3)O2)c(=O)[nH]c1=O,Inactive
CCN(CCCNc1c2c(nc3ccccc13)CCCC2)CCCNc1c2c(nc3ccccc13)CCCC2,Active
CCCOc1ccccc1C[N+](C)(CC)CCCCCC(=O)N(C)CCCCCCCCN(C)C(=O)CCCCC[N+](C)(CC)Cc1ccccc1OCCC,Active
COc1cc(C(=O)NCCC(=O)NNc2c3c(nc4ccccc24)CCCC3)cc(OC)c1OC,Active
CN(C)Cc1ccc(CSCCCCCCSCc2ccc(CN(C)C)o2)o1,Moderate
O=C(CCO[N+](=O)[O-])NCCCNc1c2c(nc3ccccc13)CCCC2,Active
O=C(CO[N+](=O)[O-])NCCCNc1c2c(nc3ccccc13)CCCC2,Active
CC(C)(CO[N+](=O)[O-])C(=O)NCCCNc1c2c(nc3ccccc13)CCCC2,Active
O=[N+]([O-])OCCCNCCCNc1c2c(nc3ccccc13)CCCC2,Active
CC(C)(C)C(=O)NCCCCNc1c2c(nc3ccccc13)CCCC2,Active
CC(C)(CO[N+](=O)[O-])C(=O)NCCCCNc1c2c(nc3ccccc13)CCCC2,Active
O=[N+]([O-])OCCNCCCNc1c2c(nc3ccccc13)CCCC2,Active
O=C(CCO[N+](=O)[O-])NCCCCNc1c2c(nc3ccccc13)CCCC2,Active
O=C(CO/N=[N+](\[O-])N1CCCC1)NCCCNc1c2c(nc3ccccc13)CCCC2,Active
O=C(CO[N+](=O)[O-])NCCCCNc1c2c(nc3ccccc13)CCCC2,Active
CN(C)Cc1ccc(CSCCCSCc2ccc(CN(C)C)o2)o1,Moderate
CCN(CCCCCCNC1=CC(=O)C(NCCCCCCN(CC)Cc2ccco2)=CC1=O)Cc1ccco1,Moderate
COc1ccccc1CNCCCCCCNCCCCCCCCNCCCCCCNCc1ccccc1OC,Moderate
O=[N+]([O-])OCCNCCCCNc1c2c(nc3ccccc13)CCCC2,Active
CN(C)C(=O)Oc1cccc([N+](C)(C)C)c1,Inactive
O=C(CCCCC1CCSS1)NCCCCCCNc1c2c(nc3ccccc13)CCCC2,Active
O=c1cc(-c2ccc(O)cc2)oc2cc(O)cc(O)c12,Inactive
COc1ccc(-c2cc3c(c(=O)o2)C[C@]2(O)[C@@]4(C)C(=O)C=CC(C)(C)[C@]4(O)CC[C@@]2(C)O3)cc1OC,Inactive
C[C@]12N[C@H](Cc3ccccc31)c1ccccc12,Inactive
CCN(CC)CCOC(=O)C(C)(c1ccc(O)cc1)c1ccc(OC(=O)N(C)C)cc1,Moderate
CCCCNC(=O)Oc1ccc2c(c1)c(C)cn2N(CCC)c1ccncc1F,Moderate
CCN(CC)CCOC(=O)C(C)(c1ccc(OC(=O)N(C)C)cc1)c1ccc(OC(=O)N(C)C)cc1,Moderate
Nc1c2c(nc3cc(Cl)ccc13)CCCC2,Moderate
Cc1ccccc1NC(=O)Oc1ccc2c(c1)[C@]1(C)CCN(Cc3ccccc3)C1N2Cc1ccccc1,Moderate
CC(C)c1ccc(NC(=O)Oc2ccc3c(c2)[C@]2(C)CCN(C)C2N3Cc2ccccc2)cc1,Active
CC(C)c1ccc(NC(=O)Oc2ccc3c(c2)[C@]2(C)CCN(C)C2N3)cc1,Active
COc1ccc2cc3[n+](cc2c1OC)CCc1cc2c(cc1-3)OCO2,Moderate
CNC(=O)Oc1ccc2c(c1)c(C)cn2Nc1ccncc1F,Moderate
Cc1ccccc1NC(=O)Oc1ccc2c(c1)[C@]1(C)CCN(C)C1N2C,Moderate
CC(C)c1ccc(NC(=O)Oc2ccc3c(c2)[C@]2(C)CCN(Cc4ccccc4)C2N3Cc2ccccc2)cc1,Moderate
COc1ccccc1CNCCCCCCNCCCCCCNCCCCCCNCc1ccccc1OC,Moderate
CNC(=O)Oc1ccc2c(c1)[C@]1(C)CCN[C@@H]1N2C,Active
c1ccc2c(NCCCCCCCCNc3c4c(nc5ccccc35)CCCCC4)c3c(nc2c1)CCCCC3,Active
Clc1ccc2c(NCCCCCCCNc3c4c(nc5cc(Cl)ccc35)CCCC4)c3c(nc2c1)CCCC3,Active
C=CCN1CC[C@@]2(C)c3cc(OC(=O)NC)ccc3N(C)[C@@H]12,Active
c1ccc2c(NCCCCCCCNc3c4c(nc5ccccc35)CCCCC4)c3c(nc2c1)CCCCC3,Active
CN(C)C(=O)Oc1ccc2c(c1)[C@]1(C)CCN(C)[C@@H]1N2C,Moderate
CN1CC[C@@]2(C)c3cc(OC(=O)NC(C)(C)C)ccc3N(C)[C@@H]12,Moderate
CC(C)Cc1ccc(C(C)C(=O)NCCCNCCCNC2=CC(=O)C(NCCCNCCCNC(=O)C(C)c3ccc(CC(C)C)cc3)=CC2=O)cc1,Inactive
CC1=C(CC(=O)NCCCNCCCNC2=CC(=O)C(NCCCNCCCNC(=O)CC3=C(C)/C(=C\c4ccc([S+](C)[O-])cc4)c4ccc(F)cc43)=CC2=O)c2cc(F)ccc2/C1=C/c1ccc([S+](C)[O-])cc1,Inactive
O=C(Cc1ccccc1Nc1c(Cl)cccc1Cl)NCCCNCCCNC1=CC(=O)C(NCCCNCCCNC(=O)Cc2ccccc2Nc2c(Cl)cccc2Cl)=CC1=O,Moderate
COc1ccc2c(c1)c(CC(=O)NCCCNCCCNC1=CC(=O)C(NCCCNCCCNC(=O)Cc3c(C)n(C(=O)c4ccc(Cl)cc4)c4ccc(OC)cc34)=CC1=O)c(C)n2C(=O)c1ccc(Cl)cc1,Inactive
C[C@@H](C(=O)NCCCNCCCNC1=CC(=O)C(NCCCNCCCNC(=O)[C@H](C)c2ccc(-c3ccccc3)c(F)c2)=CC1=O)c1ccc(-c2ccccc2)c(F)c1,Moderate
C[C@H](C(=O)NCCCNCCCNC1=CC(=O)C(NCCCNCCCNC(=O)[C@@H](C)c2ccc(-c3ccccc3)c(F)c2)=CC1=O)c1ccc(-c2ccccc2)c(F)c1,Moderate
CC(C(=O)NCCCNCCCNC1=CC(=O)c2ccccc2C1=O)c1ccc(-c2ccccc2)c(F)c1,Inactive
c1ccc2c(NCCCCCCNc3c4c(nc5ccccc35)CCCCC4)c3c(nc2c1)CCCCC3,Active
C[C@]12CCNC1Nc1ccc(OC(=O)Nc3ccccc3)cc12,Moderate
[Br-].[Br-].c1cc[n+](CCCCCCC[n+]2ccc3ccccc3c2)cc1,Moderate
[Br-].[Br-].c1cc[n+](CCCCCCCC[n+]2ccc3ccccc3c2)cc1,Moderate
[Br-].[Br-].c1cc[n+](CCCCCCCCC[n+]2ccc3ccccc3c2)cc1,Moderate
[Br-].[Br-].c1cc[n+](CCCCCCCCCC[n+]2ccc3ccccc3c2)cc1,Moderate
[Br-].[Br-].c1cc[n+](CCCCCCCCCCC[n+]2ccc3ccccc3c2)cc1,Moderate
[Br-].[Br-].c1cc[n+](CCCCCCC[n+]2cccc3ccccc32)cc1,Moderate
[Br-].[Br-].c1cc[n+](CCCCCCCC[n+]2cccc3ccccc32)cc1,Moderate
[Br-].[Br-].c1cc[n+](CCCCCCCCC[n+]2cccc3ccccc32)cc1,Moderate
[Br-].[Br-].c1cc[n+](CCCCCCCCCC[n+]2cccc3ccccc32)cc1,Moderate
[Br-].[Br-].c1cc[n+](CCCCCCCCCCC[n+]2cccc3ccccc32)cc1,Moderate
[Br-].[Br-].c1cc[n+](CCCCCCCCCCCC[n+]2cccc3ccccc32)cc1,Moderate
O=c1c(O)c(-c2ccccc2)oc2cc(O)cc(O)c12,Moderate
CNC(=O)Oc1ccc2c(c1)[C@]1(C)CCNC1N2,Active
O=[N+]([O-])c1cccc2c(NCCCCCCCCNc3c4c(nc5ccccc35)CCCC4)c3c(nc12)CCCC3,Active
Nc1cccc2c(NCCCCCCCCNc3c4c(nc5ccccc35)CCCC4)c3c(nc12)CCCC3,Active
O=C(CC[C@H](NC(=O)CNC(=O)OCc1ccccc1)C(=O)N[C@@H](Cc1ccccc1)C(=O)OCc1ccccc1)NCC(=O)Nc1cccc2c(NCCCCCCCCNc3c4c(nc5ccccc35)CCCC4)c3c(nc12)CCCC3,Active
CN(CCCCNc1c2c(nc3ccccc13)CCCC2)CCCNc1c2c(nc3c(NC(=O)CNC(=O)CC[C@H](NC(=O)CNC(=O)OCc4ccccc4)C(=O)N[C@@H](Cc4ccccc4)C(=O)OCc4ccccc4)cccc13)CCCC2,Active
CN(CCCCNc1c2c(nc3c(NC(=O)CNC(=O)CC[C@H](NC(=O)CNC(=O)OCc4ccccc4)C(=O)N[C@@H](Cc4ccccc4)C(=O)OCc4ccccc4)cccc13)CCCC2)CCCNc1c2c(nc3ccccc13)CCCC2,Active
O=C1NS(=O)(=O)c2ccccc21,Moderate
Cc1cc(C)c2c(c1)COP(=O)(OCC1C=CC(n3cc(C)c(=O)[nH]c3=O)O1)O2,Inactive
COc1ccc(COc2nn(CCN(C(C)C)C(C)C)c3ccccc23)cc1,Moderate
CC(C)N(CCn1nc(OCc2cccc3ccccc23)c2ccccc21)C(C)C,Active
c1ccc2c(COc3nn(CCN4CCCC4)c4ccccc34)cccc2c1,Moderate
c1ccc2c(COc3nn(CCN4CCCCC4)c4ccccc34)cccc2c1,Moderate
c1ccc2cc(COc3nn(CCN4CCCCC4)c4ccccc34)ccc2c1,Moderate
O=[N+]([O-])c1ccc2c(c1)c(OCc1cccc3ccccc13)nn2CCN1CCCC1,Moderate
O=[N+]([O-])c1ccc2c(c1)c(OCc1ccc3ccccc3c1)nn2CCN1CCCCC1,Moderate
Nc1ccc2c(c1)c(OCc1cccc3ccccc13)nn2CCN1CCCC1,Moderate
Nc1ccc2c(c1)c(OCc1ccc3ccccc3c1)nn2CCN1CCCCC1,Moderate
Brc1ccc2c(c1)c(OCc1ccc3ccccc3c1)nn2CCN1CCCCC1,Moderate
CCNC(=O)c1ccc2nc(-c3ccc(Cl)cc3)c3c(c2c1)NCCC3,Moderate
CCNCc1ccc2nc(-c3ccc(Cl)cc3)c3c(c2c1)NCCC3,Moderate
CCNCc1ccc2nc(-c3cccnc3)c3c(c2c1)NCCC3,Moderate
Clc1ccc2c(NCCCCCCCCNc3c4c(nc5cc(Cl)ccc35)CCCC4)c3c(nc2c1)CCCC3,Moderate
CCN(CCCCOc1ccc(-c2coc3cc(OCCCCN(CC)Cc4ccccc4)cc(O)c3c2=O)cc1)Cc1ccccc1,Inactive
COc1ccc2c(c1)[nH]c1c(CC=C(C)C)c(O)c(/C=N/CCCCCNc3c4c(nc5ccccc35)CCCC4)cc12,Inactive
CC(C)=CCc1c(O)c(/C=N/CCCCCNc2c3c(nc4ccccc24)CCCC3)cc2c1[nH]c1ccccc12,Inactive
COc1ccc2c(c1)[nH]c1c(CC=C(C)C)c(O)c(/C=N/CCCNc3c4c(nc5ccccc35)CCCC4)cc12,Inactive
Fc1ccc2c(NCCCCCCCCNc3c4c(nc5cc(F)ccc35)CCCC4)c3c(nc2c1)CCCC3,Moderate
Cc1cccc2c1OP(=O)(OC[C@H]1O[C@@H](n3cc(C)c(=O)[nH]c3=O)C[C@@H]1O)OC2,Inactive
O=c1c(O)c(-c2ccc(O)c(O)c2)oc2cc(O)ccc12,Inactive
CN(C)Cc1ccc(CSCCNc2ccc([N+](=O)[O-])cc2[N+](=O)[O-])o1,Moderate
CNC(=O)Oc1ccc2c(c1)[C@@]1(C)CCN(C)C1N2Cc1ccccc1,Moderate
Cc1cccc2c1OP(=O)(OCC1CCC(n3cc(C)c(=O)[nH]c3=O)O1)OC2,Moderate
COc1cccc(/C=C/C(=O)c2ccccc2)c1,Inactive
CN(C)Cc1ccc(CSCCNc2cc(NCCCN3CCOCC3)c([N+](=O)[O-])cc2[N+](=O)[O-])o1,Moderate
Cc1cn(C2C=CC(COP3(=O)OCc4cccc(CCC(=O)OC(C)(C)C)c4O3)O2)c(=O)[nH]c1=O,Moderate
Cc1cn(C2C=CC(COP3(=O)OCc4cccc(-c5ccccc5)c4O3)O2)c(=O)[nH]c1=O,Moderate
CN1CC[C@@]2(C)c3cc(OC(=O)Nc4ccccc4)ccc3N(Cc3ccccc3)C12,Active
Cc1cn(C2C=CC(COP3(=O)OCc4cccc(CCC(=O)OCc5ccccc5)c4O3)O2)c(=O)[nH]c1=O,Moderate
Cc1cn(C2C=CC(COP3(=O)Oc4ccccc4C(C(Cl)(Cl)Cl)O3)O2)c(=O)[nH]c1=O,Inactive
CNc1cc(NCCSCc2ccc(CN(C)C)o2)c([N+](=O)[O-])cc1[N+](=O)[O-],Moderate
O=C(/C=C/c1ccccc1)c1ccccc1O,Inactive
Cl.Cl.c1ccc(CN2CCC(CCNc3ccc(-c4ccccc4)nn3)CC2)cc1,Moderate
Cl.Cl.Cl.Cl.O=C(NCCCCCCCNc1c2c(nc3cc(Cl)ccc13)CCCC2)c1ccc2nc(-c3ccc(Cl)cc3)c3c(c2c1)OCCC3,Moderate
Cl.Cl.Cl.O=C(CCc1ccc2nc(-c3ccccc3)c3c(c2c1)OCCC3)NCCCCCCNc1c2c(nc3cc(Cl)ccc13)CCCC2,Moderate
Cl.Cl.Cl.O=C(CCc1ccc2nc(-c3ccccc3)c3c(c2c1)OCCC3)NCCCCCCCCNc1c2c(nc3cc(Cl)ccc13)CCCC2,Moderate
Cl.Cl.Oc1c(CNCCCCCCCCCNc2c3c(nc4ccccc24)CCCC3)ccc2cccnc12,Active
Cl.Cl.Cl.Cl.O=C(NCCCCCCCCNc1c2c(nc3cc(Cl)ccc13)CCCC2)c1ccc2nc(-c3ccc(Cl)cc3)c3c(c2c1)OCCC3,Moderate
Cl.Cl.Cl.Cl.O=C(NCCCCCCCCCNc1c2c(nc3cc(Cl)ccc13)CCCC2)c1ccc2nc(-c3ccc(Cl)cc3)c3c(c2c1)OCCC3,Moderate
Cl.Cl.Cl.Cl.O=C(NCCCCCCCCCCNc1c2c(nc3cc(Cl)ccc13)CCCC2)c1ccc2nc(-c3ccc(Cl)cc3)c3c(c2c1)OCCC3,Moderate
Cc1ccc2ccc(CNCCCCCCCCNc3c4c(nc5ccccc35)CCCC4)c(O)c2n1.Cl.Cl,Active
CC1=CC2Cc3nc4cc(Cl)ccc4c(NCCCCCCCNc4c5c(nc6ccccc46)CCCC5)c3C(C1)C2.Cl.Cl.Cl,Active
Cl.Cl.Cl.O=C(CCc1ccc2nc(-c3ccccc3)c3c(c2c1)OCCC3)NCCCCNc1c2c(nc3cc(Cl)ccc13)CCCC2,Moderate
CN(C)Cc1ccc(CSCCNc2cc(NN)c([N+](=O)[O-])cc2[N+](=O)[O-])o1,Moderate
CC1=CC2Cc3nc4cc(Cl)ccc4c(NCCCCCCCCCNc4c5c(nc6ccccc46)CCCC5)c3C(C1)C2.Cl.Cl.Cl,Active
COc1cc2c(cc1OC)CC(CC1CCN(CCNc3c4c(nc5ccccc35)CCCC4)CC1)C2.Cl.Cl,Active
COc1cc2c(cc1OC)CC(CC1CCN(CCCNc3c4c(nc5ccccc35)CCCC4)CC1)C2.Cl.Cl,Active
COc1cc2c(cc1OC)CC(CC1CCN(CCNc3c4c(nc5cc(Cl)ccc35)CCCC4)CC1)C2.Cl.Cl.Cl,Active
Cl.Cl.Cl.O=C(CCc1ccc2nc(-c3ccccc3)c3c(c2c1)OCCC3)NCCCCCCCNc1c2c(nc3cc(Cl)ccc13)CCCC2,Moderate
COc1cc2c(cc1OC)C(=O)C(CC1CCN(CCNc3c4c(nc5cc(Cl)ccc35)CCCC4)CC1)C2.Cl.Cl.Cl,Moderate
Cl.Cl.Cl.Cl.O=C(NCCCCCCNc1c2c(nc3cc(Cl)ccc13)CCCC2)c1ccc2nc(-c3ccc(Cl)cc3)c3c(c2c1)OCCC3,Moderate
Cl.Cl.Cl.Oc1c(CNCCCCCCCCCNc2c3c(nc4ccccc24)CCCC3)cc(Cl)c2cccnc12,Active
CC1=CC2Cc3nc4cc(Cl)ccc4c(NCCCCCCCCCCNc4c5c(nc6ccccc46)CCCC5)c3C(C1)C2.Cl.Cl.Cl,Active
CC1=CC2Cc3nc4cc(Cl)ccc4c(NCCCCCCCNc4c5c(nc6cc(Cl)ccc46)CCCC5)c3C(C1)C2.Cl.Cl.Cl.Cl,Active
CC1=C[C@@H]2Cc3nc4cc(Cl)ccc4c(NCCCCCCCNc4c5c(nc6cc(Cl)ccc46)CCCC5)c3[C@H](C1)C2.Cl.Cl.Cl.Cl,Active
CC1=C[C@H]2Cc3nc4cc(Cl)ccc4c(NCCCCCCCNc4c5c(nc6cc(Cl)ccc46)CCCC5)c3[C@@H](C1)C2.Cl.Cl.Cl.Cl,Active
COc1cc2c(cc1OC)C(=O)C(CC1CCN(CCCNc3c4c(nc5cc(Cl)ccc35)CCCC4)CC1)C2.Cl.Cl.Cl,Active
CC1=C[C@@H]2Cc3nc4cc(Cl)ccc4c(NCCCCCCCNc4c5c(nc6ccccc46)CCCC5)c3[C@H](C1)C2.Cl.Cl.Cl,Moderate
CC1=CC2Cc3nc4cc(Cl)ccc4c(NCCCCCCCCCNc4c5c(nc6cc(Cl)ccc46)CCCC5)c3C(C1)C2.Cl.Cl.Cl.Cl,Active
CC1=CC2Cc3nc4cc(Cl)ccc4c(NCCCCCCCCCCNc4c5c(nc6cc(Cl)ccc46)CCCC5)c3C(C1)C2.Cl.Cl.Cl.Cl,Active
Cl.Cl.c1ccc2c3c([nH]c2c1)[C@H]1[C@H]2CC[C@H]([C@@H]4CCCN[C@@H]42)N1CC3,Moderate
COc1cc2c(cc1OC)C(=O)C(CC1CCN(CCCNc3c4c(nc5ccccc35)CCCC4)CC1)C2.Cl.Cl,Active
COc1cc2c(cc1OC)CC(CC1CCN(CCCNc3c4c(nc5cc(Cl)ccc35)CCCC4)CC1)C2.Cl.Cl.Cl,Active
CC1=C[C@H]2Cc3nc4cc(Cl)ccc4c(NCCCCCCCNc4c5c(nc6ccccc46)CCCC5)c3[C@@H](C1)C2.Cl.Cl.Cl,Moderate
CN(C)Cc1ccc(CSCCNc2nnccc2[N+](=O)[O-])o1,Moderate
C[C@@]12CC[C@@H]3[C@@](CC[C@H]4[C@@]3(C)CCC[C@@]4(C)C(=O)OCC[N+](C)(C)C)(CC1=O)C2.[I-],Inactive
C[C@@]12CC[C@@H]3[C@@](CC[C@H]4[C@@]3(C)CCC[C@@]4(C)C(=O)OCC[N+](C)(C)Cc3ccccc3)(CC1=O)C2.[Br-],Moderate
C[C@@]12CC[C@@H]3[C@@](CC[C@H]4[C@@]3(C)CCC[C@@]4(C)C(=O)OCC[N+](C)(C)CCCCCCCCCC[N+](C)(C)CCOC(=O)[C@]3(C)CCC[C@@]4(C)[C@@H]5CC[C@@]6(C)C[C@]5(CC[C@@H]43)CC6=O)(CC1=O)C2.[Br-].[Br-],Inactive
C[C@@]12CC[C@@H]3[C@@](CC[C@H]4[C@@]3(C)CCC[C@@]4(C)C(=O)OCC[N+](C)(C)CCCCCCCCCCCC[N+](C)(C)CCOC(=O)[C@]3(C)CCC[C@@]4(C)[C@@H]5CC[C@@]6(C)C[C@]5(CC[C@@H]43)CC6=O)(CC1=O)C2.[Br-].[Br-],Moderate
C[C@@]12CC[C@@H]3[C@]4(CC[C@H]5[C@@]3(C)CCC[C@@]5(C)C(=O)OCC[N+](C)(C)CCCCCCCCC[N+](C)(C)CCOC(=O)[C@]3(C)CCC[C@@]5(C)[C@@H]6CC[C@@]7(C)C[C@]6(CC[C@@H]53)C[C@H]7OC(=O)CCCCCCCCC(=O)O[C@@H]1C4)C2.[Br-].[Br-],Inactive
C[C@H]1C[C@@]23CC[C@H]4[C@@](C)(CCC[C@@]4(C)C(=O)OCC[N+](C)(C)C)[C@@H]2CC[C@]1(Cl)C3.[I-],Moderate
C[C@H]1C[C@@]23CC[C@H]4[C@@](C)(CCC[C@@]4(C)C(=O)OCC[N+](C)(C)Cc4ccccc4)[C@@H]2CC[C@]1(Cl)C3.[Br-],Moderate
CCC1=CC2Cc3nc4cccc(C)c4c(N)c3C(C1)C2,Moderate
CC1=CC2Cc3nc4ccccc4c(N)c3C(C1)C2,Moderate
CCC1=CC2Cc3nc4cc(C)ccc4c(N)c3C(C1)C2,Moderate
CC1=CC2Cc3nc4cc(Cl)ccc4c(NCCCCCNC(=O)c4cc(O)c5c(c4)C(=O)c4cccc(O)c4C5=O)c3C(C1)C2.Cl,Moderate
CC1=CC2Cc3nc4cc(Cl)ccc4c(NCCCCCCNC(=O)c4cc(O)c5c(c4)C(=O)c4cccc(O)c4C5=O)c3C(C1)C2.Cl,Moderate
CC1=CC2Cc3nc4cc(Cl)ccc4c(NCCCCCCCNC(=O)c4cc(O)c5c(c4)C(=O)c4cccc(O)c4C5=O)c3C(C1)C2.Cl,Moderate
CC1=CC2Cc3nc4cc(Cl)ccc4c(NCCCCCCCCNC(=O)c4cc(O)c5c(c4)C(=O)c4cccc(O)c4C5=O)c3C(C1)C2.Cl,Moderate
CC1=CC2Cc3nc4cc(Cl)ccc4c(NCCCCCCCCCNC(=O)c4cc(O)c5c(c4)C(=O)c4cccc(O)c4C5=O)c3C(C1)C2.Cl,Moderate
CC1=C[C@H]2Cc3nc4cc(Cl)ccc4c(NCCCCCCCCCNC(=O)c4cc(O)c5c(c4)C(=O)c4cccc(O)c4C5=O)c3[C@@H](C1)C2.Cl,Moderate
CC1=C[C@@H]2Cc3nc4cc(Cl)ccc4c(NCCCCCCCCCNC(=O)c4cc(O)c5c(c4)C(=O)c4cccc(O)c4C5=O)c3[C@H](C1)C2.Cl,Moderate
CC1=CC2Cc3nc4cc(Cl)ccc4c(NCCCCCCCCCCNC(=O)c4cc(O)c5c(c4)C(=O)c4cccc(O)c4C5=O)c3C(C1)C2.Cl,Moderate
CC1=CC2Cc3nc4cc(Cl)ccc4c(NCCCCCCCCCCCNC(=O)c4cc(O)c5c(c4)C(=O)c4cccc(O)c4C5=O)c3C(C1)C2.Cl,Moderate
CC1=CC2Cc3nc4cc(Cl)ccc4c(NCc4ccc(CNC(=O)c5cc(O)c6c(c5)C(=O)c5cccc(O)c5C6=O)cc4)c3C(C1)C2.Cl,Moderate
c1ccc2c(NCCSSCCNc3c4c(nc5ccccc35)CCCC4)c3c(nc2c1)CCCC3,Active
COc1cc(NC(=O)/C=C/c2ccc(NOC(C)=O)cc2)cc(OC)c1OC,Moderate
COc1cc(NC(=O)/C=C/c2cccc(OC(C)=O)c2)cc(OC)c1OC,Moderate
COc1cccc(/C=C/C(=O)Nc2cc(OC)c(OC)c(OC)c2)c1O,Moderate
COc1ccc(/C=C/C(=O)Nc2cc(OC)c(OC)c(OC)c2)cc1O,Moderate
COc1cc(NC(=O)/C=C/c2c(F)cccc2Cl)cc(OC)c1OC,Moderate
Fc1cc(Cl)ccc1-c1nn2c(-c3ccncc3)nnc2s1,Moderate
c1coc(-c2nn3c(-c4ccncc4)nnc3s2)c1,Inactive
c1cc(-c2nnc3sc(-c4ccoc4)nn23)ccn1,Inactive
CCOc1ccc(Cc2nn3c(-c4ccncc4)nnc3s2)cc1,Inactive
Oc1ccccc1OCc1nn2c(-c3ccncc3)nnc2s1,Inactive
Oc1ccc(OCc2nn3c(-c4ccncc4)nnc3s2)cc1,Inactive
Cc1ccccc1OCc1nn2c(-c3ccncc3)nnc2s1,Inactive
COc1ccc(OCc2nn3c(-c4ccncc4)nnc3s2)cc1,Inactive
Fc1ccc(OCc2nn3c(-c4ccncc4)nnc3s2)cc1,Inactive
Clc1cccc(C2=Nn3c(nnc3-c3ccncc3)SC2)c1,Inactive
Cc1ccc(C2=Nn3c(nnc3-c3ccncc3)SC2)cc1,Inactive
c1ccc(-c2ccc(C3=Nn4c(nnc4-c4ccncc4)SC3)cc2)cc1,Inactive
c1ccc2c(C3=Nn4c(nnc4-c4ccncc4)SC3)cccc2c1,Inactive
O=[N+]([O-])c1cccc(C2=Nn3c(nnc3-c3ccncc3)SC2)c1,Inactive
Clc1ccc(C2=Nn3c(nnc3-c3ccncc3)SC2)cc1Cl,Inactive
Nc1c2c(nc3ccccc13)-c1ccccc1NCCC2,Moderate
CCC1=CC2Cc3nc4ccccc4c(N)c3C(C1)C2,Active
Clc1ccccc1-n1cc(-c2ccccc2)nn1,Inactive
N#Cc1cc([N+](=O)[O-])ccc1-n1cc(C2(O)CCCCC2)nn1,Inactive
CCCCCCCCc1ccc(-n2cc(C3(O)CCCCC3)nn2)cc1,Inactive
Cc1ccc(-n2cc(C3(O)CCCCC3)nn2)c(Cl)c1,Inactive
COc1cccc(-n2cc(C3(O)CCCCC3)nn2)c1,Inactive
Oc1ccc(C2=Nc3ccccc3SC(c3cccs3)C2)cc1,Moderate
Oc1ccc(C2=Nc3ccccc3SC(c3cccc(O)c3)C2)cc1,Moderate
c1ccc(C2=Nc3ccccc3SC(c3cccs3)C2)cc1,Moderate
Cc1ccc(C2CC(c3cccc(O)c3)=Nc3ccccc3S2)c(C)c1,Inactive
O=[N+]([O-])c1ccc(C2CC(c3ccccc3O)=Nc3ccccc3S2)cc1,Inactive
CCSc1ccccc1-c1cnc(-c2ccsc2)[nH]1,Active
CC(C)Nc1nc(NCc2ccccc2)c2ccccc2n1,Inactive
CN1c2ccc(OCc3ccccc3)cc2C(=O)N2CCc3c([nH]c4ccccc34)C21,Moderate
CCCCCCCNC(=O)Oc1ccc2c(c1)CN1CCc3c([nH]c4ccccc34)C1N2C,Active
CCN(CC)CCCCCCOc1ccc(CC2NCCc3cc(OC)c(OC)cc32)cc1,Inactive
COc1cc2c(cc1OC)C(Cc1ccc(OCCCCCCN(C)C)cc1)NCC2,Moderate
CCCN(CCC)CCCCCCOc1ccc(CC2NCCc3cc(OC)c(OC)cc32)cc1,Inactive
CCCCN(CCCC)CCCCCCOc1ccc(CC2NCCc3cc(OC)c(OC)cc32)cc1,Moderate
COc1cc2c(cc1OC)C(Cc1ccc(OCCCCCCN3CCCC3C)cc1)NCC2,Moderate
COc1cc2c(cc1OC)C(Cc1ccc(OCCCCCCN3CCCCC3C)cc1)NCC2,Moderate
COc1cc2c(cc1OC)C(Cc1ccc(OCCCCCCN3CCCCC3)cc1)NCC2,Moderate
COc1cc2c(cc1OC)C(Cc1ccc(OCCCCCCN3CCCC3)cc1)NCC2,Moderate
COc1cc2c(cc1OC)C(Cc1ccc(OCCCCCCN3CCC(O)CC3)cc1)NCC2,Inactive
COc1cc2c(cc1OC)C(Cc1ccc(OCCCCCCN3CCOCC3)cc1)NCC2,Inactive
COc1cc2c(cc1OC)C(Cc1ccc(OCCCCCCN3CCC(O)(Cc4ccccc4)CC3)cc1)NCC2,Inactive
COc1cc2c(cc1OC)C(Cc1ccc(OCCCCCCN3CCN(c4ccccc4)CC3)cc1)NCC2,Inactive
COc1cc2c(cc1OC)C(Cc1ccc(OCCCCCCN3CCN(Cc4ccccc4)CC3)cc1)NCC2,Inactive
COc1cc2c(cc1OC)C(Cc1ccc(OCCCCCCN3CCC(c4ccccc4)CC3)cc1)NCC2,Moderate
CC[C@H]1CN2CCc3c([nH]c4ccccc34)[C@H]2C[C@@H]1/C(=C\OC)C(=O)OC,Moderate
CN(C)Cc1ccc(CSCCNc2cc(Oc3ccc([N+](=O)[O-])cc3)c([N+](=O)[O-])cc2[N+](=O)[O-])o1,Moderate
O=c1cc(-c2ccc(O)cc2)oc2ccccc12,Moderate
CCCCCCCCCCN1CCCC(C(N)=O)C1,Inactive
CCCCCCCCCCN1CCCC(C(=O)NC)C1,Inactive
CCCCCCCCCCN1CCCC(C(=O)NCC)C1,Inactive
CCCCCCCCCCN1CCCC(C(=O)N(C)C)C1,Inactive
CCCCCCCCCCN1CCCC(C(=O)N(C)CC)C1,Moderate
CCCCCCCCCCN1CCCC(C(=O)N(CCC)CCC)C1,Moderate
CCCCC1OP(=O)(OCC2C=CC(n3cc(C)c(=O)[nH]c3=O)O2)Oc2cccc(Cl)c21,Inactive
c1ccc2c(NCCCCCCCNc3c4c(nc5ccccc35)CCCC4)c3c(nc2c1)CCCC3,Active
O=C1Cc2cc3onc(CCC4CCN(Cc5ccccc5)CC4)c3cc2N1,Moderate
CCOC(OCC)c1ccc(/C=C2\CCC/C(=C\c3ccc(C(OCC)OCC)cc3)C2=O)cc1,Inactive
CCOC(OCC)c1ccc(/C=C2\COC/C(=C\c3ccc(C(OCC)OCC)cc3)C2=O)cc1,Inactive
CCOC(OCC)c1ccc(/C=C2\CNC/C(=C\c3ccc(C(OCC)OCC)cc3)C2=O)cc1,Inactive
CCOC(OCC)c1ccc(/C=C2\CN(Cc3ccccc3)C/C(=C\c3ccc(C(OCC)OCC)cc3)C2=O)cc1,Inactive
CCOC(OCC)c1ccc(/C=C/C(=O)/C=C/c2ccc(C(OCC)OCC)cc2)cc1,Inactive
CCOC(OCC)c1ccc(/C=C2\CC/C(=C\c3ccc(C(OCC)OCC)cc3)C2=O)cc1,Inactive
CN(C)c1ccc(/C=C2/COC/C(=C\c3ccc(N(C)C)cc3[N+](=O)[O-])C2=O)c([N+](=O)[O-])c1,Inactive
CN(C)c1ccc(/C=C2/CNC/C(=C\c3ccc(N(C)C)cc3[N+](=O)[O-])C2=O)c([N+](=O)[O-])c1,Inactive
O=C(O)/C=C\C(=O)O.O=C1Cc2cc3c(CCC4CCN(Cc5ccccc5)CC4)noc3cc2N1,Moderate
CN1C/C(=C/c2ccc(N3CCCC3)cc2)C(=O)/C(=C/c2ccc(N3CCCC3)cc2)C1,Inactive
O=C1/C(=C\c2ccc(N3CCCC3)cc2)CN(Cc2ccccc2)C/C1=C\c1ccc(N2CCCC2)cc1,Inactive
C#CCN(Cc1ccc(O)c2ncccc12)C(C#N)CCC1CCN(Cc2ccccc2)CC1,Moderate
O=C1CCc2cc3c(CCC4CCN(Cc5ccccc5)CC4)noc3cc2N1,Moderate
Cc1cccc2c1OP(=O)(OCC1C=CC(n3cnc4c(N)ncnc43)O1)OC2,Moderate
Cc1cn(C2C=CC(COP3(=O)OCc4c(ccc5ccccc45)O3)O2)c(=O)[nH]c1=O,Moderate
Cc1cccc2c1OP(=O)(OCC1C=CC(n3cnc4c(O)nc(N)nc43)C1)OC2,Moderate
Cc1cn(C2C=CC(COP3(=O)OCc4cc(C(C)(C)C)ccc4O3)O2)c(=O)[nH]c1=O,Moderate
CC1=CC2Cc3nc4cc(Cl)ccc4c(NCCCCCCCCCCNC(=O)c4cc(O)c5c(c4)C(=O)c4cccc(O)c4C5=O)c3C(C1)C2,Moderate
CC1=CC2Cc3nc4cc(Cl)ccc4c(NCc4ccc(CNC(=O)c5cc(O)c6c(c5)C(=O)c5cccc(O)c5C6=O)cc4)c3C(C1)C2,Moderate
CC1=CC2Cc3nc4cc(Cl)ccc4c(NCCCCCCCCCCCNC(=O)c4cc(O)c5c(c4)C(=O)c4cccc(O)c4C5=O)c3C(C1)C2,Moderate
CC1=CC2Cc3nc4cc(Cl)ccc4c(NCCCCCCCCCNC(=O)c4cc(O)c5c(c4)C(=O)c4cccc(O)c4C5=O)c3C(C1)C2,Moderate
CC1=CC2Cc3nc4cc(Cl)ccc4c(NCCCCCCCCNC(=O)c4cc(O)c5c(c4)C(=O)c4cccc(O)c4C5=O)c3C(C1)C2,Moderate
Nc1c2c(nc3ccccc13)CCCCC2,Active
Cc1cc(=O)oc2cc(OCCCCCCCN3CCN(CC(=O)Nc4c5c(nc6ccccc46)CCCC5)CC3)ccc12,Active
COc1cc(OC)c(-c2coc3c4c(ccc3c2=O)OC(C)(C)C=C4)cc1OC,Inactive
COc1ccc(-c2coc3c4c(ccc3c2=O)OC(C)(C)C=C4)cc1OC,Moderate
CC12CCC(c3c1nc1ccccc1c3N)C2(C)C,Inactive
CCN(CCC(=O)NCCNc1c2c(nc3ccccc13)CCCC2)C1CCCCC1,Moderate
CCN(CCC(=O)NCCCNc1c2c(nc3ccccc13)CCCC2)C1CCCCC1,Moderate
CCN(CCC(=O)NCCCCNc1c2c(nc3ccccc13)CCCC2)C1CCCCC1,Moderate
CN(CCC(=O)NCCNc1c2c(nc3ccccc13)CCCC2)C1CCCCC1,Moderate
CN(CCC(=O)NCCCNc1c2c(nc3ccccc13)CCCC2)C1CCCCC1,Moderate
CN(CCC(=O)NCCCCNc1c2c(nc3ccccc13)CCCC2)C1CCCCC1,Moderate
O=C(Cc1cc(=O)oc2cc(O)ccc12)NCCNc1c2c(nc3ccccc13)CCCC2,Inactive
O=C(Cc1cc(=O)oc2cc(O)ccc12)NCCCNc1c2c(nc3ccccc13)CCCC2,Moderate
O=C(Cc1cc(=O)oc2cc(O)ccc12)NCCCCNc1c2c(nc3ccccc13)CCCC2,Moderate
O=C(Cc1cc(=O)oc2cc(O)ccc12)NNC(=S)Nc1c2c(nc3ccccc13)CCCC2,Moderate
O=C(Cc1cc(=O)oc2cc(O)ccc12)N/N=C1\SCC(=O)N1c1c2c(nc3ccccc13)CCCC2,Moderate
Cl.O=C(NCCCCCCCCNc1c2c(nc3cc(Cl)ccc13)CCCC2)c1ccc2nc(-c3ccc(Cl)cc3)c3c(c2c1)NCCC3,Moderate
Cl.O=C(NCCCNc1c2c(nc3cc(Cl)ccc13)CCCC2)c1ccc2nc(-c3ccc(Cl)cc3)c3c(c2c1)NCCC3,Moderate
Cl.O=C(NCCCCNc1c2c(nc3cc(Cl)ccc13)CCCC2)c1ccc2nc(-c3ccc(Cl)cc3)c3c(c2c1)NCCC3,Moderate
Cl.O=C(NCCCCCNc1c2c(nc3cc(Cl)ccc13)CCCC2)c1ccc2nc(-c3ccc(Cl)cc3)c3c(c2c1)NCCC3,Moderate
Nc1c2c(nc3ccccc13)-c1ccccc1CCC2,Inactive
O=C(NCCCCCNc1c2c(nc3ccccc13)CCCC2)c1cc2ccccc2oc1=O,Active
COc1ccc2cc(C(=O)NCCCCCNc3c4c(nc5ccccc35)CCCC4)c(=O)oc2c1,Active
COc1ccc2oc(=O)c(C(=O)NCCCCCNc3c4c(nc5ccccc35)CCCC4)cc2c1,Active
Cc1ccc2oc(=O)c(C(=O)NCCCCCNc3c4c(nc5ccccc35)CCCC4)cc2c1,Active
COc1cc2cc(C(=O)NCCCCCNc3c4c(nc5ccccc35)CCCC4)c(=O)oc2cc1OC,Active
O=C(NCCCCCNc1c2c(nc3ccccc13)CCCC2)c1cc2cc(OC(F)(F)F)ccc2oc1=O,Active
O=C(NCCCCCCNc1c2c(nc3ccccc13)CCCC2)c1cc2ccccc2oc1=O,Active
COc1ccc2cc(C(=O)NCCCCCCNc3c4c(nc5ccccc35)CCCC4)c(=O)oc2c1,Active
COc1ccc2oc(=O)c(C(=O)NCCCCCCNc3c4c(nc5ccccc35)CCCC4)cc2c1,Active
Cc1ccc2oc(=O)c(C(=O)NCCCCCCNc3c4c(nc5ccccc35)CCCC4)cc2c1,Active
COc1cc2cc(C(=O)NCCCCCCNc3c4c(nc5ccccc35)CCCC4)c(=O)oc2cc1OC,Active
O=C(NCCCCCCNc1c2c(nc3ccccc13)CCCC2)c1cc2cc(OC(F)(F)F)ccc2oc1=O,Active
O=C(NCCCCCCCNc1c2c(nc3ccccc13)CCCC2)c1cc2ccccc2oc1=O,Active
COc1ccc2cc(C(=O)NCCCCCCCNc3c4c(nc5ccccc35)CCCC4)c(=O)oc2c1,Active
COc1ccc2oc(=O)c(C(=O)NCCCCCCCNc3c4c(nc5ccccc35)CCCC4)cc2c1,Active
Cc1ccc2oc(=O)c(C(=O)NCCCCCCCNc3c4c(nc5ccccc35)CCCC4)cc2c1,Active
COc1cc2cc(C(=O)NCCCCCCCNc3c4c(nc5ccccc35)CCCC4)c(=O)oc2cc1OC,Active
O=C(NCCCCCCCNc1c2c(nc3ccccc13)CCCC2)c1cc2cc(OC(F)(F)F)ccc2oc1=O,Active
CC(C)c1ccc(NC(=O)Oc2ccc3c(c2)[C@]2(C)CCN(C)[C@@H]2N3C)cc1.O=C(O)C(O)C(O)C(=O)O,Active
CC[N+](C)(CC)CCC[n+]1c(-c2ccccc2)c2cc(N)ccc2c2ccc(N)cc21,Moderate
Nc1c2c(nc3ccccc13)-c1cccc(Cl)c1CC2,Inactive
CC(c1ccc2c(c1)oc(=O)c1ccccc12)N(C)C.Cl,Inactive
C[C@@H](c1ccc2c(c1)oc(=O)c1ccccc12)N(C)C.Cl,Inactive
COc1cc(C(C)N(C)C)cc2oc(=O)c3ccccc3c12.Cl,Inactive
COc1cc(C(C)N(C)C)c2c(c1)oc(=O)c1ccccc12.Cl,Inactive
CC(c1cc(O)c2c(c1)oc(=O)c1ccccc12)N(C)C.Cl,Moderate
CCN(C)C(=O)Oc1cc(C(C)N(C)C)cc2oc(=O)c3ccccc3c12.Cl,Inactive
CCN(C)C(=O)Oc1cc(C(C)N(C)C)c2c(c1)oc(=O)c1ccccc12.Cl,Moderate
O=c1oc2cc(OCCN3CCN(Cc4ccccc4)CC3)ccc2c2c1CCCC2,Inactive
CN(CCCOc1ccc2c3c(c(=O)oc2c1)CCCC3)Cc1ccccc1,Inactive
O=c1oc2cc(OCCCN3CCN(Cc4ccccc4)CC3)ccc2c2c1CCCC2,Moderate
COc1cccc(CN2CCN(CCCOc3ccc4c5c(c(=O)oc4c3)CCCC5)CC2)c1,Inactive
CN(CCCCOc1ccc2c3c(c(=O)oc2c1)CCCC3)Cc1ccccc1,Inactive
O=c1oc2cc(OCCCCN3CCC(Cc4ccccc4)CC3)ccc2c2c1CCCC2,Inactive
COc1cccc(CC2CCN(CCCCOc3ccc4c5c(c(=O)oc4c3)CCCC5)CC2)c1,Inactive
O=c1oc2cc(OCCCCN3CCN(Cc4ccccc4)CC3)ccc2c2c1CCCC2,Inactive
COc1cccc(CN2CCN(CCCCOc3ccc4c5c(c(=O)oc4c3)CCCC5)CC2)c1,Inactive
CN(CCOc1ccc2c(c1)oc(=O)c1ccccc12)Cc1ccccc1,Inactive
COc1cccc(CN(C)CCOc2ccc3c(c2)oc(=O)c2ccccc23)c1,Inactive
O=c1oc2cc(OCCN3CCN(Cc4ccccc4)CC3)ccc2c2ccccc12,Inactive
CN(CCCOc1ccc2c(c1)oc(=O)c1ccccc12)Cc1ccccc1,Inactive
COc1cccc(CN(C)CCCOc2ccc3c(c2)oc(=O)c2ccccc23)c1,Inactive
O=c1oc2cc(OCCCN3CCC(Cc4ccccc4)CC3)ccc2c2ccccc12,Inactive
O=c1oc2cc(OCCCN3CCN(Cc4ccccc4)CC3)ccc2c2ccccc12,Moderate
CN(CCCCOc1ccc2c(c1)oc(=O)c1ccccc12)Cc1ccccc1,Moderate
COc1cccc(CN(C)CCCCOc2ccc3c(c2)oc(=O)c2ccccc23)c1,Inactive
CC(C)c1ccc(NC(=O)Oc2ccc3c(c2)[C@]2(C)CCN(C)O[C@@H]2N3C)cc1,Active
CCN(CC)CCOc1ccc(C(=O)/C=C/c2ccccc2)cc1,Inactive
COCCN(CC1CCCN(C2Cc3ccccc3C2)C1)C(=O)c1ccc2ccccc2c1,Active
CC(c1nc2ccccc2s1)N(C)C(=O)CN1CCCC1c1ccc2c(c1)OCCCO2,Moderate
CCn1nc(C(=O)N2CCCC2)c2c1CCC(NCCc1nc(-c3ccccc3)cs1)C2,Moderate
COCCN(C[C@@H]1CCCN(C2Cc3ccccc3C2)C1)C(=O)c1ccc2ccccc2c1,Active
COCCN(C[C@H]1CCCN(C2Cc3ccccc3C2)C1)C(=O)c1ccc2ccccc2c1,Active
Fc1cc(Cl)ccc1-c1nn2c(-c3cccnc3)nnc2s1,Inactive
Fc1ccc(-c2nn3c(-c4cccnc4)nnc3s2)cc1Cl,Inactive
Cc1occc1-c1nn2c(-c3cccnc3)nnc2s1,Inactive
Fc1ccc(Cc2nn3c(-c4cccnc4)nnc3s2)cc1,Inactive
c1cncc(-c2nnc3sc(-c4ccc[nH]4)nn23)c1,Inactive
CCOc1ccc(Cc2nn3c(-c4cccnc4)nnc3s2)cc1,Inactive
Oc1ccccc1OCc1nn2c(-c3cccnc3)nnc2s1,Moderate
Oc1ccc(OCc2nn3c(-c4cccnc4)nnc3s2)cc1,Moderate
Cc1ccc(OCc2nn3c(-c4cccnc4)nnc3s2)cc1,Moderate
COc1ccc(OCc2nn3c(-c4cccnc4)nnc3s2)cc1,Inactive
Clc1ccc(C2=Nn3c(nnc3-c3cccnc3)SC2)cc1,Moderate
Fc1ccc(C2=Nn3c(nnc3-c3cccnc3)SC2)cc1,Moderate
Cc1ccc(C2=Nn3c(nnc3-c3cccnc3)SC2)cc1,Inactive
c1ccc(-c2ccc(C3=Nn4c(nnc4-c4cccnc4)SC3)cc2)cc1,Inactive
c1cncc(-c2nnc3n2N=C(c2cccc4ccccc24)CS3)c1,Inactive
O=[N+]([O-])c1ccc(C2=Nn3c(nnc3-c3cccnc3)SC2)cc1,Moderate
Clc1ccc(C2=Nn3c(nnc3-c3cccnc3)SC2)cc1Cl,Inactive
CN(C)CCCOc1ccc(C(=O)/C=C/c2ccccc2)cc1,Inactive
CN(C)CCCCOc1ccc(C(=O)/C=C/c2ccccc2)cc1,Inactive
CN(C)CCCCCOc1ccc(C(=O)/C=C/c2ccccc2)cc1,Inactive
CN(C)CCCCCCOc1ccc(C(=O)/C=C/c2ccccc2)cc1,Inactive
CCN(CC)CCCOc1ccc(C(=O)/C=C/c2ccccc2)cc1,Inactive
CCN(CC)CCCCOc1ccc(C(=O)/C=C/c2ccccc2)cc1,Inactive
CCN(CC)CCCCCOc1ccc(C(=O)/C=C/c2ccccc2)cc1,Inactive
CCN(CC)CCCCCCOc1ccc(C(=O)/C=C/c2ccccc2)cc1,Inactive
CCCN(CCC)CCOc1ccc(C(=O)/C=C/c2ccccc2)cc1,Inactive
CCCN(CCC)CCCOc1ccc(C(=O)/C=C/c2ccccc2)cc1,Inactive
CCCN(CCC)CCCCOc1ccc(C(=O)/C=C/c2ccccc2)cc1,Moderate
CCCN(CCC)CCCCCOc1ccc(C(=O)/C=C/c2ccccc2)cc1,Inactive
CCCN(CCC)CCCCCCOc1ccc(C(=O)/C=C/c2ccccc2)cc1,Inactive
CCCCN(CCCC)CCCOc1ccc(C(=O)/C=C/c2ccccc2)cc1,Inactive
CCCCN(CCCC)CCCCOc1ccc(C(=O)/C=C/c2ccccc2)cc1,Inactive
CCCCN(CCCC)CCCCCOc1ccc(C(=O)/C=C/c2ccccc2)cc1,Inactive
CCCCN(CCCC)CCCCCCOc1ccc(C(=O)/C=C/c2ccccc2)cc1,Inactive
CCCSc1nc(-c2ccc(Cl)cc2)nn1C(=O)N(C)C,Active
COc1ccc2c(c1)CO[P@@](=O)(OC[C@@H]1C=C[C@H](n3cc(C)c(=O)[nH]c3=O)O1)O2,Moderate
CSc1nc(-c2ccc3ccccc3c2)nn1C(=O)N(C)C,Moderate
C[C@@H]([C@H]1CC[C@H]2[C@@H]3CC[C@H]4C(=O)C(NC(=O)c5ccccc5)=CC[C@]4(C)[C@H]3CC[C@]12C)N(C)C,Moderate
CCc1cccc(CC)c1NC(=O)Oc1ccc2c(c1)[C@]1(C)CCN(C)[C@@H]1N2C,Moderate
Cc1ccc(NC(=O)Oc2ccc3c(c2)[C@]2(C)CCN(C)[C@@H]2N3C)c(C)c1,Moderate
CCC1=CC2Cc3nc4cc(F)cc(F)c4c(N)c3C(C1)C2,Moderate
COc1cc(CCC(=O)/C=C/CCCNc2c3c(nc4cc(Cl)ccc24)CC2CC(C)=CC3C2)ccc1O,Moderate
COc1cc(CCC(=O)/C=C/c2ccc(CNc3c4c(nc5cc(Cl)ccc35)CC3CC(C)=CC4C3)cc2)ccc1O,Moderate
COc1cc(CCC(=O)/C=C/c2ccc(CNc3c4c(nc5cc(Cl)ccc35)CC3CC(C)=CC4C3)cc2)cc(CN(C)C)c1O,Moderate
COc1ccc2nc3c(c(NCCNC4=CC(=O)c5ccccc5C4=O)c2c1)CCCC3,Moderate
COc1ccc2nc3c(c(NCCCNC4=CC(=O)c5ccccc5C4=O)c2c1)CCCC3,Moderate
O=C1C=C(NCCNc2c3c(nc4ccccc24)CCCC3)C(=O)c2ccccc21,Active
O=C1C=C(NCCCNc2c3c(nc4ccccc24)CCCC3)C(=O)c2ccccc21,Active
O=C1C=C(NCCNc2c3c(nc4cc(Cl)ccc24)CCCC3)C(=O)c2ccccc21,Moderate
O=C1C=C(NCCCNc2c3c(nc4cc(Cl)ccc24)CCCC3)C(=O)c2ccccc21,Moderate
O=C1C(NCCNc2c3c(nc4ccccc24)CCCC3)=CC(=O)c2c(O)cccc21,Active
O=C1C(NCCCNc2c3c(nc4ccccc24)CCCC3)=CC(=O)c2c(O)cccc21,Active
O=C1C(NCCNc2c3c(nc4cc(Cl)ccc24)CCCC3)=CC(=O)c2c(O)cccc21,Moderate
O=C1C(NCCCNc2c3c(nc4cc(Cl)ccc24)CCCC3)=CC(=O)c2c(O)cccc21,Moderate
COc1ccc2nc3c(c(NCCNC4=CC(=O)c5c(O)cccc5C4=O)c2c1)CCCC3,Moderate
COc1ccc2nc3c(c(NCCCNC4=CC(=O)c5c(O)cccc5C4=O)c2c1)CCCC3,Moderate
COc1ccc2nc3c(c(NCCNC4=C(Cl)C(=O)c5ccccc5C4=O)c2c1)CCCC3,Moderate
COc1ccc2nc3c(c(NCCCNC4=C(Cl)C(=O)c5ccccc5C4=O)c2c1)CCCC3,Moderate
O=C1C(Cl)=C(NCCNc2c3c(nc4cc(Cl)ccc24)CCCC3)C(=O)c2ccccc21,Moderate
O=C1C(Cl)=C(NCCCNc2c3c(nc4cc(Cl)ccc24)CCCC3)C(=O)c2ccccc21,Moderate
O=C1C(Cl)=C(NCCNc2c3c(nc4ccccc24)CCCC3)C(=O)c2ccccc21,Active
O=C1C(Cl)=C(NCCCNc2c3c(nc4ccccc24)CCCC3)C(=O)c2ccccc21,Active
Cc1cccc(NC(=O)Oc2ccc3c(c2)[C@]2(C)CCN(C)[C@@H]2N3C)c1C,Moderate
O=S(=O)(CCCN1CCC(c2ccccc2)CC1)NCCNc1cccc2ccccc12,Moderate
O=S(=O)(CCCN1CCN(Cc2ccccc2)CC1)NCCNc1cccc2ccccc12,Moderate
Cl.O=S(=O)(CCCNCCNc1cccc2ccccc12)NCCNc1cccc2ccccc12,Moderate
CCCCCCSc1nc(-c2ccc(C)cc2)nn1C(=O)N(C)C,Moderate
O=C(N1CCCCC1)n1nc(-c2ccc(Cl)cc2)nc1SCC1CC1,Moderate
CCSc1nc(-c2ccc(Cl)cc2)nn1C(=O)N(C)C,Active
COc1ccc(-c2nc(SC)n(C(=O)N(C)C)n2)cc1,Moderate
Cc1ccc(C)c(NC(=O)Oc2ccc3c(c2)[C@]2(C)CCN(C)[C@@H]2N3C)c1,Moderate
CSc1nc(-c2ccc(C(F)(F)F)cc2)nn1C(=O)N(C)C,Active
CSc1nc(-c2ccc(-c3ccccc3)cc2)nn1C(=O)N(C)C,Moderate
CN(CCCNc1c2c(nc3ccccc13)CCCC2)CCCNc1c2c(nc3ccccc13)CCCC2,Active
CNC(=O)Oc1ccc2c(c1)[C@]1(C)CCN(C)[C@@H]1N2C.O=C(O)c1ccccc1O,Active
c1ccc(COC[C@H]2NC[C@H](OCc3ccccc3)[C@@H](OCc3ccccc3)[C@@H]2OCc2ccccc2)cc1,Moderate
C=CC[C@@H]1[C@H](O)[C@@H](OCc2ccccc2)[C@H](O)CN1CCCCCCCC,Moderate
O=C1N[C@H](COCc2ccccc2)[C@@H](OCc2ccccc2)[C@H](OCc2ccccc2)[C@H]1OCc1ccccc1,Moderate
O[C@@H]1[C@@H](O)[C@@H](Cc2cn(Cc3cc(OCc4ccccc4)cc(OCc4ccccc4)c3)nn2)NC[C@H]1O,Moderate
O[C@@H]1[C@@H](OCc2ccccc2)[C@@H](Cc2cn(Cc3ccccc3)nn2)NC[C@H]1O,Moderate
O[C@@H]1[C@@H](O)[C@@H](Cc2cn(CCC(c3ccccc3)c3ccccc3)nn2)NC[C@H]1O,Inactive
C=CC[C@H]1NC[C@@H](O)[C@H](OCc2ccccc2)[C@H]1O,Inactive
CSc1nc(/C=C/c2ccccc2)nn1C(=O)N(C)C,Moderate
CN(CCCOc1ccc2c(=O)c3ccccc3oc2c1)Cc1cccc(OC(=O)NCCCCCCCN2CCOCC2)c1,Active
CN(CCCOc1ccc2c(=O)c3ccccc3oc2c1)Cc1cccc(OC(=O)NCCCCCCN2CCOCC2)c1,Active
CCc1ccccc1NC(=O)Oc1ccc2c(c1)[C@]1(C)CCN(C)[C@@H]1N2C,Moderate
CNC(=O)Oc1cccc(CN(C)CCCOc2ccc3c(=O)c4ccccc4oc3c2)c1,Moderate
C#CCN(C)Cc1cc2cc(OCCCC3CCN(Cc4ccccc4C)CC3)ccc2n1C,Moderate
C#CCN(C)Cc1cc2cc(OCCCC3CCN(Cc4ccc(OC(=O)N(C)C)c5ncccc45)CC3)ccc2n1C,Moderate
C#CCN(C)Cc1cc2cc(OCCCC3CCN(Cc4ccccc4)CC3)ccc2[nH]1,Moderate
C#CCNCc1cc2cc(OCCCC3CCN(Cc4ccccc4)CC3)ccc2[nH]1,Moderate
C=CCNCc1cc2cc(OCCCC3CCN(Cc4ccccc4)CC3)ccc2[nH]1,Inactive
CCOC(=O)c1cc2cc(OCCCC3CCN(Cc4ccccc4)CC3)ccc2[nH]1,Moderate
OCc1cc2cc(OCCCC3CCN(Cc4ccccc4)CC3)ccc2[nH]1,Inactive
C#CCN(C)Cc1ccc(OC(=O)N(C)C)c2ncccc12,Moderate
Cc1cccc(C)c1NC(=O)Oc1ccc2c(c1)[C@]1(C)CCN(C)[C@@H]1N2C,Moderate
Cc1c(C)c2c(c(C)c1O)CCC(C)(C(=O)NCCNc1c3c(nc4ccccc14)CCCC3)O2,Active
Cc1c(C)c2c(c(C)c1O)CCC(C)(C(=O)NCCCCNc1c3c(nc4ccccc14)CCCC3)O2,Active
Cc1c(C)c2c(c(C)c1O)CCC(C)(C(=O)NCCCCCNc1c3c(nc4ccccc14)CCCC3)O2,Active
Cc1c(C)c2c(c(C)c1O)CCC(C)(C(=O)NCCCCCCNc1c3c(nc4ccccc14)CCCC3)O2,Active
Cc1c(C)c2c(c(C)c1O)CCC(C)(C(=O)NCCCCCCCNc1c3c(nc4ccccc14)CCCC3)O2,Active
Cc1c(C)c2c(c(C)c1O)CCC(C)(C(=O)NCCCCCCCCNc1c3c(nc4ccccc14)CCCC3)O2,Active
Cc1c(C)c2c(c(C)c1O)CCC(C)(C(=O)NCCCCCCCCCCNc1c3c(nc4ccccc14)CCCC3)O2,Moderate
CCSc1nc(-c2ccc(OC)cc2)nn1C(=O)N1CCOCC1,Moderate
CCC1=CC2Cc3nc4cc(F)ccc4c(N)c3C(C1)C2,Active
Cc1c(Cl)c(=O)oc2cc(OCCN3CCN(CCCNc4c5c(nc6ccccc46)CCCC5)CC3)ccc12,Moderate
Cc1c(C)c2ccc(OCCN3CCN(CCCNc4c5c(nc6ccccc46)CCCC5)CC3)cc2oc1=O,Moderate
Cc1cc(C)cc(NC(=O)Cn2c(-c3nonc3N)nc3ccccc32)c1,Moderate
C[n+]1c(/C=C/c2cc3ccccc3[nH]2)ccc2ccccc21.[I-],Moderate
CCn1c2ccccc2c2cc(/C=C/c3ccc4ccccc4[n+]3C)ccc21.[I-],Moderate
C/C=C(\C)C(=O)N[C@@H]1[C@H](OC(C)=O)[C@@H]2CC[C@H]3C4=CC[C@H]([C@H](C)N(C)C)[C@@]4(C)CC[C@@H]3[C@@]2(C)C[C@@H]1O,Inactive
C[C@@H]([C@H]1CC[C@H]2[C@@H]3CC[C@H]4C[C@@H](NC(=O)c5ccccc5)[C@@H](O)C[C@]4(C)[C@H]3CC[C@]12C)N(C)C,Inactive
C/C=C(\C)C(=O)N[C@H]1CC[C@@]2(C)C(=CC[C@H]3[C@@H]4CC[C@H]([C@H](C)N(C)C)[C@@]4(C)CC[C@@H]32)C1=O,Moderate
C/C(=C\C(=O)N(C)[C@H]1CC[C@@]2(C)[C@@H](CC[C@@H]3[C@@H]2CC[C@]2(C)[C@@H]([C@H](C)N(C)C)CC[C@@H]32)C1)C(C)C,Moderate
CC[N+](C)(CC)CCC[n+]1c(-c2ccccc2)c2cc(N)ccc2c2ccc(N)cc21.[I-].[I-],Inactive
CC(c1cc(O)c2c(c1)oc(=O)c1ccccc12)N(C)C,Moderate
CC(c1ccc2c(c1)oc(=O)c1ccccc12)N(C)C,Inactive
C[C@@H](c1ccc2c(c1)oc(=O)c1ccccc12)N(C)C,Inactive
COc1cc(C(C)N(C)C)cc2oc(=O)c3ccccc3c12,Inactive
COc1cc(C(C)N(C)C)c2c(c1)oc(=O)c1ccccc12,Inactive
CCN(C)C(=O)Oc1cc(C(C)N(C)C)cc2oc(=O)c3ccccc3c12,Inactive
CCN(C)C(=O)Oc1cc(C(C)N(C)C)c2c(c1)oc(=O)c1ccccc12,Moderate
COc1cc2c(cc1OC)C(=O)C(CC1CCN(Cc3ccc(C)cc3)CC1)C2,Inactive
c1ccc2c(c1)CN1CCCC1=N2,Active
CCC1=CC2Cc3nc4cc(Cl)cc(Cl)c4c(N)c3C(C1)C2,Moderate
CC1(C)C(=O)CC[C@@]2(C)[C@H]1CC[C@@]1(C)CC3=CC(=O)[C@H]4C(C)(C)[C@H](O)CC[C@]4(C)[C@H]3CC[C@@H]12,Moderate
C[C@@]12CC[C@@H]3[C@](C)(CC[C@H](OC(=O)CCc4ccc(O)cc4)[C@]3(C)C(=O)O)[C@H]1CC[C@H]1C(=CC[C@@H]3[C@]1(C)CC[C@@H](O)[C@]3(C)CO)C2,Moderate
CC1(C)[C@H](O)CC[C@@]2(C)[C@H]1CC[C@@]1(C)CC3=CC[C@H]4C(C)(C)[C@@H](O)CC[C@]4(C)[C@H]3CC[C@@H]12,Moderate
Cc1c(C)c2ccc(OCCCCCNCc3ccccc3)cc2oc1=O.Cl,Moderate
Cc1c(C)c2ccc(OCCCCCCN(C)Cc3ccccc3)cc2oc1=O,Moderate
CN(Cc1ccccc1)Cc1ccc(COc2ccc3ccc(=O)oc3c2)cc1,Moderate
CN(Cc1ccccc1)Cc1ccc(COc2ccc3c(CO)cc(=O)oc3c2)cc1.Cl,Moderate
CN(Cc1ccccc1)Cc1ccc(COc2ccc3c(CO)cc(=O)oc3c2)cc1,Moderate
COCCN(CC1CCN(Cc2nc3ccccc3s2)CC1)C(=O)c1cc([N+](=O)[O-])c2cccnc2c1O,Moderate
COCCN(CC1CCCN(C2Cc3ccccc3C2)C1)C(=O)c1cc([N+](=O)[O-])c2cccnc2c1O,Moderate
C/C(=C\C(=O)N[C@H]1CC[C@@]2(C)[C@@H](CC[C@@H]3[C@@H]2CC[C@]2(C)[C@@H]([C@H](C)N(C)C)CC[C@@H]32)C1)C(C)C,Moderate
Cc1ccccc1-c1nnc(-c2ccc3c(c2)CO[C@@]3(CCCN(C)C)c2ccc(F)cc2)[nH]1,Inactive
Cc1cccc(-c2nnc(-c3ccc4c(c3)CO[C@@]4(CCCN(C)C)c3ccc(F)cc3)[nH]2)c1,Inactive
CN(C)CCC[C@@]1(c2ccc(F)cc2)OCc2cc(-c3nnc(-c4ccccc4Cl)[nH]3)ccc21,Inactive
CN(C)CCC[C@@]1(c2ccc(F)cc2)OCc2cc(-c3nnc(-c4cccc(Cl)c4)[nH]3)ccc21,Inactive
CN(C)CCC[C@@]1(c2ccc(F)cc2)OCc2cc(-c3nnc(-c4ccccc4F)[nH]3)ccc21,Moderate
CN(C)CCC[C@@]1(c2ccc(F)cc2)OCc2cc(-c3nnc(-c4cccc(F)c4)[nH]3)ccc21,Inactive
CN(C)CCC[C@@]1(c2ccc(F)cc2)OCc2cc(-c3nnc(-c4ccc(F)cc4)[nH]3)ccc21,Moderate
CN(C)CCC[C@@]1(c2ccc(F)cc2)OCc2cc(-c3nnc(-c4cccc(Br)c4)[nH]3)ccc21,Inactive
CN(C)CCC[C@@]1(c2ccc(F)cc2)OCc2cc(-c3nnc(-c4ccccc4I)[nH]3)ccc21,Inactive
COc1cc(-c2nnc(-c3ccc4c(c3)CO[C@@]4(CCCN(C)C)c3ccc(F)cc3)[nH]2)ccc1O,Inactive
CN(C)CCC[C@@]1(c2ccc(F)cc2)OCc2cc(-c3nnc(-c4ccc(-c5nnn[nH]5)cc4)[nH]3)ccc21,Inactive
COC1C=C(O[Si](C)(C)C(C)(C)C)C[C@@H]2Oc3ccccc3C(=O)[C@]12C#N,Moderate
COc1ccccc1CN(C)CCCN(C)CCCNCCC[n+]1c(-c2ccccc2)c2cc(N)ccc2c2ccc(N)cc21,Moderate
CCNC(=O)Oc1ccc2c(c1)[C@]1(C)CCN(C)C1N2C,Active
Cc1ccccc1NC(=O)Oc1ccc2c(c1)[C@]1(C)CCOC1N2C,Moderate
CC[N+](CC)(CCCCCn1c(C)cc(=O)n(CCCCC[N+](CC)(CC)Cc2ccccc2[N+](=O)[O-])c1=O)Cc1ccccc1[N+](=O)[O-].[Br-].[Br-],Moderate
CC[N+]1(Cc2ccccc2[N+](=O)[O-])CCCCCC[N+](CC)(Cc2ccccc2[N+](=O)[O-])CCCCCn2c(=O)cc(C)n(c2=O)CCCCC1.[Br-].[Br-],Moderate
CC[N+]1(Cc2ccccc2[N+](=O)[O-])CCCCCn2c(C)cc(=O)n(c2=O)CCCCC[N+](CC)(Cc2ccccc2[N+](=O)[O-])Cc2ccc(cc2)C1.[Br-].[Br-],Moderate
CC[N+]1(Cc2ccccc2[N+](=O)[O-])CCCCCn2c(C)cc(=O)n(c2=O)CCCCC[N+](CC)(Cc2ccccc2[N+](=O)[O-])CCCCCn2c(=O)cc(C)n(c2=O)CCCCC1.[Br-].[Br-],Moderate
CC[N+]1(Cc2ccccc2[N+](=O)[O-])CCCCCn2c(C)c3c(=O)n(c2=O)CCCCC[N+](CC)(Cc2ccccc2[N+](=O)[O-])CCCCCn2c(C)c(c(=O)n(c2=O)CCCCC1)C3.[Br-].[Br-],Inactive
COc1ccc2cc3[n+](cc2c1OCc1ccccc1)CCc1cc2c(cc1-3)OCO2.[Br-],Moderate
CC1(C)C=Cc2c(ccc(C(=O)/C=C/c3ccc(O)cc3)c2O)O1,Moderate
CNC(=O)Oc1ccc2c(c1)[C@]1(C)CCOC1N2C,Active
CCNC(=O)Oc1ccc2c(c1)C1(C)COC(C1)O2,Active
O=C(NCCc1c[nH]c2ccccc12)c1ccc[n+](Cc2ccccc2)c1.[Br-],Moderate
O=C(NCCc1c[nH]c2ccccc12)c1ccc[n+](Cc2ccccc2F)c1.[Br-],Moderate
O=C(NCCc1c[nH]c2ccccc12)c1cc[n+](Cc2ccccc2)cc1.[Br-],Moderate
O=C(NCCc1c[nH]c2ccccc12)c1cc[n+](Cc2ccccc2F)cc1.[Br-],Moderate
O=C(NCCc1c[nH]c2ccccc12)c1cc[n+](Cc2cccc(F)c2)cc1.[Br-],Moderate
O=C(NCCc1c[nH]c2ccccc12)c1cc[n+](Cc2ccc(F)cc2)cc1.[Br-],Moderate
Cc1cccc(C[n+]2ccc(C(=O)NCCc3c[nH]c4ccccc34)cc2)c1.[Br-],Moderate
Cc1ccc(C[n+]2ccc(C(=O)NCCc3c[nH]c4ccccc34)cc2)cc1.[Br-],Moderate
COc1ccc2[nH]cc(CCNC(=O)c3cc[n+](Cc4ccccc4F)cc3)c2c1.[Br-],Moderate
COc1ccc2[nH]cc(CCNC(=O)c3cc[n+](Cc4cccc(F)c4)cc3)c2c1.[Br-],Moderate
COc1ccc2[nH]cc(CCNC(=O)c3cc[n+](Cc4ccc(F)cc4)cc3)c2c1.[Br-],Moderate
COc1ccc2[nH]cc(CCNC(=O)c3cc[n+](Cc4ccc(OC(=O)N(C)C)cc4)cc3)c2c1.[Br-],Active
COc1ccc2[nH]cc(CCNC(=O)/C=C/c3cc[n+](Cc4ccccc4F)cc3)c2c1.[Br-],Moderate
COc1ccc2[nH]cc(CCNC(=O)/C=C/c3cc[n+](Cc4cccc(F)c4)cc3)c2c1.[Br-],Moderate
COc1ccc2[nH]cc(CCNC(=O)/C=C/c3cc[n+](Cc4ccc(F)cc4)cc3)c2c1.[Br-],Moderate
COc1ccc2[nH]cc(CCNC(=O)CCc3cc[n+](Cc4ccccc4F)cc3)c2c1.[Br-],Moderate
COc1ccc2[nH]cc(CCNC(=O)CCc3cc[n+](Cc4cccc(F)c4)cc3)c2c1.[Br-],Moderate
COc1ccc2[nH]cc(CCNC(=O)CCc3cc[n+](Cc4ccc(F)cc4)cc3)c2c1.[Br-],Moderate
COc1ccc2nc3c(c(NCCCCNC(=O)C4(C)CCc5c(C)c(O)c(C)c(C)c5O4)c2c1)CCCC3,Moderate
COc1ccc2nc3c(c(NCCNC(=O)C4(C)CCc5c(C)c(O)c(C)c(C)c5O4)c2c1)CCCC3,Moderate
COc1ccc2nc3c(c(NCCCNC(=O)C4(C)CCc5c(C)c(O)c(C)c(C)c5O4)c2c1)CCCC3,Moderate
COc1ccc2nc3c(c(NCCCCCNC(=O)C4(C)CCc5c(C)c(O)c(C)c(C)c5O4)c2c1)CCCC3,Moderate
COc1ccc2nc3c(c(NCCCCCCNC(=O)C4(C)CCc5c(C)c(O)c(C)c(C)c5O4)c2c1)CCCC3,Moderate
COc1ccc2nc3c(c(NCCCCCCCNC(=O)C4(C)CCc5c(C)c(O)c(C)c(C)c5O4)c2c1)CCCC3,Moderate
COc1ccc2nc3c(c(NCCCCCCCCNC(=O)C4(C)CCc5c(C)c(O)c(C)c(C)c5O4)c2c1)CCCC3,Moderate
Cc1c(C)c2c(c(C)c1O)CCC(C)(C(=O)NCCCNc1c3c(nc4ccccc14)CCCC3)O2,Active
Cc1c(C)c2c(c(C)c1O)CCC(C)(C(=O)NCCNc1c3c(nc4cc(Cl)ccc14)CCCC3)O2,Active
Cc1c(C)c2c(c(C)c1O)CCC(C)(C(=O)NCCCNc1c3c(nc4cc(Cl)ccc14)CCCC3)O2,Moderate
Cc1c(C)c2c(c(C)c1O)CCC(C)(C(=O)NCCCCNc1c3c(nc4cc(Cl)ccc14)CCCC3)O2,Active
Cc1c(C)c2c(c(C)c1O)CCC(C)(C(=O)NCCCCCNc1c3c(nc4cc(Cl)ccc14)CCCC3)O2,Moderate
Cc1c(C)c2c(c(C)c1O)CCC(C)(C(=O)NCCCCCCNc1c3c(nc4cc(Cl)ccc14)CCCC3)O2,Moderate
Cc1c(C)c2c(c(C)c1O)CCC(C)(C(=O)NCCCCCCCNc1c3c(nc4cc(Cl)ccc14)CCCC3)O2,Moderate
Cc1c(C)c2c(c(C)c1O)CCC(C)(C(=O)NCCCCCCCCNc1c3c(nc4cc(Cl)ccc14)CCCC3)O2,Moderate
Nc1c2c(nc3cc(Cl)ccc13)CC(CNC(=O)CCCCC1CCSS1)CC2,Moderate
CCN(CC)C(=O)Oc1ccc(-c2cc(=O)c3c(O)c(O)c(O)cc3o2)cc1,Inactive
CCNC(=O)Oc1cccc2c1CCC1CCN(C)C21,Active
CC(=O)NCCc1c[nH]c2ccc(OC(=O)NCCCCCCCNc3c4c(nc5ccccc35)CCCC4)cc12,Active
CC(=O)NCCc1c[nH]c2ccc(OC(=O)NCCNc3c4c(nc5ccccc35)CCCC4)cc12,Active
CC(=O)NCCc1c[nH]c2ccc(OC(=O)NCCCCCCNc3c4c(nc5ccccc35)CCCC4)cc12,Active
CC(=O)NCCc1c[nH]c2ccc(OC(=O)NCCCCCCCNc3c4c(nc5cc(Cl)ccc35)CCCC4)cc12,Active
CC(=O)NCCc1c[nH]c2ccc(OC(=O)NCCNc3c4c(nc5cc(Cl)ccc35)CCCC4)cc12,Active
CC(=O)O[C@@]12CCN(C(C)=O)[C@@H]1N(C(C)=O)c1ccc(OC(=O)NCCCCCCNc3c4c(nc5ccccc35)CCCC4)cc12,Active
CC(=O)NCCc1c[nH]c2ccc(OC(=O)NCCCNc3c4c(nc5ccccc35)CCCC4)cc12,Active
CC(=O)NCCc1c[nH]c2ccc(OC(=O)NCCCCNc3c4c(nc5ccccc35)CCCC4)cc12,Active
CC(=O)NCCc1c[nH]c2ccc(OC(=O)NCCCCCNc3c4c(nc5ccccc35)CCCC4)cc12,Active
CC(=O)NCCc1c[nH]c2ccc(OC(=O)NCCCCCCCCNc3c4c(nc5ccccc35)CCCC4)cc12,Active
CC(=O)NCCc1c[nH]c2ccc(OC(=O)NCCCCCCCNc3c4c(nc5ccc(Cl)cc35)CCCC4)cc12,Active
CC(=O)NCCc1c[nH]c2ccc(OC(=O)NCCNc3c4c(nc5ccc(Cl)cc35)CCCC4)cc12,Active
CC(=O)NCCc1c[nH]c2ccc(OC(=O)NCCCCCCCCCCNc3c4c(nc5ccccc35)CCCC4)cc12,Active
CC(=O)NCCc1c[nH]c2ccc(OC(=O)NCCCCCCCCCCCCNc3c4c(nc5ccccc35)CCCC4)cc12,Active
CC(=O)NCCc1c[nH]c2ccc(OC(=O)NCCCCCCCCCCNc3c4c(nc5ccc(Cl)cc35)CCCC4)cc12,Active
CC(=O)NCCc1c[nH]c2ccc(OC(=O)NCCCCCCCCCCNc3c4c(nc5cc(Cl)ccc35)CCCC4)cc12,Active
CC(=O)NCCc1c[nH]c2ccc(OC(=O)NCCCCCCCCCCCCNc3c4c(nc5cc(Cl)ccc35)CCCC4)cc12,Active
CC(=O)NCCc1c[nH]c2ccc(OC(=O)NCCCCCCCCCCCCNc3c4c(nc5ccc(Cl)cc35)CCCC4)cc12,Active
CNC(=O)Oc1cccc(CN(C)CCCCCCCOc2ccc3c(c2)O/C(=C\c2cccc4ccccc24)C3=O)c1,Inactive
O=C1C(=O)C(Cl)=C(Cl)C(Cl)=C1Cl,Moderate
CNC(=O)Oc1cccc(CN(C)CCCCCCCOc2ccc3c(c2)CC/C(=C\c2cc(OC)c(OC)c(OC)c2)C3=O)c1,Inactive
CCC(=O)Oc1cccc(CN(C)CCCCCCCOc2ccc3c(c2)O/C(=C\c2ccc4ccccc4c2)C3=O)c1,Inactive
CCN(CC)CCOC(=O)C(C)(c1ccccc1)c1ccc(OC(=O)NC)cc1,Moderate
COC1C=CC[C@@H]2Oc3ccc(Cl)cc3C(=O)[C@]12C#N,Moderate
CCNC(=O)Oc1ccc2c(c1)[C@]1(C)CCOC1N2C,Active
CCCOc1ccccc1CN(CC)CCCCCC(=O)N(C)CCCCCCCCN(C)C(=O)CCCCCN(CC)Cc1ccccc1OCCC,Moderate
O=S(=O)(c1ccccc1)n1ccc2c(OCCNCc3ccccc3)cccc21,Moderate
CCNC(=O)Oc1ccc2c(c1)C1(C)CCOC1O2,Active
O=C(CCCCCNc1c2c(nc3ccccc13)CCCC2)NCCc1c[nH]c2ccc(O)cc12,Active
CNC(=O)Oc1cccc(CN(C)CCCCCCCOc2ccc3c(c2)O/C(=C\c2ccccc2)C3=O)c1,Inactive
CC(NC(=O)Oc1cccc2c1OCC1CCN(C)C21)c1ccccc1,Moderate
COc1ccc2[nH]cc(CCNC(=O)CCCCCCNc3c4c(nc5cc(Cl)cc(Cl)c35)CCCC4)c2c1,Active
CNC(=O)Oc1cccc(CN(C)CCCCCCCOc2ccc3c(c2)O/C(=C\c2ccc(Cl)c(Cl)c2)C3=O)c1,Inactive
Cc1cn([C@H]2C=C[C@@H](COP3(=O)OCc4cccc(-c5cccc(CO)c5O)c4O3)O2)c(=O)[nH]c1=O,Moderate
Cn1c2ccc(O)cc2c2cc[n+](C)cc21,Inactive
O=C1C(=O)N(CCN2C(=O)C(=O)c3ccccc32)c2ccccc21,Moderate
O=C(c1ccc(C(F)(F)F)cc1)c1nccc2c1[nH]c1ccccc12,Moderate
Cc1cc(C)c(NCN2C(=O)C(=O)c3ccccc32)cc1C,Moderate
COc1ccc2[nH]c3c(C)[n+](C)ccc3c2c1,Moderate
O=C1C(=O)N(CNc2ccccc2Br)c2ccccc21,Moderate
COc1cc(C(=O)NCCCCCCCCC(=O)NNc2c3c(cc4ccccc24)CCCC3)cc(OC)c1OC,Active
COc1ccc2c(c1)c1ccnc(C)c1n2C,Inactive
O=C1C(=O)N(Cc2ccc(Cl)c(Cl)c2)c2ccccc21,Inactive
O=C(NCCCCCCCNc1c2c(nc3ccccc13)CCCC2)c1cc2ccccc2o1,Active
c1ccc2oc(CNCCCCCCNc3c4c(nc5ccccc35)CCC4)cc2c1,Active
COc1cccc2cc(C(=O)NCCCCCCNc3c4c(nc5ccccc35)CCCCC4)oc12,Active
CCNCc1cccc2[nH]c3cc(Cl)ccc3c12,Moderate
COc1cccc2cc(CNCCCCCCNc3c4c(nc5ccccc35)CCC4)oc12,Active
c1ccc2oc(CN(CCCCCCCNc3c4c(nc5ccccc35)CCC4)Cc3cc4ccccc4o3)cc2c1,Active
O=C(NCCCCCCNc1c2c(nc3ccccc13)CCCC2)c1cc2ccccc2o1,Active
c1ccc2oc(CNCCCCCCCNc3c4c(nc5ccccc35)CCCC4)cc2c1,Active
c1ccc2oc(CNCCCCCCCNc3c4c(nc5ccccc35)CCC4)cc2c1,Active
O=C(NCCCCCCNc1c2c(nc3ccccc13)CCC2)c1cc2ccccc2o1,Active
Cl.Cl.c1ccc2c(NCCCCCCCNc3c4c(nc5ccccc35)CCCC4)c3c(nc2c1)CCCC3,Active
COc1cccc2cc(C(=O)NCCCCCCCNc3c4c(nc5ccccc35)CCCC4)oc12,Active
COc1cccc2cc(CNCCCCCCNc3c4c(nc5ccccc35)CCCC4)oc12,Active
CC(C)NCc1cccc2[nH]c3ccccc3c12,Moderate
Cc1cccc(NC(=O)CN2C(=O)C(=O)c3ccccc32)c1,Inactive
c1ccc2oc(CN(CCCCCCCNc3c4c(nc5ccccc35)CCCC4)Cc3cc4ccccc4o3)cc2c1,Active
COc1cccc2cc(CNCCCCCCCNc3c4c(nc5ccccc35)CCCCC4)oc12,Active
COc1cccc2cc(C(=O)NCCCCCCNc3c4c(nc5ccccc35)CCC4)oc12,Active
O=C(NCCCCCCNc1c2c(nc3ccccc13)CCCCC2)c1cc2ccccc2o1,Active
COc1cccc2cc(C(=O)NCCCCCCNc3c4c(nc5ccccc35)CCCC4)oc12,Active
COc1cccc2cc(CN(CCCCCCNc3c4c(nc5ccccc35)CCCC4)Cc3cc4cccc(OC)c4o3)oc12,Active
COc1cccc2cc(CN(CCCCCCCNc3c4c(nc5ccccc35)CCCCC4)Cc3cc4cccc(OC)c4o3)oc12,Active
COc1cccc2cc(C(=O)NCCCCCCCNc3c4c(nc5ccccc35)CCCCC4)oc12,Active
O=C(NCCCCCCCNc1c2c(nc3ccccc13)CCC2)c1cc2ccccc2o1,Active
c1ccc2oc(CN(CCCCCCNc3c4c(nc5ccccc35)CCC4)Cc3cc4ccccc4o3)cc2c1,Active
CCN(Cc1cccc2[nH]c3cc(Cl)ccc3c12)C(=O)/C=C/c1ccc(O)c(OC)c1,Moderate
O=C(NCCCCCCCNc1c2c(nc3ccccc13)CCCCC2)c1cc2ccccc2o1,Active
COc1cc(/C=C/C(=O)N(Cc2cccc3[nH]c4ccccc4c23)C(C)C)ccc1O,Moderate
c1ccc2oc(CN(CCCCCCCNc3c4c(nc5ccccc35)CCCCC4)Cc3cc4ccccc4o3)cc2c1,Active
COc1cccc2cc(CN(CCCCCCNc3c4c(nc5ccccc35)CCC4)Cc3cc4cccc(OC)c4o3)oc12,Active
COc1cccc2cc(C(=O)NCCCCCCCNc3c4c(nc5ccccc35)CCC4)oc12,Active
COc1cccc2cc(CN(CCCCCCNc3c4c(nc5ccccc35)CCCCC4)Cc3cc4cccc(OC)c4o3)oc12,Active
Cc1cn([C@H]2C=C[C@@H](COP3(=O)OCc4cccc(C(C)(C)C)c4O3)O2)c(=O)[nH]c1=O,Moderate
Cc1cn([C@H]2C=C[C@@H](COP3(=O)OCc4cccc(-c5cccc6c5OC(C)(C)OC6)c4O3)O2)c(=O)[nH]c1=O,Moderate
Cc1cn([C@H]2C=C[C@@H](COP3(=O)OCc4ccccc4O3)O2)c(=O)[nH]c1=O,Moderate
Cc1c2[nH]c3ccc(O)cc3c2cc[n+]1C,Moderate
CN(CCCCCCCOc1ccc2c(=O)c3ccccc3oc2c1)Cc1cccc(Cl)c1,Inactive
Cc1cccc2c1OP(=O)(OC[C@@H]1C=C[C@H](n3cc(C)c(=O)[nH]c3=O)O1)OC2,Moderate
Cc1cn([C@H]2C=C[C@@H](COP3(=O)OCc4cccc(-c5cccc6c5OP(=O)(OC[C@@H]5C=C[C@H](n7cc(C)c(=O)[nH]c7=O)O5)OC6)c4O3)O2)c(=O)[nH]c1=O,Inactive
COc1ccccc1CN(C)CCCCCCCOc1ccc2c(=O)c3ccccc3oc2c1,Moderate
O=C1C(=O)N(Cc2ccc(Cl)cc2)c2ccccc21,Inactive
N#CC1=C(N)N2CCCNC2=C([N+](=O)[O-])C12C(=O)Nc1ccccc12,Moderate
CC1(C)CNC2=C([N+](=O)[O-])C3(C(=O)Nc4ccc(F)cc43)C(C#N)=C(N)N2C1,Inactive
N#CC1=C(N)N(Cc2ccccc2)C(NCc2ccccc2)=C([N+](=O)[O-])C12C(=O)c1cccc3cccc2c13,Inactive
Cc1ccc2c(c1)C1(C(=O)N2)C(C#N)=C(N)N(Cc2ccccc2)C(NCc2ccccc2)=C1[N+](=O)[O-],Inactive
O=c1oc2cc(OCCNC3CCN(Cc4ccccc4)CC3)ccc2c2c1CCCC2,Moderate
N#CC1=C(N)N2CCNC2=C([N+](=O)[O-])C12C(=O)Nc1ccc(F)cc12,Inactive
CC1(C)CNC2=C([N+](=O)[O-])C3(C(=O)Nc4ccccc43)C(C#N)=C(N)N2C1,Inactive
CC1(C)CNC2=C([N+](=O)[O-])C3(C(=O)Nc4ccc([N+](=O)[O-])cc43)C(C#N)=C(N)N2C1,Inactive
CC1(C)CNC2=C([N+](=O)[O-])C3(C(=O)c4ccc(Br)c5c(Br)ccc3c45)C(C#N)=C(N)N2C1,Inactive
N#CC1=C(N)N(Cc2ccccc2)C(NCc2ccccc2)=C([N+](=O)[O-])C12C(=O)Nc1ccc(F)cc12,Inactive
N#CC1=C(N)N2CCNC2=C([N+](=O)[O-])C12C(=O)c1ccc(Br)c3c(Br)ccc2c13,Inactive
Cc1ccc2c(c1)C1(C(=O)N2)C(C#N)=C(N)N2CCCNC2=C1[N+](=O)[O-],Inactive
Cc1cc(=O)oc2cc(CNCCC3CCN(Cc4ccccc4)CC3)ccc12,Moderate
COc1ccc2c3c1O[C@H]1CC(O)CC[C@@]31CCN(C)C2,Moderate
COc1ccc2[nH]c3c[n+](C)ccc3c2c1,Inactive
N#CC1=C(N)N2CCCNC2=C([N+](=O)[O-])C12C(=O)Nc1ccc(F)cc12,Inactive
N#CC1=C(N)N2CCNC2=C([N+](=O)[O-])C12C(=O)c1cccc3cccc2c13,Inactive
N#CC1=C(N)N2CCCNC2=C([N+](=O)[O-])C12C(=O)c1ccc(Br)c3c(Br)ccc2c13,Inactive
Cc1c(C)c2ccc(OCCNC3CCN(Cc4ccccc4)CC3)cc2oc1=O,Moderate
Cc1ccc2c(c1)C1(C(=O)N2)C(C#N)=C(N)N2CCNC2=C1[N+](=O)[O-],Inactive
CC1(C)CNC2=C([N+](=O)[O-])C3(C(=O)c4cccc5cccc3c45)C(C#N)=C(N)N2C1,Inactive
Cc1c(Cl)c(=O)oc2cc(OCCNC3CCN(Cc4ccccc4)CC3)ccc12,Moderate
N#CC1=C(N)N2CCCNC2=C([N+](=O)[O-])C12C(=O)c1cccc3cccc2c13,Inactive
Cc1ccc2c(c1)C1(C(=O)N2)C(C#N)=C(N)N2CC(C)(C)CNC2=C1[N+](=O)[O-],Inactive
N#CC1=C(N)N(Cc2ccccc2)C(NCc2ccccc2)=C([N+](=O)[O-])C12C(=O)c1ccc(Br)c3c(Br)ccc2c13,Inactive
CCN(CC)C(C)C(=O)N1c2ccccc2Sc2ccccc21,Moderate
N#CC1=C(N)N2CCNC2=C([N+](=O)[O-])C12C(=O)Nc1ccccc12,Inactive
O=c1cc(Cl)c2ccc(OCCNC3CCN(Cc4ccccc4)CC3)cc2o1,Moderate
N#CC1=C(N)N(Cc2ccccc2)C(NCc2ccccc2)=C([N+](=O)[O-])C12C(=O)Nc1ccc([N+](=O)[O-])cc12,Inactive
N#CC1=C(N)N(Cc2ccccc2)C(NCc2ccccc2)=C([N+](=O)[O-])C12C(=O)Nc1ccccc12,Inactive
N#CC1=C(N)N2CCNC2=C([N+](=O)[O-])C12C(=O)Nc1ccc([N+](=O)[O-])cc12,Inactive
N#CC1=C(N)N2CCCNC2=C([N+](=O)[O-])C12C(=O)Nc1ccc([N+](=O)[O-])cc12,Inactive
COc1cccc(C(=O)N2c3ccccc3[Se]c3ccc(Cl)cc32)c1,Inactive
COc1ccc(C(=O)N2c3ccccc3[Se]c3ccc(Cl)cc32)cc1OC,Moderate
COc1ccc(C(=O)N2c3ccccc3[Se]c3ccccc32)cc1,Inactive
O=C(Cc1ccccc1)N1c2ccccc2[Se]c2ccccc21,Inactive
COc1cccc(C(=O)N2c3ccccc3[Se]c3ccccc32)c1,Moderate
c1ccc2c(c1)Nc1ccccc1[Se]2,Moderate
Clc1ccc2c(c1)Nc1ccccc1[Se]2,Moderate
COc1ccc(C(=O)N2c3ccccc3Sc3ccc(Cl)cc32)cc1OC,Inactive
COc1ccc(C(=O)N2c3ccccc3[Se]c3ccc(Cl)cc32)cc1,Moderate
COc1cccc(C(=O)N2c3ccccc3Sc3ccc(Cl)cc32)c1,Inactive
COc1ccc(C(=O)N2c3ccccc3Sc3ccccc32)cc1OC,Inactive
O=C(c1ccccc1)N1c2ccccc2[Se]c2ccc(Cl)cc21,Moderate
O=C(Cc1ccccc1)N1c2ccccc2Sc2ccc(Cl)cc21,Moderate
O=C(c1ccccc1)N1c2ccccc2[Se]c2ccccc21,Inactive
O=C(CCc1ccccc1)N1c2ccccc2[Se]c2ccc(Cl)cc21,Inactive
O=C(Cc1ccccc1)N1c2ccccc2[Se]c2ccc(Cl)cc21,Moderate
O=C(CCc1ccccc1)N1c2ccccc2Sc2ccc(Cl)cc21,Moderate
COc1ccc(C(=O)N2c3ccccc3[Se]c3ccccc32)cc1OC,Moderate
O=C(CCc1ccccc1)N1c2ccccc2[Se]c2ccccc21,Inactive
CCNC(=O)Oc1ccc2c(c1)[C@@]1(C)CCO[C@H]1O2,Active
C[N+](C)(C)CCOC(=O)c1ccc(Oc2nc(Oc3ccc(C(=O)OCC[N+](C)(C)C)cc3)nc(Oc3ccc(C(=O)OCC[N+](C)(C)C)cc3)n2)cc1,Moderate
Cc1ccccc1NC(=O)Oc1ccc2c(c1)[C@@]1(C)CO[C@H](C1)O2,Inactive
CCCCCCCNC(=O)Oc1ccc2c(c1)CN(C)C(c1cccs1)N2C,Active
CCNC(=O)Oc1ccc2c(c1)[C@@]1(C)CO[C@H](C1)O2,Active
O=C(CCCCCCNc1c2c(nc3cc(Cl)ccc13)CCCC2)NCCc1c[nH]c2ccccc12,Active
Cc1ccccc1NC(=O)Oc1ccc2c(c1)[C@@]1(C)CCN(C)[C@H]1N2C,Moderate
O=C(/C=C/c1ccccc1O)NCCC1CCN(Cc2ccccc2)CC1,Moderate
COc1ccc(/C=C/C(=O)NCCC2CCN(Cc3ccccc3)CC2)cc1O,Moderate
COc1cc(/C=C/C(=O)NCCC2CCN(Cc3ccccc3)CC2)ccc1O,Moderate
COc1cc(CCC(=O)NCCC2CCN(Cc3ccccc3)CC2)ccc1O,Moderate
O=C(/C=C/c1ccc(F)cc1)NCCC1CCN(Cc2ccccc2)CC1,Moderate
COc1cccc(/C=C/C(=O)NCCC2CCN(Cc3ccccc3)CC2)c1,Moderate
COc1ccc(/C=C/C(=O)NCCC2CCN(Cc3ccccc3)CC2)cc1OC,Moderate
O=C(/C=C/c1ccc([N+](=O)[O-])cc1)NCCC1CCN(Cc2ccccc2)CC1,Moderate
O=C(/C=C/c1ccc(Cl)cc1)NCCC1CCN(Cc2ccccc2)CC1,Moderate
O=C(/C=C/c1ccc(O)c(O)c1)NCCC1CCN(Cc2ccccc2)CC1,Moderate
COc1cc(/C=C/C(=O)NCCC2CCN(Cc3ccccc3)CC2)cc(OC)c1OC,Moderate
COc1cc(/C=C/C(=O)NCCC2CCN(Cc3ccccc3)CC2)cc(OC)c1O,Moderate
CCNC(=O)Oc1ccc2c(c1)[C@]1(C)CCO[C@@H]1N2C,Active
O=C(/C=C/c1ccc(O)cc1)NCCC1CCN(Cc2ccccc2)CC1,Moderate
COc1cc(/C=C/C(=O)NCCC2CCN(Cc3ccccc3)CC2)ccc1OC(C)=O,Moderate
O=C(/C=C/c1ccccc1)NCCC1CCN(Cc2ccccc2)CC1,Moderate
CC(C)c1ccc(NC(=O)Oc2ccc3c(c2)[C@]2(C)CCO[C@@H]2N3C)cc1,Active
O=C(CC1CCN(Cc2ccccc2)CC1)NCCc1c[nH]c2ccccc12,Moderate
COc1ccc2[nH]cc(CCNC(=O)CCCCCCNc3c4c(nc5ccccc35)CCCC4)c2c1,Active
Cc1ccc(CN2CCC(CC(=O)NCCc3c[nH]c4ccccc34)CC2)cc1,Moderate
COc1ccc2[nH]cc(CCNC(=O)CC3CCN(Cc4ccc(C)cc4)CC3)c2c1,Moderate
Cc1ccccc1CN1CCC(C(=O)NCCc2c[nH]c3ccccc23)CC1,Moderate
O=C(CCc1c[nH]c2ccccc12)NC1CCN(Cc2ccccc2)CC1,Moderate
COc1ccc2[nH]cc(CCNC(=O)CC3CCN(Cc4ccccc4C)CC3)c2c1,Moderate
Cc1cccc(CN2CCC(CC(=O)NCCc3c[nH]c4ccccc34)CC2)c1,Moderate
CNC(=O)Oc1ccc2c(c1)[C@@]1(C)CCN(C)[C@H]1N2C,Moderate
COc1ccc2[nH]cc(CCNC(=O)CC3CCN(Cc4cccc(C)c4)CC3)c2c1,Moderate
COc1ccc2[nH]cc(CCNC(=O)C3CCN(Cc4ccccc4C)CC3)c2c1,Moderate
O=C(NCCc1c[nH]c2ccccc12)C1CCN(Cc2ccccc2)CC1,Moderate
C/C=C1\C2C=C(C)C[C@]1(N)CC(NCCCCCCCNc1c3c(nc4ccccc14)CCCC3)C2,Active
Cc1ccccc1CN1CCC(CC(=O)NCCc2c[nH]c3ccccc23)CC1,Moderate
O=C(CCc1c[nH]c2ccccc12)NCCC1CCN(Cc2ccccc2)CC1,Active
COc1ccc2[nH]cc(CCNC(=O)C3CCN(Cc4ccccc4)CC3)c2c1,Moderate
CCCCCCCCC1OCc2c[n+](C)c(C)c(OC(=O)N(C)C)c2CO1.[Br-],Moderate
CCCCCCCNC(=O)Oc1cccc(CN(C)CCCCCOc2ccc3c(c2)Oc2ncccc2C3)c1,Active
COc1ccc(-c2cc3cc(OCCCN(C)Cc4cccc(OC(=O)NCCCCCc5ccccc5)c4)ccc3oc2=O)cc1,Active
CN(CCCOc1ccc2c(c1)oc(=O)c1ccccc12)Cc1cccc(OC(=O)NCCCCCc2ccccc2)c1,Active
CN(CCCOc1ccc2cc(-c3ccc(Cl)cc3)c(=O)oc2c1)Cc1cccc(OC(=O)NCCCCCc2ccccc2)c1,Active
O=C(NCCCCCc1ccccc1)Oc1cccc(Cn2cc(COc3ccc4ccc(=O)oc4c3)nn2)c1,Active
CCCCCCCNC(=O)Oc1cccc(Cn2cc(COc3ccc4ccc(=O)oc4c3)nn2)c1,Active
CCCCCCCNC(=O)Oc1cccc(CN(C)CCCOc2ccc3c4c(c(=O)oc3c2)CCCC4)c1,Active
CN(CCCOc1ccc2ccc(=O)oc2c1)Cc1cccc(OC(=O)NCCCCCCc2ccccc2)c1,Active
COc1ccc(-c2cc3ccc(OCCCN(C)Cc4cccc(OC(=O)NCCCCCc5ccccc5)c4)cc3oc2=O)cc1,Active
CCCCCCCNC(=O)Oc1cccc(CN(C)CCCCCOc2ccc3c4c(c(=O)oc3c2)CCCC4)c1,Active
CN(CCCOc1ccc2c3c(c(=O)oc2c1)CCCC3)Cc1cccc(OC(=O)NCCCCCc2ccccc2)c1,Active
CCCCCCc1ccc(NC(=O)Oc2cccc(CN(C)CCCOc3ccc4ccc(=O)oc4c3)c2)cc1,Active
O=C(NCCCCCc1ccccc1)Oc1ccc(-n2cc(COc3ccc4ccc(=O)oc4c3)nn2)cc1,Moderate
CCCCCCCC1OCc2c[n+](C)c(C)c(OC(=O)N(C)C)c2CO1.[Br-],Moderate
O=C(NCCCCCc1ccccc1)Oc1ccc(Cn2cc(COc3ccc4ccc(=O)oc4c3)nn2)cc1,Active
Cc1cc(=O)oc2cc(OCCCN(C)Cc3cccc(OC(=O)NCCCCCc4ccccc4)c3)ccc12,Active
O=C(NCCCCCc1ccccc1)Oc1cccc(-n2cc(COc3ccc4ccc(=O)oc4c3)nn2)c1,Active
CN(CCCCCOc1ccc2ccc(=O)oc2c1)Cc1cccc(OC(=O)NCCCCCc2ccccc2)c1,Active
CCCCCCCNC(=O)Oc1cccc(-n2cc(COc3ccc4ccc(=O)oc4c3)nn2)c1,Active
CN(CCCOc1ccc2cc(-c3ccccc3)c(=O)oc2c1)Cc1cccc(OC(=O)NCCCCCc2ccccc2)c1,Active
CCCCCCCCCC(C)C1OCc2c[n+](C)c(C)c(OC(=O)N(C)C)c2CO1.[Br-],Moderate
CCCCCCCNC(=O)Oc1cccc(CN(C)CCCCCOc2ccc3ccc(=O)oc3c2)c1,Active
CCCCCCCNC(=O)Oc1ccc(Cn2cc(COc3ccc4ccc(=O)oc4c3)nn2)cc1,Active
CC(C)c1ccc(NC(=O)Oc2ccc3c(c2)[C@@]2(C)CCN(C)[C@H]2N3C)cc1,Moderate
CC(C)=CCN1c2ccccc2[C@]2(CC=C(C)C)CCN(C)[C@H]12,Moderate
CC1=CC2Cc3nc4cc(Cl)ccc4c(N)c3C(C1)C2NC=O,Moderate
COc1cc(CCC(=O)NCCCC(=O)NNc2c3c(nc4ccccc24)CCCC3)cc(OC)c1OC,Active
CCN(CCCCCC(=O)N(C)CCCCCCCCN(C)C(=O)CCCCCN(CC)Cc1ccccc1OC)Cc1ccccc1OC.O=C(O)C(=O)O,Moderate
COc1cc(C(=O)NCC(=O)NNc2c3c(nc4ccccc24)CCCC3)cc(OC)c1OC,Active
COc1ccc2c(c1)c1cc[n+](C)cc1n2C,Inactive
CCN(CCCCCC(=O)N1CCC(CCC2CCN(C(=O)CCCCCN(CC)Cc3ccccc3OC)CC2)CC1)Cc1ccccc1OC.O=C(O)C(=O)O,Moderate
COc1ccc(CN(C)CCCCCCCOc2ccc3c(=O)c4ccccc4oc3c2)c(OC)c1OC,Moderate
O=S(=O)(c1ccccc1)n1ccc2c(N3CCN(CCCCCCNc4c5c(nc6ccccc46)CCCC5)CC3)cccc21,Active
CN(CCCNC(=O)CCc1c[nH]c2ccccc12)CCCNc1c2c(nc3cc(Cl)ccc13)CCCC2,Active
O=C(NCCCCCNc1c2c(nc3cc(Cl)ccc13)CCCC2)c1c[nH]c2ccccc12,Active
O=C(NCCCCCCCNc1c2c(nc3cc(Cl)ccc13)CCCC2)c1n[nH]c2ccccc12,Active
O=C(NCCCCCCCNc1c2c(nc3cc(Cl)ccc13)CCCC2)c1c[nH]c2ccccc12,Active
COc1cc2c(cc1OC)C(=O)C(CC1CCN(Cc3ccc4ccccc4n3)CC1)C2,Moderate
COC(=O)c1cccc(CN2CCC(CC3Cc4cc(OC)c(OC)cc4C3=O)CC2)n1,Inactive
COc1cccc2c1C=[N+](c1ccccc1Br)CC2.[Br-],Inactive
O=C(Nc1ccc(Cl)cc1)OCCCCN1CCC(OC(c2ccccc2)c2ccccc2)CC1,Inactive
O=C(OCCCCN1CCC(OCc2ccccc2)CC1)c1ccc(Cl)cc1,Moderate
O=C(OCCCCN1CCC(OCc2ccccc2)CC1)c1cccc(Cl)c1,Moderate
COc1cc2c(cc1OC)C(=O)C(CC1CCN(Cc3ccccc3C(F)(F)F)CC1)C2,Inactive
COc1cc(/C=C/C(=O)Nc2ccc(CN(C)Cc3ccccc3)cc2)ccc1O,Moderate
COc1cc2c(cc1OC)C(=O)C(CC1CCN(Cc3ncccc3C)CC1)C2,Inactive
C#CCN1CCC(CNS(=O)(=O)c2ccc3ccccc3c2)CC1,Moderate
O=C(CCc1c[nH]c2ccccc12)NCCCCCCCCNc1c2c(nc3cc(Cl)ccc13)CCCC2,Active
O=C(/C=C/c1cccc(O)c1)NCCC1CCN(Cc2ccccc2)CC1,Moderate
C#CCN(CCC1CCN(Cc2ccccc2)CC1)Cc1ccc2cccc(O)c2n1,Active
COc1ccc2nc(NCCc3cc[n+](Cc4ccccc4)cc3)sc2c1,Moderate
Nc1c2c(nc3c1C(c1ccccc1)c1c(-c4ccco4)nn(-c4ccccc4)c1O3)CCCC2,Active
CN(C)C(=O)Oc1cccc(/C=C/C(=O)c2cccc(O)c2)c1,Moderate
CCN(C)C(=O)Oc1cccc(C(=O)/C=C/c2ccc(O)cc2)c1,Moderate
COc1cccc(CN(C)CCCCCCCOc2ccc3c(=O)c4ccccc4oc3c2)c1OC,Moderate
CN1c2ccccc2C(NCCCCCCC(=O)NCCCCCNc2c3c(nc4cc(Cl)ccc24)CCCC3)c2ccc(Cl)cc2S1(=O)=O,Active
CN1c2ccccc2C(NCCCCCCC(=O)NCCCCCCCNc2c3c(nc4ccccc24)CCCC3)c2ccc(Cl)cc2S1(=O)=O,Active
COc1ccccc1CN(C)Cc1ccc(-c2cc3cc(OC)c(OC)cc3oc2=O)cc1,Inactive
COc1cc2c(cc1OC)C(=O)C(CC1CCN(Cc3ncc(C)cc3C)CC1)C2,Moderate
C#CCN1CCCC(CN(CCOC)S(=O)(=O)c2ccc3ccccc3c2)C1,Moderate
COc1ccccc1CN(C)CCCOc1ccc2c(=O)c3ccccc3oc2c1,Moderate
O=[N+]([O-])c1ccc2nc(NCCc3cc[n+](Cc4ccc(F)cc4)cc3)sc2c1,Inactive
C#CCN(Cc1ccc2cccc(O)c2n1)C(C#N)C1CCN(Cc2ccccc2)CC1,Active
CCN(CCCCCCNC1=CC(=O)C(NCCCCCCN(CC)Cc2cccs2)=CC1=O)Cc1cccs1,Moderate
CCCc1n[nH]c2c1C(c1ccc(Cl)cc1)c1c(nc3c(c1N)CSCC3)O2,Active
COc1cccc([N+]2=Cc3c(cccc3OC)CC2)c1.[Br-],Inactive
CCN(C)C(=O)Oc1ccc(C(=O)/C=C/c2ccc(OC)cc2)cc1,Moderate
COc1cc(C2c3c(-c4ccccc4)n[nH]c3Oc3nc4c(c(N)c32)CCCC4)cc(OC)c1OC,Active
COc1ccc(/C=C/C(=O)NCCC2CCN(Cc3ccccc3)CC2)cc1,Moderate
CN(CCCCCCCCCCOc1ccc2c(=O)c3ccccc3oc2c1)Cc1ccccc1,Active
CN1c2ccccc2C(NCCCCCCC(=O)NCCCCCCNc2c3c(nc4ccccc24)CCCC3)c2ccc(Cl)cc2S1(=O)=O,Active
CN(CCCCCCOc1ccc2c(=O)c3ccccc3oc2c1)Cc1ccccc1,Moderate
CN1c2ccccc2C(NCCCCCCC(=O)NCCCNc2c3c(nc4cc(Cl)ccc24)CCCC3)c2ccc(Cl)cc2S1(=O)=O,Active
O=C(OCCCCN1CCC(OC(c2ccccc2)c2ccccc2)CC1)c1ccc([N+](=O)[O-])cc1,Inactive
CCCc1n[nH]c2c1C(c1ccc(C#N)cc1)c1c(nc3c(c1N)CCCC3)O2,Active
COc1ccc2nc(NCCc3cc[n+](Cc4c(F)cccc4F)cc3)sc2c1,Moderate
C#CCN(Cc1ccc2cccc(O)c2n1)C(C#N)CCC1CCN(Cc2ccccc2)CC1,Active
COc1cc2c(cc1OC)C(=O)C(CC1CCN(Cc3ccccn3)CC1)C2,Inactive
COc1ccc2[nH]c3c(-c4ccccc4)nccc3c2c1,Moderate
Nc1c2c(cc3c1C(c1ccccc1)c1c(-c4ccccc4)n[nH]c1O3)CCCC2,Active
Nc1c2c(nc3c1C(c1ccccc1)c1c(-c4ccco4)n[nH]c1O3)CCCC2,Active
COc1cccc2c1C=[N+](c1ccc(Cl)cc1)CC2.[Br-],Inactive
C#CCN1CCCC(CNC(=O)c2ccc3ccccc3c2)C1,Inactive
COc1ccc(/C=C/C(=O)NCCC2CCN(Cc3ccccc3)CC2)c(OC)c1,Moderate
CC(C)C(=O)N[C@H]1CC=C2C[C@H]3C(=O)C[C@]4(C)[C@@H]([C@H](C)N(C)C)[C@H](O)C[C@@]4(C)[C@@H]3CC[C@H]2[C@]1(C)CO,Moderate
O=C(C(=O)N1c2ccccc2Sc2ccccc21)N1c2ccccc2Sc2ccccc21,Moderate
COc1ccc(/C=C/C(=O)Nc2ccc(CN(C)Cc3ccccc3)cc2)cc1OC,Moderate
C#CCN1CCC(CN(CCCOC)S(=O)(=O)c2ccc3ccccc3c2)CC1,Moderate
CCCc1n[nH]c2c1C(c1cccc([N+](=O)[O-])c1)c1c(nc3c(c1N)CCCC3)O2,Active
O=C1NCCCc2c1c1ccccc1n2CCc1ccc(F)cc1,Moderate
COc1cc2c(cc1OC)C(=O)C(CC1CCN(Cc3cccc(C)n3)CC1)C2,Inactive
CCCc1n[nH]c2c1C(c1cc(OC)c(OC)c(OC)c1)c1c(nc3c(c1N)CCCC3)O2,Active
CCN(C)C(=O)Oc1ccccc1C(=O)/C=C/c1ccc(O)cc1,Moderate
CN(C)C(=O)Oc1cccc(C(=O)/C=C/c2ccc(O)cc2)c1,Moderate
CC(C)C1c2c(-c3ccccc3)n[nH]c2Oc2nc3c(c(N)c21)CCCC3,Moderate
COc1cccc2c1C=[N+](c1ccc(Cl)cc1Cl)CC2.[Br-],Inactive
CN1c2ccccc2C(NCCCCCCC(=O)NCCCCCCCCNc2c3c(nc4ccccc24)CCCC3)c2ccc(Cl)cc2S1(=O)=O,Active
C#CCN1CCCC(CN(CCCOC)C(=O)c2ccc3ccccc3c2)C1,Moderate
CC(C)C1=N[C@H]2CC[C@H]3C=C4C(=O)C[C@]5(C)[C@@H]([C@H](C)N(C)C)[C@H](O)C[C@@]5(C)[C@@H]4CC[C@H]3[C@]2(C)CO1,Moderate
COc1cccc2c1C=[N+](c1ccccc1I)CC2.[Br-],Inactive
CN1c2ccccc2C(NCCCCCCC(=O)NCCCCCNc2c3c(nc4ccccc24)CCCC3)c2ccc(Cl)cc2S1(=O)=O,Active
O=C(c1c2ccccc2cc2ccccc12)N1c2ccccc2Sc2ccccc21,Active
CN1c2ccccc2C(NCCCCCCC(=O)NCCCCCCCNc2c3c(nc4cc(Cl)ccc24)CCCC3)c2ccc(Cl)cc2S1(=O)=O,Active
COc1cc2c(cc1OC)C(=O)C(CC1CCN(Cc3ccc(Cl)cc3)CC1)C2,Inactive
COc1cc2c(cc1OC)C(=O)C(CC1CCN(Cc3cccc(F)c3)CC1)C2,Inactive
CCCc1n[nH]c2c1C(c1ccc(Cl)cc1)c1c(nc3c(c1N)CCCC3)O2,Active
CCCc1n[nH]c2c1C(c1ccc(OC)cc1)c1c(nc3c(c1N)CCCC3)O2,Active
COc1cc2c(cc1OC)C(=O)C(CC1CCN(Cc3cccc(F)n3)CC1)C2,Inactive
CCCc1n[nH]c2c1C(c1ccccc1)c1c(nc3c(c1N)CCCCC3)O2,Active
CCCc1n[nH]c2c1C(c1ccc(C)cc1)c1c(nc3c(c1N)CSCC3)O2,Active
CCN(C)C(=O)Oc1ccc(/C=C/C(=O)c2cccc(O)c2)cc1,Moderate
C#CCN(Cc1ccc2cccc(O)c2n1)CC1CCN(Cc2ccccc2)CC1,Active
CN1c2ccccc2C(NCCCCCCC(=O)NCCCCNc2c3c(nc4ccccc24)CCCC3)c2ccc(Cl)cc2S1(=O)=O,Active
CN1c2ccccc2C(NCCCCCCC(=O)NCCCCNc2c3c(nc4cc(Cl)ccc24)CCCC3)c2ccc(Cl)cc2S1(=O)=O,Active
COc1cc2c(cc1OC)C(=O)C(CC1CCN(Cc3ccccc3Cl)CC1)C2,Inactive
CCN(C)C(=O)Oc1ccc(/C=C/C(=O)c2ccc(O)cc2)cc1,Moderate
COc1cccc2c1C=[N+](c1ccc(I)cc1)CC2.[Br-],Inactive
COc1cc2c(cc1OC)C(=O)C(CC1CCN(Cc3ccc4cccc(O)c4n3)CC1)C2,Inactive
CN1c2ccccc2C(NCCCCCCC(=O)NCCCCCCNc2c3c(nc4cc(Cl)ccc24)CCCC3)c2ccc(Cl)cc2S1(=O)=O,Active
COc1ccc2nc(NCCc3cc[n+](Cc4ccc(F)cc4)cc3)sc2c1,Moderate
Cc1ccc2[nH]c3c(-c4ccccc4)nccc3c2c1,Moderate
Nc1c2c(cc3c1C(c1ccc(F)cc1)c1c(-c4ccccc4)n[nH]c1O3)CCCC2,Active
CCN(C)C(=O)Oc1cccc(C(=O)/C=C/c2ccc(OC)cc2)c1,Moderate
Nc1c2c(nc3c1C(c1ccc(Cl)cc1)c1c(-c4ccccc4)n[nH]c1O3)CCSC2,Active
COc1cccc2c1C=[N+](c1ccccc1F)CC2.[Br-],Inactive
CCN(C)C(=O)Oc1cccc(/C=C/C(=O)c2ccc(O)cc2)c1,Moderate
C#CCN1CCCC(CNS(=O)(=O)c2ccc3ccccc3c2)C1,Moderate
COc1cc2c(cc1OC)C(=O)C(CC1CCN(Cc3ccccc3F)CC1)C2,Inactive
CCN(CCCCCCNC1=CC(=O)C(NCCCCCCN(CC)CCc2ccccc2OC)=CC1=O)CCc1ccccc1OC,Moderate
COc1cc2c(cc1OC)C(=O)C(CC1CCN(Cc3cccc(Cl)n3)CC1)C2,Inactive
COc1cc(/C=C/C(=O)Nc2cccc(CN(C)Cc3ccccc3)c2)ccc1O,Moderate
COc1ccc2[nH]c3c(C(=O)c4ccc(C(F)(F)F)cc4)nccc3c2c1,Moderate
COc1ccc(C2c3c(-c4ccccc4)n[nH]c3Oc3cc4c(c(N)c32)CCCC4)cc1,Active
O=C(Cc1ccccc1)N1c2ccccc2Sc2ccccc21,Moderate
O=C(CCCc1ccccc1)N1c2ccccc2Sc2ccccc21,Moderate
CCCc1n[nH]c2c1C(c1ccc(N(C)C)cc1)c1c(nc3c(c1N)CCCC3)O2,Active
COc1ccc(/C=C/C(=O)c2cccc(OC(=O)N(C)C)c2)cc1,Moderate
CCN(CCCCCCNC1=CC(=O)C(NCCCCCCN(CC)Cc2cccc(OC)c2)=CC1=O)Cc1cccc(OC)c1,Moderate
CN1c2ccccc2C(NCCCCCCC(=O)NCCNc2c3c(nc4cc(Cl)ccc24)CCCC3)c2ccc(Cl)cc2S1(=O)=O,Active
CC(C)Cc1ccc(/C=C2\Oc3ccccc3C2=O)cc1,Moderate
O=C(C(=O)c1cccc(F)c1F)c1cccc(F)c1F,Moderate
CCN(C)C(=O)Oc1cccc(/C=C/C(=O)c2cccc(O)c2)c1,Moderate
C#CCN1CCC(CN(CCOC)C(=O)c2ccc3ccccc3c2)CC1,Moderate
Fc1ccc(C[n+]2ccc(CCNc3nc4ccc(F)cc4s3)cc2)cc1,Moderate
C/C=C1\[C@H]2C=C(C)C[C@]1(N)c1ccc(=O)[nH]c1C2,Active
CCCc1n[nH]c2c1C(c1ccc(OC)c(OC)c1)c1c(nc3c(c1N)CCCC3)O2,Moderate
c1ccc2c(-c3nccc4c3[nH]c3ccccc34)cccc2c1,Moderate
CCCc1n[nH]c2c1C(c1cccc(Br)c1)c1c(nc3c(c1N)CCCC3)O2,Active
Nc1c2c(cc3c1C(c1ccc(Cl)cc1)c1c(-c4ccccc4)n[nH]c1O3)CCCC2,Active
Fc1ccc(-c2nccc3c2[nH]c2ccccc23)cc1,Moderate
O=C1C(=O)c2cccc3cccc1c23,Moderate
CCCc1n[nH]c2c1C(c1ccc(Cl)cc1)c1c(nc3c(c1N)CCCCC3)O2,Active
Nc1c2c(nc3c1C(c1ccccc1)c1c(-c4ccccc4)n[nH]c1O3)CCCCC2,Active
COc1cccc2c1C=[N+](c1ccc(C)cc1)CC2.[Br-],Inactive
CCN(CCCCCCNC1=CC(=O)C(NCCCCCCN(CC)Cc2ccccc2[N+](=O)[O-])=CC1=O)Cc1ccccc1[N+](=O)[O-],Inactive
CCCc1n[nH]c2c1C(c1ccc(C)cc1)c1c(nc3c(c1N)CCCC3)O2,Active
O=C1NCCCc2c1c1ccccc1n2CCc1cccc(F)c1,Active
CCN(CCCCCCNC1=C(c2ccccc2)C(=O)C(NCCCCCCN(CC)Cc2ccccc2OC)=C(c2ccccc2)C1=O)Cc1ccccc1OC,Moderate
C#CCN1CCC(CN(CCOC)S(=O)(=O)c2ccc3ccccc3c2)CC1,Moderate
COc1cc2c(cc1OC)C(=O)C(CC1CCN(Cc3cccc(Cl)c3)CC1)C2,Inactive
C#CCN(CCCC1CCN(Cc2ccccc2)CC1)Cc1ccc2cccc(O)c2n1,Active
COc1cc2c(cc1OC)C(=O)C(CC1CCN(Cc3cccc(C(F)(F)F)c3)CC1)C2,Inactive
C[C@@H]([C@H]1[C@H](O)C[C@@]2(C)[C@@H]3CC[C@@H]4C(=CC[C@@H]5N=C(Cc6ccccc6)OC[C@]54C)C[C@H]3C(=O)C[C@]12C)N(C)C,Moderate
COc1cc2cc(-c3ccc(C[N+](C)(C)Cc4ccccc4)cc3)c(=O)oc2cc1OC.[I-],Inactive
COc1cc2cc(-c3ccc(CN(CCO)Cc4ccccc4)cc3)c(=O)oc2cc1OC,Inactive
CN1c2ccccc2C(NCCCCCCC(=O)NCCCCCCCCNc2c3c(nc4cc(Cl)ccc24)CCCC3)c2ccc(Cl)cc2S1(=O)=O,Moderate
C#CCN1CCCC(CN(CCOC)C(=O)c2ccc3ccccc3c2)C1,Moderate
O=C(/C=C/c1ccc(O)cc1O)NCCC1CCN(Cc2ccccc2)CC1,Moderate
COc1cccc2c1C=[N+](c1ccccc1)CC2.[Br-],Inactive
CN1c2ccccc2C(NCCCCCCC(=O)NCCCNc2c3c(nc4ccccc24)CCCC3)c2ccc(Cl)cc2S1(=O)=O,Active
Cc1ccccc1C(=O)N1c2ccccc2Sc2ccccc21,Moderate
Cc1ccc(C(=O)N2c3ccccc3Sc3ccccc32)cc1,Moderate
CC(=O)Oc1ccc(C(=O)N2c3ccccc3Sc3ccccc32)cc1,Inactive
O=C1NCCCc2c1c1ccccc1n2CCc1ccccc1,Active
C#CCN1CCCC(CN(CCCOC)S(=O)(=O)c2ccc3ccccc3c2)C1,Moderate
C#CCN(Cc1ccc2cccc(O)c2n1)C(C#N)CC1CCN(Cc2ccccc2)CC1,Active
N[C@@H](CCC(=O)NCCNc1c2c(nc3ccccc13)CCCC2)C(=O)NCCNc1c2c(nc3ccccc13)CCCC2,Active
CN(C)C(=O)Oc1ccc(/C=C/C(=O)c2ccc(O)cc2)cc1,Moderate
C#CCN1CCC(CN(CCCOC)C(=O)c2ccc3ccccc3c2)CC1,Moderate
COc1cccc2c1C=[N+](c1cccc(C)c1)CC2.[Br-],Inactive
COc1ccc(/C=C/C(=O)Nc2ccc(CN(C)Cc3ccccc3)cc2)cc1,Moderate
CN1c2ccccc2C(NCCCCCCC(=O)NCCNc2c3c(nc4ccccc24)CCCC3)c2ccc(Cl)cc2S1(=O)=O,Active
COc1cccc2c1C=[N+](c1ccc(Br)cc1F)CC2.[Br-],Inactive
CN(C)C(=O)Oc1cccc(/C=C/C(=O)c2ccc(O)cc2)c1,Moderate
C#CCN1CCC(CNC(=O)c2ccc3ccccc3c2)CC1,Inactive
CCCc1n[nH]c2c1C(c1ccc(SC)cc1)c1c(nc3c(c1N)CCCC3)O2,Active
Cc1ccc(C2c3c(-c4ccccc4)n[nH]c3Oc3cc4c(c(N)c32)CCCC4)cc1,Active
Nc1c2c(nc3c1C(c1ccc(Cl)cc1)c1c(-c4ccccc4)n[nH]c1O3)CCCCC2,Active
COc1cc2c(cc1OC)C(=O)C(CC1CCN(Cc3ccc(F)cc3)CC1)C2,Moderate
CCCc1n[nH]c2c1C(c1ccccc1OC)c1c(nc3c(c1N)CCCC3)O2,Active
Fc1ccc(/C=C2\Oc3ccccc3C2=S)cc1,Moderate
COc1cccc2c1C=[N+](c1ccc(Br)cc1)CC2.[Br-],Inactive
CCOC(=O)C1=C(C)Oc2nc3c(c(N)c2C1c1ccc(OC)cc1)CCCC3,Moderate
CCCc1n[nH]c2c1C(c1ccc([N+](=O)[O-])cc1)c1c(nc3c(c1N)CCCC3)O2,Active
CCOC(=O)c1c(C)nc2nc3c(c(N)c2c1-c1cccc(OC)c1)CCCC3,Inactive
CCOC(=O)c1c(C)nc2nc3c(c(N)c2c1-c1cccc([N+](=O)[O-])c1)CCCC3,Inactive
CN(C)CCOC(=O)Nc1ccncc1,Inactive
Cc1cccc2c1OP(=O)(OCC1CCC(n3cnc4c(N)ncnc43)O1)OC2,Moderate
COc1cc2c3cc1Oc1c(OC)c(OC)cc4c1[C@@H](Cc1ccc(OC(=O)c5ccc([N+](=O)[O-])cc5)c(c1)Oc1ccc(cc1)C[C@@H]3N(C)CC2)N(C)CC4,Moderate
CCOC(=O)[C@@H](CCC(=O)NCCC1CCN(Cc2ccccc2)CC1)NC(=O)c1ccccc1,Moderate
COCCN(CC1CCCN(Cc2ccccc2)C1)C(=O)c1ccc2ccccc2c1,Moderate
N#CC1=C(N)N(Cc2ccccc2)C(NCc2ccccc2)=C([N+](=O)[O-])C12c1ccccc1-c1nc3ccc([N+](=O)[O-])cc3nc12,Moderate
CCOC(=O)C1=C(c2ccccc2)Oc2nc3c(c(N)c2C1c1ccc(C)cc1)CCCC3,Inactive
CCOc1ccc(Cc2nc3cc(C(=O)NCCC(C)C)ccc3n2CCC(C)C)cc1,Moderate
CCN(CC)c1ccc(/C=C/c2ccc3ccccc3[n+]2C)c(O)c1.[I-],Moderate
CCNc1nc(NCCc2ccccc2)c2ccccc2n1,Moderate
Cc1cc2nc3c(nc2cc1C)C1(C(C#N)=C(N)N2CCNC2=C1[N+](=O)[O-])c1ccccc1-3,Moderate
COc1cc(/C=C/C(=O)Nc2ccccc2)ccc1OCCCCCCN(C)C,Moderate
COc1ccc(Cn2cc(CNc3c4c(nc5ccccc35)CCCC4)nn2)cc1,Active
COc1cc(/C=C/C(=O)Nc2ccccc2)ccc1OCCCCN1CCCC1,Moderate
O=C(CC[C@@H](NC(=O)c1ccccc1)C(=O)O)NCCC1CCN(Cc2ccccc2)CC1,Inactive
CNc1nc(NCCc2ccccc2)c2ccccc2n1,Moderate
CCN(CC)CCOc1ccc(/C=C/C(=O)Nc2ccccc2)cc1OC,Inactive
CC1(C)CNC2=C([N+](=O)[O-])C3(C(C#N)=C(N)N2C1)c1ccccc1-c1nc2ccccc2nc13,Moderate
CN(C)c1ccc(/C=C/c2cc(N3CCOCC3)c3ccccc3[n+]2C)cc1.[I-],Moderate
COCCN(CC1CCCN(C2Cc3ccccc3C2)C1)C(=O)c1ccc2cc(Br)ccc2c1,Moderate
COc1cc(/C=C/C(=O)Nc2ccccc2)ccc1OCCCN(C)C,Inactive
CCOC(=O)C1=C(c2ccccc2)Oc2nc3c(c(N)c2C1c1cccc([N+](=O)[O-])c1)CCCC3,Inactive
CCN(CC)c1ccc(/C=C/c2ccc3ccccc3[n+]2C)cc1.[I-],Moderate
CCN(CCCN1C(=O)c2ccccc2C1=O)Cc1ccccc1OC,Inactive
CCOC(=O)C1=C(c2ccccc2)Oc2nc3c(c(N)c2C1c1ccc([N+](=O)[O-])cc1)CCCC3,Moderate
CCOC(=O)CC[C@H](NC(=O)OCc1ccccc1)C(=O)NCCC1CCN(Cc2ccccc2)CC1,Moderate
c1ccc(CNc2nc(NC3CC3)nc3ccccc23)cc1,Inactive
CCN(CC)CCCCCOc1ccc(/C=C/C(=O)Nc2ccccc2)cc1OC,Inactive
C[n+]1c(/C=C/c2cc3ccccc3[nH]2)cc(N2CCOCC2)c2ccccc21.[I-],Moderate
CNCCN(CC1CCCN(C2Cc3ccccc3C2)C1)C(=O)c1ccc2ccccc2c1.Cl.Cl,Active
COc1cc(/C=C/C(=O)Nc2ccccc2)ccc1OCCCN1CCCCC1,Moderate
CC(C)c1ccc(NC(=O)Oc2ccc3c(c2)[C@]2(C)CCC(C)[C@@H]2C3C)cc1,Active
COc1cc(/C=C/C(=O)Nc2ccccc2)ccc1OCCCCN1CCCCC1,Moderate
NC(=O)Cc1nc(NCCc2ccccc2)c2ccccc2n1,Moderate
CCOC(=O)C1=C(c2ccccc2)Oc2nc3c(c(N)c2C1c1ccc(Br)cc1)CCCC3,Inactive
CCN(CCCCN1C(=O)c2ccccc2C1=O)Cc1ccccc1OC,Inactive
COc1ccc(CNc2c3c(nc4cc(Cl)ccc24)CCCC3)cc1OC,Moderate
CC(C)Nc1nc(NCCc2ccccc2)c2ccccc2n1,Moderate
N#CC1=C(N)N2CCCNC2=C([N+](=O)[O-])C12c1ccccc1-c1nc3ccccc3nc12,Inactive
COc1cc(/C=C/C(=O)Nc2ccccc2)ccc1OCCCCCCN1CCCC1,Moderate
CCOC(=O)/C=C/c1ccc(OCCCCCCN(CC)CC)c(OC)c1,Inactive
COc1ccc2nc3c(c(NCCCCCCCNC(=S)NC45CC6CC(CC(C6)C4)C5)c2c1)CCCC3,Moderate
O=[N+]([O-])OCCCNCCCCNc1c2c(nc3ccccc13)CCCC2,Active
COc1ccc2cc(C(=O)N[C@@H](CCC(=O)NCCC3CCN(Cc4ccccc4)CC3)C(=O)O)ccc2c1,Inactive
CC1(C)CNC2=C([N+](=O)[O-])C3(C(C#N)=C(N)N2C1)c1ccccc1-c1nc2ccc([N+](=O)[O-])cc2nc13,Moderate
COc1cc(/C=C/C(=O)Nc2ccccc2)ccc1OCCCCCCCCCCN1CCCCC1,Moderate
N#CC1=C(N)N(Cc2ccccc2)C(NCc2ccccc2)=C([N+](=O)[O-])C12c1ccccc1-c1nc3ccccc3nc12,Moderate
Clc1ccc2c(NCc3ccccn3)c3c(nc2c1)CCCC3,Moderate
C#CCN(CCCN1C(=O)c2ccccc2C1=O)Cc1ccccc1,Moderate
O=C(NCC1CCCN(Cc2ccccc2)C1)c1ccc2ccccc2c1,Moderate
COc1ccc(CNc2c3c(nc4ccccc24)CCCC3)cc1OC,Active
CCCCCCOC(=O)[C@H](CCC(=O)NCCC1CCN(Cc2ccccc2)CC1)NC(=O)c1c[nH]c2ccccc12,Moderate
CCOc1ccc(Cc2nc3cc(C(=O)Nc4ccccc4)ccc3n2CCC(C)C)cc1,Moderate
CCNc1nc(NCc2ccc(OC)c(OC)c2)c2ccccc2n1,Inactive
O=C(NCC1CCCN(C2Cc3ccccc3C2)C1)c1cccc2ccccc12,Active
COCCN(CC1CCN(Cc2ccccc2)CC1)C(=O)c1ccc2ccccc2c1,Moderate
CCOC(=O)C1=C(c2ccccc2)Oc2nc3c(c(N)c2C1c1cccc(Br)c1)CCCC3,Moderate
CCNc1nc(NCCc2ccc(OC)c(OC)c2)c2ccccc2n1,Inactive
CCN(CC)CCCOc1ccc(/C=C/C(=O)Nc2ccccc2)cc1OC,Inactive
CCN(CC)c1ccc(/C=C/c2cc(N3CCOCC3)c3ccccc3[n+]2C)c(O)c1.[I-],Moderate
O=C(NCC1CCCN(Cc2nc3ccccc3s2)C1)c1ccc2ccccc2c1,Moderate
CCNc1nc(NCc2ccccc2)c2ccccc2n1,Inactive
CCCCCCOC(=O)[C@@H](CCC(=O)NCCC1CCN(Cc2ccccc2)CC1)NC(=O)c1ccccc1,Moderate
CCOC(=O)C1=C(c2ccccc2)Oc2nc3c(c(N)c2C1c1ccccc1Br)CCCC3,Moderate
COc1cc(/C=C/C(=O)Nc2ccccc2)ccc1OCCCCCCN1CCCCC1,Inactive
CCN(CC)c1ccc(/C=C/c2ccc3ccccc3[n+]2C)c(Cl)c1.[I-],Moderate
CCOC(=O)C1=C(c2ccccc2)Oc2nc3c(c(N)c2C1c1ccc(F)cc1)CCCC3,Moderate
CN(C)CCN(CC1CCCN(C2Cc3ccccc3C2)C1)C(=O)c1ccc2ccccc2c1.Cl,Active
CCOC(=O)[C@H](CCC(=O)NCCC1CCN(Cc2ccccc2)CC1)NC(=O)c1ccc2cc(OC)ccc2c1,Moderate
CCOC(=O)[C@H](CCC(=O)NCCC1CCN(Cc2ccccc2)CC1)NC(=O)c1c[nH]c2ccccc12,Moderate
COc1cc(/C=C/C(=O)Nc2ccccc2)ccc1OCCCCCCCCCCN1CCCC1,Moderate
CCOc1ccc(Cc2nc3cc(C(=O)N(CC)CC)ccc3n2CCCCCCN2CCCCC2)cc1,Moderate
CCOc1ccc(Cc2nc3cc(C(=O)N(CC)CC)ccc3n2CCN2CCCCC2)cc1,Inactive
COc1ccccc1CN1CCN(Cc2ccc3cccnc3c2O)CC1,Moderate
CCCNc1nc(NCc2ccc(OC)c(OC)c2)c2ccccc2n1,Inactive
CCCNc1nc(NCCc2ccccc2)c2ccccc2n1,Moderate
N#CC1=C(N)N2CCNC2=C([N+](=O)[O-])C12c1ccccc1-c1nc3ccc([N+](=O)[O-])cc3nc12,Moderate
COc1cc(/C=C/C(=O)Nc2ccccc2)ccc1OCCCCCCCCN(C)C,Inactive
CCOC(=O)C1=C(c2ccccc2)Oc2nc3c(c(N)c2C1c1ccc(Cl)cc1Cl)CCCC3,Inactive
COc1cc(/C=C/C(=O)N2CCC(Cc3ccccc3)CC2)ccc1OCCCCN1CCc2ccccc2C1,Active
COc1cc(/C=C/C(=O)Nc2ccccc2)ccc1OCCCN1CCCC1,Inactive
CCOc1ccc(Cc2nc3cc(C(=O)N(CC)CC)ccc3n2CCCCN2CCCCC2)cc1,Moderate
COc1cc(/C=C/C(=O)Nc2ccccc2)ccc1OCCCCN(C)C,Inactive
CCN(CC)c1ccc(/C=C/c2cc(N3CCN(C)CC3)c3ccccc3[n+]2C)c(O)c1.[I-],Moderate
O=C(CC[C@H](NC(=O)c1c[nH]c2ccccc12)C(=O)O)NCCC1CCN(Cc2ccccc2)CC1,Inactive
COc1ccc(CCNc2nc(NC3CC3)nc3ccccc23)cc1OC,Moderate
COc1cc(/C=C/C(=O)Nc2ccccc2)ccc1OCCCCCCCCCCN(C)C,Inactive
CCCCCCNC(=O)c1ccc2c(c1)nc(Cc1ccc(OCC)cc1)n2CCC(C)C,Moderate
CCN(CC)CCCCCCCCCCOc1ccc(/C=C/C(=O)Nc2ccccc2)cc1OC,Moderate
CCOC(=O)C1=C(c2ccccc2)Oc2nc3c(c(N)c2C1c1cccc(F)c1)CCCC3,Inactive
CCOC(=O)/C=C/c1ccc(OCCCCCCCCN(CC)CC)c(OC)c1,Inactive
CCOC(=O)C1=C(c2ccccc2)Oc2nc3c(c(N)c2C1c1cccc(OC)c1)CCCC3,Moderate
CC(C)c1ccc(NC(=O)Oc2ccc3c(c2)[C@]2(C)CCN[C@@H]2N3)cc1,Active
CCOC(=O)C1=C(c2ccccc2)Oc2nc3c(c(N)c2C1c1ccccc1)CCCC3,Moderate
CN(C)CCN(CC1CCCN(C2Cc3ccccc3C2)C1)C(=O)c1ccc2ccccc2c1,Active
CCN(CCCCCCN1C(=O)c2ccccc2C1=O)Cc1ccccc1OC,Moderate
COc1cc(/C=C/C(=O)Nc2ccccc2)ccc1OCCCCCN1CCCCC1,Moderate
Clc1ccc(CNC2CCN(Cc3ccccc3)CC2)c(Cl)c1,Moderate
c1ccc(CCNc2nc(NC3CC3)nc3ccccc23)cc1,Inactive
Cc1cc2nc3c(nc2cc1C)C1(C(C#N)=C(N)N2CCCNC2=C1[N+](=O)[O-])c1ccccc1-3,Moderate
CCN(CCCCN1C(=O)c2ccccc2C1=O)Cc1ccccc1,Inactive
COc1ccc(CCNc2c3c(nc4cc(Cl)ccc24)CCCC3)cc1OC,Moderate
N#CC1=C(N)N2CCCNC2=C([N+](=O)[O-])C12c1ccccc1-c1nc3ccc([N+](=O)[O-])cc3nc12,Moderate
COc1cc(/C=C/C(=O)Nc2ccccc2)ccc1OCCCCCN1CCCC1,Moderate
COc1cc(/C=C/C(=O)Nc2ccccc2)ccc1OCCN(C)C,Inactive
CCOC(=O)[C@H](CCC(=O)NCCC1CCN(Cc2ccccc2)CC1)NC(=O)c1ccccc1,Moderate
CCOC(=O)/C=C/c1ccc(OCCCCCCN2CCCCC2)c(OC)c1,Inactive
CNc1nc(NCCc2ccc(OC)c(OC)c2)c2ccccc2n1,Moderate
CCN(CC)CCCCCCOc1ccc(/C=C/C(=O)Nc2ccccc2)cc1OC,Moderate
Cc1cc2nc3c(nc2cc1C)C1(C(C#N)=C(N)N(Cc2ccccc2)C(NCc2ccccc2)=C1[N+](=O)[O-])c1ccccc1-3,Moderate
CCn1c2ccccc2c2cc(/C=C/c3cc(N4CCOCC4)c4ccccc4[n+]3C)ccc21.[I-],Moderate
COc1ccc(CCNc2nc(NC(C)C)nc3ccccc23)cc1OC,Moderate
COc1cc(/C=C/C(=O)Nc2ccccc2)ccc1OCCN1CCCCC1,Moderate
CC1CC[C@@]2(C)c3cc(OC(=O)Nc4ccccc4)ccc3C(C)[C@@H]12,Moderate
CCOc1ccc(Nc2nc3cc(C(=O)N(CC)CC)ccc3n2CCN2CCCCC2)cc1,Inactive
CCOC(=O)C1=C(c2ccccc2)Oc2nc3c(c(N)c2C1c1cccc(Cl)c1)CCCC3,Moderate
CCC(C)(C)NCC(O)c1cc(OC(=O)N(C)C)cc(OC(=O)N(C)C)c1.Cl,Active
CCN(CC)c1ccc(/C=C/c2ccc3ccccc3[n+]2C)c(OC)n1.[I-],Moderate
CCOC(=O)C1=C(c2ccccc2)Oc2nc3c(c(N)c2C1c1ccc(OC)cc1)CCCC3,Moderate
CCN(CCCCCCN1C(=O)c2ccccc2C1=O)Cc1ccccc1,Inactive
CCN(CC)c1ccc(/C=C/c2ccc3ccccc3[n+]2C)c(OC)c1.[I-],Moderate
COc1ccc(CNc2nc(NC3CC3)nc3ccccc23)cc1OC,Inactive
COCCCN(CC1CCCN(C2Cc3ccccc3C2)C1)C(=O)c1ccc2ccccc2c1,Active
COc1cc(/C=C/C(=O)Nc2ccccc2)ccc1OCCCCCCCCN1CCCCC1,Moderate
CNc1nc(NCc2ccc(OC)c(OC)c2)c2ccccc2n1,Inactive
CCN(C)C(=O)Oc1cc(OC(=O)N(C)CC)cc(C(O)CNC(C)(C)CC)c1.Cl,Active
C[C@@H]([C@H]1CC[C@H]2[C@@H]3CC[C@H]4C[C@@H](N(C)C(=O)/C=C/c5ccccc5)CC[C@]4(C)[C@H]3CC[C@]12C)N(C)C,Moderate
N#CC1=C(N)N2CCNC2=C([N+](=O)[O-])C12c1ccccc1-c1nc3ccccc3nc12,Moderate
COc1ccc(CNc2nc(NC(C)C)nc3ccccc23)cc1OC,Inactive
Cc1cc2nc3c(nc2cc1C)C1(C(C#N)=C(N)N2CC(C)(C)CNC2=C1[N+](=O)[O-])c1ccccc1-3,Moderate
COc1cc(/C=C/C(=O)Nc2ccccc2)ccc1OCCCCCCCCN1CCCC1,Moderate
COc1cc(/C=C/C(=O)Nc2ccccc2)ccc1OCCN1CCCC1,Inactive
c1ccc(CNc2c3c(nc4ccccc24)CCCC3)nc1,Active
CCOC(=O)CC[C@@H](NC(=O)OCc1ccccc1)C(=O)NCCC1CCN(Cc2ccccc2)CC1,Moderate
CCCNc1nc(NCCc2ccc(OC)c(OC)c2)c2ccccc2n1,Inactive
CCN(CC)CCCCOc1ccc(/C=C/C(=O)Nc2ccccc2)cc1OC,Inactive
CCN(CC)c1ccc(/C=C/c2cc(N3CCOCC3)c3ccccc3[n+]2C)c(OC)c1.[I-],Moderate
CCOC(=O)C1=C(c2ccccc2)Oc2nc3c(c(N)c2C1c1ccccc1F)CCCC3,Moderate
COc1cc(/C=C/C(=O)Nc2ccccc2)ccc1OCCCCCN(C)C,Inactive
CCOC(=O)C1=C(c2ccccc2)Oc2nc3c(c(N)c2C1c1ccccc1Cl)CCCC3,Moderate
CCOc1ccc(Cc2nc3cc(C(=O)N4CCCCC4)ccc3n2CCC(C)C)cc1,Moderate
CCOC(=O)C1=C(c2ccccc2)Oc2nc3c(c(N)c2C1c1ccc(Cl)cc1)CCCC3,Inactive
CCCNc1nc(NCc2ccccc2)c2ccccc2n1,Inactive
CCN(CC)CCCCCCCCOc1ccc(/C=C/C(=O)Nc2ccccc2)cc1OC,Moderate
COCCN(CC1CCCN(Cc2ccccc2)C1)S(=O)(=O)c1ccc2ccccc2c1,Active
CC1=C[C@H]2Cc3nc4cc(Cl)ccc4c(NCCCCCCCCCNC(=O)c4cc(O)c5c(c4)C(=O)c4cccc(O)c4C5=O)c3[C@@H](C1)C2,Moderate
CC1=C[C@H]2Cc3nc4cc(Cl)ccc4c(N)c3[C@@H](C1)C2,Moderate
CC1=C[C@@H]2Cc3nc4cc(Cl)ccc4c(NCCCCCCCCCNC(=O)c4cc(O)c5c(c4)C(=O)c4cccc(O)c4C5=O)c3[C@H](C1)C2,Moderate
O=C(Cc1cc(=O)oc2cc(O)ccc12)NCCCCCCCNC(=O)c1cccc2c(=O)c3ccccc3[nH]c12,Inactive
CC(=O)O[C@H]1[C@@H](NC(=O)c2ccccc2)[C@@H](O)C[C@]2(C)[C@H]3CC[C@]4(C)[C@@H]([C@H](C)N(C)C)CC[C@H]4[C@@H]3CC[C@@H]12,Inactive
CC1=CC2Cc3nc4cc(Cl)ccc4c(N)c3C(C1)C2N,Moderate
CC(C)=CCCC1(C)C=Cc2c(O)cc(-c3cc4ccc(O)cc4o3)c(CC=C(C)C)c2O1,Inactive
Nc1c2c(nc3c1C(c1ccc(F)cc1)NC(=S)N3)CCCC2,Moderate
COc1ccc2cc(-c3c(CC=C(C)C)c(O)cc(O)c3C/C=C(\C)CCC=C(C)C)oc2c1,Moderate
O=C(Nc1cc(Cl)nc(Cl)c1)OCCCCCCNCc1ccccc1,Moderate
COc1ccccc1C1NC(=S)Nc2nc3c(c(N)c21)CCCC3,Inactive
O=C(NCCCCCCNCc1ccccc1)c1cc(Cl)nc(Cl)c1,Inactive
CCN(C)C(=O)Oc1cccc(CNC(=O)c2cc(=O)c3ccccc3o2)c1,Moderate
Cc1ccc(C2NC(=S)Nc3nc4c(c(N)c32)CCCC4)cc1,Moderate
O=C(NCCCCCCNCc1ccc2ccccc2c1)c1cc(Cl)nc(Cl)c1,Moderate
O=C(Nc1cc(Cl)nc(Cl)c1)OCCCCCNCc1c[nH]c2ccccc12,Moderate
Nc1c2c(nc3c1C(c1cccc([N+](=O)[O-])c1)NC(=S)N3)CCCC2,Moderate
O=C(Nc1cc(Cl)nc(Cl)c1)OCCCCCNCc1ccccc1,Moderate
CC(C)=CCc1c(-c2cc3ccc(O)cc3o2)cc2c3c1O[C@@]1(C)CCC([C@@H]3C1)C(C)(C)O2,Moderate
O=C(NCCCCCCNCc1c[nH]c2ccccc12)c1cc(Cl)nc(Cl)c1,Moderate
Cc1cccc(C2NC(=S)Nc3nc4c(c(N)c32)CCCC4)c1,Moderate
COc1cc2c(cc1OC)C(=O)/C(=C/C1CCN(Cc3cc(N)c4ccccc4n3)CC1)C2,Moderate
CCN(C)C(=O)Oc1cccc(CCNC(=O)CCCCC2CCSS2)c1,Moderate
CCN(C)C(=O)Oc1cccc(CNC(=O)CCCCC2CCSS2)c1,Moderate
COc1ccc2cc(-c3cc(O)c4c(c3CC=C(C)C)OC(C)(CCC=C(C)C)C=C4)oc2c1,Moderate
COc1cc(O)c(C/C=C(\C)CCC=C(C)C)c(-c2cc3ccc(O)cc3o2)c1CC=C(C)C,Moderate
Nc1c2c(nc3c1C(c1ccc(Cl)cc1)NC(=S)N3)CCCC2,Moderate
Nc1c2c(nc3c1C(c1ccc4c(c1)OCO4)NC(=S)N3)CCCC2,Inactive
COc1ccccc1CNCCCCCOC(=O)Nc1cc(Cl)nc(Cl)c1,Moderate
CCN(CC)CCOC(=O)C(C)(c1ccccc1)c1ccc(OC(=O)N(C)C)cc1,Moderate
CCN(C)C(=O)Oc1cccc(CCNC(=O)c2cc(O)c(O)c(O)c2)c1,Moderate
Nc1c2c(nc3c1C(c1ccccc1)NC(=S)N3)CCCC2,Moderate
COc1cccc(C2NC(=S)Nc3nc4c(c(N)c32)CCCC4)c1,Moderate
O=C(Nc1cc(Cl)nc(Cl)c1)OCCCCCNCc1ccc(Oc2ccccc2)cc1,Moderate
O=C(Nc1ccncc1Br)OCCCCCNCc1ccccc1,Moderate
C#CCN(C)Cc1cc2cc(OCCCN3CCCCC3)ccc2n1C,Moderate
CCN(C)C(=O)Oc1cccc(CCNC(=O)c2cc(=O)c3ccccc3o2)c1,Moderate
O=C1CCCC2=C1C(c1ccc(OCc3cccc(F)c3)c(Br)c1)C1=C(CCCC1=O)N2,Moderate
COc1cc2c(cc1OC)C(=O)C(CC1CCN(Cc3cc(N)c4ccccc4n3)CC1)C2,Moderate
COc1cc(-c2cc3ccc(O)cc3o2)c(CC=C(C)C)c2c1C=CC(C)(CCC=C(C)C)O2,Moderate
COc1cc2c(cc1OC)C(=O)C(CC1CCN(Cc3cc(Cl)c4ccccc4n3)CC1)C2,Moderate
CCN(C)C(=O)Oc1cccc(NC(=O)CCCCC2CCSS2)c1,Moderate
Nc1c2c(nc3c1C(c1cccc(Br)c1)NC(=S)N3)CCCC2,Moderate
COc1cc(O)c(CC=C(C)C)c(-c2cc3ccc(O)c(C/C=C(\C)CCC=C(C)C)c3o2)c1,Inactive
COc1cc(O)c(CC=C(C)C)c(-c2cc3ccc(O)cc3o2)c1C/C=C(\C)CCC=C(C)C,Moderate
CC(C)=CCCC1(C)C=Cc2c(O)cc(-c3cc4c(O)cc(O)cc4o3)c(CC=C(C)C)c2O1,Moderate
COc1ccccc1CNCCCCCCNC(=O)c1cc(Cl)nc(Cl)c1,Inactive
COc1ccc(C2NC(=S)Nc3nc4c(c(N)c32)CCCC4)cc1,Moderate
CCN(C)C(=O)Oc1cccc(NC(=O)c2cc(=O)c3ccccc3o2)c1,Moderate
C[n+]1cc2c3c(ccc2c2ccc4cc5c(cc4c21)OCO5)OCO3,Moderate
CC(C)c1ccc(NC(=O)Oc2ccc3c(c2)[C@]2(C)CCN(C)C2N3C)cc1,Active
O=C(O)c1cc(O)c2c(c1)C(=O)c1cccc(O)c1C2=O,Inactive
CN(C)Cc1ccc(CSCCCCCCCCCSCc2ccc(CN(C)C)o2)o1,Moderate
CN(C)Cc1ccc(CSCCCCCCCCSCc2ccc(CN(C)C)o2)o1,Moderate
CN1CC[C@@]2(C)c3cc(OC(=O)Nc4ccccc4)ccc3NC12,Moderate
C[C@@]12CCNC1Nc1ccc(OC(=O)Nc3ccccc3)cc12,Moderate
CCC(C)c1ccc2c(c1)COP(=O)(OCC1C=CC(n3cc(C)c(=O)[nH]c3=O)O1)O2,Moderate
N#Cc1ccccc1CNCC(=O)Nc1ccc2nc3n(c(=O)c2c1)CCC3,Active
COc1ccc(Cn2cc(C(=O)NCCCCCNc3c4c(nc5ccccc35)CCCC4)c(=O)c3ccccc32)cc1,Moderate
COc1ccc(CC(=O)Nc2ccc(CN(C)Cc3ccccc3)cc2)cc1OC,Moderate
CCN(Cc1ccccc1)Cc1ccc(NC(=O)Cc2ccc(OC)c(OC)c2)cc1,Moderate
COc1ccc(Cn2cc(C(=O)NCCCCCCCCNc3c4c(nc5cc(Cl)ccc35)CCCC4)c(=O)c3ccccc32)cc1,Inactive
CCCCCCCCNCC(=O)Nc1ccc2nc3n(c(=O)c2c1)CCC3,Active
COc1ccc(Cn2cc(C(=O)NCCCCCCCCNc3c4c(nc5ccccc35)CCCC4)c(=O)c3ccccc32)cc1,Moderate
COc1ccc(Cn2cc(C(=O)NCCCCCNc3c4c(nc5ccc(OC)cc35)CCCC4)c(=O)c3ccccc32)cc1,Moderate
COc1ccc(Cn2cc(C(=O)NCCNc3c4c(nc5ccccc35)CCCC4)c(=O)c3ccccc32)cc1,Active
CCCCCCCCCCCCCCCCNCC(=O)Nc1ccc2nc3n(c(=O)c2c1)CCC3,Active
O=C(CNCc1ccccc1F)Nc1ccc2nc3n(c(=O)c2c1)CCC3,Moderate
COc1ccc(Cn2cc(C(=O)NCCCCCCNc3c4c(nc5ccc(OC)cc35)CCCC4)c(=O)c3ccccc32)cc1,Inactive
COc1ccc(Cn2cc(C(=O)NCCCCCCNc3c4c(nc5ccccc35)CCCC4)c(=O)c3ccccc32)cc1,Moderate
O=C(CNCc1cc(F)cc(F)c1)Nc1ccc2nc3n(c(=O)c2c1)CCC3,Active
CC(C)=CCNCC(=O)Nc1ccc2nc3n(c(=O)c2c1)CCC3,Active
CCN(Cc1ccccc1)Cc1ccc(NC(=O)Cc2ccc(O)cc2)cc1,Moderate
CCCCNCC(=O)Nc1ccc2nc3n(c(=O)c2c1)CCC3,Moderate
CN(Cc1ccccc1)Cc1ccc(NC(=O)Cc2ccc(O)cc2)cc1,Moderate
CCCCCCCCCCNCC(=O)Nc1ccc2nc3n(c(=O)c2c1)CCC3,Active
Cc1cc(=O)oc2cc(OCc3cc[n+](Cc4ccccc4Br)cc3)ccc12.[Br-],Moderate
CCNCC(=O)Nc1ccc2nc3n(c(=O)c2c1)CCC3,Moderate
COc1ccc(Cn2cc(C(=O)NCCCCNc3c4c(nc5ccccc35)CCCC4)c(=O)c3ccccc32)cc1,Moderate
COc1cc(/C=C/C(=O)NCCCCCCNc2c3c(nc4ccccc24)CCCC3)cc(OC)c1OCc1nc(C)c(C)nc1C,Moderate
O=C(CNCCCc1ccccc1)Nc1ccc2nc3n(c(=O)c2c1)CCC3,Active
COc1ccc(Cn2cc(C(=O)NCCCCCCCCNc3c4c(nc5ccc(OC)cc35)CCCC4)c(=O)c3ccccc32)cc1,Inactive
Cc1ccccc1CNCC(=O)Nc1ccc2nc3n(c(=O)c2c1)CCC3,Moderate
COc1ccc(Cn2cc(C(=O)NCCCNc3c4c(nc5cc(Cl)ccc35)CCCC4)c(=O)c3ccccc32)cc1,Moderate
COc1ccc(Cn2cc(C(=O)NCCNc3c4c(nc5ccc(OC)cc35)CCCC4)c(=O)c3ccccc32)cc1,Moderate
CCN(Cc1ccccc1)Cc1ccc(NC(=O)Cc2ccc(O)c(O)c2)cc1,Moderate
C#CCNCC(=O)Nc1ccc2nc3n(c(=O)c2c1)CCC3,Active
C=CCNCC(=O)Nc1ccc2nc3n(c(=O)c2c1)CCC3,Active
CCCNCC(=O)Nc1ccc2nc3n(c(=O)c2c1)CCC3,Moderate
COc1ccc(Cn2cc(C(=O)NCCCCCCCNc3c4c(nc5cc(Cl)ccc35)CCCC4)c(=O)c3ccccc32)cc1,Moderate
COc1ccc(Cn2cc(C(=O)NCCCNc3c4c(nc5ccccc35)CCCC4)c(=O)c3ccccc32)cc1,Moderate
CCN(Cc1ccccc1)Cc1ccc(NC(=O)Cc2ccc(OC)c(O)c2)cc1,Moderate
COc1ccc(Cn2cc(C(=O)NCCCCCCCNc3c4c(nc5ccccc35)CCCC4)c(=O)c3ccccc32)cc1,Moderate
O=C(CNCc1ccccc1)Nc1ccc2nc3n(c(=O)c2c1)CCC3,Moderate
CN(Cc1ccccc1)Cc1ccc(NC(=O)Cc2ccc(O)c(O)c2)cc1,Moderate
c1ccc2c(NCCCCCCNc3c4c(nc5ccccc35)CCC4)c3c(nc2c1)CCC3,Moderate
COc1ccc(Cn2cc(C(=O)NCCCCNc3c4c(nc5cc(Cl)ccc35)CCCC4)c(=O)c3ccccc32)cc1,Moderate
COc1ccc(Cn2cc(C(=O)NCCNc3c4c(nc5cc(Cl)ccc35)CCCC4)c(=O)c3ccccc32)cc1,Active
COc1cc(/C=C/C(=O)NCCCCCCNc2c3c(nc4ccccc24)CCCC3)cc(OC)c1O,Active
COc1ccc(Cn2cc(C(=O)NCCCCNc3c4c(nc5ccc(OC)cc35)CCCC4)c(=O)c3ccccc32)cc1,Moderate
CN(Cc1ccccc1)Cc1ccc(NC(=O)/C=C/c2ccc(O)c(O)c2)cc1,Moderate
COc1ccc(Cn2cc(C(=O)NCCCNc3c4c(nc5ccc(OC)cc35)CCCC4)c(=O)c3ccccc32)cc1,Moderate
CCCCCCCCCCCCNCC(=O)Nc1ccc2nc3n(c(=O)c2c1)CCC3,Active
COc1ccc(CC(=O)Nc2ccc(CN(C)Cc3ccccc3)cc2)cc1O,Moderate
COc1ccc(Cn2cc(C(=O)NCCCCCCNc3c4c(nc5cc(Cl)ccc35)CCCC4)c(=O)c3ccccc32)cc1,Inactive
COc1ccc(Cn2cc(C(=O)NCCCCCCCNc3c4c(nc5ccc(OC)cc35)CCCC4)c(=O)c3ccccc32)cc1,Inactive
COc1ccc(Cn2cc(C(=O)NCCCCCNc3c4c(nc5cc(Cl)ccc35)CCCC4)c(=O)c3ccccc32)cc1,Moderate
C=CCCNCC(=O)Nc1ccc2nc3n(c(=O)c2c1)CCC3,Active
CCCCCCNCC(=O)Nc1ccc2nc3n(c(=O)c2c1)CCC3,Active
O=C(CNCc1ccccc1[N+](=O)[O-])Nc1ccc2nc3n(c(=O)c2c1)CCC3,Moderate
CN(Cc1ccccc1)Cc1ccc(NC(=O)Cc2ccccc2)cc1,Moderate
C/C=C(\C)C(=O)N[C@@H]1[C@H](OC(C)=O)[C@@H]2CC[C@@H]3[C@H](CC[C@]4(C)[C@@H]([C@H](C)N(C)C)CC[C@@H]34)[C@@]2(C)C[C@@H]1O,Inactive
CC(=O)N[C@H]1CC[C@@]2(C)[C@@H](CC[C@@H]3[C@@H]2CC[C@]2(C)[C@@H]([C@H](C)N(C)C)CC[C@@H]32)C1,Moderate
COc1ccccc1CNCCCCCCNCCCCCCCNCCCCCCNCc1ccccc1OC,Moderate
C/C(=C\C(=O)N(C)[C@H]1CC[C@@]2(C)[C@@H](CC[C@@H]3[C@@H]2CC[C@]2(C)C([C@H](C)N(C)C)=CC[C@@H]32)C1)C(C)C,Moderate
O=C(CCCCC1CCSS1)NCCCCNc1c2c(nc3ccccc13)CCCC2,Active
CCCN(c1ccncc1F)n1cc(C)c2cc(OC(=O)NC)ccc21,Active
O=C(CCCCC1CCSS1)NCCCCCNc1c2c(nc3ccccc13)CCCC2,Active
Cn1cc(C(=O)NCCCCCCCNc2c3c(nc4cc(Cl)ccc24)CCCC3)c2ccccc21,Moderate
CCc1ccc(NCN2C(=O)C(=O)c3ccccc32)cc1,Inactive
Cc1ccccc1NC(=O)Oc1ccc2c(c1)[C@]1(C)CCO[C@@H]1O2,Inactive
O=C(Nc1ccc(F)cc1)OCCCCN1CCC(OC(c2ccccc2)c2ccccc2)CC1,Inactive
O=C(CCCc1c[nH]c2ccccc12)NCCCCCCNc1c2c(nc3cc(Cl)ccc13)CCCC2,Active
CN(CCCCCCCCCOc1ccc2c(=O)c3ccccc3oc2c1)Cc1ccccc1,Active
CN(CCCCCOc1ccc2c(=O)c3ccccc3oc2c1)Cc1ccccc1,Moderate
CN(C)CCN(CC1CCCN(C2Cc3ccccc3C2)C1)C(=O)c1csc(Nc2ccccn2)n1,Moderate
CN(C)CCN(CC1CCCN(Cc2csc(Nc3ccccn3)n2)C1)C(=O)c1ccc2ccccc2c1,Moderate
O=C(NCCC1CCN(Cc2ccccc2)CC1)c1cc(=O)c2cc([N+](=O)[O-])ccc2o1,Moderate
Cc1[nH]c2ccccc2c1CC(=O)NCCC1CCN(Cc2ccccc2)CC1,Active
COC(=O)c1sc(-c2ccnc(NC(=O)C3CC3)c2)nc1OCCNc1c2c(nc3ccccc13)CCCC2,Active
COCCN(CC1CCCN(C2Cc3ccccc3C2)C1)C(=O)c1ccc2cccnc2c1O,Moderate
COc1nc(-c2ccnc(NC(=O)C3CC3)c2)sc1C(=O)NCCCNc1c2c(nc3ccccc13)CCCC2,Moderate
CC(C)(C)c1cc(C(=O)CNCCC2CCN(Cc3ccccc3)CC2)cc(C(C)(C)C)c1O,Inactive
COc1ccc(C(=O)N(CCN(C)C)CC2CCCN(C3Cc4ccccc4C3)C2)cc1,Moderate
Cc1c(C)c2c(c(C)c1O)CCC(C)(C(=O)N(CCN(C)C)CC1CCCN(C3Cc4ccccc4C3)C1)O2,Moderate
Nc1c2c(nc3cc(Cl)ccc13)C[C@H]1C=C(CCCCn3cc(CO)nn3)C[C@H]2C1,Moderate
CN(C)CCN(CC1CCCN(C2Cc3ccccc3C2)C1)C(=O)c1cc2ccccc2oc1=O,Active
C[N+](C)(CC#CCOC1=NOCC1)CCCCCCCCCC[N+](C)(C)CCCN1C(=O)c2ccccc2C1=O.[Br-].[Br-],Moderate
Cn1c2nc3ccccc3c-2c(NCCCCNc2c3c(nc4ccccc24)CCCC3)c2ccccc21,Active
Cn1cc(C(=O)NCCC2CCN(Cc3ccccc3)CC2)c2ccccc21,Moderate
C[N+](C)(CC#CCOC1=NOCC1)CCCCCCCNc1c2c(nc3ccccc13)CCCC2.[Br-],Active
CC(C)(C)c1cc(/C=C/C(=O)NCCC2CCN(Cc3ccccc3)CC2)cc(C(C)(C)C)c1O,Inactive
COc1ccc2oc(C(=O)NCCC3CCN(Cc4ccccc4)CC3)cc(=O)c2c1,Moderate
CN(C)CCN(CC1CCCN(C2Cc3ccccc3C2)C1)C(=O)c1ccc2cccnc2c1O,Active
O=C(Cc1c[nH]c2ccccc12)NCCC1CCN(Cc2ccccc2)CC1,Active
CN(C)CCN(CC1CCCN(C2Cc3ccccc3C2)C1)C(=O)c1ccc2c([N+](=O)[O-])ccc(O)c2n1,Moderate
Cn1c2nc3ccccc3c-2c(NCCCCCCNc2c3c(nc4ccccc24)CCCC3)c2ccccc21,Active
CN(C)CCN(CC1CCCN(C2Cc3ccccc3C2)C1)C(=O)c1cccc(O)c1,Moderate
Cc1ccc(NC(=O)c2coc3ccc(/C=C/C(=O)OCCN(C)C)cc3c2=O)cc1,Moderate
CN(C)CCN(CC1CCCN(C2Cc3ccccc3C2)C1)C(=O)c1cn2cccc(O)c2n1,Moderate
COc1cc(OC)c2c(=O)cc(C(=O)NCCC3CCN(Cc4ccccc4)CC3)oc2c1,Moderate
CCOC(=O)c1sc(-c2ccnc(NC(=O)C3CC3)c2)nc1OCCNc1c2c(nc3ccccc13)CCCC2,Moderate
CN(C)CCOC(=O)/C=C/c1ccc2oc(C(=O)Nc3ccccc3)cc(=O)c2c1,Moderate
Cc1cccc2c1ccc1c3c(c(=O)oc(=O)c12)[C@@H](C)CO3,Moderate
COc1ccc2c(=O)cc(C(=O)NCCC3CCN(Cc4ccccc4)CC3)oc2c1,Moderate
O=C(Cc1c[nH]c2ccc(Br)cc12)NCCC1CCN(Cc2ccccc2)CC1,Active
CN(C)CCOC(=O)/C=C/c1ccc2occ(C(=O)Nc3ccccc3)c(=O)c2c1,Moderate
COc1nc(-c2ccnc(NC(=O)C3CC3)c2)sc1C(=O)NCCNc1c2c(nc3ccccc13)CCCC2,Active
CC(C)(C)c1cc(C(=O)CNCC2CCN(Cc3ccccc3)CC2)cc(C(C)(C)C)c1O,Moderate
O=C(NCCC1CCN(Cc2ccccc2)CC1)c1cc(=O)c2ccccc2o1,Moderate
CN(C)CCN(CC1CCCN(C2Cc3ccccc3C2)C1)C(=O)c1ccc(O)cc1O,Moderate
C[N+](C)(CC#CCOC1=NOCC1)CCCCCCCCCCNc1c2c(nc3ccccc13)CCCC2.[Br-],Active
CN(C)CCN(CC1CCCN(C2Cc3ccccc3C2)C1)C(=O)[C@@H]1N=C(c2ccccc2O)CS1,Moderate
CN(C)CCN(CC1CCCN(Cc2ccc3cccc(O)c3n2)C1)C(=O)c1ccc2ccccc2c1,Active
CN(C)CCN(CC1CCCN(C2Cc3ccccc3C2)C1)C(=O)/C=C/c1ccc(O)cc1,Active
NC(=O)c1sc(-c2ccnc(NC(=O)C3CC3)c2)nc1OCCNc1c2c(nc3ccccc13)CCCC2,Moderate
CN(C)CCN(CC1CCCN(C2Cc3ccccc3C2)C1)C(=O)c1cc([N+](=O)[O-])c2cccnc2c1O,Active
COc1cc2nc(C(=O)NCCC3CCN(Cc4ccccc4)CC3)cc(OC)c2cc1OC,Moderate
COc1nc(-c2ccnc(NC(=O)C3CC3)c2)sc1C(=O)NCCCCCCNc1c2c(nc3ccccc13)CCCC2,Active
Cc1coc2c1c(=O)oc(=O)c1c3c(ccc12)C(C)(C)CCC3,Moderate
CN(C)CCN(CC1CCCN(C2Cc3ccccc3C2)C1)C(=O)c1cc(O)c2cccc(O)c2n1,Active
COc1ccc2oc(C(=O)NCCCC3CCN(Cc4ccccc4)CC3)cc(=O)c2c1,Moderate
CCN(CC)c1ccc(/C=C/c2cc(N3CCCCC3)c3ccccc3n2)cc1,Moderate
CN(C)CCN(CC1CCCN(C2Cc3ccccc3C2)C1)C(=O)c1ccc(O)nc1,Inactive
Nc1ccc2oc(C(=O)NCCC3CCN(Cc4ccccc4)CC3)cc(=O)c2c1,Moderate
Cn1cc(CC(=O)NCCC2CCN(Cc3ccccc3)CC2)c2ccccc21,Active
CC(C)(CN1C(=O)c2cccc3cccc(c23)C1=O)C[N+](C)(C)CCCCCCCCCC[N+](C)(C)CC#CCOC1=NOCC1.[Br-].[Br-],Moderate
O=C(O)c1sc(-c2ccnc(NC(=O)C3CC3)c2)nc1OCCNc1c2c(nc3ccccc13)CCCC2,Moderate
C[C@H]1COc2c1c(=O)oc(=O)c1c3c(ccc21)C(C)(C)CCC3,Moderate
O=C(CCCc1c[nH]c2ccccc12)NCCC1CCN(Cc2ccccc2)CC1,Active
CN(C)CCN(CC1CCCN(C2Cc3ccccc3C2)C1)C(=O)c1ccc2cccc(O)c2n1,Active
O=C(NCCC1CCN(Cc2ccccc2)CC1)c1cc(=O)c2cc(O)ccc2[nH]1,Moderate
Cn1c2nc3ccccc3c-2c(NCCCCCCCCNc2c3c(nc4ccccc24)CCCC3)c2ccccc21,Active
CN(C)CCN(CC1CCCN(C2Cc3ccccc3C2)C1)C(=O)c1ccc(O)cc1,Moderate
Oc1cc(O)cc(/C=C/c2ccc(O)cc2O)c1,Moderate
[Br-].[Br-].c1cc[n+](CCCCCCCCCCC[n+]2ccccc2)cc1,Moderate
CNC(=O)Oc1ccc2c(c1)[C@]1(C)CCN(C)C1N2,Active
Nc1c2c(nc3ccccc13)C1CCC2C1,Active
CCCCCCCNC(=O)Oc1ccc2c(c1)[C@]1(C)CCN(C)[C@@H]1N2C,Active
O=C1C(=O)c2cc([N+](=O)[O-])ccc2-c2ccccc21,Moderate
COc1cc(C(=O)NCCCCCC(=O)NNc2c3c(nc4ccccc24)CCCC3)cc(OC)c1OC,Active
CNC(=O)Oc1ccc2c(c1)[C@@]1(C)CCN(Cc3ccccc3)C1N2Cc1ccccc1,Moderate
CCCCCCCNC(=O)Oc1cccc(CN(C)CCCOc2ccc3ccc(=O)oc3c2)c1,Active
CCCN(c1ccncc1F)n1cc(C)c2cc(OC(=O)NCc3ccccc3)ccc21,Active
O=C(NCCNc1c2c(nc3ccccc13)CCCC2)C(=O)NCCNc1c2c(nc3ccccc13)CCCC2,Active
Cc1c2c(cc[n+]1C)c1cc(O)ccc1n2C,Moderate
S=C(NNc1c2c(nc3ccccc13)CCCC2)Nc1ccc(Cl)cc1,Moderate
S=C(NNc1c2c(nc3ccccc13)CCCC2)Nc1ccc(Br)cc1,Moderate
O=C(c1ccc2ccccc2c1)n1nc(OCCN2CCCCC2)c2ccccc21,Moderate
O=c1ccc2ccc(OCCCCCCCn3cc(CNc4c5c(nc6ccccc46)CCCC5)nn3)cc2o1,Active
COc1cccc(CNC2CCN(Cc3ccccc3)CC2)c1OC,Moderate
c1ccc(CN2CCC(Cn3cc(Cc4cccc5ccccc45)nn3)CC2)cc1,Moderate
CN1c2ccc(OC(=O)NCCCN3CCOCC3)cc2CN2CCc3ccccc3C21,Moderate
Cl.Cl.N[C@@H](Cc1c[nH]c2ccccc12)C(=O)NCCCNc1c2c(nc3ccccc13)CCCC2,Active
O=C(CCCNc1c2c(nc3cc(Cl)ccc13)CCCC2)NC12CC3CC(F)(CC(C1)c1ccccc13)C2,Moderate
Oc1ccc(/C=N/c2c3c(nc4ccccc24)CCCC3)cc1,Moderate
COc1cc(/C=N/C2CCN(Cc3ccccc3)CC2)cc(OC)c1OC,Inactive
c1ccc(CN2CCC(Cn3cc(CNc4ncnc5ccccc45)nn3)CC2)cc1,Moderate
CN1c2ccc(OC(=O)NCCCCCCCCCCN3CCc4ccccc4C3)cc2CN2CCc3ccccc3C21,Active
Cl.O=[N+]([O-])c1ccc(-n2cc(COc3ccc(/C=N/Nc4c5c(nc6ccccc46)CCCC5)cc3)nn2)cc1,Active
CCOc1ccc(Cc2nc3cc(C(=O)NCCCNc4c5c(nc6ccccc46)CCCC5)ccc3n2CCC(C)C)cc1,Active
O=[N+]([O-])c1ccc(CNC2CCN(Cc3ccccc3)CC2)cc1,Moderate
COc1ccc(-c2oc3ccccc3c2C(=O)c2ccc(N(Cc3cc(F)cc(F)c3)Cc3cc(F)cc(F)c3)cc2)cc1,Inactive
COc1ccc(-c2oc3ccccc3c2C(=O)c2ccc(NCc3ccc(F)cc3)cc2)cc1,Inactive
Oc1ccc(CNC2CCN(Cc3ccccc3)CC2)c(O)c1,Inactive
O=C(Nc1cc(-c2cn(CCNc3c4c(nc5ccccc35)CCCC4)nn2)ccn1)Nc1cccc2c1[C@@H]1CCCCN1C2=O,Moderate
CCOC(=O)C1=C(C)NC(C)=C(C(=O)OCC)C1c1ccc(OCCCCN2CCCC2)cc1,Moderate
Fc1ccc(CNC2CCN(Cc3ccccc3)CC2)c(F)c1,Moderate
Cl.Clc1ccc(-n2cc(COc3ccc(/C=N/Nc4c5c(nc6ccccc46)CCCC5)cc3)nn2)cc1,Active
O=C(Nc1cc(-c2cn(CCNc3c4c(nc5ccccc35)CCCC4)nn2)ccn1)Nc1cccc2c1[C@H]1CCCCN1C2=O,Moderate
Cl.NS(=O)(=O)c1ccc(-n2cc(COc3ccc(/C=N/Nc4c5c(nc6ccccc46)CCCC5)cc3)nn2)cc1,Active
COc1ccc(C(=O)c2c(-c3ccc(OCCCCCCCN(C)Cc4ccccc4)cc3)oc3ccccc23)cc1,Inactive
COc1cc(NCc2ccc(Oc3c(N)cccc3Cl)cc2)cc(OC)c1OC,Moderate
Cl.Cl.N[C@@H](Cc1c[nH]c2ccccc12)C(=O)NCCNc1c2c(nc3cc(Cl)ccc13)CCCC2,Moderate
O=C(c1cccc2ccccc12)n1nc(OCCCN2CCCCC2)c2ccccc21,Active
C(=N/Nc1c2c(nc3ccccc13)CCCC2)\c1ccc(OCc2cn(-c3ccccc3)nn2)cc1.Cl,Active
CC(C)(C)OC(=O)N1c2ccccc2Sc2ccccc21,Moderate
CC(=O)N[C@@H](CCCCn1cc(-c2ccccc2)nn1)C(=O)NCC1CCN(Cc2ccccc2)CC1,Moderate
O=C(c1cccc(Cl)c1Cl)n1nc(OCCN2CCCCC2)c2ccccc21,Moderate
CN(Cc1ccnc(NC(=O)Nc2cccc3c2C2CCCCN2C3=O)c1)Cc1cn(CCNc2c3c(nc4ccccc24)CCCC3)nn1,Moderate
c1ccc(CN2CCC(Cn3cc(CSc4nc5ccccc5[nH]4)nn3)CC2)cc1,Active
Oc1ccc(NC(=S)Nc2ccc(-c3nc4ccccc4o3)cc2)cc1,Inactive
CCOc1ccc(Cc2nc3cc(C(=O)NCCSSCCNc4c5c(nc6ccccc46)CCCC5)ccc3n2CCC(C)C)cc1,Active
Cl.O=[N+]([O-])c1cccc(-n2cc(COc3ccc(/C=N/Nc4c5c(nc6ccccc46)CCCC5)cc3)nn2)c1,Active
Oc1ccccc1CNC1CCN(Cc2ccccc2)CC1,Inactive
Cc1nn(CC(=O)N/N=C/c2ccc(Br)cc2)c(=O)n1-c1ccc(C(=O)N/N=C/c2ccc(Br)cc2)cc1,Moderate
O=C(CCCCCNc1c2c(nc3cc(Cl)ccc13)CCCC2)NCCc1cc2ccccc2[nH]1,Moderate
Oc1ccc(NCC(O)CNc2ccc(-c3nc4ccccc4o3)cc2)cc1,Moderate
O=C(Cc1c[nH]c2ccccc12)NCc1cn(CC2CCN(Cc3ccccc3)CC2)nn1,Moderate
Cl.Cl.N[C@H](Cc1c[nH]c2ccccc12)C(=O)NCCCCCCNc1c2c(nc3cc(Cl)ccc13)CCCC2,Moderate
FC(F)(F)Oc1ccc(/C=N/C2CCN(Cc3ccccc3)CC2)cc1,Moderate
COc1cc2oc(-c3ccc(NCCNc4c5c(nc6cc(Cl)ccc46)CCCC5)cc3)cc(=O)c2c(OC)c1OC,Moderate
CC(C)(C)c1ccccc1OC(=O)N1c2ccccc2Sc2ccccc21,Moderate
O=[N+]([O-])c1ccc(/C=N/C2CCN(Cc3ccccc3)CC2)cc1,Moderate
CN(C)CCCC1(c2ccc(F)cc2)CCc2cc(-c3nnc(-c4ccccc4F)[nH]3)ccc21,Moderate
c1ccc(CNC2CCN(Cc3ccccc3)CC2)cc1,Inactive
COc1ccc(NCc2ccc(Oc3c(N)cccc3Cl)cc2)cc1,Moderate
CCOc1ccc(Cc2nc3cc(C(=O)NCCCCCNc4c5c(nc6ccccc46)CCCC5)ccc3n2CCC(C)C)cc1,Moderate
CCCCCNc1ccc(C(=O)c2c(-c3ccc(OC)cc3)oc3ccccc23)cc1,Moderate
c1ccc2c(NCCCN3CCN(CCCNc4c5c(nc6ccccc46)CCCC5)CC3)c3c(nc2c1)CCCC3,Active
CN1c2ccc(OC(=O)NCCCCCCN3CCOCC3)cc2CN2CCc3ccccc3C21,Active
CCOc1ccc(Cc2nc3cc(C(=O)N(CC)CC)ccc3n2CCCCCCNc2c3c(nc4ccccc24)CCCC3)cc1,Active
CCOc1ccc(Cc2nc3cc(C(=O)N(CC)CC)ccc3n2CCOCCOCCNc2c3c(nc4ccccc24)CCCC3)cc1,Moderate
Cl.Cl.N[C@@H](Cc1c[nH]c2ccccc12)C(=O)NCCCCCCCCNc1c2c(nc3ccccc13)CCCC2,Active
OC(CNc1ccc(Cl)cc1)CNc1ccc(-c2nc3ccccc3o2)cc1,Moderate
c1ccc2c(NCc3ccc(-c4ccc(CNc5c6c(nc7ccccc57)CCCC6)cc4)cc3)c3c(nc2c1)CCCC3,Active
O=C(NCc1ccccc1)O[C@H]1CO[C@H]2[C@@H]1OC[C@H]2O[N+](=O)[O-],Active
CN1c2ccc(OC(=O)NCCCCCCn3ccnc3)cc2CN2CCc3ccccc3C21,Active
CN1c2ccc(OC(=O)NCCCCN3CCc4ccccc4C3)cc2CN2CCc3ccccc3C21,Moderate
CCOc1ccc(Cc2nc3cc(C(=O)N(CC)CC)ccc3n2CCNc2c3c(nc4ccccc24)CCCC3)cc1,Active
CN1c2ccc(OC(=O)NCCCCCCn3cnc4ccccc43)cc2CN2CCc3ccccc3C21,Active
COc1cc(CCC(=O)NCC(=O)NNc2c3c(nc4ccccc24)CCCC3)cc(OC)c1OC,Active
S=C(NCc1ccccc1)NNc1c2c(nc3ccccc13)CCCC2,Active
CCOc1ccc(Cc2nc3cc(C(=O)N(CC)CC)ccc3n2CCCNc2c3c(nc4ccccc24)CCCC3)cc1,Moderate
NS(=O)(=O)c1ccc(NC(=S)NNc2c3c(nc4ccccc24)CCCC3)cc1,Moderate
Cl.Cl.N[C@@H](Cc1c[nH]c2ccccc12)C(=O)NCCCCNc1c2c(nc3ccccc13)CCCC2,Moderate
Cl.Cl.N[C@@H](Cc1c[nH]c2ccccc12)C(=O)NCCNc1c2c(nc3ccccc13)CCCC2,Active
O=C(c1cccc2ccccc12)n1nc(OCCN2CCCCC2)c2ccccc21,Active
COc1cc(-c2nnc(-c3ccc4c(c3)CCC4(CCCN(C)C)c3ccc(F)cc3)[nH]2)ccc1O,Moderate
O=C(CCCCNc1c2c(nc3cc(Cl)ccc13)CCCC2)NC12CC3CC(F)(CC(C1)c1ccccc13)C2,Moderate
CC(C)=CCN1c2ccccc2C2(CC=C(C)C)CCNC12,Moderate
CCOc1ccc(Cc2nc3cc(C(=O)NCCCCNc4c5c(nc6ccccc46)CCCC5)ccc3n2CCC(C)C)cc1,Moderate
CC(=O)N[C@@H](Cn1cc(-c2ccccc2)nn1)C(=O)NCC1CCN(Cc2ccccc2)CC1,Active
CCN(C)C(=O)Oc1cccc(/C=C/C(=O)c2ccccc2O)c1,Moderate
Cl.Cl.N[C@@H](Cc1c[nH]c2ccccc12)C(=O)NCCCCCCCCNc1c2c(nc3cc(Cl)ccc13)CCCC2,Moderate
COc1cc2oc(-c3ccc(NCCCNc4c5c(nc6cc(Cl)ccc46)CCCC5)cc3)cc(=O)c2c(OC)c1OC,Moderate
C(=N/Nc1c2c(nc3ccccc13)CCCC2)\c1ccc(OCc2cn(Cc3ccccc3)nn2)cc1.Cl,Active
COc1cc(NCc2ccc(Oc3c(N)cccc3Cl)cc2)cc(OC)c1,Moderate
O=C(c1c(F)ccc(F)c1F)n1nc(OCCN2CCCCC2)c2ccccc21,Moderate
N[C@@H](CCCCn1cc(-c2ccccc2)nn1)C(=O)NCC1CCN(Cc2ccccc2)CC1,Moderate
COc1ccc2nc3c(c(NCCCCCCNC(=O)[C@@H](N)Cc4c[nH]c5ccccc45)c2c1)CCCC3.Cl.Cl,Active
Oc1ccccc1/C=N/C1CCN(Cc2ccccc2)CC1,Inactive
CN1c2ccc(OC(=O)NCCCCCCCCN3CCc4ccccc4C3)cc2CN2CCc3ccccc3C21,Active
O=C(c1ccc2ccccc2c1)n1nc(OCCCN2CCCCC2)c2ccccc21,Moderate
Cc1cccc2c1C(=O)C1=C3CCCN3CCC1O2,Inactive
FC12CC3CC(NCCCCNc4c5c(nc6cc(Cl)ccc46)CCCC5)(CC(C1)c1ccccc13)C2,Moderate
CN1c2ccc(OC(=O)NCCN3CCc4ccccc4C3)cc2CN2CCc3ccccc3C21,Moderate
Cc1c(C)c2ccc(OCC3CCN(Cc4cccc(OCCCO)c4)CC3)cc2oc1=O,Moderate
COc1ccc(CC(=O)n2nc(OCCN3CCCC3)c3ccccc32)cc1,Moderate
NC12CC3CC(F)(CC(C1)c1cc(NC(=O)CCCNc4c5c(nc6cc(Cl)ccc46)CCCC5)ccc13)C2,Moderate
O=c1oc2ccccc2c2c1cnn2Cc1cn(-c2c(Cl)cc(Cl)cc2Cl)nn1,Inactive
Cc1cc(=O)oc2cc(OCCCCCn3cc(CNc4c5c(nc6cc(Cl)ccc46)CCCC5)nn3)ccc12,Active
Cc1cn(C2C=CC(COP3(=O)Oc4ccccc4C(CCl)O3)O2)c(=O)[nH]c1=O,Moderate
COc1ccc2nc3c(c(NCCCCCNC(=O)[C@@H](N)Cc4c[nH]c5ccccc45)c2c1)CCCC3.Cl.Cl,Moderate
Fc1ccc2[nH]c3c(c2c1)C[PH](Cc1cccc2ccccc12)(c1ccccc1)CC3,Active
Cc1cc(C)c(C(=O)n2nc(OCCN3CCCCC3)c3ccccc32)c(C)c1,Moderate
CCOc1ccc(Cc2nc3cc(C(=O)N(CC)CC)ccc3n2CCCCNc2c3c(nc4ccccc24)CCCC3)cc1,Moderate
Cc1cc(CSCCc2nc3ccccc3[nH]2)c(O)c(CSCCc2nc3ccccc3[nH]2)c1,Active
COc1ccc(CCOCCCCCNc2c3c(nc4ccccc24)CCCC3)cc1,Active
CCN1CCc2c(c3ccccc3n2CCC(=O)N2c3ccccc3Sc3ccccc32)C1,Moderate
COc1ccc2nc3c(c(NCCCCNC(=O)[C@@H](N)Cc4c[nH]c5ccccc45)c2c1)CCCC3.Cl.Cl,Moderate
O=C(Cc1cc(=O)oc2cc(O)ccc12)NCCCCCCCNc1c2c(nc3ccccc13)CCCC2,Active
O=C(/C=C/c1ccccc1)c1ccc(OCCCCCCN2CCCC2)cc1O,Inactive
O=C(c1cccc2ccccc12)n1nc(OCCCN2CCCC2)c2ccccc21,Active
COc1cccc(C(=O)c2c(-c3ccc(OCCCCCCCN(C)Cc4ccccc4)cc3)oc3ccccc23)c1,Inactive
CCN(CCCCCCN1CC(=O)N(CCCCCCN(CC)Cc2ccccc2OC)CC1=O)Cc1ccccc1OC,Moderate
CCN(CCCCCCN1CCN(CCCCCCN(CC)Cc2ccccc2OC)C1=O)Cc1ccccc1OC,Moderate
O=C(OC[C@H]1O[C@@H](OC(=O)c2cc(O)c(O)c(O)c2)[C@H](OC(=O)c2cc(O)c(O)c(O)c2)[C@@H](OC(=O)c2cc(O)c(O)c(O)c2)[C@@H]1O)c1cc(O)c(O)c(O)c1,Inactive
CC(C)OC(=O)N1c2ccccc2Sc2ccccc21,Inactive
CCN(CCCCCC(=O)N[C@H]1CCCC[C@@H]1NC(=O)CCCCCN(CC)Cc1ccccc1OC)Cc1ccccc1OC,Inactive
CCN(CCCCCCN1C(=O)c2ccc3c4c(ccc(c24)C1=O)C(=O)N(CCCCCCN(CC)Cc1ccccc1OC)C3=O)Cc1ccccc1OC,Moderate
CCN(CCCCCCN1CCN(CCCCCCN(CC)Cc2ccccc2OC)C(=O)C1=O)Cc1ccccc1OC,Inactive
CC(=O)N(CCCCNc1c2c(nc3ccccc13)CCCC2)CCCNc1c2c(nc3ccccc13)CCCC2,Active
O=C(NCCCCCNc1c2c(nc3ccccc13)CCCC2)[C@@H]1CCCN1CCNc1c2c(nc3ccccc13)CCCC2,Active
COc1ccc(/C=N/NC(=O)Cn2nc(C)n(-c3ccc(C(=O)N/N=C/c4ccc(OC)cc4)cc3)c2=O)cc1,Active
Nc1cccc(Cl)c1Oc1ccc(CNc2ccc(O)cc2)cc1,Moderate
Cc1nn(CC(=O)N/N=C/c2ccc(Cl)cc2)c(=O)n1-c1ccc(C(=O)N/N=C/c2ccc(Cl)cc2)cc1,Active
O=C(Nc1cc(COCc2cn(CCNc3c4c(nc5ccccc35)CCCC4)nn2)ccn1)Nc1cccc2c1C1CCCCN1C2=O,Moderate
CN1c2ccc(OC(=O)NCCN3CCOCC3)cc2CN2CCc3ccccc3C21,Moderate
O=C(Oc1cccc2ccccc12)N1c2ccccc2Sc2ccccc21,Active
Cc1nn(CC(=O)N/N=C/c2ccccc2)c(=O)n1-c1ccc(C(=O)N/N=C/c2ccccc2)cc1,Active
Cc1nn(CC(=O)N/N=C/c2ccc(Br)cc2O)c(=O)n1-c1ccc(C(=O)N/N=C/c2ccc(Br)cc2O)cc1,Active
N[C@@H](Cn1cc(-c2ccccc2)nn1)C(=O)NCC1CCN(Cc2ccccc2)CC1,Active
Oc1cc(/C=N/c2c3c(nc4ccccc24)CCCC3)cc(O)c1O,Moderate
CN(C)CCCC1(c2ccc(F)cc2)CCc2cc(-c3nnc(-c4ccc(F)cc4)[nH]3)ccc21,Moderate
COc1ccc2c(c1)C[C@H]1NCCc3cc4c(c-2c31)OCO4,Inactive
O=C(/C=C/c1ccc(OCc2ccccc2)cc1)NCCNc1c2c(nc3ccccc13)CCCC2,Active
COc1ccc2c(c1)C1(Cc3ccccc3)CCN(C)C1N2Cc1ccccc1,Moderate
CCN(CCCCCCn1c(=O)c(=O)n(CCCCCCN(CC)Cc2ccccc2OC)c2ccccc21)Cc1ccccc1OC,Active
CC1=C[C@@H]2Cc3nc4cc(F)ccc4c(N)c3[C@H](C1)C2,Moderate
COc1ccc(NC(=S)NNc2c3c(nc4ccccc24)CCCC3)cc1,Moderate
CC(C)=CCN1c2ccccc2C2(CC=C(C)C)CCN(C)C12,Moderate
O=C(c1cccc(Cl)c1Cl)n1nc(OCCN2CCCC2)c2ccccc21,Moderate
CC(C)=CCN1CCC2(CC=C(C)C)c3ccccc3N(CC=C(C)C)C12,Moderate
Brc1ccc(-n2cc(COc3ccc(/C=N/Nc4c5c(nc6ccccc46)CCCC5)cc3)nn2)cc1.Cl,Active
Clc1ccc(/C=N/C2CCN(Cc3ccccc3)CC2)cc1,Moderate
COc1ccc(/C=C2\COc3cc(OCCCN4CCCCC4)ccc3C2=O)cc1,Moderate
CN(C)CCCC1(c2ccc(F)cc2)CCc2cc(-c3nnc(-c4cccc(F)c4)[nH]3)ccc21,Moderate
COc1ccc2c(c1)C1(CC=C(C)C)CCN(Cc3ccccc3)C1N2CC=C(C)C,Inactive
CCOC(=O)C1=C(C)NC(C)=C(C(=O)OCC)C1c1ccc(OCCCCCN2CCCC2)cc1,Moderate
CN1c2ccc(OC(=O)NCCCCCCN3CCN(C(=O)OC(C)(C)C)CC3)cc2CN2CCc3ccccc3C21,Moderate
CN1CCC2(Cc3ccccc3)c3ccccc3N(Cc3ccccc3)C12,Inactive
Oc1ccc(CCOCCCCCNc2c3c(nc4ccccc24)CCCC3)cc1,Active
O=C(c1ccccc1OCc1ccccc1)n1nc(OCCN2CCCC2)c2ccccc21,Moderate
CN(C)CCCC1(c2ccc(F)cc2)CCc2cc(-c3nnc(-c4cccc(Cl)c4)[nH]3)ccc21,Moderate
O=C(/C=C/c1ccc([N+](=O)[O-])cc1)NCCCCCCNc1c2c(nc3ccccc13)CCCC2,Active
COc1ccc2c(c1)C1(CC=C(C)C)CCN(C)C1N2Cc1ccccc1,Moderate
COc1cc(/C=C/C(=O)NCCNc2c3c(nc4ccccc24)CCCC3)ccc1OCc1ccccc1,Active
Oc1ccc(CNc2c3c(nc4ccccc24)CCCC3)cc1O,Active
C=C(C)[C@H](CC=C(C)C)Cc1c(O)cc(OC)c2c1O[C@H](c1ccc(O)cc1O)CC2=O,Moderate
Oc1ccc(/C=N/c2c3c(nc4ccccc24)CCCC3)cc1O,Active
COc1ccc2[nH]cc(CCNC(=O)CN(CCC3CCN(Cc4ccccc4)CC3)C(=O)/C=C/c3ccc(O)c(OC)c3)c2c1,Active
O=C(Nc1cccc(-c2cn(CCNc3c4c(nc5ccccc35)CCCC4)nn2)n1)Nc1cccc2c1C1CCCCN1C2=O,Active
O=C(/C=C/c1ccc(OCCCCCCN2CCCC2)cc1)c1ccc(OCCCCCCN2CCCC2)cc1O,Moderate
CN1c2ccc(OC(=O)NCCCCCCN3CCc4ccccc4C3)cc2CN2CCc3ccccc3C21,Active
COc1ccc2nc3c(c(NCCNC(=O)[C@@H](N)Cc4c[nH]c5ccccc45)c2c1)CCCC3.Cl.Cl,Moderate
Cl.c1ccc(CCCCN2CCCc3[nH]c4ccccc4c3C2)cc1,Moderate
COc1ccc(-c2oc3ccccc3c2C(=O)c2ccc(OCCCCCN(C)Cc3ccccc3)cc2)cc1,Moderate
O=C(c1ccccc1Cl)n1nc(OCCCN2CCCCC2)c2ccccc21,Active
Cc1cccc2c1C(=O)[C@H]1[C@@H](CC[N@@+]3([O-])CCC[C@@H]13)O2,Inactive
Cl.Cl.N[C@@H](Cc1c[nH]c2ccccc12)C(=O)NCCCCCCNc1c2c(nc3ccccc13)CCCC2,Active
O=C(c1ccccc1Cl)n1nc(OCCN2CCCC2)c2ccccc21,Moderate
COc1ccc2[nH]cc(CCNC(=O)CN(CCCC3CCN(Cc4ccccc4)CC3)C(=O)/C=C/c3ccc(O)c(OC)c3)c2c1,Active
Oc1ccc(/C=N/c2ccc(-c3nc4ccccc4o3)cc2)cc1,Inactive
Cl.Cl.N[C@@H](Cc1c[nH]c2ccccc12)C(=O)NCCCNc1c2c(nc3cc(Cl)ccc13)CCCC2,Moderate
C#CCOc1ccc(/C=N/Nc2c3c(nc4ccccc24)CCCC3)cc1.Cl,Moderate
COc1ccc(-c2oc3ccccc3c2C(=O)c2ccc(N(Cc3ccc(F)cc3)Cc3ccc(F)cc3)cc2)cc1,Moderate
O=C(c1cccc(Cl)c1F)n1nc(OCCCN2CCCCC2)c2ccccc21,Moderate
Cc1nn(CC(=O)N/N=C/c2cccc(Br)c2)c(=O)n1-c1ccc(C(=O)N/N=C/c2cccc(Br)c2)cc1,Active
CCOc1ccc(Cc2nc3cc(C(=O)N(CC)CCCCNc4c5c(nc6ccccc46)CCCC5)ccc3n2CCC(C)C)cc1,Moderate
c1ccc(COc2ccc(CCOCCCCCNc3c4c(nc5ccccc35)CCCC4)cc2OCc2ccccc2)cc1,Active
COc1cc2c(cc1O)C(Cc1ccc(O)c(Oc3cc(CC4c5cc(O)c(OC)cc5CCN4C)ccc3OC)c1)N(C)CC2,Moderate
CC1(C)C=Cc2c(ccc3c2OC(c2ccc(O)cc2)CC3=O)O1,Moderate
CN(CCCN1CCN(c2cccc3c2ccn3Cc2ccccc2)CC1)Cc1ccccc1,Moderate
Cl.Cl.N[C@@H](Cc1c[nH]c2ccccc12)C(=O)NCCCCNc1c2c(nc3cc(Cl)ccc13)CCCC2,Moderate
COc1ccc2nc3c(c(NCCCCCCCCN(CC(=O)Nc4ccc5ccccc5c4)C(=O)/C=C/c4ccc(O)c(OC)c4)c2c1)CCCC3,Active
COc1ccc(-n2cc(COc3ccc(/C=N/Nc4c5c(nc6ccccc46)CCCC5)cc3)nn2)cc1.Cl,Active
CN1c2ccc(OC(=O)NCCCCCCN3CCCCC3)cc2CN2CCc3ccccc3C21,Active
CN1c2ccc(OC(=O)NCCCN3CCc4ccccc4C3)cc2CN2CCc3ccccc3C21,Moderate
CN1c2ccc(OC(=O)NCCCCCCN3CCNCC3)cc2CN2CCc3ccccc3C21,Active
COc1ccc(CCOCCCCCNc2c3c(nc4ccccc24)CCCC3)cc1OC,Active
Cl.Cl.N[C@@H](Cc1c[nH]c2ccccc12)C(=O)NCCCCCCCNc1c2c(nc3cc(Cl)ccc13)CCCC2,Active
CCOc1ccc(Cc2nc3cc(C(=O)NCCOCCOCCNc4c5c(nc6ccccc46)CCCC5)ccc3n2CCC(C)C)cc1,Moderate
Nc1cccc(Cl)c1Oc1ccc(CNc2cccc(O)c2)cc1,Moderate
Cl.Cl.N[C@@H](Cc1c[nH]c2ccccc12)C(=O)NCCCCCCNc1c2c(nc3cc(Cl)ccc13)CCCC2,Active
COc1ccc2nc3c(c(NCCCNC(=O)[C@@H](N)Cc4c[nH]c5ccccc45)c2c1)CCCC3.Cl.Cl,Moderate
Cl.Cl.N[C@@H](Cc1c[nH]c2ccccc12)C(=O)NCCCCCNc1c2c(nc3ccccc13)CCCC2,Active
C=CCNC(=S)NNc1c2c(nc3ccccc13)CCCC2,Moderate
Oc1ccc(/C=N/C2CCN(Cc3ccccc3)CC2)c(O)c1,Inactive
Cl.O=C(O)c1ccc(-n2cc(COc3ccc(/C=N/Nc4c5c(nc6ccccc46)CCCC5)cc3)nn2)cc1,Moderate
CCOc1ccc2[nH]c(SCc3cn(CC4CCN(Cc5ccccc5)CC4)nn3)nc2c1,Moderate
Cc1ccc(C(=O)c2c(-c3ccc(OCCCCCCCN(C)Cc4ccccc4)cc3)oc3ccccc23)cc1,Moderate
CCOc1ccc(Cc2nc3cc(C(=O)NCCCCCCNc4c5c(nc6ccccc46)CCCC5)ccc3n2CCC(C)C)cc1,Active
FC12CC3CC(NCCCCCNc4c5c(nc6cc(Cl)ccc46)CCCC5)(CC(C1)c1ccccc13)C2,Moderate
CN1c2ccc(OC(=O)NCCCCN3CCOCC3)cc2CN2CCc3ccccc3C21,Active
Cl.Cl.N[C@@H](Cc1c[nH]c2ccccc12)C(=O)NCCCCCCCNc1c2c(nc3ccccc13)CCCC2,Active
Cl.Cl.NC(Cc1c[nH]c2ccccc12)C(=O)NCCCCCCNc1c2c(nc3cc(Cl)ccc13)CCCC2,Active
O=C(Nc1cc(-c2cn(CCNc3c4c(nc5ccccc35)CCCC4)nn2)ccn1)Nc1cccc2c1C1CCCCN1C2=O,Moderate
Cl.Cl.N[C@@H](Cc1c[nH]c2ccccc12)C(=O)NCCCCCNc1c2c(nc3cc(Cl)ccc13)CCCC2,Active
c1ccc2[nH]c(SCCSc3nc4ccccc4[nH]3)nc2c1,Moderate
O=C(c1cccc(F)c1F)n1nc(OCCN2CCCC2)c2ccccc21,Inactive
c1ccc2[nH]c(CN(CCN(Cc3nc4ccccc4[nH]3)Cc3nc4ccccc4[nH]3)Cc3nc4ccccc4[nH]3)nc2c1,Moderate
CN1c2ccc(OC(=O)NCCCCCCCCN3CCOCC3)cc2CN2CCc3ccccc3C21,Active
COc1ccc2nc3c(c(NCCCCCCCCNC(=S)NC45CC6CC(CC(C6)C4)C5)c2c1)CCCC3,Moderate
CN1c2ccc(OC(=O)NCCCCCCCCCCN3CCOCC3)cc2CN2CCc3ccccc3C21,Active
COc1cccc(NCc2ccc(Oc3c(N)cccc3Cl)cc2)c1,Moderate
Clc1ccc(/C=N/C2CCN(Cc3ccccc3)CC2)c(Cl)c1,Moderate
O=c1c2ccccc2nc2n1CCC2,Inactive
CC[C@@H](CN1CCCC1=O)C(=O)NCCCCCCCNc1c2c(nc3cc(Cl)ccc13)C[C@H]1C=C(C)C[C@@H]2C1,Moderate
COc1cc2oc(-c3ccc(NCCCCNc4c5c(nc6cc(Cl)ccc46)CCCC5)cc3)cc(=O)c2c(OC)c1OC,Moderate
CN(C)CCCC1(c2ccc(F)cc2)CCc2cc(-c3nnc(-c4ccccc4I)[nH]3)ccc21,Moderate
OC(CNc1ccccc1)CNc1ccc(-c2nc3ccccc3o2)cc1,Moderate
Oc1ccc(CNCCCCCCNc2c3c(nc4ccccc24)CCCC3)cc1O,Active
Cc1cc(=O)oc2cc(OC/C=C/CCn3cnc4c(N5CCCC5)ncnc43)ccc12,Moderate
CCOC(=O)C1=C(C)NC(C)=C(C(=O)OCC)C1c1ccc(OCCCCCN2CCCCC2)cc1,Moderate
FC(F)(F)c1ccc(/C=N/C2CCN(Cc3ccccc3)CC2)cc1,Moderate
CCn1c2ccccc2c2cc(C3C(C(=O)OCC4CCCO4)=C(C)NC4=C3C(=O)CCC4)ccc21,Moderate
Cc1c(C)c2ccc(OCC3CCN(Cc4cccc(OCCCO[N+](=O)[O-])c4)CC3)cc2oc1=O,Moderate
Oc1ccc2[nH]c3c(c2c1)C[PH](Cc1cccc2ccccc12)(c1ccccc1)CC3,Active
S=C(NNc1c2c(nc3ccccc13)CCCC2)Nc1ccccc1,Moderate
COc1ccc2nc3c(c(NCCCCCCCCNC(=O)[C@@H](N)Cc4c[nH]c5ccccc45)c2c1)CCCC3.Cl.Cl,Moderate
CN1c2ccc(OC(=O)NCCCCCCN3CCCC3)cc2CN2CCc3ccccc3C21,Active
Oc1ccc(CNc2ccc(-c3nc4ccccc4o3)cc2)cc1,Moderate
FC(F)(F)c1ccc(CNC2CCN(Cc3ccccc3)CC2)cc1,Moderate
O=C(Nc1ccc(-c2cn(CCNc3c4c(nc5ccccc35)CCCC4)nn2)cn1)Nc1cccc2c1C1CCCCN1C2=O,Moderate
CCOc1ccc(Cc2nc3cc(C(=O)N(CC)CC)ccc3n2CCCCCNc2c3c(nc4ccccc24)CCCC3)cc1,Moderate
O=C(c1ccccc1OCc1ccccc1)n1nc(OCCCN2CCCCC2)c2ccccc21,Active
COc1cc2c(cc1Oc1c3c(cc(OC)c1OC)CCN(C)C3)C(Cc1ccc(O)cc1)N(C)CC2,Inactive
COc1ccc2nc3c(c(NCCCCCCCNC(=O)[C@@H](N)Cc4c[nH]c5ccccc45)c2c1)CCCC3.Cl.Cl,Active
FC(F)(F)Oc1ccc(CNC2CCN(Cc3ccccc3)CC2)cc1,Moderate
COc1ccc(-c2oc3ccccc3c2C(=O)c2ccc(OCCN(C)Cc3ccccc3)cc2)cc1,Inactive
c1ccc(COc2ccc(CCOCCCCCNc3c4c(nc5ccccc35)CCCC4)cc2)cc1,Active
CCOc1ccc(Cc2nc3cc(C(=O)NCCNc4c5c(nc6ccccc46)CCCC5)ccc3n2CCC(C)C)cc1,Active
O=C(c1cccc(Cl)c1Cl)n1nc(OCCCN2CCCCC2)c2ccccc21,Active
Cc1c(OCc2ccccc2)cccc1N1CCN(CCCCCCNc2c3c(nc4c2CCCC4)CCCC3)CC1,Active
Oc1ccc(CCOCCCCCNc2c3c(nc4ccccc24)CCCC3)cc1O,Active
O=C(CCCCCCNc1c2c(nc3cccc(Cl)c13)CCCC2)NCCc1c[nH]c2ccccc12,Active
O=c1oc2ccccc2c2nn(Cc3cn(-c4c(Cl)cc(Cl)cc4Cl)nn3)cc12,Inactive
NC12CC3CC(F)(CC(C1)c1cc(NC(=O)CCCCNc4c5c(nc6cc(Cl)ccc46)CCCC5)ccc13)C2,Active
COc1cc(CNC2CCN(Cc3ccccc3)CC2)cc(OC)c1OC,Inactive
COc1ccccc1CN1CCN(CCCCCOc2cccc3[nH]c4ccccc4c23)CC1,Moderate
c1ccc(CC2CCCN(CCNC3CCN(Cc4ccccc4)C3)C2)cc1,Moderate
Cc1ccc(-n2cc(COc3ccc(/C=N/Nc4c5c(nc6ccccc46)CCCC5)cc3)nn2)cc1.Cl,Active
COC(=O)[C@]12COCC[C@@H]3[C@H](c4c1[nH]c1ccccc41)N(C)CC[C@@H]32,Inactive
O=C(Nc1cc(CCc2cn(CCNc3c4c(nc5ccccc35)CCCC4)nn2)ccn1)Nc1cccc2c1C1CCCCN1C2=O,Active
O=[N+]([O-])C1C(Cc2c[nH]cn2)NC2(c3ccccc3-c3nc4ccccc4nc32)C1c1ccccc1,Inactive
COc1cc(OC)c(CC=C(C)C)c(-c2cc3ccc(O)cc3o2)c1CC=C(C)C,Inactive
O=[N+]([O-])C1C(Cc2c[nH]cn2)NC2(c3ccccc3-c3nc4ccccc4nc32)C1c1ccco1,Inactive
COc1c2c(cc3c1OCO3)[C@]13C=C[C@H](OC)C[C@@H]1[N@](C2)C[C@H]3OC(=O)c1ccccc1,Moderate
Cc1cccc(C2C([N+](=O)[O-])C(Cc3c[nH]cn3)NC23c2ccccc2-c2nc4ccccc4nc23)c1,Inactive
COc1c2c(cc3c1OCO3)[C@]13C=C[C@H](OC)C[C@@H]1[N@](C2)C[C@H]3OC(=O)c1ccccc1[N+](=O)[O-],Moderate
COc1cccc(C(=O)O[C@@H]2C[N@@]3Cc4c(cc5c(c4OC)OCO5)[C@@]24C=C[C@H](OC)C[C@H]34)c1,Moderate
CN(C)C(=O)Oc1cccc(C(O)CNC2CCCCC2)c1.Cl,Moderate
O=[N+]([O-])C1C(Cc2c[nH]cn2)NC2(c3ccccc3-c3nc4ccccc4nc32)C1c1ccccn1,Inactive
COc1c2c(cc3c1OCO3)[C@]13C=C[C@H](OC)C[C@@H]1[N@](C2)C[C@H]3OC(=O)c1ccc2ccccc2c1,Inactive
COc1c2c(cc3c1OCO3)[C@]13C=C[C@H](OC)C[C@@H]1[N@](C2)C[C@H]3OC(=O)c1ccc(C)cc1,Inactive
Cc1ccc2cc(NC(=O)Cn3c(-c4nonc4N)nc4ccccc43)ccc2n1,Moderate
COc1cc2cc(NC(=O)CCCNCc3ccccc3)c(=O)oc2cc1OC,Moderate
COc1cccc(C2C([N+](=O)[O-])C(Cc3c[nH]cn3)NC23c2ccccc2-c2nc4ccccc4nc23)c1,Inactive
Cc1ccc(C2C([N+](=O)[O-])C(Cc3c[nH]cn3)NC23c2ccccc2-c2nc4ccccc4nc23)cc1,Inactive
CC(C)=CCc1c(-c2ccc(O)cc2O)oc2c3c(cc(O)c2c1=O)OC(C)(C)C=C3,Moderate
COc1c2c(cc3c1OCO3)[C@]13C=C[C@H](OC)C[C@@H]1[N@](C2)C[C@H]3OC(=O)c1cccc(C)c1,Moderate
COc1cc(C2C3=C(CCCC3=O)NC3=C2C(=O)CCC3)ccc1OCc1ccc(F)cc1,Active
COc1c2c(cc3c1OCO3)[C@]13C=C[C@H](OC)C[C@@H]1[N@](C2)C[C@H]3OC(=O)c1ccccc1C,Moderate
Cc1ccc(OCc2nc(CN(CC(C)C)C(=O)c3ccc4c(c3)OCO4)cs2)cc1,Moderate
COc1ccc(C2C([N+](=O)[O-])C(Cc3c[nH]cn3)NC23c2ccccc2-c2nc4ccccc4nc23)cc1,Inactive
COc1ccccc1C1C([N+](=O)[O-])C(Cc2c[nH]cn2)NC12c1ccccc1-c1nc3ccccc3nc12,Inactive
COc1c2c(cc3c1OCO3)[C@]13C=C[C@H](OC)C[C@@H]1[N@](C2)C[C@H]3OC(=O)c1ccoc1,Inactive
COc1ccccc1C(=O)O[C@@H]1C[N@@]2Cc3c(cc4c(c3OC)OCO4)[C@@]13C=C[C@H](OC)C[C@H]23,Moderate
Cc1ccccc1C1C([N+](=O)[O-])C(Cc2c[nH]cn2)NC12c1ccccc1-c1nc3ccccc3nc12,Inactive
C=CC[N+](C)(C)c1ccc(CCC(=O)CCc2ccc([N+](C)(C)CC=C)cc2)cc1.[Br-].[Br-],Moderate
CN(C)C(=O)Oc1ccc(C(O)CNC2CCCCC2)cc1.Cl,Inactive
O=[N+]([O-])C1C(Cc2c[nH]cn2)NC2(c3ccccc3-c3nc4ccccc4nc32)C1c1ccc(Cl)cc1,Inactive
COc1c2c(cc3c1OCO3)[C@]13C=C[C@H](OC)C[C@@H]1[N@](C2)C[C@H]3OC(=O)c1cccc([N+](=O)[O-])c1,Inactive
Cc1c([C@H](C)[C@@H]2NC[C@@H](C)C[C@H]2O)ccc2c1C[C@H]1[C@H]2CC=C2C[C@@H](O)CC[C@@]21C,Inactive
COc1c2c(cc3c1OCO3)[C@]13C=C[C@H](OC)C[C@@H]1[N@](C2)C[C@H]3OC(=O)c1cccc2ccccc12,Active
O=[N+]([O-])C1C(Cc2c[nH]cn2)NC2(c3ccccc3-c3nc4ccccc4nc32)C1c1ccc(Br)cc1,Inactive
COc1cc2cc(NC(=O)[C@@H]3CCC[C@H](NCc4ccccc4)C3)c(=O)oc2cc1OC,Inactive
CC(C)=CCC/C(C)=C/Cc1c(O)cc(O)c(CC=C(C)C)c1-c1cc2ccc(O)cc2o1,Active
C/C=C(\C)C(=O)N[C@H]1CC[C@]2(O)CC3=CC[C@]4(C)[C@@H]([C@H](C)N(C)C)CC[C@@]4(C)[C@@H]3CC[C@H]2C1(C)C,Inactive
CCOC(=O)C1=C(C)Nc2nc3c(c(N)c2[C@@H]1c1ccc(OC)cc1)CCCC3,Inactive
CCN(Cc1ccccc1)Cc1ccc(C(=O)c2ccc(OC)c(OC)c2)cc1,Inactive
Oc1cc(O)cc(Oc2c(O)cc(O)c3c2Oc2c(O)cc(O)cc2O3)c1,Inactive
c1ccc2c(c1)CN1CCc3c([nH]c4ccccc34)C1=N2,Moderate
Clc1ccc2c(NCCCNCCCCCOc3cccc4[nH]c5ccccc5c34)c3c(nc2c1)CCCC3,Moderate
CCN(CC)C(=O)Oc1ccc(/C=C/C(=O)N2CCN(Cc3ccccc3)CC2)cc1OC,Inactive
O=C(N/N=C/c1ccc(Cl)cc1)N1CCN(c2ccccn2)CC1,Moderate
COc1cc(/C=C/C(=O)N2CCc3ccccc3C2)ccc1OC(=O)N(C)OC,Inactive
COc1cc(CNC(=O)CCCC/C=C/CNc2c3c(nc4cc(Cl)ccc24)CC2C=C(C)CC3C2)ccc1O,Active
CCCCN[C@@H](Cc1c[nH]c2ccccc12)C(=O)N1CCCC1c1ccccc1,Moderate
Brc1ccc(CNC2CCN(Cc3ccccc3)C2)cc1,Moderate
CNC(=O)c1sc(-c2ccnc(NC(=O)C3CC3)c2)nc1OCC1CCN(Cc2ccc(F)c(F)c2)CC1,Inactive
O=C(CCCN1CCC2c3ccccc3NC2C1)Oc1ccc(/C=C2\CCn3c2nc2ccccc2c3=O)cc1,Active
Clc1ccc2c(NCCCNCCCCCCOc3cccc4[nH]c5ccccc5c34)c3c(nc2c1)CCCC3,Moderate
COc1cc(CNC(=O)CCCCNc2c3c(nc4cc(Cl)ccc24)CC2C=C(C)CC3C2)ccc1O,Active
COc1ccc2cc3[n+](cc2c1OCc1cccc(Br)c1)CCc1cc2c(cc1-3)OCO2.[Br-],Moderate
O=C(N/N=C/c1ccccc1)N1CCN(c2ccccn2)CC1,Moderate
CCOC(=O)c1c(C)nc(N2CCN(S(=O)(=O)c3ccc(N)c(Cl)c3)CC2)nc1-c1ccc(OC)cc1,Moderate
COc1cccc(-c2nnc(N3CCN(c4ccccn4)CC3)o2)c1OC,Moderate
O=C(N/N=C/c1ccc([N+](=O)[O-])cc1)N1CCN(c2ccccn2)CC1,Moderate
Fc1ccc(/C=N\C2CCN(Cc3ccccc3)C2)c(F)c1,Moderate
CCN(C)C(=O)Oc1cccc(CNCCc2c[nH]c3cc(F)ccc23)c1,Moderate
COc1cc(CNC(=O)Cc2cn(CCCCC3=CC4Cc5nc6cc(Cl)ccc6c(N)c5C(C3)C4)nn2)ccc1O,Active
COc1cc(/C=C/C(=O)N2CCc3ccccc3C2)ccc1OC(=O)N(c1ccccc1)c1ccccc1,Inactive
COc1ccc2cc3[n+](cc2c1OCc1ccc([N+](=O)[O-])cc1)CCc1cc2c(cc1-3)OCO2.[Br-],Moderate
COc1cc(/C=N\C2CCN(Cc3ccccc3)C2)cc(OC)c1OC,Moderate
COc1cc(-c2nnc(N3CCN(c4ccccn4)CC3)o2)cc(OC)c1OC,Moderate
CCCCN[C@@H](Cc1c[nH]c2ccccc12)C(=O)NCCC1CCN(CC2CCN(C)CC2)CC1,Moderate
COc1ccc2cc3[n+](cc2c1OCc1ccccc1Br)CCc1cc2c(cc1-3)OCO2.[Br-],Moderate
COc1ccc2cc3[n+](cc2c1OCc1ccc(C)cc1)CCc1cc2c(cc1-3)OCO2.[Br-],Moderate
Oc1ccc(-c2nnc(N3CCN(c4ccccn4)CC3)o2)cc1,Moderate
CCCNC(=O)c1sc(-c2ccnc(NC(=O)CNCCNc3c4c(nc5ccccc35)CCCC4)c2)nc1OCC1CC1,Active
CNC(=O)c1sc(-c2ccnc(NC(=O)C3CC3)c2)nc1OCC1CCN(Cc2ccc(Cl)c(Cl)c2)CC1,Inactive
c1ccc(-c2nnc(N3CCN(c4ccccn4)CC3)o2)cc1,Moderate
CCCCN[C@@H](CC(C)C)C(=O)NCCC1CCCCCC1,Inactive
O=C(N/N=C/c1ccc(Br)cc1)N1CCN(c2ccccn2)CC1,Moderate
COc1cc2c(cc1OCc1ccccc1)CCC(C)(CC(=O)NCCCCCCCNc1c3c(nc4cc(Cl)ccc14)CCCC3)O2,Active
Brc1cccc(-c2nnc(Nc3ncccn3)o2)c1,Inactive
COc1ccc2cc3[n+](cc2c1OCc1ccc(Cl)c(Cl)c1)CCc1cc2c(cc1-3)OCO2.[Br-],Moderate
COc1cccc(CNC2CCN(Cc3ccccc3)C2)c1OC,Moderate
COc1ccc2cc3[n+](cc2c1OCc1ccc2ccccc2c1)CCc1cc2c(cc1-3)OCO2.[Br-],Active
CCN(C)C(=O)Oc1ccc(/C=C/C(=O)N2CCCCC2)cc1OC,Inactive
COc1cc2c(cc1OCc1ccccc1)CCC(C)(CC(=O)NCCCCCCCCNc1c3c(nc4cc(Cl)ccc14)CCCC3)O2,Active
NC(=O)c1sc(-c2ccnc(NC(=O)C3CC3)c2)nc1OCCCC1CCN(Cc2ccc(F)cc2)CC1,Moderate
O=C(N/N=C/c1ccc(C(F)(F)F)cc1)N1CCN(c2ccccn2)CC1,Moderate
COc1cc(CNC(=O)CCCCCCCNc2c3c(nc4cc(Cl)ccc24)CC2C=C(C)CC3C2)ccc1O,Active
COc1ccc(C(=O)c2ccc(/C=C/CN(C)Cc3ccccc3)cc2)cc1OC,Inactive
CNC(=O)c1sc(-c2ccnc(NC(=O)C3CC3)c2)nc1OCC1CCN(Cc2ccccc2)CC1,Inactive
COC(=O)c1ccc(COc2c(OC)ccc3cc4[n+](cc23)CCc2cc3c(cc2-4)OCO3)cc1.[Br-],Moderate
COc1cc(/C=C/C(=O)N2CCCCC2)ccc1OC(=O)N(C)C,Inactive
NC(=O)c1sc(-c2ccnc(NC(=O)C3CC3)c2)nc1OCCCC1CCN(Cc2ccccc2F)CC1,Moderate
COc1cc2c(cc1O)CCC(C)(CC(=O)NCCCCCCNc1c3c(nc4ccccc14)CCCC3)O2,Active
CNC(=O)c1sc(-c2ccnc(NC(=O)CNCCNc3c4c(nc5ccccc35)CCCC4)c2)nc1OC,Moderate
COc1ccc2cc3[n+](cc2c1OCc1ccc(Cl)cc1)CCc1cc2c(cc1-3)OCO2.[Br-],Moderate
NC(=O)c1sc(-c2ccnc(NC(=O)C3CC3)c2)nc1OCCC1CCN(Cc2ccccn2)CC1,Inactive
CNC(=O)c1sc(-c2ccnc(NC(=O)CNCCNc3c4c(nc5ccccc35)CCCC4)c2)nc1OCC1CCC1,Moderate
Fc1ccc(CNC2CCN(Cc3ccccc3)C2)cc1,Moderate
CCOC(=O)c1c(C)nc(N2CCN(S(=O)(=O)c3ccc(NC(C)=O)c(Cl)c3)CC2)nc1-c1ccccc1,Moderate
CNC(=O)c1sc(-c2ccnc(NC(=O)CNCCNc3c4c(nc5ccccc35)CCCC4)c2)nc1OCC(C)C,Moderate
CCN(C)C(=O)Oc1ccc(/C=C/C(=O)N2CCN(Cc3ccccc3)CC2)cc1,Inactive
O=C(CCCCCN1CCC2c3ccccc3NC2C1)Oc1ccc(/C=C2\CCn3c2nc2ccccc2c3=O)cc1,Moderate
CCCCN[C@@H](Cc1c[nH]c2ccccc12)C(=O)NCCC1CCCN(Cc2ccccc2)CC1,Active
COc1cc2c(cc1O)CCC(C)(CCNCCCCCCCCNc1c3c(nc4cc(Cl)ccc14)CCCC3)O2,Active
COc1ccc2cc3[n+](cc2c1OCc1ccc(C(F)(F)F)cc1)CCc1cc2c(cc1-3)OCO2.[Br-],Moderate
CCOC(=O)c1c(C)nc(N2CCN(S(=O)(=O)c3ccc(NC(C)=O)c(F)c3)CC2)nc1-c1ccc(OC)c(OC)c1,Moderate
CNC(=O)c1sc(-c2ccnc(NC(=O)C3CC3)c2)nc1OC1CCN(Cc2ccccc2)CC1,Inactive
CCCCN[C@@H](Cc1c[nH]c2ccccc12)C(=O)NCCC1CCCN(Cc2ccccc2)C1,Active
COc1ccc2nc3c(c(NCCCCCCN(CC(=O)NCCc4c[nH]c5ccc(OC)cc45)C(=O)CCCC[C@@H]4CCSS4)c2c1)CCCC3,Moderate
CCOC(=O)c1c(C)nc(N2CCN(S(=O)(=O)c3ccc(NC(C)=O)c(F)c3)CC2)nc1-c1ccccc1,Moderate
Fc1ccc(CNC2CCN(Cc3ccccc3)C2)c(F)c1,Moderate
COc1ccc2cc3[n+](cc2c1OC(C)c1ccccc1)CCc1cc2c(cc1-3)OCO2.[Br-],Moderate
CNC(=O)c1sc(-c2ccnc(NC(=O)C3CC3)c2)nc1OCC1CCN(Cc2ccccc2F)CC1,Inactive
NC(=O)c1sc(-c2ccnc(NC(=O)CNCCNc3c4c(nc5ccccc35)CCCC4)c2)nc1OCC1CC1,Moderate
NC(=O)c1sc(-c2ccnc(NC(=O)C3CC3)c2)nc1OCC1CCN(Cc2ccccc2)CC1,Inactive
COc1ccc2cc3[n+](cc2c1OCc1cccc(Cl)c1)CCc1cc2c(cc1-3)OCO2.[Br-],Moderate
O=c1ccoc2ccc(OCCCN3CCCCCC3)cc12,Inactive
O=C(NCCCNc1c2c(nc3ccccc13)CCCC2)c1sc(-c2ccnc(NC(=O)C3CCC3)c2)nc1OCC1CC1,Active
O=[N+]([O-])c1ccc(-c2nnc(N3CCN(c4ccccn4)CC3)o2)cc1,Moderate
COc1cc(CNC(=O)CCCCCCNc2c3c(nc4cc(Cl)ccc24)CC2C=C(C)CC3C2)ccc1O,Active
Oc1ccc(/C=N\C2CCN(Cc3ccccc3)C2)cc1,Moderate
FC(F)(F)Oc1ccc(/C=N\C2CCN(Cc3ccccc3)C2)cc1,Moderate
NC(=O)c1sc(-c2ccnc(NC(=O)C3CC3)c2)nc1OCCC1CCN(Cc2c(F)cccc2F)CC1,Moderate
COc1ccc2nc3c(c(NCCCCCCCCN(CC(=O)NCCc4c[nH]c5ccc(OC)cc45)C(=O)CCCC[C@@H]4CCSS4)c2c1)CCCC3,Moderate
O=C(CCN1CCC2c3ccccc3NC2C1)Oc1ccc(/C=C2\CCn3c2nc2ccccc2c3=O)cc1,Active
COc1cc(/C=C/C(=O)N2CCCCC2)ccc1OC(=O)N(c1ccccc1)c1ccccc1,Inactive
COc1cc(/C=C/C(=O)N2CCN(Cc3ccccc3)CC2)ccc1OC(=O)N(C)C,Inactive
CCOC(=O)c1c(C)nc(N2CCN(S(=O)(=O)c3ccc(NC(C)=O)c(OC)c3)CC2)nc1-c1ccc(OC)cc1,Moderate
NC(=O)c1sc(-c2ccnc(NC(=O)C3CC3)c2)nc1OCCC1CCN(Cc2ccc(F)c(F)c2)CC1,Moderate
COc1ccc2cc3[n+](cc2c1OCc1ccccc1C)CCc1cc2c(cc1-3)OCO2.[Br-],Inactive
COc1cccc(/C=N\C2CCN(Cc3ccccc3)C2)c1OC,Moderate
Cc1cccc(/C=N\C2CCN(Cc3ccccc3)C2)c1,Moderate
Clc1ccc(-c2nnc(N3CCN(c4ccccn4)CC3)o2)cc1,Moderate
O=C(N/N=C/c1ccc(O)cc1O)N1CCN(c2ccccn2)CC1,Moderate
Oc1ccc(CNC2CCN(Cc3ccccc3)C2)c(O)c1,Moderate
CNC(=O)c1sc(-c2ccnc(NC(=O)CNCCCCNc3c4c(nc5ccccc35)CCCC4)c2)nc1OCC1CC1,Active
COc1cc(CNC2CCN(Cc3ccccc3)C2)cc(OC)c1OC,Moderate
O=[N+]([O-])c1ccc(/C=N\C2CCN(Cc3ccccc3)C2)cc1,Moderate
O=C(CCN1CCC2c3ccccc3NC2C1)Nc1ccc(/C=C2\CCn3c2nc2ccccc2c3=O)cc1,Moderate
COc1cc2c(cc1O)CCC(C)(CC(=O)NCCCCCCCCCNc1c3c(nc4ccccc14)CCCC3)O2,Active
COc1ccc2cc3[n+](cc2c1OCc1ccc(C(C)C)cc1)CCc1cc2c(cc1-3)OCO2.[Br-],Moderate
CCCCN[C@@H](Cc1c[nH]c2ccccc12)C(=O)NCCC1CCCN(Cc2c(F)c(F)cc(F)c2F)CC1,Active
COc1ccc2cc3[n+](cc2c1OCc1cccc(C)c1)CCc1cc2c(cc1-3)OCO2.[Br-],Inactive
CC(=O)Nc1cc(-c2nc(OCC3CC3)c(C(=O)NCCCNc3c4c(nc5ccccc35)CCCC4)s2)ccn1,Moderate
COc1cc2c(cc1O)CCC(C)(CC(=O)NCCOCCOCCNc1c3c(nc4cc(Cl)ccc14)CCCC3)O2,Moderate
c1ccc(CNC2CCN(Cc3ccccc3)C2)cc1,Moderate
Fc1ccc(-c2nnc(N3CCN(c4ccccn4)CC3)o2)c(F)c1,Moderate
COc1ccc2cc3[n+](cc2c1OCc1cccc([N+](=O)[O-])c1)CCc1cc2c(cc1-3)OCO2.[Br-],Moderate
CNC(=O)c1sc(-c2ccnc(NC(=O)CNCCNc3c4c(nc5ccccc35)CCCC4)c2)nc1OCC(C)(C)C,Moderate
NC(=O)c1sc(-c2ccnc(NC(=O)C3CC3)c2)nc1OCCC1CCN(Cc2ccccc2F)CC1,Inactive
COc1cc(/C=C/C(=O)N2CCC(Cc3ccccc3)CC2)ccc1OC(=O)N(c1ccccc1)c1ccccc1,Inactive
COc1ccc2[nH]cc(CCNC(=O)CN(CCCCCCCCNc3c4c(nc5ccccc35)CCCC4)C(=O)/C=C/c3ccc(O)c(OC)c3)c2c1,Active
COc1cc(/C=C/C(=O)N2CCc3ccccc3C2)ccc1OC(=O)N(C)C,Moderate
Cn1c(=O)sc2cc(NC(=O)CCCCN3CCC(c4ccccc4)CC3)ccc21,Moderate
CNC(=O)c1sc(-c2ccnc(NC(=O)C3CC3)c2)nc1OCCCc1cn(CCNc2c3c(nc4ccccc24)CCCC3)nn1,Moderate
Clc1ccc(CNC2CCN(Cc3ccccc3)C2)cc1,Moderate
CCCCN[C@@H](Cc1c[nH]c2ccccc12)C(=O)NCCC1CCCC(c2ccccc2)C1,Active
c1cnc(Nc2nnc(-c3cccc4ccccc34)o2)nc1,Inactive
CCN(CC)C(=O)Oc1ccc(/C=C/C(=O)N2CCC(Cc3ccccc3)CC2)cc1OC,Moderate
CCN(C)C(=O)Oc1cccc(CNCCc2c[nH]c3cc(F)ccc23)c1.O=C(O)/C=C/C(=O)O,Moderate
CCNC(=O)c1sc(-c2ccnc(NC(=O)CNCCNc3c4c(nc5ccccc35)CCCC4)c2)nc1OCC1CC1,Moderate
FC(F)(F)c1ccc(CNC2CCN(Cc3ccccc3)C2)cc1,Moderate
Oc1ccc(-c2nnc(N3CCN(c4ccccn4)CC3)o2)c(O)c1,Moderate
COc1ccc2nc3c(c(NCCCCCCCN(CC(=O)NCCc4c[nH]c5ccc(OC)cc45)C(=O)CCCC[C@@H]4CCSS4)c2c1)CCCC3,Moderate
COc1ccc2cc3[n+](cc2c1OCc1ccc(Br)cc1)CCc1cc2c(cc1-3)OCO2.[Br-],Moderate
Fc1ccc(-c2nnc(N3CCN(c4ccccn4)CC3)o2)cc1,Moderate
CCN(C)C(=O)Oc1ccc(-c2cc(=O)c3c(O)cc(OC(=O)N(C)CC)cc3o2)cc1,Inactive
COc1ccc2[nH]cc(CCNC(=O)CN(CCCCCCCCNc3c4c(nc5ccccc35)CCCC4)C(=O)CCCC[C@@H]3CCSS3)c2c1,Moderate
COc1ccc2nc3c(c(NCCCCCCCCN(CC(=O)NCCc4c[nH]c5ccc(OC)cc45)C(=O)/C=C/c4ccc(O)c(OC)c4)c2c1)CCCC3,Moderate
COc1cc2c(cc1O)CCC(C)(CCC(=O)NCCCCCCNc1c3c(nc4cc(Cl)ccc14)CCCC3)O2,Moderate
COc1ccc(COc2c(OC)ccc3cc4[n+](cc23)CCc2cc3c(cc2-4)OCO3)cc1.[Br-],Moderate
CCN(Cc1ccccc1)C(=O)/C=C/c1ccc(OC(=O)N(c2ccccc2)c2ccccc2)c(OC)c1,Inactive
COc1cc(/C=C/C(=O)N2CCN(Cc3ccccc3)CC2)ccc1OC(=O)N(c1ccccc1)c1ccccc1,Inactive
CCOC(=O)c1c(C)nc(N2CCN(S(=O)(=O)c3ccc(N)cc3)CC2)nc1-c1ccc(OC)cc1,Moderate
COc1cccc(COc2c(OC)ccc3cc4[n+](cc23)CCc2cc3c(cc2-4)OCO3)c1.[Br-],Moderate
O=C(N/N=C/c1ccc(F)cc1F)N1CCN(c2ccccn2)CC1,Moderate
Cc1ccc(CNC2CCN(Cc3ccccc3)C2)cc1,Moderate
O=C(CCCCCN1CCC2c3ccccc3NC2C1)Nc1ccc(/C=C2\CCn3c2nc2ccccc2c3=O)cc1,Moderate
CCOC(=O)c1c(C)nc(N2CCN(S(=O)(=O)c3ccc(N)c(OC)c3)CC2)nc1-c1ccccc1,Moderate
CCOC(=O)c1c(C)nc(N2CCN(S(=O)(=O)c3ccc(NC(C)=O)cc3)CC2)nc1-c1ccc(OC)c(OC)c1,Moderate
Brc1ccc(-c2nnc(Nc3ncccn3)o2)cc1,Inactive
Oc1ccc(CNC2CCN(Cc3ccccc3)C2)cc1,Moderate
NC(=O)c1sc(-c2ccnc(NC(=O)C3CC3)c2)nc1OCCC1CCN(Cc2ccc(F)cc2)CC1,Inactive
FC(F)(F)c1ccc(-c2nnc(N3CCN(c4ccccn4)CC3)o2)cc1,Moderate
COc1ccc(-c2cc(C(=O)N3CCN(Cc4ccccc4)CC3)c3ccccc3n2)cc1,Moderate
CCCCN(CCCC)[C@@H](Cc1c[nH]c2ccccc12)C(=O)N1CCC(Cc2ccccc2)CC1,Active
O=c1ccoc2ccc(OCCCCN3CCCCC3)cc12,Inactive
COc1cccc2cc[n+](-c3ccccc3F)cc12.[Br-],Inactive
NC(=O)c1sc(-c2ccnc(NC(=O)C3CC3)c2)nc1OCCCC1CCN(Cc2cccc(F)c2)CC1,Moderate
O=C(CN1CCC2c3ccccc3NC2C1)Oc1ccc(/C=C2\CCn3c2nc2ccccc2c3=O)cc1,Moderate
CCN(C)C(=O)Oc1ccc(/C=C/C(=O)N2CCC(Cc3ccccc3)CC2)cc1,Moderate
CCCC[N+]1(C)CCN(c2ccc(/C=C3\Cc4cc(OC)c(OC)cc4C3=O)cc2)CC1.[Br-],Inactive
CCOC(=O)c1c(C)nc(N2CCN(S(=O)(=O)c3ccc(NC(C)=O)c(OC)c3)CC2)nc1-c1ccccc1,Moderate
CCN(C)C(=O)Oc1ccc(/C=C/C(=O)N2CCc3ccccc3C2)cc1,Moderate
CNC(=O)c1sc(-c2ccnc(NC(=O)CNCCNc3c4c(nc5cc(Cl)ccc35)CCCC4)c2)nc1OCC1CC1,Moderate
O=c1cc(-c2ccc(OCCCCN3CCN(Cc4ccccc4)CC3)cc2)oc2cc(OCCCCN3CCN(Cc4ccccc4)CC3)cc(O)c12,Inactive
O=C(/C=C/c1ccc(OCCCCN2CCCCC2)cc1)c1c(O)cc(OCCCCN2CCCCC2)cc1O,Moderate
CNC(=O)c1sc(-c2ccnc(NC(=O)C3CC3)c2)nc1OCCOCc1cn(-c2c3c(nc4ccccc24)CCCC3)nn1,Moderate
Oc1ccccc1CNC1CCN(Cc2ccccc2)C1,Moderate
COc1cc2c(cc1OC)C(=O)/C(=C/c1ccc(N3CC[N+](C)(Cc4cccc(Br)c4)CC3)cc1)C2.[Br-],Moderate
COc1cccc2cc[n+](-c3ccccc3I)cc12.[Br-],Inactive
CCc1ccc(NC(=O)COc2c(Cl)cc(Cl)cc2S(=O)(=O)N2CCN(C(=O)c3ccco3)CC2)cc1,Moderate
O=c1cc(-c2ccc(OCCCCN3CCC(Cc4ccccc4)CC3)cc2)oc2cc(OCCCCN3CCC(Cc4ccccc4)CC3)cc(O)c12,Inactive
C#CCN1CCC(COC(=O)Nc2ccccc2)CC1,Inactive
CCOC(=O)c1c(C)nc(N2CCN(S(=O)(=O)c3ccc(N)c(F)c3)CC2)nc1-c1ccc(OC)cc1,Moderate
Brc1ccc([N+]2=Cc3ccccc3CC2)cc1.[Br-],Inactive
CNC(=O)c1sc(-c2ccnc(NC(=O)C3CC3)c2)nc1OCCOCc1cn(CCNc2c3c(nc4ccccc24)CCCC3)nn1,Moderate
CCN(CC)C(=O)Oc1ccc(/C=C/C(=O)N2CCc3ccccc3C2)cc1OC,Moderate
C#CCN1CCCC(COC(=O)Nc2ccc(C(C)C)cc2)C1,Inactive
Brc1ccc(-c2nnc(N3CCN(c4ccccn4)CC3)o2)cc1,Moderate
Oc1ccc(/C=N\C2CCN(Cc3ccccc3)C2)c(O)c1,Moderate
COc1cc2c(cc1OC)C(=O)/C(=C/c1ccc(OCCCCN[N+]3(C)CCN(c4ccc(/C=C5\Cc6cc(OC)c(OC)cc6C5=O)cc4)CC3)cc1)C2.[Br-],Moderate
COc1cc2c(cc1OC)C(=O)/C(=C/c1ccc(N3CC[N+](C)(Cc4ccc(Br)cc4)CC3)cc1)C2.[Br-],Moderate
C#CCN1CCCC(OC(=O)Nc2ccccc2)C1,Inactive
O=C(Nc1ccccc1)OCC1CCN(Cc2ccccc2)CC1,Moderate
O=C(NCCCNc1c2c(nc3ccccc13)CCCC2)c1sc(-c2ccnc(NC(=O)C3CC3)c2)nc1OCC1CC1,Moderate
O=C(CCCCN1CCC2c3ccccc3NC2C1)Nc1ccc(/C=C2\CCn3c2nc2ccccc2c3=O)cc1,Active
O=C(N/N=C/c1ccc(OC(F)(F)F)cc1)N1CCN(c2ccccn2)CC1,Moderate
Oc1ccccc1-c1nnc(N2CCN(c3ccccn3)CC2)o1,Moderate
CCN(C)C(=O)OC1CCCN(Cc2ccccc2)C1,Inactive
COc1cc(CNC(=O)c2ccc(CNc3c4c(nc5cc(Cl)ccc35)CC3C=C(C)CC4C3)cc2)ccc1O,Moderate
O=C(Nc1ccccc1)OC1CCCN(C2Cc3ccccc3C2)C1,Active
CCN(CCCCOc1ccc(/C=C/C(=O)c2c(O)cc(OCCCCN(CC)Cc3ccccc3OC)cc2O)cc1)Cc1ccccc1OC,Moderate
O=C(Nc1ccccc1)OCC1CCCN(C2Cc3ccccc3C2)C1,Moderate
CCN(CC)CCCCOc1ccc(/C=C/C(=O)c2c(O)cc(OCCCCN(CC)CC)cc2O)cc1,Moderate
COc1cc(CNC(=O)CCCCCCCCNc2c3c(nc4cc(Cl)ccc24)CC2C=C(C)CC3C2)ccc1O,Active
C#CCN1CCCC(COC(=O)Nc2ccccc2)C1,Inactive
CCN(CCCCOc1ccc(-c2cc(=O)c3c(O)cc(OCCCCN(CC)Cc4ccccc4)cc3o2)cc1)Cc1ccccc1,Inactive
O=c1c2cc(Cl)ccc2oc2ccc(OCCCCCN3CCCCCC3)cc12,Moderate
CC(C)c1ccc(NC(=O)OC2CCN(Cc3ccccc3)CC2)cc1,Moderate
COc1cc2c(cc1OC)C(=O)/C(=C/c1ccc(N3CC[N+](C)(Cc4ccccn4)CC3)cc1)C2.[Cl-],Moderate
Cc1cccc(CNC2CCN(Cc3ccccc3)C2)c1,Moderate
COc1cccc2cc[n+](-c3cccc(C)c3)cc12.[Br-],Inactive
COc1cccc(-[n+]2ccc3cccc(OC)c3c2)c1.[Br-],Inactive
COc1ccc2nc3c(c(NCCCCCCCN(CC(=O)NCCc4c[nH]c5ccc(OC)cc45)C(=O)/C=C/c4ccc(O)c(OC)c4)c2c1)CCCC3,Moderate
COc1cc2c(cc1O)CCC(C)(CCNCCCCCCCCCNc1c3c(nc4cc(Cl)ccc14)CCCC3)O2,Active
CCN(C)C(=O)OC1CCN(C2Cc3ccccc3C2)CC1,Inactive
COc1cccc2cc[n+](-c3ccccc3C#N)cc12.[Br-],Inactive
CC(C)c1ccc(NC(=O)OCC2CCCN(C3Cc4ccccc4C3)C2)cc1,Moderate
CNC(=O)c1sc(-c2ccnc(NC(=O)C3CC3)c2)nc1OCC1CCN(Cc2cccc(Br)c2)CC1,Inactive
Clc1ccc(/C=N\C2CCN(Cc3ccccc3)C2)cc1,Moderate
CCCCN[C@@H](Cc1c[nH]c2ccccc12)C(=O)NCCC1CCN(CCc2ccccc2)CC1,Active
CCN(C)C(=O)OC1CCCN(C2Cc3ccccc3C2)C1,Moderate
COc1cccc2cc[n+](-c3ccccc3Cl)cc12.[Br-],Inactive
Clc1ccc2c(NCCCNCCCOc3cccc4[nH]c5ccccc5c34)c3c(nc2c1)CCCC3,Moderate
Clc1ccc2c(NCCCNCCCCOc3cccc4[nH]c5ccccc5c34)c3c(nc2c1)CCCC3,Moderate
CCN(C)C(=O)Oc1ccc(/C=C/C(=O)N2CCC(Cc3ccccc3)CC2)cc1OC,Moderate
CNC(=O)c1sc(-c2ccnc(NC(=O)CNCCNc3c4c(nc5ccccc35)CCCC4)c2)nc1OC(C)C,Moderate
CCCCN[C@@H](Cc1c[nH]c2ccccc12)C(=O)NCCC1CCCN(Cc2ccc(OC)cc2)CC1,Active
COc1cc2c(cc1O)CCC(C)(CCNCCOCCOCCNc1c3c(nc4cc(Cl)ccc14)CCCC3)O2,Moderate
CCCCN[C@@H](Cc1c[nH]c2ccccc12)C(=O)NCCC1CCN(Cc2ccccc2)CC1,Active
CCN(C)C(=O)Oc1ccc(-c2cc(=O)c3c(OC(=O)N(C)CC)cc(OC(=O)N(C)CC)cc3o2)cc1,Inactive
COc1cc2c(cc1O)CCC(C)(CC(=O)NCCCCCCCCNc1c3c(nc4cc(Cl)ccc14)CCCC3)O2,Moderate
CNC(=O)c1sc(-c2ccnc(NC(=O)C3CC3)c2)nc1OCCc1cn(CCNc2c3c(nc4ccc(OC)cc24)CCCC3)nn1,Active
O=c1c(-c2ccc(OCCCCN3CCCCC3)cc2)coc2cc(OCCCCN3CCCCC3)cc(O)c12,Inactive
COc1cc2c(cc1OC)C(=O)/C(=C/c1ccc(N3CC[N+](C)(Cc4ccccc4Cl)CC3)cc1)C2.[Cl-],Moderate
O=C(N/N=C/c1ccc(F)cc1)N1CCN(c2ccccn2)CC1,Moderate
COc1cc(CNC(=O)CCCCCNc2c3c(nc4cc(Cl)ccc24)CC2C=C(C)CC3C2)ccc1O,Active
COc1cccc2cc[n+](-c3c(F)cccc3F)cc12.[Br-],Inactive
O=C(Nc1ccccc1)OCC1CCCN(Cc2ccccc2)C1,Moderate
COc1cccc2cc[n+](-c3cccc(Cl)c3)cc12.[Br-],Inactive
COc1cccc2cc[n+](-c3ccc(Br)cc3)cc12.[Br-],Inactive
COc1ccc2cc3[n+](cc2c1OCc1cc(C)cc(C)c1)CCc1cc2c(cc1-3)OCO2.[Br-],Moderate
CON(C)C(=O)Oc1ccc(-c2cc(=O)c3c(O)cc(OC(=O)N(C)OC)cc3o2)cc1,Inactive
CNC(=O)c1sc(-c2ccnc(NC(=O)CNCCNc3c4c(nc5ccccc35)CCCC4)c2)nc1OCC1CC1,Moderate
COc1cccc2cc[n+](-c3ccccc3)cc12.[Br-],Inactive
COc1cc2c(cc1OCc1ccccc1)CCC(C)(CC(=O)NCCCCCCNc1c3c(nc4cc(Cl)ccc14)CCCC3)O2,Moderate
COc1cc2c(cc1OCc1ccccc1)CCC(C)(CC(=O)NCCCCCCCCCNc1c3c(nc4cc(Cl)ccc14)CCCC3)O2,Active
CCN(CC)C(=O)/C=C/c1ccc(OC(=O)N(C)C)c(OC)c1,Inactive
C#CCOc1ccc(-c2cc(-c3ccc(OCCN4CCOCC4)cc3)nc(N)n2)cc1,Moderate
COc1ccc2nc3c(c(NCCCCCCN(CC(=O)NCCc4c[nH]c5ccc(OC)cc45)C(=O)/C=C/c4ccc(O)c(OC)c4)c2c1)CCCC3,Moderate
COc1cc2c(cc1OC)C(=O)/C(=C/c1ccc(N3CC[N+](C)(CCO)CC3)cc1)C2.[Cl-],Moderate
COc1ccc2cc3[n+](cc2c1OCc1ccc(SC)cc1)CCc1cc2c(cc1-3)OCO2.[Br-],Moderate
CCOC(=O)c1c(C)nc(N2CCN(S(=O)(=O)c3ccc(NC(C)=O)c(Cl)c3)CC2)nc1-c1ccc(OC)c(OC)c1,Moderate
CCCCN[C@@H](Cc1c[nH]c2ccccc12)C(=O)NCCC1CCCCCC1,Active
CCCCN[C@@H](Cc1c[nH]c2ccccc12)C(=O)NCCC1CCN(c2ccccc2)CC1,Active
COc1cccc2cc[n+](-c3ccc(I)cc3F)cc12.[Br-],Inactive
COc1cc2c(cc1OC)C(=O)/C(=C/c1ccc(N3CC[N+](C)(Cc4cccc(Cl)c4)CC3)cc1)C2.[Br-],Moderate
C#CCN1CCC(OC(=O)Nc2ccccc2)CC1,Inactive
CNC(=O)c1sc(-c2ccnc(NC(=O)C3CC3)c2)nc1OCCc1cn(-c2c3c(nc4ccccc24)CCCC3)nn1,Moderate
O=c1c(-c2ccc(OCCCCN3CCc4ccccc4C3)cc2)coc2cc(OCCCCN3CCc4ccccc4C3)cc(O)c12,Inactive
O=C(CCCCN1CCC2c3ccccc3NC2C1)Oc1ccc(/C=C2\CCn3c2nc2ccccc2c3=O)cc1,Moderate
CCCCN[C@@H](Cc1ccccc1)C(=O)NCCC1CCCCCC1,Moderate
COc1cc(/C=C/C(=O)N2CCC(Cc3ccccc3)CC2)ccc1OC(=O)N(C)C,Moderate
CC(C)c1ccc(NC(=O)OCC2CCCN(Cc3ccccc3)C2)cc1,Moderate
O=c1cc(-c2ccc(OCCCCN3CCc4ccccc4C3)cc2)oc2cc(OCCCCN3CCc4ccccc4C3)cc(O)c12,Inactive
CC1c2ccccc2CCN1CCCCOc1ccc(-c2coc3cc(OCCCCN4CCc5ccccc5C4C)cc(O)c3c2=O)cc1,Inactive
C#CCN1CCC(COC(=O)Nc2ccc(C(C)C)cc2)CC1,Inactive
CCN(C)C(=O)OCC1CCCN(C2Cc3ccccc3C2)C1,Moderate
CCOC(=O)c1c(C)nc(N2CCN(S(=O)(=O)c3ccc(N)c(F)c3)CC2)nc1-c1ccc(OC)c(OC)c1,Moderate
COc1cc2c(cc1O)CCC(C)(CC(=O)NCCCCCCCCNc1c3c(nc4ccccc14)CCCC3)O2,Active
CCN(C)C(=O)OCC1CCCN(Cc2ccccc2)C1,Moderate
O=C(Nc1ccccc1)OC1CCCN(Cc2ccccc2)C1,Moderate
CNC(=O)c1sc(-c2ccnc(NC(=O)C3CC3)c2)nc1OCC1CCN(Cc2cccc([N+](=O)[O-])c2)CC1,Moderate
FC(F)(F)c1ccc(/C=N\C2CCN(Cc3ccccc3)C2)cc1,Moderate
CNC(=O)c1sc(-c2ccnc(NC(=O)C3CC3)c2)nc1OCC1CCN(Cc2ccc(Br)cc2)CC1,Inactive
O=C(N/N=C/c1ccc(O)cc1)N1CCN(c2ccccn2)CC1,Moderate
CCN(C)C(=O)Oc1ccc(/C=C/C(=O)N2CCc3ccccc3C2)cc1OC,Moderate
O=C(/C=C/c1ccc(OCCCCN2CCC(Cc3ccccc3)CC2)cc1)c1c(O)cc(OCCCCN2CCC(Cc3ccccc3)CC2)cc1O,Moderate
C#CCN1CCC(OC(=O)N(C)CC)CC1,Inactive
FC(F)(F)Oc1ccc(CNC2CCN(Cc3ccccc3)C2)cc1,Active
FC(F)(F)Oc1ccc(-c2nnc(N3CCN(c4ccccn4)CC3)o2)cc1,Moderate
O=C(Nc1ccccc1)OCC1CCN(C2Cc3ccccc3C2)CC1,Moderate
COc1cccc2cc[n+](-c3ccc(I)cc3)cc12.[Br-],Inactive
Brc1ccc(/C=N\C2CCN(Cc3ccccc3)C2)cc1,Moderate
O=C(Nc1ccccc1)OC1CCN(Cc2ccccc2)CC1,Moderate
O=C1CC(c2ccc(OCCCCN3CCc4ccccc4C3)cc2)Oc2cc(OCCCCN3CCc4ccccc4C3)cc(O)c21,Inactive
COc1cc2c(cc1OC)C(=O)/C(=C/c1ccc(N3CC[N+](C)(Cc4ccccc4Br)CC3)cc1)C2.[Br-],Moderate
COc1cc2c(cc1OC)C(=O)/C(=C/c1ccc(OCCN[N+]3(C)CCN(c4ccc(/C=C5\Cc6cc(OC)c(OC)cc6C5=O)cc4)CC3)cc1)C2.[Br-],Inactive
CCCCCC[N+]1(C)CCN(c2ccc(/C=C3\Cc4cc(OC)c(OC)cc4C3=O)cc2)CC1.[Br-],Moderate
COc1cc2c(cc1O)CCC(C)(CC(=O)NCCCCCCCNc1c3c(nc4ccccc14)CCCC3)O2,Active
COc1cc2c(cc1O)CCC(C)(CCC(=O)NCCCCCCCCNc1c3c(nc4cc(Cl)ccc14)CCCC3)O2,Moderate
CCC[N+]1(C)CCN(c2ccc(/C=C3\Cc4cc(OC)c(OC)cc4C3=O)cc2)CC1.[Br-],Inactive
COc1cc(CNC(=O)CCCC/C=C/CCCNc2c3c(nc4cc(Cl)ccc24)CC2C=C(C)CC3C2)ccc1O,Active
NC(=O)c1sc(-c2ccnc(NC(=O)C3CC3)c2)nc1OCCCC1CCN(Cc2ccccc2)CC1,Inactive
Cc1ccc(/C=N\C2CCN(Cc3ccccc3)C2)cc1,Moderate
O=C1CC(c2ccc(OCCCCN3CCN(Cc4ccccc4)CC3)cc2)Oc2cc(OCCCCN3CCN(Cc4ccccc4)CC3)cc(O)c21,Inactive
CCN(CCCCOc1ccc(C2CC(=O)c3c(O)cc(OCCCCN(CC)Cc4ccccc4OC)cc3O2)cc1)Cc1ccccc1OC,Inactive
CON(C)C(=O)Oc1ccc(-c2cc(=O)c3c(OC(=O)N(C)OC)cc(OC(=O)N(C)OC)cc3o2)cc1,Inactive
CC(C)c1ccc(NC(=O)OCC2CCN(Cc3ccccc3)CC2)cc1,Moderate
COc1ccc2cc3[n+](cc2c1OCc1ccc(C#N)cc1)CCc1cc2c(cc1-3)OCO2.[Br-],Inactive
COc1cccc2cc[n+](-c3ccccc3Br)cc12.[Br-],Inactive
Oc1ccccc1/C=N\C1CCN(Cc2ccccc2)C1,Moderate
C(=N\C1CCN(Cc2ccccc2)C1)\c1ccccc1,Moderate
NC(=O)c1sc(-c2ccnc(NC(=O)C3CC3)c2)nc1OCCC1CCN(Cc2ccccc2)CC1,Inactive
COc1cc2c(cc1O)CCC(C)(CCNCCCCCCCNc1c3c(nc4cc(Cl)ccc14)CCCC3)O2,Active
O=c1c(-c2ccc(OCCCCN3CCC(Cc4ccccc4)CC3)cc2)coc2cc(OCCCCN3CCC(Cc4ccccc4)CC3)cc(O)c12,Inactive
CNC(=O)c1sc(-c2ccnc(NC(=O)C3CC3)c2)nc1OCCc1cn(CCNc2c3c(nc4ccccc24)CCCC3)nn1,Moderate
COc1cc2c(cc1O)CCC(C)(CCN)O2,Inactive
O=c1c(-c2ccc(OCCCCN3CCN(Cc4ccccc4)CC3)cc2)coc2cc(OCCCCN3CCN(Cc4ccccc4)CC3)cc(O)c12,Inactive
O=[N+]([O-])c1ccc(CNC2CCN(Cc3ccccc3)C2)cc1,Moderate
Fc1ccc(/C=N\C2CCN(Cc3ccccc3)C2)cc1,Moderate
COc1cc2c(cc1O)CCC(C)(CCC(=O)NCCCCCCCNc1c3c(nc4cc(Cl)ccc14)CCCC3)O2,Moderate
CCOC(=O)c1c(C)nc(N2CCN(S(=O)(=O)c3ccc(N)c(OC)c3)CC2)nc1-c1ccc(OC)cc1,Moderate
O=c1c2ccccc2oc2ccc(OCCCCCN3CCCCCC3)cc12,Moderate
COc1ccc(-[n+]2ccc3cccc(OC)c3c2)cc1.[Br-],Moderate
CCCCC[N+]1(C)CCN(c2ccc(/C=C3\Cc4cc(OC)c(OC)cc4C3=O)cc2)CC1.[Br-],Moderate
COc1cc2c(cc1O)CCC(C)(CC(=O)NCCCCCCCCCNc1c3c(nc4cc(Cl)ccc14)CCCC3)O2,Moderate
CCOC(=O)c1c(C)nc(N2CCN(S(=O)(=O)c3ccc(NC(C)=O)c(F)c3)CC2)nc1-c1ccc(OC)cc1,Moderate
O=C(CN1CCC2c3ccccc3NC2C1)Nc1ccc(/C=C2\CCn3c2nc2ccccc2c3=O)cc1,Moderate
C=CC[N+]1(C)CCN(c2ccc(/C=C3\Cc4cc(OC)c(OC)cc4C3=O)cc2)CC1.[Cl-],Inactive
CNC(=O)c1sc(-c2ccnc(NC(=O)CNCCCCCCCCNc3c4c(nc5ccccc35)CCCC4)c2)nc1OCC1CC1,Active
O=C(/C=C/c1ccc(OCCCCN2CCCC2)cc1)c1c(O)cc(OCCCCN2CCCC2)cc1O,Moderate
O=C1CC(c2ccc(OCCCCN3CCC(Cc4ccccc4)CC3)cc2)Oc2cc(OCCCCN3CCC(Cc4ccccc4)CC3)cc(O)c21,Inactive
COc1cc2c(cc1O)CCC(C)(CC(=O)NCCCCCCCNc1c3c(nc4cc(Cl)ccc14)CCCC3)O2,Active
CCN(C)C(=O)OCC1CCN(Cc2ccccc2)CC1,Inactive
COc1cccc2cc[n+](-c3ccc(C(F)(F)F)cc3)cc12.[Br-],Inactive
O=C(Nc1ccccc1)OC1CCN(C2Cc3ccccc3C2)CC1,Inactive
CCOC(=O)c1c(C)nc(N2CCN(S(=O)(=O)c3ccc(N)c(Cl)c3)CC2)nc1-c1ccc(OC)c(OC)c1,Moderate
CC(C)c1ccc(NC(=O)OC2CCCN(Cc3ccccc3)C2)cc1,Moderate
COc1cc(/C=N/NC(=O)N2CCN(c3ccccn3)CC2)cc(OC)c1OC,Moderate
COc1cc2c(cc1OC)C(=O)/C(=C/c1ccc(N3CC[N+](C)(Cc4ccccc4)CC3)cc1)C2.[Cl-],Moderate
CCN(C)C(=O)Oc1ccc(/C=C/C(=O)N(CC)Cc2ccccc2)cc1OC,Moderate
CNC(=O)c1sc(-c2ccnc(NC(=O)CNCCCCCCNc3c4c(nc5ccccc35)CCCC4)c2)nc1OCC1CC1,Active
CCN(C)C(=O)OCC1CCN(C2Cc3ccccc3C2)CC1,Moderate
CCOC(=O)c1c(C)nc(N2CCN(S(=O)(=O)c3ccc(N)c(Cl)c3)CC2)nc1-c1ccccc1,Moderate
O=C(CCCN1CCC2c3ccccc3NC2C1)Nc1ccc(/C=C2\CCn3c2nc2ccccc2c3=O)cc1,Moderate
CCN(CC)CCOC(=O)N1c2ccccc2Sc2ccccc21,Moderate
COC(=O)N1c2ccccc2Sc2ccccc21,Inactive
CCOC(=O)N1c2ccccc2Sc2ccccc21,Inactive
CCCCOC(=O)N1c2ccccc2Sc2ccccc21,Inactive
O=C(OCCN1CCCC1)N1c2ccccc2Sc2ccccc21,Moderate
O=C(OCCN1CCCCC1)N1c2ccccc2Sc2ccccc21,Moderate
O=C(OCCN1CCOCC1)N1c2ccccc2Sc2ccccc21,Moderate
Cc1cccc(OC(=O)N2c3ccccc3Sc3ccccc32)c1,Moderate
Cc1ccc(OC(=O)N2c3ccccc3Sc3ccccc32)cc1,Moderate
CN(C)CCOC(=O)N1c2ccccc2Sc2ccccc21,Moderate
COc1ccccc1OC(=O)N1c2ccccc2Sc2ccccc21,Moderate
O=C(Oc1cccc(Cl)c1)N1c2ccccc2Sc2ccccc21,Moderate
O=C(Oc1ccc(Cl)cc1)N1c2ccccc2Sc2ccccc21,Inactive
O=C(Oc1ccccc1)N1c2ccccc2Sc2ccccc21,Moderate
Cc1ccccc1OC(=O)N1c2ccccc2Sc2ccccc21,Moderate
COc1cccc(OC(=O)N2c3ccccc3Sc3ccccc32)c1,Moderate
COc1ccc(OC(=O)N2c3ccccc3Sc3ccccc32)cc1,Moderate
CN(C)c1cccc(OC(=O)N2c3ccccc3Sc3ccccc32)c1,Moderate
c1ccc2c(NCCCCNCCCSc3c4c(nc5ccccc35)CCCC4)c3c(nc2c1)CCCC3,Active
COc1cc2c(cc1OC)C(=O)C(CNCCCCCCCNc1c3c(nc4ccccc14)CCCC3)C2,Active
CC(C)(C)OC(=O)N1CCCC(CNCCOc2cccc3c2CCN3S(=O)(=O)c2ccccc2)C1,Moderate
Cc1ccc2c(N)c3c(nc2c1)CCCCC3.Cl,Moderate
Cc1ccc(S(=O)(=O)SCc2ccc(F)cc2)cc1,Moderate
COc1ccc2[nH]cc(CCNC(=O)CCCCn3cc(CN4CC[C@@]56C=C[C@H](O)C[C@@H]5Oc5c(OC)ccc(c56)C4)nn3)c2c1,Moderate
COc1ccc(CN2CCC(c3oc4ccccc4c3C(=O)c3ccc(OC)cc3)CC2)cc1,Inactive
CC(=O)Oc1ccc(CNCCOc2cccc3c2ccn3S(=O)(=O)c2ccccc2)cc1,Moderate
COc1ccccc1CNC[C@H](O)[C@H](Cc1ccccc1)NC(=O)CC(c1ccccc1)c1ccccc1,Moderate
Cl.Nc1c2c(nc3ccc(F)cc13)CCCC2,Moderate
Cc1cccc2c1C(=O)[C@@H]1[C@H]3CCCN3CC[C@H]1O2,Inactive
CC1=CC2Cc3nc4cc(Cl)ccc4c(NCCCCCCCCC(=O)NCc4cc[nH]c(=O)c4)c3C(C1)C2,Active
COc1ccc(OC)c(CN2CCC(c3oc4ccccc4c3C(=O)c3ccc(OC)c(OC)c3)CC2)c1,Inactive
COc1ccc(C(=O)c2c(C3CCN(Cc4ccccc4)CC3)oc3ccccc23)cc1,Inactive
COc1ccc2[nH]cc(CCNC(=O)CCCCn3cc(CCCCN4CC[C@@]56C=C[C@H](O)C[C@@H]5Oc5c(OC)ccc(c56)C4)nn3)c2c1,Moderate
Cc1cccc(CNCCOc2cccc3c2ccn3S(=O)(=O)c2ccccc2)c1,Moderate
COc1ccc2[nH]cc(CCNC(=O)Cn3cc(CN4CCc5cc(OC)c(OC)cc5C4CCCN4C(=O)c5ccccc5C4=O)nn3)c2c1,Inactive
O=S(=O)(c1ccccc1)n1ccc2c(OCCNCc3cccc(Cl)c3)cccc21,Inactive
COc1ccc2[nH]c(CCNC(=O)Cn3cc(CCCCN4CCc5cc(OC)c(OC)cc5C4CCCN4C(=O)c5ccccc5C4=O)nn3)cc2c1,Inactive
COc1ccc2nc3c(c(N)c2c1)C1CC(C)=CC(C3)C1.Cl,Moderate
CC(C)c1cccc(CNC[C@@H](O)[C@H](Cc2ccccc2)NC(=O)C(c2ccccc2)c2ccccc2)c1,Active
CC(C)(C)c1ccc(CNC[C@@H](O)[C@H](Cc2ccccc2)NC(=O)CC(c2ccccc2)c2ccccc2)cc1,Moderate
COc1ccc2[nH]cc(CCNC(=O)Cn3cc(CCCCN4CC[C@@]56C=C[C@H](O)C[C@@H]5Oc5c(OC)ccc(c56)C4)nn3)c2c1,Moderate
Cc1ccc(S(=O)(=O)SCc2ccc(C(C)(C)C)cc2)cc1,Moderate
CC(C)(C)OC(=O)N1CCCC(CNCCOc2cccc3c2ccn3S(=O)(=O)c2ccccc2)C1,Moderate
COc1ccc(CN2CCC(c3oc4ccccc4c3C(=O)c3ccccc3)CC2)cc1,Inactive
O=S(=O)(c1ccccc1)n1ccc2c(OCCNCC3CCCC3)cccc21,Moderate
O[C@H](CNCc1ccccc1)[C@H](Cc1ccccc1)NCC(c1ccccc1)c1ccccc1,Moderate
O=S(=O)(c1ccccc1)n1ccc2c(OCCNCC3CCCCC3)cccc21,Moderate
COc1ccc2[nH]cc(CCNC(=O)Cn3cc(CN4CC[C@@]56C=C[C@H](O)C[C@@H]5Oc5c(OC)ccc(c56)C4)nn3)c2c1,Moderate
Cl.Nc1c2c(nc3c(Cl)cc(Cl)cc13)CCCC2,Inactive
Cl.Nc1c2c(nc3ccc(F)cc13)CCC2,Moderate
CC1=CC2Cc3nc4cc(Cl)ccc4c(NCCCCCCCCC(=O)N4CCNC(=O)C4)c3C(C1)C2,Active
COc1ccc2nc3c(c(N)c2c1)CCC3.Cl,Inactive
c1ccc(CN2CCC(c3cc4ccccc4o3)CC2)cc1,Inactive
COc1ccc2c3c1O[C@H]1C[C@@H](O)C=C[C@@]31CCN(CCCCc1cn(CCCC(=O)NCCc3c[nH]c4ccccc34)nn1)C2,Moderate
CC(C)(C)CNC[C@@H](O)[C@H](Cc1ccccc1)NC(=O)C(c1ccccc1)c1ccccc1,Moderate
Cc1cccc2nc3c(c(N)c12)CCCCC3.Cl,Moderate
CC1=CC2Cc3nc4cc(Cl)ccc4c(NCCCCCCNC(=O)[C@@H](N)Cc4c[nH]c5ccccc45)c3C(C1)C2.Cl.Cl,Active
O=C(N[C@@H](Cc1ccccc1)[C@@H](O)CNCc1cccc(C(F)(F)F)c1)C(c1ccccc1)c1ccccc1,Moderate
Cl.Nc1c2c(nc3ccc(Cl)cc13)CCC2,Moderate
COc1ccc(C(=O)c2c(C3CCN(Cc4cc(OC)ccc4OC)CC3)oc3ccccc23)cc1,Inactive
Cl.Nc1c2c(nc3c(Br)cc(Br)cc13)CCCC2,Inactive
CC(C)(C)c1ccc(CNC[C@H](O)[C@H](Cc2ccccc2)NC(=O)C(c2ccccc2)c2ccccc2)cc1,Moderate
Cc1ccc2c(N)c3c(nc2c1)CCC3.Cl,Moderate
Cl.Nc1c2c(nc3ccc(Br)cc13)CCC2,Inactive
Cc1ccc(S(=O)(=O)SCc2ccc(C#N)cc2)cc1,Moderate
C[C@H](NC[C@@H](O)[C@H](Cc1ccccc1)NCC(c1ccccc1)c1ccccc1)c1ccccc1,Moderate
C=C(C)[C@@H]1CCC(C)=C[C@H]1c1c(O)cc(CCCCC)cc1OC(=O)N(C)Cc1ccc(Br)cc1,Moderate
COc1ccc(OC)c(CN2CCC(c3oc4ccccc4c3C(=O)c3ccccc3)CC2)c1,Inactive
Cc1ccc2c(N)c3c(nc2c1)CCCC3.Cl,Moderate
CC(C)(C)OC(=O)N1CCCC(CNCCOc2cccc3c2ccn3Cc2ccccc2)C1,Moderate
CC1=CC2Cc3nc4cc(Cl)ccc4c(NCCCCCCCCCNC(=O)c4cc(O)cc(O)c4)c3C(C1)C2,Active
Cc1cccc2nc3c(c(N)c12)CCC3.Cl,Moderate
Cl.Nc1c2c(nc3cccc(Cl)c13)CCCCC2,Moderate
Cc1ccc(S(=O)(=O)SCc2ccc(OC(F)(F)F)cc2)cc1,Active
CC(C)(C)c1cccc(CNCC(O)CNCCC(c2ccccc2)c2ccccc2)c1,Moderate
Cl.Nc1c2c(nc3ccc(Cl)cc13)CCCCC2,Inactive
Cc1ccc2nc3c(c(N)c2c1)CCCCC3.Cl,Inactive
CC(C)(C)CNC[C@@H](O)[C@H](Cc1ccccc1)NCC(c1ccccc1)c1ccccc1,Moderate
Cl.Nc1c2c(nc3cccc(Cl)c13)CCCC2,Active
CC1=CC2Cc3nc4cc(Cl)ccc4c(NCCCCCCCCCNS(=O)(=O)c4cn[nH]c4)c3C(C1)C2,Active
O=S(=O)(c1ccccc1)n1ccc2c(OCCNCc3ccccc3Cl)cccc21,Inactive
Cc1ccc(S(=O)(=O)SCc2ccc(Cl)cc2)cc1,Moderate
c1ccc2oc(C3CCNCC3)cc2c1,Inactive
CC1=CC2Cc3nc4cc(Cl)ccc4c(NCCCCCCCCC(=O)Nc4cn[nH]c4)c3C(C1)C2,Active
COc1ccc(CN2CCC(c3cc4ccccc4o3)CC2)cc1OC,Inactive
COc1ccc2[nH]c(CCNC(=O)CCCn3cc(CCCCN4CCc5cc(OC)c(OC)cc5C4CCCN4C(=O)c5ccccc5C4=O)nn3)cc2c1,Moderate
Cl.Nc1c2c(nc3c(Cl)cc(Cl)cc13)CCC2,Inactive
Cl.Nc1c2c(nc3ccc(F)cc13)CCCCC2,Moderate
CC(C)(C)OC(=O)N1CCCC(CNCCOc2cccc3c2CCN3Cc2ccccc2)C1,Moderate
COc1ccc2[nH]cc(CCNC(=O)Cn3cc(CCCCN(C)CCCC4c5cc(OC)c(OC)cc5CCN4C)nn3)c2c1,Moderate
O[C@@H](CNCc1ccccc1)[C@H](Cc1ccccc1)NCCC(c1ccccc1)c1ccccc1,Moderate
CC1=CC2Cc3nc4cc(Cl)ccc4c(NCCCCCCCCCNC(=O)c4ccc[nH]c4=O)c3C(C1)C2,Active
Cl.Nc1c2c(nc3cc(Cl)ccc13)CCCC2,Moderate
COc1cc2c(cc1OC)CC(CC1CCN(Cc3ccccc3)CC1)C2.Cl,Moderate
COc1ccccc1CNC[C@H](O)[C@H](Cc1ccccc1)NCC(c1ccccc1)c1ccccc1,Moderate
Cc1ccc(S(=O)(=O)SCc2ccc([N+](=O)[O-])cc2)cc1,Moderate
C=C(C)[C@@H]1CCC(C)=C[C@H]1c1c(O)cc(CCCCC)cc1OC(=O)N(C)CC,Moderate
Cl.Nc1c2c(nc3ccc(Br)cc13)CCCCC2,Inactive
CC(=O)Oc1cccc(CNCCOc2cccc3c2ccn3S(=O)(=O)c2ccccc2)c1,Moderate
Cc1ccc(S(=O)(=O)SCc2ccc(C(F)(F)F)cc2)cc1,Moderate
Cl.Nc1c2c(nc3c(Br)cc(Br)cc13)CCCCC2,Inactive
COc1ccc2c3c1O[C@H]1C[C@@H](O)C=C[C@@]31CCN(CCCCc1cn(CCCCC(=O)NCCc3c[nH]c4ccccc34)nn1)C2,Moderate
C=C(C)[C@@H]1CCC(C)=C[C@H]1c1c(O)cc(CCCCC)cc1OC(=O)N(C)Cc1ccc(Cl)cc1,Moderate
COc1ccccc1CNC[C@H](O)[C@H](Cc1ccccc1)NC(=O)C(c1ccccc1)c1ccccc1,Moderate
COc1ccc2c3c1O[C@H]1C[C@@H](O)C=C[C@@]31CCN(CCCCc1cn(CC(=O)NCCc3c[nH]c4ccccc34)nn1)C2,Moderate
Cc1ccc(S(=O)(=O)SCc2ccc(C(C)C)cc2)cc1,Active
O=S(=O)(c1cccc2ccccc12)n1ccc2c(OCCNCc3ccccc3)cccc21,Moderate
COc1cc(CNC(=O)CCCCCCCCNc2c3c(nc4cc(Cl)ccc24)CC2C=C(C)CC3C2)ccn1,Active
COc1ccc2nc3c(c(N)c2c1)CCCC3.Cl,Inactive
Cl.Nc1c2c(nc3c(Cl)cc(Cl)cc13)CCCCC2,Inactive
Oc1ccc(CN2CCC(c3cc4ccccc4o3)CC2)cc1,Inactive
Cc1cccc2nc3c(c(N)c12)CCCC3.Cl,Moderate
O=C(Nc1cncc(OCC2CCN(Cc3ccc(F)cc3)CC2)c1)c1ccnc(NC(=O)C2CC2)c1,Moderate
CC1=CC2Cc3nc4cc(Cl)ccc4c(NCCCCCNC(=O)[C@@H](N)Cc4c[nH]c5ccccc45)c3C(C1)C2.Cl.Cl,Active
CC(C)(C)c1cccc(CNC[C@@H](O)[C@H](Cc2ccccc2)NC(=O)C(c2ccccc2)c2ccccc2)c1,Active
COc1ccc(CN2CCC(c3oc4ccccc4c3C(=O)c3ccc(OC)c(OC)c3)CC2)cc1OC,Inactive
Cc1ccc2nc3c(c(N)c2c1)CCC3.Cl,Inactive
COc1ccc2nc3c(c(N)c2c1)CCCCC3.Cl,Moderate
Fc1ccc(CN2CCC(c3cc4ccccc4o3)CC2)cc1,Inactive
COc1ccc(OC)c(CN2CCC(c3cc4ccccc4o3)CC2)c1,Inactive
COc1ccc(CSS(=O)(=O)c2ccc(C)cc2)cc1,Moderate
CC(C)c1cccc(CNC[C@@H](O)[C@H](Cc2ccccc2)NC(=O)CC(c2ccccc2)c2ccccc2)c1,Moderate
Cc1ccc2nc3c(c(N)c2c1)CCCC3.Cl,Inactive
Cl.Nc1c2c(nc3ccc(Cl)cc13)CCCC2,Moderate
COc1cccc(CNC[C@@H](O)[C@H](Cc2ccccc2)NC(=O)CC(c2ccccc2)c2ccccc2)c1,Moderate
COc1ccccc1CNC[C@H](O)[C@H](Cc1ccccc1)NCCC(c1ccccc1)c1ccccc1,Moderate
CC1=CC2Cc3nc4cc(Cl)ccc4c(NCCCCCCCNC(=O)[C@@H](N)Cc4c[nH]c5ccccc45)c3C(C1)C2.Cl.Cl,Active
Cl.Nc1c2c(nc3ccc(Br)cc13)CCCC2,Inactive
CCN(CCCCCCN1C(=O)c2cccc3cccc(c23)C1=O)Cc1ccccc1OC,Moderate
CN(CCCCNc1c2c(nc3ccccc13)CCCC2)CCCNc1c2c(nc3ccccc13)CCCC2,Active
CCN(CCCCNc1c2c(nc3ccccc13)CCCC2)CCCNc1c2c(nc3ccccc13)CCCC2,Active
c1cc(CCNc2c3c(nc4ccccc24)CCCC3)cc(CCNc2c3c(nc4ccccc24)CCCC3)c1,Active
COc1ccc(C(=O)c2ccc(CN(C)Cc3ccccc3)cc2)cc1OC,Inactive
c1ccc2c(NCCc3ccc(CCNc4c5c(nc6ccccc46)CCCC5)cc3)c3c(nc2c1)CCCC3,Active
COc1ccc(C(=O)c2ccc(CN(C)CCN(C)C)cc2)cc1OC,Inactive
COc1ccc(C(=O)c2ccc(CN(CCN(C)C)Cc3ccccc3)cc2)cc1OC,Inactive
CNC(=O)O[C@H]1CO[C@H]2[C@@H]1OC[C@H]2O[N+](=O)[O-],Moderate
O=C(/C=C/c1ccccc1)O[C@@H]1CO[C@H]2[C@@H]1OC[C@@H]2OC(=O)NCc1ccccc1,Moderate
O=C(NCc1ccccc1)O[C@H]1CO[C@H]2[C@@H]1OC[C@H]2OC(=O)c1cccnc1,Active
CCCCCCc1ccc(C(=O)O[C@@H]2CO[C@H]3[C@@H]2OC[C@@H]3OC(=O)NCc2ccccc2)cc1,Moderate
O=C(NCc1ccccc1)O[C@H]1CO[C@H]2[C@@H]1OC[C@H]2OC(=O)C1CC1,Moderate
O=C(NCc1ccccc1)O[C@H]1CO[C@H]2[C@@H]1OC[C@H]2OC(=O)c1ccncc1,Active
O=C(NCc1ccccc1)O[C@H]1CO[C@H]2[C@@H]1OC[C@H]2OC(=O)c1cccc2ccccc12,Active
O=C(NCc1ccccc1)O[C@H]1CO[C@H]2[C@@H]1OC[C@H]2OC(=O)C1CCCC1,Active
O=C(NCc1ccccc1)O[C@H]1CO[C@H]2[C@@H]1OC[C@H]2OC(=O)OS(=O)(=O)C(F)(F)F,Moderate
O=C(NCc1ccccc1)O[C@H]1CO[C@H]2[C@@H]1OC[C@H]2OC(=O)c1ccc2ccccc2c1,Active
CC(=O)O[C@@H]1CO[C@H]2[C@@H]1OC[C@@H]2OC(=O)NCc1ccccc1,Moderate
CCC(=O)O[C@@H]1CO[C@H]2[C@@H]1OC[C@@H]2OC(=O)NCc1ccccc1,Moderate
CCNC(=O)O[C@H]1CO[C@H]2[C@@H]1OC[C@H]2O[N+](=O)[O-],Moderate
CCCNC(=O)O[C@H]1CO[C@H]2[C@@H]1OC[C@H]2O[N+](=O)[O-],Moderate
CCCCNC(=O)O[C@H]1CO[C@H]2[C@@H]1OC[C@H]2O[N+](=O)[O-],Moderate
CCC(C)NC(=O)O[C@H]1CO[C@H]2[C@@H]1OC[C@H]2OC(=O)c1ccccc1,Active
CC(C)NP(=O)(NC(C)C)OP(=O)(NC(C)C)NC(C)C,Moderate
N[C@@H](Cc1ccccc1)C(=O)NCC(=O)Nc1c2c(nc3ccccc13)CCCC2,Moderate
N[C@@H](Cc1c[nH]c2ccccc12)C(=O)NCC(=O)Nc1c2c(nc3ccccc13)CCCC2,Moderate
CN[C@@H](Cc1c[nH]c2ccccc12)C(=O)NCC(=O)Nc1c2c(nc3ccccc13)CCCC2,Moderate
N[C@@H](Cc1c[nH]c2ccccc12)C(=O)NCCC(=O)Nc1c2c(nc3ccccc13)CCCC2,Moderate
C[C@@H]([C@H]1CC[C@H]2[C@@H]3CC[C@H]4C[C@@H](N(C)C)CC[C@]4(C)[C@H]3CC[C@]12C)N(C)C,Moderate
CN[C@@H](C)[C@H]1CC[C@H]2[C@@H]3CC=C4C(=O)[C@@H](NC(=O)C=C(C)C)CC[C@]4(C)[C@H]3CC[C@]12C,Moderate
COc1ccccc1C1CC(c2cccc(O)c2)=Nc2ccccc2S1,Moderate
CC(C)=CC(=O)N[C@H]1CC[C@@]2(C)[C@@H](CC[C@@H]3[C@@H]2CC[C@]2(C)C([C@H](C)N(C)C)=CC[C@@H]32)[C@H]1O,Moderate
C[C@@H]([C@H]1CC=C2[C@@H]3CCC4=C[C@@H](N(C)C)CC[C@]4(C)[C@H]3CC[C@@]21C)N(C)C,Moderate
N[C@@H](Cc1ccc2ccccc2c1)C(=O)NCC(=O)Nc1c2c(nc3ccccc13)CCCC2,Moderate
COc1ccc(C2CC(c3cccc(O)c3)=Nc3ccccc3S2)cc1OC,Inactive
Cc1ccc(C2CC(c3cccc(O)c3)=Nc3ccccc3S2)cc1,Inactive
CN(CCCCCCCOc1ccc(-c2cc3ccccc3o2)cc1)Cc1ccccc1,Moderate
Oc1cccc(C2=Nc3ccccc3SC(c3cccs3)C2)c1,Moderate
Oc1cccc(C2=Nc3ccccc3SC(c3ccc(Cl)cc3)C2)c1,Inactive
C[C@@H]([C@H]1CC[C@H]2[C@@H]3CC[C@H]4C[C@@H](N)CC[C@]4(C)[C@H]3CC[C@]12C)N(C)C,Moderate
OCCN(CCCCNc1c2c(nc3ccccc13)CCCC2)CCCNc1c2c(nc3ccccc13)CCCC2,Active
CCN(CCCCCC(=O)N[C@H]1CC[C@H](NC(=O)CCCCCN(CC)Cc2ccccc2OC)CC1)Cc1ccccc1OC,Inactive
CCN(CCCCCC(=O)N[C@H]1CCCC[C@H]1NC(=O)CCCCCN(CC)Cc1ccccc1OC)Cc1ccccc1OC,Inactive
O=c1c(O)c(-c2ccc(O)c(O)c2)oc2cc(O)cc(O)c12,Inactive
COc1ccccc1CNCCCCCCNCCCCCCCCNCCCCCCNCc1ccccc1OC.Cl.Cl.Cl.Cl,Moderate
CC(=O)N(CCCCNc1c2c(nc3ccccc13)CCCC2)CCCSc1c2c(nc3ccccc13)CCCC2,Active
COc1cc2c(cc1OC)C(=O)C(CC1CCN(Cc3ccccc3)CC1)C2,Moderate
CC(C)(C)OC(=O)N[C@@H](Cc1c[nH]c2ccccc12)C(=O)NCCNc1c2c(nc3ccccc13)CCCC2,Active
CCN(CCCCCC(=O)N1CCN(C(=O)CCCCCN(CC)Cc2ccccc2OC)CC1)Cc1ccccc1OC,Inactive
O=C(Oc1ccccc1Cl)N1c2ccccc2Sc2ccccc21,Inactive
CC(C)(C)OC(=O)N[C@@H](CCC(=O)NCCNc1c2c(nc3ccccc13)CCCC2)C(=O)NCCNc1c2c(nc3ccccc13)CCCC2,Active
COc1ccc(C(=O)c2c(-c3ccc(OCCCCCCCN(C)Cc4ccccc4)cc3)oc3ccccc23)cc1OC,Inactive
C/C=C(\C)C(=O)N[C@H]1CC[C@]2(C)[C@H]3CC[C@]4(C)[C@@H]([C@H](C)NC)CC[C@H]4[C@@H]3CC[C@H]2[C@H]1OC(C)=O,Moderate
Cc1cccc(C(=O)c2c(-c3ccc(OCCCCCCCN(C)Cc4ccccc4)cc3)oc3ccccc23)c1,Inactive
CO[C@H]1C=C2[C@H]3CN(Cc4cc5c(cc43)OCO5)[C@H]2C[C@@H]1OC(=O)N1CCCCC1,Moderate
CON(C)C(=O)Oc1ccccc1C(=O)NCCc1c[nH]c2ccccc12,Moderate
Nc1nonc1-c1nc2ccccc2n1CC(=O)Nc1ccc([N+](=O)[O-])cc1,Active
C=CCN(CCCCNc1c2c(nc3ccccc13)CCCC2)CCCNc1c2c(nc3ccccc13)CCCC2,Active
Oc1cccc(CCCCCCCCNc2c3c(nc4cc(Cl)ccc24)CCCC3)c1,Active
CCN(CCCCCCN1C(=O)c2ccc(-c3ccc4c(c3)C(=O)N(CCCCCCN(CC)Cc3ccccc3OC)C4=O)cc2C1=O)Cc1ccccc1OC,Moderate
Oc1cccc(CCCCCCCCNc2c3c(nc4ccccc24)CCCC3)c1,Active
Cc1cc(CCNc2c3c(nc4ccccc24)CCCC3)cc(CCNc2c3c(nc4ccccc24)CCCC3)c1,Active
COc1ccc2c(c1)C1(CC=C(C)C)CCN(C)C1N2CC=C(C)C,Moderate
COC(=O)c1cccc(NC(=O)Cn2c(-c3nonc3N)nc3ccccc32)c1,Moderate
N#Cc1cccc(NC(=O)Cn2c(-c3nonc3N)nc3ccccc32)c1,Moderate
COc1cc(CCCCCCCCNc2c3c(nc4cc(Cl)ccc24)CCCC3)cc(OC)c1,Active
COC(=O)c1c(CCCCCCCCNc2c3c(nc4cc(Cl)ccc24)CCCC3)cccc1OC,Active
COc1ccc2[nH]cc(CCNC(=O)CCCCCCNC(=O)Oc3ccc4c(c3)CN3CCc5ccccc5C3N4C)c2c1,Moderate
CCN(CCCCCC(=O)N1Cc2ccc3c4c(ccc(c24)C1)CN(C(=O)CCCCCN(CC)Cc1ccccc1OC)C3)Cc1ccccc1OC,Moderate
O=C(O)c1c(O)cccc1CCCCCCCCNc1c2c(nc3cc(Cl)ccc13)CCCC2,Moderate
CCN(CCCCCCn1c(=O)c2cc3c(=O)n(CCCCCCN(CC)Cc4ccccc4OC)c(=O)c3cc2c1=O)Cc1ccccc1OC,Moderate
COc1ccc2[nH]cc(CCNC(=O)CCNC(=O)Oc3ccc4c(c3)CN3CCc5ccccc5C3N4C)c2c1,Moderate
Cc1ccccc1C(=O)O[C@@H]1C=C[C@]23CCN(Cc4cc5c(cc42)OCO5)[C@H]3C1,Moderate
CO[C@H]1C[C@H]2C(=C[C@@H]1OC(=O)N1CCCCC1)[C@H]1CN2Cc2cc3c(cc21)OCO3,Moderate
CN1c2ccc(OC(=O)NCCCCNC(=O)/C=C/c3ccccc3)cc2CN2CCc3ccccc3C21,Moderate
COC(=O)c1c(CCCCCCCCNc2c3c(nc4ccccc24)CCCC3)cccc1OC,Active
COc1ccc2[nH]cc(CCNC(=O)CCCCNC(=O)Oc3ccc4c(c3)CN3CCc5ccccc5C3N4C)c2c1,Moderate
COC(=O)c1c(O)cccc1CCCCCCCCNc1c2c(nc3cc(Cl)ccc13)CCCC2,Active
Nc1nonc1-c1nc2ccccc2n1CC(=O)Nc1cccc2ccccc12,Active
Nc1nonc1-c1nc2ccccc2n1CC(=O)Nc1ccnc2ccccc12,Moderate
COC(=O)c1c(CCCCCCCCNc2c3c(nc4ccc(OC)cc24)CCCC3)cccc1OC,Active
COc1cc(/C=C/C(=O)NCCCCNC(=O)Oc2ccc3c(c2)CN2CCc4ccccc4C2N3C)ccc1O,Moderate
CN(C)c1ccc(C2CC(c3cccc(O)c3)=Nc3ccccc3S2)cc1,Inactive
Oc1cccc(C2=Nc3ccccc3SC(c3cccc(O)c3)C2)c1,Moderate
O=C(O[C@@H]1C=C[C@]23CCN(Cc4cc5c(cc42)OCO5)[C@H]3C1)c1ccccc1[N+](=O)[O-],Moderate
COc1cc(/C=C/C(=O)NCCCCCCNC(=O)Oc2ccc3c(c2)CN2CCc4ccccc4C2N3C)ccc1O,Moderate
Nc1nonc1-c1nc2ccccc2n1CC(=O)Nc1ccc(Br)c2ccccc12,Active
CC(C)=CCC12CCN(C)C1N(Cc1ccccc1)c1ccccc12,Moderate
Nc1nonc1-c1nc2ccccc2n1CC(=O)Nc1cccc(Br)c1,Moderate
Cc1c(C)c2c(c(C)c1O)CCC(C)(C(=O)NCCCCNC(=O)Oc1ccc3c(c1)CN1CCc4ccccc4C1N3C)O2,Moderate
O=C(O)c1c(O)cccc1CCCCCCCCNc1c2c(nc3ccccc13)CCCC2,Active
CC(C)(C)OC(=O)N[C@@H](Cc1c[nH]c2ccccc12)C(=O)NCCC(=O)Nc1c2c(nc3ccccc13)CCCC2,Moderate
COc1cc2c3cc1Oc1c(O)c(OC)cc4c1[C@H](Cc1ccc(cc1)Oc1cc(ccc1O)C[C@H]3N(C)CC2)N(C)CC4,Moderate
Oc1cc(O)cc(Oc2c(O)cc(O)c3c2Oc2c(O)cc(Oc4c(O)cc(Oc5c(O)cc(O)c6c5Oc5c(O)cc(O)cc5O6)cc4O)cc2O3)c1,Moderate
COc1c2c(cc3c1OCO3)[C@]13C=C[C@H](OC)C[C@H]1N(C2)C[C@H]3OC(=O)c1cccc2ccccc12,Active
COc1cc(CCCCCCCCNc2c3c(nc4ccccc24)CCCC3)cc(OC)c1,Active
COc1cccc(CCCCCCCCNc2c3c(nc4cc(Cl)ccc24)CCCC3)c1,Active
CN1c2ccc(OC(=O)NCCCCCCNC(=O)/C=C/c3ccccc3)cc2CN2CCc3ccccc3C21,Moderate
O=C(O[C@H]1CN2Cc3cc4c(cc3[C@]13C=C[C@@H](O)C[C@H]23)OCO4)c1ccccc1Cl,Moderate
COc1ccccc1C(=O)O[C@H]1CN2Cc3cc4c(cc3[C@]13C=C[C@@H](O)C[C@H]23)OCO4,Moderate
CO[C@H]1C=C2[C@H]3CN(Cc4cc5c(cc43)OCO5)[C@H]2C[C@@H]1OC(=O)c1ccc([N+](=O)[O-])cc1Cl,Inactive
CCNC(=O)Oc1ccc2c(c1)[C@]1(C)CCOC1O2,Active
Cc1c(C)c2c(c(C)c1O)CCC(C)(C(=O)NCCCCCCNC(=O)Oc1ccc3c(c1)CN1CCc4ccccc4C1N3C)O2,Moderate
COc1cccc(CCCCCCCCNc2c3c(nc4ccccc24)CCCC3)c1,Active
Nc1nonc1-c1nc2ccccc2n1CC(=O)Nc1cccc(Cl)c1,Moderate
Nc1nonc1-c1nc2ccccc2n1CC(=O)Nc1cccc([N+](=O)[O-])c1,Active
COC(=O)c1c(O)cccc1CCCCCCCCNc1c2c(nc3ccccc13)CCCC2,Active
C/C=C(\C)C(=O)O[C@H]1C[C@@H](OC(C)=O)[C@@]2(C(=O)OC)CO[C@H]3[C@@H](O)[C@@](C)([C@]45O[C@@]4(C)[C@H]4C[C@@H]5O[C@@H]5OC=C[C@@]54O)[C@H]4[C@]1(CO[C@]4(O)C(=O)OC)[C@@H]32,Inactive
Nc1nonc1-c1nc2ccccc2n1CC(=O)Nc1cnc2ccccc2c1,Active
COc1cc2c(cc1OC)C(Cc1ccc(O)cc1)NCC2,Inactive
Oc1cc(O)cc(Oc2c(O)cc(O)c3c2Oc2c(O)cc4oc5c(Oc6cc(O)cc(O)c6)c(O)cc(O)c5c4c2O3)c1,Moderate
O=c1c2ccccc2[se]n1-c1ccccc1,Moderate
COc1ccc2c(c1)C[C@@H]1c3c(cc4c(c3-2)OCO4)CCN1C,Inactive
CN(CCCCCCCOc1ccc(-c2oc3ccccc3c2C(=O)c2ccccc2)cc1)Cc1ccccc1,Inactive
CC(=O)c1c(-c2ccc(OCCCCCCCN(C)Cc3ccccc3)cc2)oc2ccccc12,Moderate
COc1ccccc1CN(C)Cc1ccc(C(=O)c2ccc(OC)c(OC)c2)cc1,Inactive
CCN(CC)Cc1ccccc1CNC(=O)c1ccc(Br)c(NC(=O)c2ccc(F)cc2)c1,Active
CCCC(=O)N(Cc1csc(COc2ccc(C)cc2)n1)CC(C)C,Moderate
CCCCN(CCc1c[nH]c2ccccc12)CCC1CCCCCC1,Active
CCCCN(CCOc1cccc2c(OC(=O)N(C)C)cccc12)CCC1CCCCCC1,Active
c1ccc2c(NCCN3CCOCC3)c3c(nc2c1)CCCC3,Active
COc1cc(/C=C/c2cc(=O)oc3c2ccc2oc(-c4ccc(C)cc4)cc23)cc(OC)c1,Moderate
O=C(COc1ccc(Cl)cc1)NCCN1CCN(Cc2ccccc2)CC1,Moderate
c1ccc2c(CCNCCC3CCCCCC3)c[nH]c2c1,Active
CCN(CCCCOc1ccc(/C=C/C(=O)N2CCc3ccccc3C2)cc1OC)Cc1ccccc1,Moderate
CCCCCCCNC(=O)Oc1ccc(Cc2nc3cc(C(=O)NCCC(C)C)ccc3n2CCC(C)C)cc1,Active
CCN(CC)C(=O)c1ccc2c(c1)nc(Cc1ccc(OC(=O)NCCCCCCN3CCc4ccccc4C3)cc1)n2CCC(C)C,Active
Cc1ccc(OCc2nc(CN(CC(C)C)C(=O)c3ccco3)cs2)cc1,Moderate
O=C(COc1ccc(-c2ccccc2)cc1)NCC1CCN(Cc2ccccc2)CC1,Moderate
CCOc1ccc(C(=O)Cc2ncc(C(=O)N(C)CCCOc3ccc([N+](=O)[O-])cc3)cn2)cc1,Moderate
COc1ccc(C(=O)Cc2ncc(C(=O)N(C)CCCOc3ccc(C(F)(F)F)cc3)cn2)cc1,Moderate
COc1ccc(C(=O)Cc2ncc(C(=O)NCc3ccc(OC)c(OC)c3)cn2)cc1,Inactive
CCN(CC)Cc1ccccc1CNC(=O)c1cccc(NC(=O)C2CCCCC2)c1,Active
Cc1ccc(OCc2nc(CN(CC(C)C)C(=O)c3ccccc3)cs2)cc1,Moderate
CCCCN(CCc1c[nH]c2cc(OC(=O)N(C)C)ccc12)CCC1CCCCCC1,Active
COc1ccc(/C=C/C(=O)Nc2cc[n+](Cc3cccc(F)c3)cc2)cc1OC.[Br-],Active
Cc1cccc2sc(NC(=O)CCN3CCN(Cc4ccc(C(C)(C)C)cc4)CC3)nc12,Moderate
COc1ccc(C(=O)Cc2ncc(C(=O)N(C)CCCOc3ccc([N+](=O)[O-])cc3)cn2)cc1,Inactive
CCN(C)C(=O)Oc1ccc(C2CC(=O)c3c(O)cc(OC(=O)N(C)CC)cc3O2)cc1,Inactive
CCN(CC)Cc1ccccc1CNC(=O)c1cccc(NC(=O)c2ccc(F)cc2)c1Br,Moderate
COc1cc2nc3c(c(N4CCOCC4)c2cc1OC)CCCC3,Moderate
CC(C)CN(Cc1csc(COc2ccc(F)cc2)n1)C(=O)c1ccc2c(c1)OCO2,Moderate
CCCCN(CCC1CCCCCC1)Cc1cc(OC(=O)N(C)C)c2ccccc2c1,Active
CCCCN(CCc1cn(C(=O)N(C)C)c2ccccc12)CCC1CCCCCC1,Active
O=C(CCN1CCCCC1)Nc1ccc2nc(-c3cc4ccccc4[nH]3)[nH]c(=O)c2c1,Moderate
NC(=O)c1cc[n+](CCCC[n+]2ccc(/C=N/O)c(F)c2)cc1.[Br-].[Br-],Inactive
Cc1cccc2sc(NC(=O)CCN3CCN(Cc4ccccc4F)CC3)nc12,Moderate
CN(C)Cc1ccccc1CNC(=O)c1cccc(NC(=O)c2cccs2)c1,Active
O=C(CN1CCN(Cc2ccccc2)CC1)Nc1n[nH]c2ncccc12,Moderate
O=[N+]([O-])c1ccc2nc3c(c(Nc4[nH]nc5ncccc45)c2c1)CCCC3,Moderate
CCN(CC)Cc1ccccc1CNC(=O)c1ccc(NC(=O)c2ccc(F)cc2)cc1,Active
CCCCN(CCCc1c[nH]c2ccccc12)CCC1CCC(N(C)C)CC1,Moderate
CCC(c1ccc(O)c(OC)c1)c1ccc(OC)cc1O,Moderate
CCN(CC)Cc1ccccc1CNC(=O)c1cc(NC(=O)c2ccc(F)cc2)cc(C(F)(F)F)c1,Active
Cc1ccc(OCc2nc(CN(CC(C)C)C(=O)c3cccc(C)c3)cs2)cc1,Moderate
CC(C)CN(Cc1csc(COc2ccc(F)cc2)n1)C(=O)S(=O)(=O)c1ccccc1,Moderate
CC(C)CN(Cc1csc(COc2ccc(C(F)(F)F)cc2)n1)C(=O)c1ccc2c(c1)OCO2,Moderate
O=c1c2ccccc2nc2n1C(c1cncc3[nH]c4ccccc4c13)CC2O,Inactive
O=C(COc1ccc(Cl)cc1)NCC1CCN(Cc2ccccc2)CC1,Moderate
CC(C)C(=O)N[C@H]1CC[C@]2(O)CC3=CC[C@]4(C)[C@@H]([C@H](C)N(C)C)CC[C@@]4(C)[C@@H]3CC[C@H]2C1(C)C,Inactive
CCN(CC)Cc1ccc(CCCCCCCCO)cc1O,Inactive
CC(=O)c1ccc(N2CCN(CCC(=O)Nc3nc4c(C)cccc4s3)CC2)cc1,Moderate
C=C1c2[nH]c3ccc(OC)cc3c2C2[C@@H](CC)C1CCN2C,Inactive
COc1cc(/C=C/c2cc(=O)oc3c2ccc2oc(-c4ccccc4)cc23)cc(OC)c1,Moderate
CCCCN(CCc1c(-c2ccccc2OC(=O)N(C)C)[nH]c2ccccc12)CCC1CCCCCC1,Active
COc1cc(/C=C/C(=O)OCCCCCN(C)Cc2cccc(OC(=O)N(C)C)c2)ccc1O,Active
CCCC[N+]([O-])(CCc1c[nH]c2ccccc12)CCC1CCCCCC1,Moderate
CCN(CC)Cc1ccccc1CNC(=O)c1cccc(OC(=O)c2cccs2)c1,Moderate
Cc1cc(Br)cc(C)c1OCC(=O)NCC1CCN(Cc2ccccc2)CC1,Moderate
Cc1ccccc1N1CCN(CCC(=O)Nc2nc3c(C)cccc3s2)CC1,Moderate
Cc1ccccc1NC(=O)c1cccc(NC(=O)c2cccs2)c1,Inactive
CCCCN(CCCc1c[nH]c2ccccc12)CCC1CCN(Cc2ccccc2)CC1,Active
CN(CCC1CCCCCC1)Cc1c(-c2nnn[nH]2)[nH]c2ccccc12,Moderate
O=C(Nc1ccc(OC(F)(F)F)cc1)NC1CCN(C(=O)CCCCNc2c3c(nc4cc(Cl)ccc24)CCCC3)CC1,Moderate
CCCCN(CCCc1ccc2ccccc2c1)CCC1CCCCCC1,Active
Cc1ccc(OCc2nc(CN(CC(C)C)C(=O)c3ccc(F)cc3)cs2)cc1,Moderate
CCCCN[C@H](CNCCC1CCCCCC1)Cc1c[nH]c2ccccc12,Active
CCCCCCCNC(=O)Oc1ccc(Cc2nc3cc(C(=O)N(CC)CC)ccc3n2CCC(C)C)cc1,Active
CN(C)Cc1ccccc1NC(=O)c1cccc(NC(=O)c2cccs2)c1,Moderate
CCCCN(CCC1CCCCCC1)Cc1cc2ccccc2cc1OC(=O)N(C)C,Active
Cc1ccc(OCc2nc(CN(CC(C)C)C(=O)c3cccc(F)c3)cs2)cc1,Moderate
c1ccc2c(c1)CCC2CCN(CCCc1c[nH]c2ccccc12)CCC1CCCCCC1,Active
CCCCN(CCC1CCCCCC1)Cc1c[nH]c2cc(C#N)ccc12,Active
CN(CCC1CCCCCC1)Cc1c[nH]c2ccccc12,Active
CCC1C/C(=C\c2cc(OC)c(OC)c(OC)c2Br)C(=O)c2ccccc21,Inactive
Cc1ccc(OCc2nc(CN(CC(C)C)C(=O)c3ccc(C)cc3)cs2)cc1,Moderate
CCN(CC)Cc1ccccc1CNC(=O)c1cccc(NC(=O)c2ccc(Br)cc2)c1,Active
COc1cc(/C=C/c2cc(=O)oc3c2ccc2oc(-c4cc(OC)cc(OC)c4)cc23)cc(OC)c1,Moderate
CCn1c2ccccc2c2cc(/C=C/c3ccc(NC(=S)NCCN4CCCC4)cc3)ccc21,Moderate
CCN(CC)Cc1ccccc1CNC(=O)c1cc(NC(=O)c2ccc(F)cc2)ccc1Br,Active
CN(CCc1c[nH]c2ccccc12)CCC1CCCCCC1,Active
O=C(COc1ccc(CCc2ccccc2)cc1)NCC1CCN(Cc2ccccc2)CC1,Moderate
CCCCN(CCc1c(-c2ccccc2O)[nH]c2ccccc12)CCC1CCCCCC1,Active
COc1cc(/C=C/C(=O)N2CCC(c3ncccn3)CC2)ccc1O,Moderate
O=C(Oc1ccc2ccccc2c1)N1c2ccccc2Sc2ccccc21,Moderate
O=C(CCN1CCN(c2ccccc2)CC1)Nc1n[nH]c2ncccc12,Moderate
Cc1cccc2sc(NC(=O)CCN3CCN(C(C)C)CC3)nc12,Inactive
CCCCN(CCC1CCCCCC1)Cc1cc2ccccc2cc1O,Active
CN1CCN(CCC2CCCCCC2)C[C@@H]1Cc1c[nH]c2ccccc12,Active
CCN(CC)Cc1ccccc1CNC(=O)c1cc(NC(=O)c2ccc(F)cc2)cc(OC)c1,Moderate
CCCCN(CCCC1CCNc2ccccc21)CCC1CCCCCC1,Active
OCCCCCCCCc1ccc(CN2CCCCC2)c(O)c1,Moderate
CCN(CC)C(=O)c1ccc2c(c1)nc(Cc1ccc(OC(=O)N3CCCC3)cc1)n2CCC(C)C,Moderate
CCCC[N+](C)(CCCc1c[nH]c2ccccc12)CCC1CCCCCC1.[I-],Active
CCN(CC)Cc1ccccc1CNC(=O)c1cc(Cl)cc(NC(=O)c2ccc(F)cc2)c1,Active
CCN(CC)Cc1ccccc1CNC(=O)c1cccc(NC(=O)c2ccc(F)cc2)c1C,Active
CCN(CC)Cc1ccccc1CNC(=O)c1cccc(NC(=O)c2cccs2)c1,Active
COc1cccc(C(=O)Cc2ncc(C(=O)N(C)CCCOc3ccc([N+](=O)[O-])cc3)cn2)c1,Moderate
COc1cc(/C=C/c2cc(=O)oc3c2ccc2oc(-c4ccc(Cl)cc4)cc23)cc(OC)c1,Moderate
CC(=O)Nc1ccc2nc3c(c(N4CCCCC4)c2c1)CCCC3,Moderate
CCN(CC)Cc1ccccc1NC(=O)c1cccc(NC(=O)c2cccs2)c1,Moderate
CC(C)=CCc1c(-c2ccc(O)cc2O)oc2c(CC=C(C)C)c(O)cc(O)c2c1=O,Moderate
CCN(CC)Cc1ccccc1CNC(=O)c1cc(NC(=O)c2ccc(F)cc2)cc([N+](=O)[O-])c1,Active
CCN(CC)Cc1cccc(CNC(=O)c2cccc(NC(=O)c3cccs3)c2)c1,Inactive
COc1ccc(C(=O)Cc2ncc(C(=O)NC3CCN(Cc4ccccc4)CC3)cn2)cc1,Moderate
O=C(COc1ccc(Cl)cc1[N+](=O)[O-])NCCN1CCN(Cc2ccccc2)CC1,Moderate
CCCN(CCC)Cc1ccccc1NC(=O)c1cccc(NC(=O)c2cccs2)c1,Moderate
COc1ccc(C(=O)Cc2ncc(C(=O)N(C)CCCOc3cccc(OC)c3)cn2)cc1,Moderate
COc1ccc(C(=O)Cc2ncc(C(=O)N(C)CCCOc3c(F)c(F)c(F)c(F)c3F)cn2)cc1,Inactive
COc1ccc(C(=O)Cc2ncc(C(=O)N3CCN(Cc4ccccc4)CC3)cn2)cc1,Moderate
CCCCN(CCc1c[nH]c2c(O)cccc12)CCC1CCCCCC1,Active
CCCCN(CCc1c[nH]c2c(OC(=O)C(C)C)cccc12)CCC1CCCCCC1,Active
CCN(CC)Cc1ccccc1CNC(=O)c1cc(C#N)cc(NC(=O)c2ccc(F)cc2)c1,Active
CCN(C)C(=O)Oc1ccc(C2CC(=O)c3c(OC(=O)N(C)CC)cc(OC(=O)N(C)CC)cc3O2)cc1,Inactive
CCN(CC)C(=O)c1ccc2c(c1)nc(Cc1ccc(OC(=O)N3CCC3)cc1)n2CCC(C)C,Active
CCCCN(CCC1CCCCCC1)Cc1cc(O)c2ccccc2c1,Active
CN(CCCOc1ccc([N+](=O)[O-])cc1)C(=O)c1cnc(CC(=O)c2cccs2)nc1,Moderate
c1ccc2c(CCCN(CCC3CCCCCC3)CCC3CCCCC3)c[nH]c2c1,Active
CN1c2ccccc2C(NCCCCCCC(=O)CCCCNc2c3c(nc4ccccc24)CCCC3)c2ccc(Cl)cc2S1(=O)=O,Active
CCCCCCCNC(=O)Oc1ccc(Cc2nc3cc(C(=O)N(CC)CC)ccc3n2CCCCN2CCCCC2)cc1,Moderate
CC1=C[C@H]2Cc3nc4cc(Cl)ccc4c(NCCCCC(=O)N4CCC(NC(=O)Nc5ccc(OC(F)(F)F)cc5)CC4)c3[C@@H](C1)C2,Moderate
Cc1ccc(OCc2nc(CN(CC(C)C)C(=O)c3cccc(Cl)c3)cs2)cc1,Moderate
CCCCNC(=O)O[C@@H]1C[C@H]2O[C@@H](OC(=O)CCCCC3CCSS3)C[C@H]2O1,Moderate
CCN(CC)Cc1ccccc1CNC(=O)c1cccc(NC(=O)c2ccc(OC)cc2)c1,Active
Cc1ccc(OCc2nc(CN(CC(C)C)C(=O)c3ccccc3F)cs2)cc1,Moderate
CCN(CC)Cc1ccccc1CNC(=O)c1cccc(NS(=O)(=O)c2cccs2)c1,Moderate
CCCCCCCNC(=O)Oc1ccc(Cc2nc3cc(C(=O)N4CCCCC4)ccc3n2CCC(C)C)cc1,Active
CCCCN(CCc1c[nH]c2cc(O)ccc12)CCC1CCCCCC1,Active
O=C(COc1cc(F)ccc1[N+](=O)[O-])NCCN1CCN(Cc2ccccc2)CC1,Moderate
CN(C)C1CCC(CCN(CCCc2c[nH]c3ccccc23)CCC2CCCCCC2)CC1,Active
Cc1ccc(OCc2nc(CN(CC(C)C)C(=O)c3cccs3)cs2)cc1,Moderate
CCCCN(CCC1CCCCCC1)Cc1ccc(OC(=O)N(C)C)c2ccccc12,Active
OCCCCCCCCc1ccc(CN2CCCCCC2)c(O)c1,Moderate
CCN(CC)Cc1ccccc1CNC(=O)c1cccc(C(=O)Nc2cccs2)c1,Active
Cc1ccc2nc3c(c(NCCO)c2c1)CCCC3,Moderate
COc1cc(/C=C/c2nnc(-c3ccc(C(F)(F)F)cc3)o2)ccc1O,Moderate
CCCCN(CCCc1cccc2ccccc12)CCC1CCCCCC1,Active
CCN(CC)Cc1ccccc1CNC(=O)c1cccc(NC(=O)c2cccc(F)c2)c1,Active
Cc1cc(Br)cc(C)c1OCC(=O)NCCN1CCN(Cc2ccccc2)CC1,Moderate
O=c1c2ccccc2nc2n1C(C1CN=Cc3[nH]c4ccccc4c31)CC2O,Moderate
CCN(CC)Cc1ccccc1CNC(=O)c1cc(F)cc(NC(=O)c2ccc(F)cc2)c1,Active
CC(=O)N(Cc1csc(COc2ccc(C)cc2)n1)CC(C)C,Moderate
COc1ccc2nc3c(c(N)c2c1)C1CC=CC(C3)C1,Moderate
CCCCN(CCC1CCCCCC1)Cc1cn(OC(=O)N(C)C)c2ccccc12,Moderate
CCCCCCN1CCN(CCC(=O)Nc2nc3c(C)cccc3s2)CC1,Inactive
OCCCCCCCCc1ccc(CN2CCCC2)c(O)c1,Inactive
CCCCN1CCN(CCC(=O)Nc2nc3c(C)cccc3s2)CC1,Inactive
Cc1cccc2sc(NC(=O)CCN3CCN(Cc4cc(F)ccc4F)CC3)nc12,Moderate
O=C1C(=O)c2ccccc2-c2ccccc21,Moderate
COc1ccc(C(=O)Cc2ncc(C(=O)N(C)CCCOc3ccc(OC)c(OC)c3)cn2)cc1,Moderate
COc1ccc(OCc2nc(CN(CC(C)C)C(=O)c3ccc4c(c3)OCO4)cs2)cc1,Moderate
CCCCNC(=O)O[C@@H]1C[C@H]2O[C@@H](OC(=O)/C=C/c3ccc(O)c(OC)c3)C[C@H]2O1,Moderate
O=C(CCN1CCOCC1)Nc1n[nH]c2ncccc12,Moderate
CN(Cc1ccccc1)Cc1ccc(CCCCCCCCO)cc1O,Moderate
CCN(CC)Cc1ccccc1CNC(=O)c1cccc(NC(=O)c2ccc(F)cc2)c1,Active
CCN(CC)Cc1ccccc1CNC(=O)c1cccc(NC(=O)c2ccccc2)c1,Active
CCN(CC)Cc1ccccc1CNC(=O)c1cccc(NC(=O)c2ccc(C)cc2)c1,Active
CCN(CC)CCCOC(=O)N1c2ccccc2Sc2ccccc21,Moderate
CCN(CC)Cc1ccc(CNC(=O)c2cccc(NC(=O)c3cccs3)c2)cc1,Moderate
COc1cc(/C=C/c2cc(=O)oc3c2ccc2oc(-c4ccc(F)cc4)cc23)cc(OC)c1,Moderate
COc1ccc(OCCCN(C)C(=O)c2cnc(CC(=O)c3ccc(OC)cc3)nc2)cc1,Moderate
Cc1ccc2nc3c(c(N4CCCCC4)c2c1)CCCC3,Moderate
COc1cc(/C=C/c2cc(=O)oc3c2ccc2oc(-c4cccc(Cl)c4)cc23)cc(OC)c1,Moderate
CCN(CC)Cc1ccccc1CNC(=O)c1cc(Br)cc(NC(=O)c2ccc(F)cc2)c1,Active
COc1cc(/C=C/c2nnc(-c3ccc(OC(F)(F)F)cc3)o2)ccc1O,Moderate
Cc1cccc2sc(NC(=O)CCN3CCN(Cc4cccc5ccccc45)CC3)nc12,Inactive
CCCCCCCNC(=O)Oc1ccc(Cc2nc3cc(C(=O)Nc4ccccc4)ccc3n2CCC(C)C)cc1,Active
CCCCCC(=O)N(Cc1csc(COc2ccc(C)cc2)n1)CC(C)C,Moderate
CCN(CC)Cc1ccccc1CNC(=O)c1cccc(NC(=O)c2ccccc2F)c1,Active
CCN(CC)Cc1ccccc1CNC(=O)c1cccc(NC(=O)c2ccc(Cl)cc2)c1,Active
COC(=O)/C=C/c1ccc(OCCCCCN2CCN(CC(=O)Nc3c4c(nc5ccccc35)CCCC4)CC2)c(OC)c1,Moderate
CCCCN(C)[C@@H](Cc1c[nH]c2ccccc12)CN(C)CCC1CCCCCC1,Active
Cc1ccc2nc3c(c(NCCN4CCOCC4)c2c1)CCCC3,Moderate
CCN(CC)Cc1ccccc1CNC(=O)c1ccc(C)c(NC(=O)c2ccc(F)cc2)c1,Moderate
CN1CCN(c2c3c(nc4ccc([N+](=O)[O-])cc24)CCCC3)CC1,Moderate
COc1ccc(C(=O)Cc2ncc(C(=O)Nc3ccncc3)cn2)cc1,Inactive
O=C(CCN1CCN(Cc2ccccc2)CC1)Nc1n[nH]c2ncccc12,Moderate
Cc1ccc(OCc2nc(CN(CC(C)C)C(=O)c3ccccc3C)cs2)cc1,Moderate
COc1cc(/C=C/C(=O)O[C@H]2C[C@H]3O[C@H](OC(=O)Nc4ccccc4)C[C@H]3O2)ccc1O,Inactive
COc1ccc(-c2cc3c(ccc4c(/C=C/c5cc(OC)cc(OC)c5)cc(=O)oc43)o2)cc1,Moderate
O=C(Nc1ccc(OC(F)(F)F)cc1)NC1CCN(C(=O)CCCNc2c3c(nc4cc(Cl)ccc24)CCCC3)CC1,Moderate
CN(CCC1CCCCCC1)Cc1cccc2[nH]ccc12,Moderate
O=C(NCc1ccccc1)c1cccc(NC(=O)c2cccs2)c1,Inactive
CCCCN(CCC1CCCCCC1)Cc1c[nH]c2ncccc12,Active
CCN(CC)Cc1ccccc1CNC(=O)c1cccc(NC(=O)c2ccc(I)cc2)c1,Active
CCCCN(CCc1c[nH]c2ccc(O)cc12)CCC1CCCCCC1,Active
CCCCN(CCOc1ccc2ccc(OC(=O)N(C)C)cc2c1)CCC1CCCCCC1,Active
CCN(CC)Cc1ccccc1CNC(=O)c1cc(C)cc(NC(=O)c2ccc(F)cc2)c1,Active
CCCCN(CCc1c[nH]c2ccc(OC(=O)N(C)C)cc12)CCC1CCCCCC1,Active
CCN(CC)Cc1ccccc1CNC(=O)c1cccc(NC(=O)c2c(F)c(F)c(F)c(F)c2F)c1,Active
CCCCN(CCC1CCCCCC1)Cc1c[nH]c2ccccc12,Active
CCCCN(CCCc1c[nH]c2ccc(F)cc12)CCC1CCCCCC1,Active
CCN(CC)Cc1ccccc1CNC(=O)c1ccccc1NC(=O)c1ccc(F)cc1,Moderate
Cc1ccc(OCc2nc(CN(CC(C)C)C(=O)c3ccccc3Cl)cs2)cc1,Moderate
CCCCCCCNC(=O)Oc1ccc(Cc2nc3cc(C(=O)N(CC)CC)ccc3n2CCN2CCCCC2)cc1,Active
CCN(CC)Cc1ccccc1CNC(=O)c1cccc(NC(=O)c2ccco2)c1,Active
O=C(COc1ccccc1C(F)(F)F)NCC1CCN(Cc2ccccc2)CC1,Moderate
COc1cc(/C=C2\CCc3cc([N+](=O)[O-])ccc3C2=O)c(Br)c(OC)c1OC,Moderate
COc1cc(/C=C/c2cc(=O)oc3c2ccc2oc(-c4cccc(F)c4)cc23)cc(OC)c1,Moderate
Cc1ccc(OCc2nc(CN(CC(C)C)C(=O)c3ccc(Cl)cc3)cs2)cc1,Moderate
CC1=C(NC2CCN(Cc3ccccc3)CC2)C(=O)c2ccccc2C1=O,Active
CCOCCN1CCN(CCC(=O)Nc2nc3c(C)cccc3s2)CC1,Inactive
Cc1cccc2sc(NC(=O)CCN3CCN(C4CCCCC4)CC3)nc12,Moderate
COc1cccc(C(=O)N(Cc2csc(COc3ccc(C)cc3)n2)CC(C)C)c1,Moderate
COc1ccc(C(=O)Cc2ncc(C(=O)N(C)CCCOc3ccc([N+](=O)[O-])cc3)cn2)cc1OC,Moderate
CCCCN(CCCc1cc2ccccc2[nH]1)CCC1CCCCCC1,Active
O=C(COc1ccc(-c2ccccc2)cc1)NCCN1CCN(Cc2ccccc2)CC1,Moderate
Cc1ccc(OCc2nc(CN(CC(C)C)C(=O)c3c(F)cccc3F)cs2)cc1,Moderate
CN(CCCOc1ccc([N+](=O)[O-])cc1)C(=O)c1cnc(CC(=O)c2ccccc2)nc1,Moderate
O=C(Nc1ccc(OC(F)(F)F)cc1)NC1CCN(C(=O)CCNc2c3c(nc4cc(Cl)ccc24)CCCC3)CC1,Moderate
Cc1cccc2sc(NC(=O)CCN3CCN(CC4CCCCC4)CC3)nc12,Moderate
O=C(CCCCC1CCSS1)O[C@H]1C[C@H]2O[C@H](OC(=O)NCc3ccccc3)C[C@H]2O1,Moderate
CCC(=O)N(Cc1csc(COc2ccc(C)cc2)n1)CC(C)C,Moderate
COc1ccc(C(=O)Cc2ncc(C(=O)NCc3cccs3)cn2)cc1,Moderate
Nc1nn(-c2c3c(nc4ccc([N+](=O)[O-])cc24)CCCC3)c2ncccc12,Moderate
COc1ccc(/C=C2\CCc3cc([N+](=O)[O-])ccc3C2=O)c(Cl)c1OC,Inactive
O=C(OC1CCCC1)N1c2ccccc2Sc2ccccc21,Moderate
COc1ccc(/C=C/C(=O)Nc2cc[n+](Cc3ccc(F)cc3)cc2)cc1OC.[Br-],Active
CCCCN(CCC1CCCCCC1)CCC1CCc2ccccc21,Active
CCCCN(CCCc1c[nH]c2ccccc12)CCC1CCCCCC1,Active
O=C(COc1ccc(Cl)cc1[N+](=O)[O-])NCC1CCN(Cc2ccccc2)CC1,Moderate
CN(CCC1CCN(Cc2ccccc2)CC1)Cc1c[nH]c2ccccc12,Moderate
CC1=C[C@@H]2Cc3nc4cc(Cl)ccc4c(NCCCCC(=O)N4CCC(NC(=O)Nc5ccc(OC(F)(F)F)cc5)CC4)c3[C@H](C1)C2,Moderate
CC(C)CN(Cc1csc(COc2ccc(Cl)cc2)n1)C(=O)c1ccc2c(c1)OCO2,Moderate
Cc1cccc2sc(NC(=O)CCN3CCN(CC4CCCO4)CC3)nc12,Inactive
COc1ccccc1/C=C/C=C(\Br)S(=O)(=O)F,Moderate
CN(CCCOc1ccc([N+](=O)[O-])cc1)C(=O)c1cnc(CC(=O)c2ccc3c(c2)OCO3)nc1,Inactive
Cc1ccc(S(=O)(=O)C(=O)N(Cc2csc(COc3ccc(F)cc3)n2)CC(C)C)cc1,Moderate
CCCN(CCC)Cc1ccccc1CNC(=O)c1cccc(NC(=O)c2cccs2)c1,Active
CCN(CC)Cc1ccccc1CNC(=O)c1cc(NC(=O)c2ccc(F)cc2)ccc1C,Active
CCCCN1CN(CCC2CCCCCC2)C[C@@H]1Cc1c[nH]c2ccccc12,Active
COc1cc2c(Nc3ccc(C(=O)/C=C/c4nc(C)c(C)nc4C)cc3)ncnc2c(OC)c1OC,Inactive
CCCCN(CCC1CCCCCC1)Cc1c[nH]c2cc(Br)ccc12,Active
O=C(COc1ccccc1C(F)(F)F)NCCN1CCN(Cc2ccccc2)CC1,Moderate
CCCCN1CCN(CCCC2CCCCCC2)C[C@@H]1Cc1c[nH]c2ccccc12,Active
CN(C)c1ccc(/C=C/CN(CCCc2c[nH]c3ccccc23)CCC2CCCCCC2)cc1,Active
CN(C)C(=O)Oc1cc(OC(=O)N(C)C)cc(C(O)CNC(C)(C)C)c1,Active
CCCCC(=O)O[C@@H]1CO[C@H]2[C@@H]1OC[C@@H]2OC(=O)NCc1ccccc1,Moderate
O=C(/C=C/c1ccc(O)cc1)O[C@@H]1CO[C@H]2[C@@H]1OC[C@@H]2OC(=O)NCc1ccccc1,Active
CN(CCCOc1ccc2ccc(=O)oc2c1)Cc1cccc(OC(=O)NC2CCCC2)c1,Active
O=C(Oc1cc(O)c2c(=O)cc(-c3ccc(O)cc3)oc2c1)N1CCCCC1,Active
O=C(NC1CCCCC1)O[C@H]1CO[C@H]2[C@@H]1OC[C@H]2O[N+](=O)[O-],Moderate
CNC(=O)Oc1cccc(CN(C)CCCCCCCOc2ccc(-c3cc(=O)c4ccccc4o3)cc2)c1,Active
O=C(CNC(=O)[C@@H]1Cc2ccccc2CN1)Nc1c2c(nc3ccccc13)CCCC2,Moderate
CNC(=O)Oc1cccc(CN(C)CCCCCCOc2ccc(C(=O)/C=C/c3cc(OC)c(OC)c(OC)c3)c(O)c2)c1,Active
C#CCN1CCC(CCc2cccc(OC(=O)N(C)CC)c2)CC1,Moderate
O=c1c(NCCCCCCCc2c3c(nc4ccccc24)CCCC3)c(NCCCCCCCc2c3c(nc4ccccc24)CCCC3)c1=O,Active
C#CCN[C@@H]1CCc2ccc(OC(=O)N(C)CC)cc21.C#CCN[C@@H]1CCc2ccc(OC(=O)N(C)CC)cc21,Moderate
c1cc(CCNc2c3c(nc4ccccc24)CCCC3)nc(CCNc2c3c(nc4ccccc24)CCCC3)c1,Active
CCN1/C(=C/C(C)=O)Sc2ccc(OC(=O)OCCOCCNC(=O)c3cc4c(OC(=O)N(C)C)cccc4[n+](C)c3)cc21.COS(=O)(=O)[O-],Moderate
CCN(CC)C(=O)OC1C[N+]2(C)CCC1CC2.[I-],Moderate
O=C(CCCCC1CCSS1)O[C@@H]1CO[C@H]2[C@@H]1OC[C@@H]2OC(=O)NCc1ccccc1,Moderate
CNC(=O)Oc1cccc(CN(C)CCCCCCCOc2cccc(-c3cc(=O)c4ccccc4o3)c2)c1,Active
COc1ccc2[nH]cc(CCC(=O)CCCCCCNC(=O)Oc3ccc4c(c3)CN3CCc5ccccc5C3N4C)c2c1,Moderate
COc1ccc(NC(=O)Oc2ccc3c(c2)[C@]2(O)CCN(C(C)=O)[C@@H]2N3)cc1,Moderate
C#CCN1CCC(CCc2cccc(OC(=O)Nc3ccccc3)c2)CC1,Moderate
O=c1c(NCCCCc2c3c(nc4cc(Cl)ccc24)CCCC3)c(NCCCCc2c3c(nc4ccc(Cl)cc24)CCCC3)c1=O,Moderate
CNC(=O)Oc1cccc(CN(C)CCCCCCOc2ccc3c(c2)O/C(=C\c2cc(OC)c(OC)c(OC)c2)C3=O)c1,Moderate
CN(CCCOc1ccc2ccc(=O)oc2c1)Cc1cccc(OC(=O)NC2CCCCC2)c1,Active
CCC(C)(C)NCC(O)c1cc(O)cc(OC(=O)N(C)C)c1,Active
CC(C)c1ccc(NC(=O)Oc2ccc3c(c2)[C@]2(C)CCN(Cc4ccc(F)cc4)[C@@H]2N3C)cc1,Moderate
CCCCCCCNC(=O)Oc1ccc2c(c1)CN1CCc3ccc(/N=N\c4ccccc4)cc3C1N2C,Active
CN[C@@H](Cc1ccccc1)C(=O)NCC(=O)Nc1c2c(nc3ccccc13)CCCC2,Moderate
c1ccc2c(NCCc3cocc3CCNc3c4c(nc5ccccc35)CCCC4)c3c(nc2c1)CCCC3,Active
O=C(NCc1ccccc1)O[C@H]1CO[C@H]2[C@@H]1OC[C@H]2OC(=O)c1ccc(-c2ccccc2)cc1,Active
O=C1C=Cc2ccccc2C1=O,Moderate
CNC(=O)O[C@H]1CO[C@H]2[C@@H]1OC[C@H]2OC(=O)c1ccccc1,Moderate
O=C(NCc1ccccc1)O[C@H]1CO[C@H]2[C@@H]1OC[C@H]2OC(=O)c1ccccc1,Active
O=C(NCc1ccccc1)O[C@H]1CO[C@H]2[C@@H]1OC[C@H]2O,Moderate
Oc1cccc(C2=Nc3ccccc3SC(c3cccc(Cl)c3)C2)c1,Inactive
N[C@@H](Cc1c[nH]c2ccccc12)C(=O)NCCNc1c2c(nc3ccccc13)CCCC2,Active
O=C(CCCCC1CCSS1)NCc1cn(CCCCOc2ccc3c(=O)ccoc3c2)nn1,Moderate
CCCCCCCCO[C@H]1[C@H](OC(C)=O)[C@@H](Cn2c(=O)c3c(ncn3C)n(C)c2=O)OC(OC(C)=O)[C@@H]1OC(C)=O,Moderate
COc1ccc2[nH]cc(CCNC(=O)CN(CCCCC3CCN(Cc4ccccc4)CC3)C(=O)c3cc(=O)c4ccccc4o3)c2c1,Active
Cc1ccc2c(c1)c1c(n2CC(O)Cn2c3c(c4ccccc42)CCCC3)CCN(C)C1.Cl,Moderate
COc1ccc2c(c1)c(C=O)cn2CCCCCCCN(C)Cc1ccc(O)cc1,Moderate
O=c1c2ccccc2n(CCCCCCn2cc(CO[C@@H]3O[C@H](CO)[C@@H](O)[C@H]3O)nn2)c2ccccc12,Moderate
COc1ccc2c(c1)c(C=O)cn2CCCCCCCCCCCCN(C)Cc1ccc(OC)c(OC)c1,Moderate
O=c1c2cc(NS(=O)(=O)c3ccccc3OC(F)(F)F)ccc2cc2n1CCc1c-2[nH]c2ccccc12,Moderate
O=c1c(/C=N/Nc2ccc(C(F)(F)F)cc2)coc2c1ccc1oc(-c3ccc(Cl)cc3)cc12,Moderate
CN1CCc2c(c3cc(F)ccc3n2CC(O)Cn2c3c(c4ccccc42)CCCC3)C1.Cl,Moderate
O=C1CC2CCc3ccsc3C2=NN1CN1CCN(Cc2ccccc2)CC1,Moderate
CN(CCCCCCCCCCCCn1cc(C=O)c2cc(O)ccc21)Cc1cccc(O)c1,Moderate
COc1ccc(-[n+]2ccc3c4ccccc4n(C)c3c2)cc1,Inactive
COc1ccc(-c2cc3cc4c(=O)c(C=O)coc4cc3o2)cc1,Moderate
CC(=O)Nc1nc(Cl)c2c(ncn2[C@H]2O[C@H](COCc3ccccc3)[C@@H](OCc3ccccc3)[C@H](OCc3ccccc3)[C@@H]2OCc2ccccc2)n1,Active
CCN1CCc2c(c3cc(C)ccc3n2CC(O)Cn2c3c(c4ccccc42)CCCC3)C1.Cl,Moderate
COc1ccc2c(c1)c(C=O)cn2CCCCCCCCN(C)Cc1cccc(O)c1,Moderate
COc1ccc2c(c1)c(CC(=O)N/N=C1\c3cc(OC)c(OC)cc3CC1CC1CCN(Cc3ccccc3)CC1)c(C)n2C(=O)c1ccc(Cl)cc1,Moderate
COc1cc2c(cc1OC)/C(=N\N)C(CC1CCN(Cc3ccccc3)CC1)C2,Moderate
CC1c2[nH]c3ccccc3c2CCN1C(=O)/C=C/c1ccc(O)c(O)c1,Moderate
COc1ccc2c(c1)c(C=O)cn2CCCCCCCN(C)Cc1cccc(O)c1,Moderate
COc1ccc2c(c1)c(C=O)cn2CCCCCCCCCCCCN(C)Cc1cccc(O)c1,Moderate
CO[C@H]1O[C@H](Cn2c(=O)c3c(ncn3C)n(C)c2=O)[C@@H](OC(C)=O)[C@H](OC(C)=O)[C@H]1OC(C)=O,Moderate
COc1ccc(-c2cc(=O)c3ccc(OCCN4CCN(CCO)CC4)cc3o2)cc1,Active
COc1cc2c(cc1OC)C(=O)[C@]1(C2)[C@H](c2cccc([N+](=O)[O-])c2)[C@H](Cc2c[nH]c3ccccc23)NC12C(=O)Nc1ccccc12,Inactive
COC1O[C@H](Cn2ccc(=O)n(C[C@H]3O[C@H](OC)[C@H](OCc4ccccc4)[C@@H](OCc4ccccc4)[C@@H]3OCc3ccccc3)c2=O)[C@@H](OCc2ccccc2)[C@H](OCc2ccccc2)[C@H]1OCc1ccccc1,Moderate
COc1cccc([C@@H]2[C@H](Cc3c[nH]c4ccccc34)NC3(C(=O)Nc4ccccc43)[C@@]23Cc2cc(OC)c(OC)cc2C3=O)c1,Moderate
COc1cccc(CN(C)CCCCCCCCCCCCn2cc(C=O)c3cc(OC)ccc32)c1,Moderate
Cn1c2ccccc2c2cc[n+](-c3ccc(Br)cc3)cc21,Inactive
COc1cc2c(cc1OC)/C(=N\NC(=O)CCNC(=O)C(C)c1ccc(CC(C)C)cc1)C(CC1CCN(Cc3ccccc3)CC1)C2,Inactive
COc1ccc(-c2cc(=O)c3ccc(OCCN4CCOCC4)cc3o2)cc1,Active
CN1CCc2c(c3ccccc3n2CC(O)Cn2c3c(c4ccccc42)CCCC3)C1.Cl,Moderate
COc1cc2c(cc1OC)/C(=N\NC(=O)C(CC(C)C)NC(=O)C(C)c1ccc(CC(C)C)cc1)C(CC1CCN(Cc3ccccc3)CC1)C2,Inactive
COc1ccc(-c2cc(=O)c3ccc(OCCN4CCC(C)CC4)cc3o2)cc1,Active
O=C(CCN1CCCC1)Nc1ccc2c(c1)CN1CCc3c([nH]c4ccccc34)C1=N2,Moderate
COc1cc2c(cc1OC)/C(=N\NC(=O)C(C)c1ccc(CC(C)C)cc1)C(CC1CCN(Cc3ccccc3)CC1)C2,Moderate
CCN1CCc2c(c3cc(F)ccc3n2CC(O)Cn2c3c(c4ccccc42)CCCC3)C1.Cl,Moderate
COc1ccc2c(c1)c(C=O)cn2CCCCCCCCCCN(C)Cc1ccc(O)cc1,Moderate
O=c1c(O)c(-c2ccccc2)oc2cc(Br)c(I)cc12,Moderate
COc1ccc2c(c1)c(C=O)cn2CCCCCCCCN(C)Cc1ccc(O)cc1,Moderate
C[n+]1ccc2c3ccccc3n(CCc3ccccc3)c2c1,Moderate
Cn1c2ccccc2c2cc[n+](-c3ccc(Cl)cc3)cc21,Inactive
CCN(CCCCCCCCCCCCn1cc(C=O)c2cc(OC)ccc21)Cc1cccc(O)c1,Moderate
CCC(=O)CNC(=O)Nc1nc2ccc(-c3oc4c(OC)c(O)c(O)c(OC)c4c(=O)c3O)cc2s1,Active
Cn1c2ccccc2c2cc[n+](-c3ccc(I)cc3)cc21,Inactive
COc1ccc(CN(C)CCCCCCCCCCCCn2cc(C=O)c3cc(OC)ccc32)cc1,Moderate
COc1ccc2c(c1)c(C=O)cn2CCCCCCCCCCCCN(C)Cc1ccc(O)cc1,Moderate
O=C1CC2CCc3ccsc3C2=NN1CCN1CCN(Cc2ccccc2)CC1,Moderate
O=C1CC2CCc3ccsc3C2=NN1Cc1ccc(CN2CCN(Cc3ccccc3)CC2)cc1,Moderate
COc1ccc2c(c1)c1c(n2CC(O)CN2c3ccccc3Sc3ccccc32)CCN(C)C1,Moderate
Cc1ccc2c(c1)c1cc[n+](-c3ccccc3)cc1n2C,Inactive
COc1ccc2c(c1)c(C=O)cn2CCCCCCCCCCN(C)Cc1cccc(O)c1,Moderate
COc1ccc2c(c1)c(C=O)cn2CCCCCCCCCN(C)Cc1cccc(O)c1,Moderate
CCN(CC)CCOc1ccc2c(=O)cc(-c3ccc(OC)cc3)oc2c1,Active
COc1ccc2cc([C@H](C)C(=O)N/N=C3\c4cc(OC)c(OC)cc4CC3CC3CCN(Cc4ccccc4)CC3)ccc2c1,Moderate
CCOC(=O)[n+]1ccc2c([nH]c3cc(OC)ccc32)c1C,Moderate
O=C1CC2CCCc3ccsc3C2=NN1CCCCN1CCN(Cc2ccccc2)CC1,Moderate
CC(C)n1c2ccccc2c2cc[n+](-c3ccccc3)cc21,Inactive
COc1ccc(-c2cc(=O)c3ccc(OCCN4CCCC4)cc3o2)cc1,Active
COc1ccc2c(c1)c(C=O)cn2CCCCCCCCCN(C)Cc1ccc(O)cc1,Moderate
Cc1ccc(NCC[C@@H]2CCCN3CCCC[C@H]23)c2c(=O)c3ccccc3sc12,Moderate
COc1cc2c(cc1OC)C(=O)[C@]1(C2)[C@H](c2ccc(C)cc2)[C@H](Cc2c[nH]c3ccccc23)NC12C(=O)Nc1ccccc12,Moderate
Cc1ccc(-[n+]2ccc3c4ccccc4n(C)c3c2)cc1,Inactive
COc1cc2c(cc1OC)C(=O)[C@]1(C2)[C@H](c2ccccc2OC)[C@H](Cc2c[nH]c3ccccc23)NC12C(=O)Nc1ccccc12,Inactive
O=C1CC2CCc3sccc3C2=NN1CCCCN1CCN(Cc2ccccc2)CC1,Moderate
COc1cc2c(cc1OC)/C(=N\NC(=O)CNC(=O)C(C)c1ccc(CC(C)C)cc1)C(CC1CCN(Cc3ccccc3)CC1)C2,Moderate
COc1cc2c(cc1OC)/C(=N\NC(=O)C(NC(=O)C(C)c1ccc(CC(C)C)cc1)C(C)C)C(CC1CCN(Cc3ccccc3)CC1)C2,Moderate
COc1cc2c(cc1OC)/C(=N\NC(=O)c1ccccc1OC(C)=O)C(CC1CCN(Cc3ccccc3)CC1)C2,Moderate
CCN1CCc2c(c3ccccc3n2CC(O)Cn2c3c(c4ccccc42)CCCC3)C1.Cl,Moderate
Cc1ccc(NCC[C@@H]2CCCN3CCCC[C@H]23)c2c(=O)c3ccccc3oc12,Moderate
Cc1cc2cc3n(c(=O)c2cn1)CCc1c-3[nH]c2ccccc12,Moderate
C[C@@H]1[C@@H](C)[C@H](C)O[C@@H](O[C@@H]2[C@@H](O)[C@H](OCCc3ccc(O)c(O)c3)O[C@H](CO[C@@H]3OC[C@](O)(CO)[C@H]3O)[C@H]2OC(=O)/C=C/c2ccc(O)c(O)c2)[C@@H]1C,Inactive
CC1=CC2Cc3nc4cc(Cl)ccc4c(NCCCCCCCCNc4c5c(nc6ccccc46)CCCC5)c3C(C1)C2.Cl.Cl,Active
CCC1=CC2Cc3nc4ccccc4c(NCCCCCCCCNc4c5c(nc6ccccc46)CCCC5)c3C(C1)C2.Cl.Cl,Active
CC1=CC2Cc3nc4cc(Cl)ccc4c(N)c3C(C1)C2.Cl,Moderate
Cc1ccccc1NC(=O)Oc1ccc2c(c1)[C@]1(C)CCNC1N2C,Moderate
Cl.O=C(CCC1CCN(Cc2ccccc2)CC1)c1ccc2[nH]c(-c3ccccc3)nc2c1,Moderate
CCc1ccccc1NC(=O)Oc1ccc2c(c1)[C@]1(C)CC[N@@+](C)([O-])[C@@H]1N2C.Cl,Moderate
CC1=CC2Cc3nc4cc(Cl)ccc4c(NCCCCCCCNc4c5c(nc6cc(Cl)ccc46)CCCC5)c3C(C1)C2.Cl.Cl,Active
CNC(=O)Oc1ccc2c(c1)[C@]1(C)CC[N@@+](C)([O-])[C@@H]1N2C.Cl,Moderate
CNC(=O)Oc1cccc(CN(C)CCCOc2ccccc2)c1.Cl,Active
CCC1=CC2Cc3nc4ccccc4c(N)c3C(C1)C2.Cl,Active
CC1=CC2CC(C1)Cc1nc3ccccc3c(N)c12.Cl,Moderate
C#CCCCCCCCCCN(C)C(=O)Oc1cccc2c(CN(C)CCC3CCCCCC3)c[nH]c12,Active
CC(C)N(C(=O)Oc1ccc2c(CN(C)CCC3CCCCCC3)c[nH]c2c1)C(C)C,Active
CCN(CC)C(=O)Oc1ccc(Cc2nc3cc(C(=O)N(CC)CC)ccc3n2CCC(C)C)cc1,Moderate
CCN(CC)C(=O)c1ccc2c(c1)nc(Cc1ccc(OC(=O)N(C)Cc3ccccc3)cc1)n2CCC(C)C,Moderate
O=C(NCC(O)CNCc1cccc(C(F)(F)F)c1)C(c1ccccc1)c1ccccc1,Moderate
Nc1nonc1-c1nc2ccccc2n1CC(=O)Nc1cc(Cl)cc(Br)c1,Active
CCN(C)C(=O)Oc1cccc2c(CN(C)CCC3CCCCCC3)c[nH]c12,Active
CC1=CC2Cc3nc4cc(Cl)ccc4c(NCCCCCCCCNc4c5c(nc6cc(Cl)ccc46)CCCC5)c3C(C1)C2.Cl.Cl,Active
CCCN(CCCc1ccccc1)Cc1cccc(OC)c1OCc1ccccc1,Active
CCc1ccccc1NC(=O)Oc1ccc2c(c1)[C@]1(C)CC[N+](C)([O-])[C@@H]1N2C.Cl,Moderate
CN(CCC1CCCCCC1)Cc1c[nH]c2c(OC(=O)N(C)Cc3ccccc3)cccc12,Active
Br.CC[N+](CC)(CCCCCn1c(=O)cc(C)n(CCCn2c(C)cc(=O)n(C)c2=O)c1=O)Cc1ccccc1[N+](=O)[O-],Moderate
O=C(CC(c1ccccc1)c1ccccc1)NC[C@@H](O)CNCC1CCCCC1,Active
C#CCOc1ccc(CCN(CC=C)Cc2cccc(OC)c2OCc2ccccc2)cc1,Moderate
C#CCN(CCc1ccc(O)cc1)Cc1cccc(OC)c1OCc1ccccc1,Moderate
CCCN(CCCc1cccc(O)c1)Cc1cccc(OC)c1OCc1ccccc1,Moderate
Cc1cc(NC(=O)Cn2c(-c3nonc3N)nc3ccccc32)cc([N+](=O)[O-])c1,Moderate
C#CCN(CC#C)C(=O)Oc1cccc2c(CN(C)CCC3CCCCCC3)c[nH]c12,Active
Cc1ccc(NC2=C([N+](=O)[O-])C3(NN2)C(=O)Nc2ccccc23)cc1,Inactive
C=CCN(CCCc1ccccc1)Cc1cccc(OC)c1OCc1ccccc1,Active
C#CCCCN(C)C(=O)Oc1cccc2c(CN(C)CCC3CCCCCC3)c[nH]c12,Active
C=CCN(CCc1ccccc1OC)Cc1cccc(OC)c1OCc1ccccc1,Moderate
CCN(CCc1ccc(O)cc1)Cc1cccc(OC)c1OCc1ccccc1,Moderate
O=C(Nc1cccc(-c2cc(-c3ccc(Cl)cc3)n[nH]2)c1)c1ccccc1,Moderate
Cc1ccccc1NC(=O)Oc1ccc2c(c1)[C@]1(C)CCN(C)C1N2Cc1ccccc1,Moderate
CCN(CCCCCCNC1=CC(=O)C(NCCCCCCN(CC)[C@H](C)c2ccccc2OC)=CC1=O)[C@H](C)c1ccccc1OC,Moderate
O=C(CC(c1ccccc1)c1ccccc1)NCC(O)CNCC1CCCCC1,Active
COc1cccc(CN(CCCc2ccccc2F)C2CCC2)c1OCc1ccccc1,Active
Cc1ccccc1NC(=O)CN(Cc1ccc2ccccc2c1)CC(C)C,Active
CCNC(=O)Oc1ccc(Cc2nc3cc(C(=O)N(CC)CC)ccc3n2CCC(C)C)cc1,Moderate
C#CCOc1ccc(CCN(CC#C)Cc2cccc(OC)c2OCc2ccccc2)cc1,Moderate
COc1cccc(CNCc2ccccc2)c1OCc1ccccc1,Moderate
COc1cccc(CNCCc2ccccc2)c1OCc1ccccc1,Moderate
CCCCCCN(CCCc1ccccc1)Cc1cccc(OC)c1OCc1ccccc1,Active
CCN(CC)C(=O)c1ccc2c(c1)nc(Cc1ccc(OC(=O)NC3CC3)cc1)n2CCC(C)C,Active
CC(C)CN(CCCc1ccccc1)Cc1ccc2ccccc2c1,Active
COc1ccc2sc3c([N+](=O)[O-])ccc(NCCC[C@@H]4CCCN5CCCC[C@H]45)c3c(=O)c2c1,Moderate
NCCOCCOc1ccc(-c2cc(=O)c3ccccc3o2)cc1,Inactive
CN(CCC1CCCCCC1)Cc1c[nH]c2cc(OC(=O)N(C)C)ccc12,Active
CCOC(=O)C1=C(C)N(CCC2CCN(Cc3ccccc3)CC2)C(=O)NC1c1coc2c(Cl)cc(Cl)cc2c1=O,Inactive
CN(C)C(=O)Oc1cccc2cc[nH]c12,Moderate
CCN(CC)C(=O)Oc1cccc2c(CN(C)CCC3CCCCCC3)c[nH]c12,Active
CCOP(=O)(OCC)C(NCc1cccs1)c1cn(-c2ccccc2)nc1-c1ccc(Cl)cc1,Moderate
CCCN(C/C=C/c1ccccc1)Cc1cccc(OC)c1OCc1ccccc1,Active
CN(CCC1CCCCCC1)Cc1c[nH]c2c(OC(=O)N3CCOCC3)cccc12,Active
Nc1nonc1-c1nc2ccccc2n1CC(=O)Nc1cc(F)cc(F)c1,Moderate
CC(C)N(C(=O)Oc1cccc2c(CN(C)CCC3CCCCCC3)c[nH]c12)C(C)C,Moderate
Cc1cc(F)cc(NC(=O)Cn2c(-c3nonc3N)nc3ccccc32)c1,Moderate
COc1cc(NC(=O)Cn2c(-c3nonc3N)nc3ccccc32)cc(OC)c1,Moderate
Nc1nonc1-c1nc2ccccc2n1CC(=O)Nc1ccc([N+](=O)[O-])c(Cl)c1,Moderate
CNC(=O)Oc1ccc2c(c1)CN(CCCOc1ccc3c(=O)c4ccccc4oc3c1)CC2.Cl,Active
CN(CCC1CCCCCC1)Cc1c[nH]c2c(O)cccc12,Moderate
CCCCCCN(CCCCc1ccccc1)Cc1cccc(OC)c1OCc1ccccc1,Moderate
COc1cc(CN(C)CCc2ccc(O)cc2)c(-c2cccc3c2N(C)CC3)cc1OC,Moderate
COc1cccc(CN(CCCc2ccccc2F)C2CCCC2)c1OCc1ccccc1,Active
N#Cc1cc(Cl)cc(NC(=O)Cn2c(-c3nonc3N)nc3ccccc32)c1,Active
O=C(/C=C/c1cccs1)N1CCc2ccccc2C1,Moderate
CCN(C)C(=O)Oc1ccc(Cc2nc3cc(C(=O)N(CC)CC)ccc3n2CCC(C)C)cc1,Moderate
O=c1cc(-c2ccc(O)cc2)oc2cccc(OCc3ccccc3)c12,Active
FC(F)(F)c1ccc(-c2nnc(CNC3CCN(Cc4ccccc4)C3)o2)cc1,Active
CCCN(CCCc1ccc(O)cc1)Cc1cccc(OC)c1OCc1ccccc1,Active
Nc1nonc1-c1nc2ccccc2n1CC(=O)Nc1cc(Cl)cc(Cl)c1,Active
Cc1cc(Cl)cc(NC(=O)Cn2c(-c3nonc3N)nc3ccccc32)c1,Active
C#CCN(C)C(=O)Oc1ccc2c(CN(C)CCC3CCCCCC3)c[nH]c2c1,Active
CC(C)(C)OC(=O)NCCOCCOc1ccc(-c2cc(=O)c3ccccc3o2)cc1,Active
N=c1oc2ccccc2cc1C(=O)Nc1cc(Br)ccc1N1CCN(Cc2ccc(F)cc2)CC1,Inactive
CCOc1ccc(Cc2nc3cc(OC(=O)N(C)CC)ccc3n2CCC(C)C)cc1,Moderate
CC(C)(C)OC(=O)NCCOCCOc1ccc(-c2cc(=O)c3c(OCc4ccccc4)cccc3o2)cc1,Moderate
CC(C)(C)c1ccc(CNCC(O)CNC(=O)C(c2ccccc2)c2ccccc2)cc1,Moderate
COc1cc(O)c2c(c1)C[C@@H]1c3c(cc4c(c3-2)OCO4)CCN1C,Inactive
CCN(CC)C(=O)c1ccc2c(c1)nc(Cc1ccccc1)n2CCC(C)C,Active
COC(=O)c1cc(C(=O)c2ccc(OC)cc2)n2ccc(CCCc3cc[n+](C)cc3)cc12.[I-],Inactive
CCOc1ccc(Cc2nc3cc(OC(=O)N4CCCC4)ccc3n2CCC(C)C)cc1,Moderate
Clc1ccc2c(NCCCCCN3c4ccccc4Sc4ccccc43)c3c(nc2c1)CCCC3,Moderate
CN(C)C(=O)Oc1cccc([N+](C)(C)C)c1.[Br-],Moderate
CON(C)C(=O)Oc1cccc2c(CN(C)CCC3CCCCCC3)c[nH]c12,Moderate
O=C(Oc1cccc2cc[nH]c12)N1CCOCC1,Moderate
CCCN(CCCc1cccc(F)c1)Cc1cccc(OC)c1OCc1ccccc1,Active
CC1=CC2Cc3nc4ccccc4c(N)c3C(C1)C2.Cl,Moderate
CCCN(CCCc1ccccc1O)Cc1cccc(OC)c1OCc1ccccc1,Moderate
CC(C)c1cccc(CNCC(O)CNC(=O)CC(c2ccccc2)c2ccccc2)c1,Moderate
CCCN(CC(=O)Nc1ccccc1C)Cc1ccc2ccccc2c1,Active
COc1ccc(C[C@H]2c3c(ccc(OC)c3O)CCN2C)cc1,Inactive
CCN(C)C(=O)Oc1cccc2cc[nH]c12,Moderate
Cc1cn(C2C=CC(COP3(=O)Oc4cccc(Cl)c4C(C)O3)O2)c(=O)[nH]c1=O,Moderate
CCOc1ccc(Cc2nc3cc(OC(=O)NC4CC4)ccc3n2CCC(C)C)cc1,Moderate
O=C(NCC(O)CNCC1CCCCC1)C(c1ccccc1)c1ccccc1,Moderate
C=CCN(CCc1cccc(OC)c1)Cc1cccc(OC)c1OCc1ccccc1,Moderate
Cc1cc([N+](=O)[O-])c2oc(-c3ccc(OCCOCCNC(=O)OC(C)(C)C)cc3)cc(=O)c2c1,Moderate
COc1cccc(CNCC(C)c2ccccc2)c1OCc1ccccc1,Moderate
COc1ccc2sc3c([N+](=O)[O-])ccc(NCC[C@@H]4CCCN5CCCC[C@H]45)c3c(=O)c2c1,Moderate
CCCCN(CCCc1ccccc1)Cc1ccc2ccccc2c1,Active
COc1ccc2c(c1)C1(NNC(Nc3ccc(C)c(C)c3)=C1[N+](=O)[O-])C(=O)N2,Inactive
CCN(CC)C(=O)c1ccc2c(c1)nc(Cc1ccc(OC(=O)N(C)c3ccccc3)cc1)n2CCC(C)C,Moderate
COc1cccc(CCNCc2cccc(OC)c2OCc2ccccc2)c1,Moderate
Cc1ccccc1NC1=C([N+](=O)[O-])C2(NN1)C(=O)Nc1ccc(Cl)cc12,Moderate
C#CCN(CCCc1ccccc1)Cc1cccc(OC)c1OCc1ccccc1,Moderate
COc1cccc(CN(CCCCc2ccccc2)CCCC(C)C)c1OCc1ccccc1,Moderate
Br.CC[N+](CC)(CCCCCn1c(=O)cc(C)n(CCCCCCn2c(C)cc(=O)n(C)c2=O)c1=O)Cc1ccccc1[N+](=O)[O-],Moderate
Nc1nonc1-c1nc2ccccc2n1CC(=O)Nc1ccc([N+](=O)[O-])c(Br)c1,Moderate
C=CCOc1ccc(CCN(CC=C)Cc2cccc(OC)c2OCc2ccccc2)cc1,Moderate
O=C(CC(c1ccccc1)c1ccccc1)NCC(O)CNCc1cccc(C(F)(F)F)c1,Moderate
COc1cccc(CN(C)CCCc2ccccc2)c1OCc1ccccc1,Active
CC[N+](CC)(CCCCCn1c(=O)cc(C)n(CCCCCCn2c(C)cc(=O)n(C)c2=O)c1=O)Cc1ccccc1C(F)(F)F.[Br-],Inactive
COc1ccc2sc3c(C)ccc(NCC[C@@H]4CCCN5CCCC[C@H]45)c3c(=O)c2c1,Moderate
Nc1nonc1-c1nc2ccccc2n1CC(=O)Nc1cc(Br)cc(C(F)(F)F)c1,Active
CCCN(CCCc1ccc(F)cc1)Cc1cccc(OC)c1OCc1ccccc1,Active
C=CCN(CCc1ccccc1)Cc1cccc(OC)c1OCc1ccccc1,Moderate
CCCN(CCc1ccc(O)cc1)Cc1cccc(OC)c1OCc1ccccc1,Active
C=CCCN(CCCc1ccccc1)Cc1cccc(OC)c1OCc1ccccc1,Active
CCN(CC)C(=O)c1ccc2c(c1)nc(Cc1ccc(OC(=O)NC)cc1)n2CCC(C)C,Inactive
O=C(NC[C@@H](O)CNCC1CCCCC1)C(c1ccccc1)c1ccccc1,Active
CCCN(C)C(=O)Oc1ccc(Cc2nc3cc(C(=O)N(CC)CC)ccc3n2CCC(C)C)cc1,Moderate
C#CCN(CC)C(=O)Oc1cccc2c(CN(C)CCC3CCCCCC3)c[nH]c12,Active
CCOc1ccc(Cc2nc3cc(OC(=O)N4CCC4)ccc3n2CCC(C)C)cc1,Moderate
C#CCN(CCc1ccc(OC)cc1)Cc1cccc(OC)c1OCc1ccccc1,Moderate
CNC(=O)Oc1cccc(CN(C)CCCOc2ccc3ccccc3c2)c1.Cl,Moderate
C=CCN(CCc1ccc(OC)cc1)Cc1cccc(OC)c1OCc1ccccc1,Moderate
Nc1nonc1-c1nc2ccccc2n1CC(=O)Nc1cc(C(F)(F)F)cc(C(F)(F)F)c1,Moderate
Cc1ccc(NCCCSC[C@@H]2CCCN3CCCC[C@H]23)c2c(=O)c3ccccc3sc12,Active
COc1ccc(CCN(C)Cc2cccc(OC)c2OCc2ccccc2)cc1,Moderate
Cc1nc2cc(C(=O)CCC3CCN(Cc4ccccc4)CC3)ccc2[nH]1.Cl,Moderate
CNC(=O)Oc1cccc(CN(C)CCCCCCCCCOc2ccc3c(=O)c4ccccc4oc3c2)c1.Cl,Active
CCN(CC)C(=O)c1ccc2c(c1)nc(Cc1ccc(OC(=O)N(C)C)cc1)n2CCC(C)C,Moderate
CCC1=CC2CC(C1)Cc1nc3ccccc3c(N)c12.Cl,Active
CCCN(CCCc1ccccc1F)Cc1cccc(OC)c1OCc1ccccc1,Active
CCN(CCc1cccc(OC)c1)Cc1cccc(OC)c1OCc1ccccc1,Moderate
Cc1nc2ccc(C(=O)CCC3CCN(Cc4ccccc4)CC3)cc2s1.Cl,Moderate
CC(C)(C)c1cccc(CNCC(O)CNC(=O)C(c2ccccc2)c2ccccc2)c1,Active
Nc1nonc1-c1nc2ccccc2n1CC(=O)Nc1cc(F)cc(C(F)(F)F)c1,Moderate
CCN(CC)C(=O)c1ccc2c(c1)nc(Cc1ccc(OC(=O)NCc3ccccc3)cc1)n2CCC(C)C,Moderate
CCCCN(CC(=O)Nc1ccccc1C)Cc1ccc2ccccc2c1,Moderate
CC[N+](CC)(CCCCCn1c(=O)cc(C)n(CCCCCn2c(C)cc(=O)n(C)c2=O)c1=O)Cc1ccccc1C(F)(F)F.[Br-],Inactive
O=C(C[n+]1ccc2ccccc2c1)Nc1ccccc1Br.[Cl-],Inactive
CN(CCc1ccc(O)cc1)Cc1cc2c(cc1-c1cccc3c1N(C)CC3)OCO2,Active
CN(CCC1CCCCCC1)Cc1c[nH]c2c(OC(=O)N3CCCCC3)cccc12,Active
COc1ccc(NC2=C([N+](=O)[O-])C3(NN2)C(=O)Nc2ccccc23)cc1,Inactive
COC(=O)c1cc(NC(=O)Cn2c(-c3nonc3N)nc3ccccc32)cc(C(=O)OC)c1,Moderate
COc1ccccc1CCNCc1cccc(OC)c1OCc1ccccc1,Moderate
Nc1nonc1-c1nc2ccccc2n1CC(=O)Nc1cc(Cl)cc(C(F)(F)F)c1,Moderate
Cc1cc(Br)cc(NC(=O)Cn2c(-c3nonc3N)nc3ccccc32)c1,Moderate
C#CCN(C(=O)Oc1cccc2c(CN(C)CCC3CCCCCC3)c[nH]c12)C(C)C,Active
CC(C)N(C(=O)Oc1cccc2cc[nH]c12)C(C)C,Inactive
Nc1nonc1-c1nc2ccccc2n1CC(=O)Nc1cc([N+](=O)[O-])cc([N+](=O)[O-])c1,Active
CN(CCC1CCCCCC1)Cc1c[nH]c2c(OC(=O)N(C)C(C)(C)C)cccc12,Moderate
CCN(CCCc1ccccc1)Cc1cccc(OC)c1OCc1ccccc1,Active
CCCN(CCc1ccccc1OC)Cc1cccc(OC)c1OCc1ccccc1,Moderate
O=C1C(=O)N2CCc3cc4c(c5c3c2c1c1ccccc15)OCO4,Inactive
Nc1nonc1-c1nc2ccccc2n1CC(=O)Nc1cc(F)cc(Br)c1,Active
CCOc1ccc(CCN(CC)Cc2cccc(OC)c2OCc2ccccc2)cc1,Moderate
Cc1cc(C)c(C(=O)/C=C/c2nc(C)c(C)nc2C)cc1C,Inactive
C=CCN(CCc1ccc(O)cc1)Cc1cccc(OC)c1OCc1ccccc1,Moderate
CC(C)(C)c1ccc(CNCC(O)CNC(=O)CC(c2ccccc2)c2ccccc2)cc1,Moderate
Nc1nonc1-c1nc2ccccc2n1CC(=O)Nc1ccc(F)cc1Br,Active
COc1cccc(CNCCCc2ccccc2)c1OCc1ccccc1,Active
C#CCN(C)C(=O)Oc1cccc2c(CN(C)CCC3CCCCCC3)c[nH]c12,Active
Cc1ccc(NCC[C@@H]2CCCN3CCCC[C@H]23)c2c(=O)c3cc(O)ccc3sc12,Moderate
Nc1nonc1-c1nc2ccccc2n1CC(=O)Nc1cc([N+](=O)[O-])cc(C(F)(F)F)c1,Active
Nc1nonc1-c1nc2ccccc2n1CC(=O)Nc1cc(F)cc(Cl)c1,Moderate
S=C(NCCCCNc1c2c(nc3ccccc13)CCCC2)Nc1c[nH]c2ccccc12,Active
Nc1nonc1-c1nc2ccccc2n1CC(=O)Nc1cc(Br)cc(Br)c1,Active
CC[N+](CC)(CCCCCn1c(C)cc(=O)n(CCCCC[N+](CC)(CC)Cc2ccccc2)c1=O)Cc1ccccc1.[Br-].[Br-],Moderate
O=C(CC(c1ccccc1)c1ccccc1)NC[C@H](O)CNCC1CCCCC1,Active
COc1cccc(CNCCCCc2ccccc2)c1OCc1ccccc1,Moderate
CCN(CCc1ccccc1OC)Cc1cccc(OC)c1OCc1ccccc1,Moderate
Br.CC[N+](CC)(CCCCCn1c(=O)cc(C)n(CCCCn2c(C)cc(=O)n(C)c2=O)c1=O)Cc1ccccc1[N+](=O)[O-],Inactive
COc1cccc(CNC(C)CCc2ccccc2)c1OCc1ccccc1,Moderate
COc1ccc(CCNCc2cccc(OC)c2OCc2ccccc2)cc1,Moderate
CCCN(CCc1cccc(OC)c1)Cc1cccc(OC)c1OCc1ccccc1,Moderate
CN(CCC1CCCCCC1)Cc1c[nH]c2c(OC(=O)N(C)C)cccc12,Active
COC1=CC(=O)c2c(cc3c4c(cc5c(c24)OCO5)CCN3C)C1=O,Inactive
CN(CCC1CCCCCC1)Cc1c[nH]c2c(OC(=O)N(C)N(C)C)cccc12,Active
CCCN(CCCc1ccccc1)Cc1ccc2ccccc2c1,Active
CC(C)(C)c1cccc(CNCC(O)CNC(=O)CC(c2ccccc2)c2ccccc2)c1,Moderate
N#Cc1cc(Br)cc(NC(=O)Cn2c(-c3nonc3N)nc3ccccc32)c1,Active
CCN(CC)CCN(CC(=O)Nc1ccccc1C)Cc1ccc2ccccc2c1,Moderate
CCN(CCc1ccccc1)Cc1cccc(OC)c1OCc1ccccc1,Moderate
COc1ccc2sc3c(N)ccc(NCC[C@@H]4CCCN5CCCC[C@H]45)c3c(=O)c2c1,Moderate
CNC(=O)Oc1cccc(CN(C)CCCCCCCOc2ccc3c(=O)c4ccccc4oc3c2)c1.Cl,Active
O=C(CC(c1ccccc1)c1ccccc1)NCC(O)CNCc1ccccc1,Moderate
Cl.c1ccc(-c2ccc(NCCCCCN3CCc4ccccc4C3)nn2)cc1,Moderate
CCCN(CCc1ccc(OC)cc1)Cc1cccc(OC)c1OCc1ccccc1,Moderate
COc1ccccc1CCN(C)Cc1cccc(OC)c1OCc1ccccc1,Moderate
Cc1ccc(NCCC[C@@H]2CCCN3CCCC[C@H]23)c2c(=O)c3ccccc3oc12,Moderate
COc1cccc(CNCCc2ccc(O)cc2)c1OCc1ccccc1,Moderate
Cc1ccccc1NC1=C([N+](=O)[O-])C2(NN1)C(=O)Nc1ccccc12,Inactive
O=C(NC[C@H](O)CNCC1CCCCC1)C(c1ccccc1)c1ccccc1,Moderate
COc1cccc(CNCC(O)CNC(=O)CC(c2ccccc2)c2ccccc2)c1,Moderate
CO[C@H](CNC(=O)/C=C/c1ccc(O)cc1)c1ccc(O)c(O)c1,Inactive
CCN(CCc1ccc(OC)cc1)Cc1cccc(OC)c1OCc1ccccc1,Moderate
COc1cccc(/C=N/CCc2ccc(O)cc2)c1OCc1ccccc1,Moderate
CC(C)N(C)C(=O)Oc1cccc2c(CN(C)CCC3CCCCCC3)c[nH]c12,Moderate
Br.CC[N+](CC)(CCCCCn1c(=O)cc(C)n(CCCCCn2c(C)cc(=O)n(C)c2=O)c1=O)Cc1ccccc1[N+](=O)[O-],Inactive
CCCN(CCc1ccccc1)Cc1cccc(OC)c1OCc1ccccc1,Moderate
CNC(=O)Oc1cccc(CN(C)CCCOc2cccc(Cc3ccccc3)c2)c1.Cl,Active
CC(C)c1ccc(NC(=O)Oc2ccc3c(c2)[C@]2(C)CCNC2N3C)cc1,Active
CNC(=O)Oc1cccc(CN(C)CCCOc2ccc(C(=O)c3ccccc3)cc2)c1.Cl,Active
CC(C)c1ccc(NC(=O)Oc2ccc3c(c2)[C@]2(C)CCNC2N3)cc1,Active
CNC(=O)Oc1cccc(CN(C)CCCCCCCCCCOc2ccc3c(=O)c4ccccc4oc3c2)c1.Cl,Active
CC(C)c1ccc(NC(=O)Oc2ccc3c(c2)[C@]2(C)CCN(CCc4ccccc4)C2N3C)cc1,Active
CN1CC[C@@]2(C)c3cc(OC(=O)Nc4ccccc4)ccc3N(C)C12,Moderate
Cc1ccccc1NC(=O)Oc1ccc2c(c1)[C@]1(C)CCNC1N2,Moderate
Cc1ccccc1NC(=O)Oc1ccc2c(c1)[C@]1(C)CCN(CCc3ccccc3)C1N2C,Moderate
O=C(Nc1cnc2ccccc2c1N1CCN(Cc2ccccc2)CC1)c1ccc2ccccc2c1,Inactive
CCCCCc1ccc(C(=O)Nc2cnc3ccccc3c2N2CCN(Cc3ccccc3)CC2)cc1,Moderate
O=C(Nc1cnc2ccccc2c1N1CCN(Cc2ccccc2)CC1)c1ccc(Cl)cc1Cl,Moderate
O=C(Nc1cnc2ccccc2c1N1CCN(Cc2ccccc2)CC1)c1ccccc1,Moderate
CCN(CC)Cc1ccccc1CNC(=O)c1cccc(NC(=O)c2cccc(C(=O)NCCn3cc(CCC[N+]4=C(/C=C/C5=C6Oc7cc(OC(=O)C8CC8)ccc7C=C6CCC5)C(C)(C)c5ccccc54)nn3)c2)c1.[I-],Active
O=C(Nc1cnc2ccccc2c1N1CCN(Cc2ccccc2)CC1)c1ccc(Cl)cc1,Moderate
FC(F)(F)c1ccc(-c2nnc(NC3CCN(Cc4ccccc4)CC3)o2)cc1,Moderate
Nc1nonc1-c1nc2ccccc2n1CC(=O)Nc1ccc(CCN2CCOCC2)cc1,Active
Cl.O=C(CCC1CCN(Cc2ccccc2)CC1)c1ccccc1,Moderate
Cc1ccccc1NC(=O)Oc1ccc2c(c1)[C@]1(C)CCN(C)C1N2,Moderate
CN(CCCCCNc1ccc(-c2ccccc2)nn1)Cc1ccccc1.Cl,Moderate
O=C(CCc1ccccc1)Nc1cnc2ccccc2c1N1CCN(Cc2ccccc2)CC1,Moderate
Cc1ccccc1C(=O)Nc1cnc2ccccc2c1N1CCN(Cc2ccccc2)CC1,Moderate
Cc1ccc(C(=O)Nc2cnc3ccccc3c2N2CCN(Cc3ccccc3)CC2)c(C)c1,Moderate
CNC(=O)Oc1cccc(CN(C)CC#CCOc2ccc3c(=O)c4ccccc4oc3c2)c1.Cl,Moderate
CCCN(CCCc1ccccc1)Cc1ccc(OCc2ccccc2)cc1,Moderate
c1ccc(CNCc2cccc(OCc3ccccc3)c2)cc1,Moderate
CCCc1ccc(C(=O)Nc2cnc3ccccc3c2N2CCN(Cc3ccccc3)CC2)cc1,Moderate
COc1ccccc1CCNCc1ccc(OCc2ccccc2)cc1,Moderate
CCn1c(C)nc2cc(C(=O)CCC3CCN(Cc4ccccc4)CC3)ccc21.Cl,Moderate
CC1=CC2Cc3nc4cc(Cl)ccc4c(NCCCCCCNc4c5c(nc6cc(Cl)ccc46)CCCC5)c3C(C1)C2.Cl.Cl,Active
CCN(CCCCCCNC1=CC(=O)C(NCCCCCCN(CC)[C@@H](C)c2ccccc2OC)=CC1=O)[C@H](C)c1ccccc1OC,Moderate
COc1ccccc1C(=O)Nc1cnc2ccccc2c1N1CCN(Cc2ccccc2)CC1,Inactive
O=C(Cc1ccccc1Cl)Nc1cnc2ccccc2c1N1CCN(Cc2ccccc2)CC1,Moderate
Nc1nonc1-c1nc2ccccc2n1CC(=O)Nc1cccc(N2CCCCC2)c1,Active
Cc1ccc(C(=O)Nc2cnc3ccccc3c2N2CCN(Cc3ccccc3)CC2)cc1,Moderate
O=C(Cc1ccccc1)Nc1cnc2ccccc2c1N1CCN(Cc2ccccc2)CC1,Moderate
O=C(Nc1cnc2ccccc2c1N1CCN(Cc2ccccc2)CC1)c1ccccc1Cl,Moderate
O=C(NCCNc1c2c(nc3ccccc13)CCCC2)Oc1ccc2cc[nH]c2c1,Active
CC1=CC2Cc3nc4cc(Cl)ccc4c(NCCCCCCNc4c5c(nc6ccccc46)CCCC5)c3C(C1)C2.Cl.Cl,Active
O=C(Nc1cnc2ccccc2c1N1CCN(Cc2ccccc2)CC1)c1cccc2ccccc12,Moderate
Cc1cccc(CC(=O)Nc2cnc3ccccc3c2N2CCN(Cc3ccccc3)CC2)c1,Inactive
O=C1NCCCc2c1c1ccccc1n2CCCCCCCN1CCN(CCc2ccccc2)CC1,Active
Nc1nonc1-c1nc2ccccc2n1CC(=O)Nc1cncc(Br)c1,Moderate
O=C1NCCCc2c1c1ccccc1n2CCCCCN1CCN(CCc2ccccc2)CC1,Moderate
CCCCc1ccc(C(=O)Nc2cnc3ccccc3c2N2CCN(Cc3ccccc3)CC2)cc1,Moderate
O=C(Nc1cnc2ccccc2c1N1CCN(Cc2ccccc2)CC1)c1ccccn1,Moderate
Nc1nonc1-c1nc2ccccc2n1CC(=O)Nc1cccc(N2CCCC2)c1,Active
C=CCOc1ccc(CCN(CC=C)Cc2ccc(OC)c(OCc3ccccc3)c2)cc1,Active
O=C(NCCCCCCNc1c2c(nc3cc(F)ccc13)CCCC2)Oc1ccc(-c2cc3cccnc3[nH]2)cc1,Active
Nc1nonc1-c1nc2ccccc2n1CC(=O)Nc1ccc(CN2CCOCC2)cc1,Moderate
CN(CCc1cccs1)Cc1ccc(COc2ccc3c(CO)cc(=O)oc3c2)cc1,Moderate
Cc1cccc(Oc2ccc3nc4c(c(N)c3c2)CCCC4)c1.Cl,Moderate
O=C(NCCCCCCNc1c2c(nc3cc(Cl)ccc13)CCCC2)Oc1ccc2cc[nH]c2c1,Active
O=C(NCCCCCCNc1c2c(nc3cc(Br)ccc13)CCCC2)Oc1ccc(-c2cc3cccnc3[nH]2)cc1,Moderate
Cc1cccc(Oc2ccc3nc4c(c(N)c3c2)CCCCC4)c1.Cl,Moderate
O=C(NCCCCCNc1c2c(nc3ccccc13)CCCC2)Oc1ccc(-c2cc3cccnc3[nH]2)cc1,Active
CCCN(CCc1ccc(O)cc1)Cc1ccc(OCc2ccccc2)cc1,Moderate
O=C(NCCCNc1c2c(nc3ccccc13)CCCC2)Oc1ccc2cc[nH]c2c1,Active
CCN(CC)Cc1ccccc1CNC(=O)c1cccc(NC(=O)c2cccc(C(=O)O)c2)c1,Active
CC(C)(C)c1ccc(Oc2ccc3nc4c(c(N)c3c2)CCC4)cc1.Cl,Moderate
CC(=O)c1ccc(Oc2ccc3nc4c(c(N)c3c2)CCC4)cc1.Cl,Inactive
Cl.Nc1c2c(nc3ccc(Oc4ccc(Cl)cc4)cc13)CCC2,Moderate
CCN(CCCCCCNC1=CC(=O)C(NCCCCCCN(CC)[C@@H](C)c2ccccc2OC)=CC1=O)[C@@H](C)c1ccccc1OC,Moderate
c1ccc(CCCNCc2cccc(OCc3ccccc3)c2)cc1,Moderate
Cc1cc(C)cc(Oc2ccc3nc4c(c(N)c3c2)CCC4)c1.Cl,Moderate
c1ccc(CCCNCc2ccc(OCc3ccccc3)cc2)cc1,Moderate
CN1CCN(c2cccc(NC(=O)Cn3c(-c4nonc4N)nc4ccccc43)c2)CC1,Moderate
CCCCOc1cc(-c2nc(C)no2)ccc1N,Inactive
CCCCCCCCCCCC1=C(O)C(=O)C=C(NCCC2CCN(Cc3ccccc3)CC2)C1=O,Moderate
Cc1cc(NS(=O)(=O)c2ccc(-n3cc(COc4ccccc4-c4nc(-c5ccccc5)no4)nn3)cc2)no1,Inactive
CCN(Cc1ccc(OCc2ccccc2)cc1)C(C)CCc1ccccc1,Moderate
O=C(NCCCCCCNc1c2c(nc3cc(Cl)ccc13)CCCC2)Oc1ccc(-c2cc3cccnc3[nH]2)cc1,Moderate
COc1ccc(Oc2ccc3nc4c(c(N)c3c2)CCCCC4)cc1.Cl,Moderate
O=C(NCCCCCNc1c2c(nc3cc(F)ccc13)CCCC2)Oc1ccc(-c2cc3cccnc3[nH]2)cc1,Moderate
CCN(CCc1ccccc1)Cc1cccc(OCc2ccccc2)c1,Moderate
C[C@@H](c1cccc(OC(=O)NCCCCCNc2c3c(nc4ccccc24)CCCC3)c1)N(C)C,Active
O=C(NCCCCCNc1c2c(nc3cc(Cl)ccc13)CCCC2)Oc1ccc2cc[nH]c2c1,Active
O=C(NCCCCCCNc1c2c(nc3ccccc13)CCCC2)Oc1ccc2cc[nH]c2c1,Active
CN(Cc1ccc(COc2ccc3c(CO)cc(=O)oc3c2)cc1)Cc1ccco1,Moderate
COc1ccccc1Oc1ccc2nc3c(c(N)c2c1)CCCCC3.Cl,Moderate
CCCNC(C)C(=O)Nc1c(C)csc1-c1nc(-c2ccccc2N)no1,Inactive
C[C@@H](c1cccc(OC(=O)NCCCCCCNc2c3c(nc4cc(Br)ccc24)CCCC3)c1)N(C)C,Active
Clc1ccc(CCNCc2ccc(OCc3ccccc3)cc2)cc1,Moderate
Cc1ccccc1Oc1ccc2nc3c(c(N)c2c1)CCCC3.Cl,Moderate
C[C@]1(CO)CCC[C@]2(C)[C@H]1C[C@H](O)[C@@]13C[C@@H](CC[C@@H]21)[C@]1(C)O[C@@H]13,Inactive
O=C(NCCCCCNc1c2c(nc3cc(Br)ccc13)CCCC2)Oc1ccc2cc[nH]c2c1,Active
COc1cccc(CCNCc2cccc(OCc3ccccc3)c2)c1,Moderate
COc1ccccc1CCNCc1cccc(OCc2ccccc2)c1,Moderate
Cc1cc(NS(=O)(=O)c2ccc(NC(=O)COc3ccccc3-c3nc(-c4ccccc4)no3)cc2)no1,Inactive
CN(CCc1ccsc1)Cc1ccc(COc2ccc3c(CO)cc(=O)oc3c2)cc1,Moderate
Cl.Nc1c2c(nc3ccc(Oc4ccc(Cl)cc4)cc13)CCCC2,Moderate
Oc1ccc(CCNCc2ccc(OCc3ccccc3)cc2)cc1,Moderate
Cc1ccc(Oc2ccc3nc4c(c(N)c3c2)CCCC4)cc1.Cl,Moderate
c1ccc(CCNCc2cccc(OCc3ccccc3)c2)cc1,Moderate
Cc1ccc(Oc2ccc3nc4c(c(N)c3c2)CCC4)cc1.Cl,Moderate
COc1cccc(Oc2ccc3nc4c(c(N)c3c2)CCCCC4)c1.Cl,Moderate
C[C@@H](c1cccc(OC(=O)NCCCCCNc2c3c(nc4cc(Cl)ccc24)CCCC3)c1)N(C)C,Active
Cc1ccccc1Oc1ccc2nc3c(c(N)c2c1)CCCCC3.Cl,Moderate
C[C@@H](c1cccc(OC(=O)NCCCNc2c3c(nc4ccccc24)CCCC3)c1)N(C)C,Active
Cl.Nc1c2c(nc3ccc(Oc4ccccc4)cc13)CCCCC2,Moderate
CC1=CC2Cc3nc4cc(Cl)ccc4c(NCCCCCCCNc4c5c(nc6ccccc46)CCCC5)c3C(C1)C2.Cl.Cl,Active
Cc1cc(C)cc(Oc2ccc3nc4c(c(N)c3c2)CCCC4)c1.Cl,Moderate
Cl.O=C(CCC1CCN(Cc2ccccc2)CC1)c1ccc2c(c1)OCCO2,Moderate
c1ccc(CCCCNCc2ccc(OCc3ccccc3)cc2)cc1,Moderate
C=CCN(CCCc1ccccc1)Cc1cccc(OCc2ccccc2)c1,Moderate
O=C(NCCCCCNc1c2c(nc3cc(Cl)ccc13)CCCC2)Oc1ccc(-c2cc3cccnc3[nH]2)cc1,Moderate
Cc1cc(=O)oc2cc(OCc3ccc(-c4noc([C@@H]5CCCN5)n4)cc3)ccc12,Moderate
CC(C)(C)c1ccc(Oc2ccc3nc4c(c(N)c3c2)CCCC4)cc1.Cl,Moderate
CCCN(CCc1ccccc1)Cc1cccc(OCc2ccccc2)c1,Moderate
O=C(NCCNc1c2c(nc3ccccc13)CCCC2)Oc1ccc(-c2cc3cccnc3[nH]2)cc1,Active
CC(CNCc1cccc(OCc2ccccc2)c1)c1ccccc1,Moderate
CCCNC(C)C(=O)Nc1c(C)csc1-c1nc(Cc2ccccc2)no1,Inactive
C[C@@H](c1cccc(OC(=O)NCCCCCNc2c3c(nc4cc(Br)ccc24)CCCC3)c1)N(C)C,Active
CN(CCc1cccnc1)Cc1ccc(COc2ccc3c(CO)cc(=O)oc3c2)cc1,Moderate
O=C(NCCCNc1c2c(nc3ccccc13)CCCC2)Oc1ccc(-c2cc3cccnc3[nH]2)cc1,Active
Cl.Nc1c2c(nc3ccc(Oc4ccc(Cl)cc4)cc13)CCCCC2,Moderate
Cc1cccc(Oc2ccc3nc4c(c(N)c3c2)CCC4)c1.Cl,Moderate
C=CCOc1ccc(CCNCc2cccc(OCc3ccccc3)c2)cc1,Moderate
COc1cccc(Oc2ccc3nc4c(c(N)c3c2)CCC4)c1.Cl,Moderate
CCCN(Cc1ccc(OCc2ccccc2)cc1)C(C)CCc1ccccc1,Moderate
CC(CCCCn1c(=O)c2c(ncn2C)n(C)c1=O)=NNC(=O)COc1ccccc1-c1nc(-c2ccccc2)no1,Inactive
COc1ccc(CNCCc2ccc(O)cc2)cc1OCc1ccccc1,Moderate
C[C@@H](c1cccc(OC(=O)NCCCCCCNc2c3c(nc4cc(F)ccc24)CCCC3)c1)N(C)C,Active
CC(C)c1ccc(NC(=O)Oc2ccc3c(c2)[C@]2(C)CC[N@@+](C)([O-])[C@@H]2N3C)cc1.Cl,Moderate
CNC(=O)Oc1cccc(CN(C)CCCCCCCCOc2ccc3c(=O)c4ccccc4oc3c2)c1.Cl,Active
COc1ccc(CCNCc2cccc(OCc3ccccc3)c2)cc1,Moderate
CC(CNCc1ccc(OCc2ccccc2)cc1)c1ccccc1,Moderate
COc1ccccc1Oc1ccc2nc3c(c(N)c2c1)CCC3.Cl,Moderate
CCCNC(C)C(=O)Nc1c(C)csc1-c1nc(-c2ccccc2)no1,Inactive
COc1ccccc1Oc1ccc2nc3c(c(N)c2c1)CCCC3.Cl,Moderate
O=C(NCCCCCNc1c2c(nc3ccccc13)CCCC2)Oc1ccc2cc[nH]c2c1,Active
Cc1cc(C)cc(Oc2ccc3nc4c(c(N)c3c2)CCCCC4)c1.Cl,Moderate
COc1ccc(Oc2ccc3nc4c(c(N)c3c2)CCC4)cc1.Cl,Inactive
O=C(NCCCCCCNc1c2c(nc3ccccc13)CCCC2)Oc1ccc(-c2cc3cccnc3[nH]2)cc1,Active
O=C(NCCCCNc1c2c(nc3ccccc13)CCCC2)Oc1ccc2cc[nH]c2c1,Active
O=C(NCCCCCCNc1c2c(nc3cc(F)ccc13)CCCC2)Oc1ccc2cc[nH]c2c1,Active
C[C@@H](c1cccc(OC(=O)NCCCCNc2c3c(nc4ccccc24)CCCC3)c1)N(C)C,Active
C[C@@H](c1cccc(OC(=O)NCCCCCCNc2c3c(nc4ccccc24)CCCC3)c1)N(C)C,Active
CCN(CCCc1ccccc1)Cc1cccc(OCc2ccccc2)c1,Moderate
CC(C)(C)c1ccc(Oc2ccc3nc4c(c(N)c3c2)CCCCC4)cc1.Cl,Moderate
COc1ccccc1CN(C)CCCCCC(=O)N(C)CCCCCCCCN(C)C(=O)CCCCCN(C)Cc1ccccc1OC.Cl.Cl,Inactive
Oc1ccc(CCNCc2cccc(OCc3ccccc3)c2)cc1,Moderate
COc1cccc(CCNCc2ccc(OCc3ccccc3)cc2)c1,Moderate
COc1cc(CNCCc2ccc(O)cc2)ccc1OCc1ccccc1,Moderate
CCCCOc1cc(-c2nc(-c3ccccc3)no2)ccc1N,Inactive
Cc1ccc(C(C)C)cc1OCC(=O)N(C(C)C)C(C)C,Active
Cc1ccc(C(C)C)cc1OCC(=O)N1Cc2ccccc2C1,Active
O=C(NCCCCCNc1c2c(nc3cc(F)ccc13)CCCC2)Oc1ccc2cc[nH]c2c1,Active
CCN(Cc1ccccc1)Cc1cccc(OCc2ccccc2)c1,Moderate
O=C(NCCCCNc1c2c(nc3ccccc13)CCCC2)Oc1ccc(-c2cc3cccnc3[nH]2)cc1,Active
O=C(Oc1cc(OC(=O)N2CCCCC2)cc(C(O)CN2CCCCC2)c1)N1CCCCC1,Active
C=CCN(CCc1ccccc1)Cc1cccc(OCc2ccccc2)c1,Moderate
Cc1ccc(C(C)C)cc1OCC(=O)NCCC1=CCCCC1,Active
Cc1ccc(/C=N/NC(=O)Cn2c(=O)sc3ccccc32)s1,Moderate
CN(Cc1ccc(COc2ccc3c(CO)cc(=O)oc3c2)cc1)Cc1ccsc1,Moderate
Nc1c2c(nc3ccc(Oc4ccccc4)cc13)CCCC2,Moderate
Cc1ccc(Oc2ccc3nc4c(c(N)c3c2)CCCCC4)cc1.Cl,Moderate
[O-]/[N+](=C\c1ccccc1OCCCN1CCCCC1)Cc1ccccc1,Moderate
Cc1cc2c(cc1C)[n+](Cc1ccccc1C)cn2C(c1ccccc1)c1ccccc1.[Cl-],Moderate
CCOC(=O)C1=C(Nc2ccc(F)cc2)CC(c2ccc(Cl)cc2)N(c2ccc(F)cc2)C1c1ccc(Cl)cc1,Moderate
CC(CCc1ccccc1)NCc1ccc(OCc2ccccc2)cc1,Moderate
CNC(=O)COc1cc(C(C)C)ccc1C,Active
Cc1ccc(C(C)C)cc1OCC(=O)NCc1ccc2c(c1)OCO2,Active
Cl.Nc1c2c(nc3ccc(Oc4ccccc4)cc13)CCC2,Moderate
CCCNC(=O)COc1cc(C(C)C)ccc1C,Active
Cc1ccc(C(C)C)cc1OCC(=O)NCCNc1cccc2cccnc12,Active
Cc1ccc(C(C)C)cc1OCC(=O)NCCN1CCN(C)CC1,Active
Cc1ccc(C(C)C)cc1OCC(=O)NC1CCCCC1,Active
CCCN(CCCc1ccccc1)Cc1cccc(OCc2ccccc2)c1,Moderate
C[C@@H](c1cccc(OC(=O)NCCCCCNc2c3c(nc4cc(F)ccc24)CCCC3)c1)N(C)C,Moderate
CCC(CC)CN[C@H](Cc1c[nH]c2ccccc12)C(=O)NCCN1CCc2ccccc2C1,Moderate
COc1ccc(Oc2ccc3nc4c(c(N)c3c2)CCCC4)cc1.Cl,Moderate
c1ccc(CCNCc2ccc(OCc3ccccc3)cc2)cc1,Moderate
Cc1ccc(C(C)C)cc1OCC(=O)N1CCCCC1,Active
CCCCCCNC(=O)Oc1ccc2c(c1)CN1CCc3ccc(/N=N\c4ccccc4)cc3C1N2C,Active
COc1cccc(NC(=O)CN(C)[C@@H](C)C(=O)c2c[nH]c3ccccc23)c1,Moderate
COc1cccc(Oc2ccc3nc4c(c(N)c3c2)CCCC4)c1.Cl,Moderate
Cc1ccc(C(C)C)cc1OCC(=O)NCCN1CCCC1,Active
C=CCN(CCc1ccc(O)cc1)Cc1cccc(OCc2ccccc2)c1,Moderate
CCN(CC)C(=O)COc1cc(C(C)C)ccc1C,Active
CCc1[nH]c2ccccc2c1CCN1CCC[C@H](CC)C1,Moderate
Cc1ccc(C(C)C)cc1OCC(=O)NCCN1CCOCC1,Active
c1ccc2c(c1)-c1ccccc1C2NC1CCCCC1,Moderate
O=C(NCCCCCNc1c2c(nc3cc(Br)ccc13)CCCC2)Oc1ccc(-c2cc3cccnc3[nH]2)cc1,Moderate
O=C(NCCCCCCNc1c2c(nc3cc(Br)ccc13)CCCC2)Oc1ccc2cc[nH]c2c1,Active
CCCCNC1c2ccccc2-c2ccccc21,Moderate
CCN(CC)Cc1ccccc1CNC(=O)c1cccc(NC(=O)c2cccc(NC(=O)CCCCCCC(=O)NO)c2)c1,Active
CCNC(=S)N/N=C/c1c(OC)cc(OC)c2c(-c3ccccc3)c[nH]c12,Moderate
COc1ccc(CCNC(=O)COc2cc(C(C)C)ccc2C)cc1OC,Active
c1ccc(-c2nn(-c3ccccc3)cc2-c2nc(-c3ccccc3)c(-c3ccccc3)n2-c2ccccc2)cc1,Moderate
CN1CCc2c(c3cc(F)ccc3n2CCNC23CC4CC(C)(CC(C)(C4)C2)C3)C1.Cl.Cl,Inactive
C[C@@H](c1cccc(OC(=O)NCCCCCCNc2c3c(nc4cc(Cl)ccc24)CCCC3)c1)N(C)C,Active
CN(Cc1ccc(COc2ccc3c(CO)cc(=O)oc3c2)cc1)Cc1cccs1,Moderate
CCN(CC)Cc1ccccc1CNC(=O)c1cccc(NC(=O)c2cccc(C(=O)NO)c2)c1,Active
Nc1ccc(-c2nc(-c3ccccc3N)no2)cc1,Inactive
COc1cc(CNCCCNc2c3c(nc4ccccc24)CCCCC3)ccc1O,Moderate
C/C(NCCCCNc1c2c(nc3ccccc13)CCCC2)=C(/N=N/c1ccc(C)cc1)C(=O)c1ccccc1,Moderate
CCOC(=O)C1=C(Nc2ccccc2)CC(c2ccc(F)cc2)N(c2ccccc2)C1c1ccc(F)cc1,Moderate
CCOC(=O)C1=C(Nc2cccc(F)c2)CC(c2ccc(Cl)cc2)N(c2cccc(F)c2)C1c1ccc(Cl)cc1,Moderate
COc1cc(-c2cccc3c2N(C)CC3)c(CN2CC[C@@]34C=C[C@H](O)C[C@@H]3Oc3c(OC)ccc(c34)C2)c(OC)c1OC,Moderate
CCOC(=O)C1=C(Nc2ccc(F)cc2)CC(c2ccc(F)cc2)N(c2ccc(F)cc2)C1c1ccc(F)cc1,Moderate
CCOC(=O)C1=C(Nc2cccc(F)c2)CC(c2ccc(F)cc2)N(c2cccc(F)c2)C1c1ccc(F)cc1,Moderate
CCOC(=O)C1=C(Nc2cccc(F)c2)CC(c2ccc(C(F)(F)F)cc2)N(c2cccc(F)c2)C1c1ccc(C(F)(F)F)cc1,Moderate
CCOC(=O)C1=C(Nc2ccc(F)cc2)CC(c2cccc(F)c2)N(c2ccc(F)cc2)C1c1cccc(F)c1,Moderate
CCOC(=O)C1=C(Nc2ccc(F)cc2)CC(c2ccc(C(F)(F)F)cc2)N(c2ccc(F)cc2)C1c1ccc(C(F)(F)F)cc1,Moderate
C=C1C[C@]23C[C@H]1CC[C@H]2[C@]1(C)CCC[C@](C)(CO)[C@@H]1C[C@@H]3O,Inactive
O=[N+]([O-])c1cccc(-c2cnc3cccnc3n2)c1,Moderate
Cc1cccc(-c2cnc3cccnc3n2)c1,Moderate
Fc1cccc(-c2cnc3cccnc3n2)c1,Moderate
C=C1[C@@H]2CC[C@H]3[C@]4(C)CCC[C@](C)(CO)[C@@H]4C[C@H](O)[C@]3(C2)[C@@H]1O,Inactive
Nc1n[nH]c2nc(-c3ccc(Br)cc3)cc(-c3ccc(Br)cc3)c12,Moderate
COc1ccc2c3c1O[C@H]1C[C@@H](O)C=C[C@@]31CCN(CC#CCNC13CC4CC(C)(CC(C)(C4)C1)C3)C2,Moderate
COc1ccc2c3c1O[C@H]1C[C@@H](O)C=C[C@@]31CCN(C/C=C/CNC13CC4CC(C)(CC(C)(C4)C1)C3)C2,Moderate
COc1ccc(-c2cc(-c3ccc(Br)cc3)nc3[nH]nc(N)c23)cc1OC,Moderate
O=C(NCc1ccccc1)O[C@H]1CO[C@H]2[C@@H]1OC[C@H]2OC(=O)c1ccc([N+](=O)[O-])cc1,Moderate
CCN(CC)C(=O)O[C@H]1CO[C@H]2[C@@H]1OC[C@H]2OC(=O)c1ccccc1O,Moderate
O=C(NCc1ccccc1)O[C@H]1CO[C@H]2[C@@H]1OC[C@H]2OC(=O)c1ccccc1O,Active
O=C(NCc1ccccc1)O[C@H]1CO[C@H]2[C@@H]1OC[C@H]2OC(=O)c1cccc([N+](=O)[O-])c1,Active
CCCCNC(=O)O[C@H]1CO[C@H]2[C@@H]1OC[C@H]2OC(=O)c1ccccc1,Active
Nc1cccc(C(=O)O[C@@H]2CO[C@H]3[C@@H]2OC[C@@H]3OC(=O)NCc2ccccc2)c1,Active
Nc1ccc(C(=O)O[C@@H]2CO[C@H]3[C@@H]2OC[C@@H]3OC(=O)NCc2ccccc2)cc1,Moderate
O=C(NCc1ccccc1)O[C@H]1CO[C@H]2[C@@H]1OC[C@H]2OC(=O)c1cccc(O)c1,Active
Nn1c(S)nnc1-c1ccncc1,Inactive
O=C(NCc1ccccc1)O[C@H]1CO[C@H]2[C@@H]1OC[C@H]2OC(=O)c1ccc(O)cc1,Moderate
Nc1ccccc1C(=O)O[C@@H]1CO[C@H]2[C@@H]1OC[C@@H]2OC(=O)NCc1ccccc1,Active
O=Nc1ccccc1C(=O)O[C@@H]1CO[C@H]2[C@@H]1OC[C@@H]2OC(=O)NCc1ccccc1,Active
CCN(CCCNC1=CC(=O)C(NCCCCCCNC(=O)CCCCC2CCSS2)=CC1=O)Cc1ccccc1OC,Inactive
CCN(CCCCCCNC1=CC(=O)C(NCCCCCCNC(=O)CCCCC2CCSS2)=CC1=O)Cc1ccccc1OC,Moderate
CCN(CCCCCCNC1=CC(=O)C(NCCCNC(=O)CCCCC2CCSS2)=CC1=O)Cc1ccccc1OC,Inactive
CO[C@H]1O[C@@H]([C@@H](O)C(=O)OCc2ccccc2)[C@@H](OCc2ccccc2)[C@@]2(OCc3ccccc3)[C@@H](OCc3ccccc3)CO[C@@H]12,Inactive
CO[C@H]1O[C@@H]([C@H](N=[N+]=[N-])C(=O)OCc2ccccc2)[C@@H](OCc2ccccc2)[C@@]2(OCc3ccccc3)[C@@H](OCc3ccccc3)CO[C@@H]12,Moderate
CO[C@H]1O[C@@H]([C@@H](N=[N+]=[N-])C(=O)OCc2ccccc2)[C@@H](OCc2ccccc2)[C@@]2(OCc3ccccc3)[C@@H](OCc3ccccc3)CO[C@@H]12,Inactive
CC(=O)Nc1nc(Cl)c2c(ncn2[C@@H]2O[C@H](COC(C)=O)[C@@H](OCc3ccccc3)[C@@]3(OCc4ccccc4)[C@@H](OCc4ccccc4)CO[C@@H]23)n1,Moderate
CCC1=CC2Cc3nc4cc(Cl)ccc4c(NCCO)c3C(C1)C2,Moderate
Oc1cc(O)cc(Oc2c(O)cc(O)c3c2Oc2c(OCc4ccccc4)cc(O)cc2O3)c1,Moderate
C=C[C@@H](O)[C@@H]1O[C@H](OC)[C@@H]2OC[C@H](OCc3ccccc3)[C@]2(OCc2ccccc2)[C@@H]1OCc1ccccc1,Inactive
CC1=CC2Cc3nc4cc(Cl)ccc4c(NCCN=[N+]=[N-])c3C(C1)C2,Moderate
CCC1=CC2Cc3nc4cc(Cl)ccc4c(NCCN=[N+]=[N-])c3C(C1)C2,Moderate
CC1=CC2Cc3nc4ncccc4c(N)c3C(C1)C2,Moderate
Cc1c(N(Cc2cccc(I)c2)Cc2cccc(I)c2)c(=O)n(-c2ccccc2)n1C,Moderate
C=C[C@H](O)[C@@H]1O[C@H](OC)[C@@H]2OC[C@H](OCc3ccccc3)[C@]2(OCc2ccccc2)[C@@H]1OCc1ccccc1,Inactive
CCNC(=O)O[C@H]1CO[C@H]2[C@@H]1OC[C@H]2OC(=O)c1ccccc1O,Active
CN(C)C(=O)O[C@H]1CO[C@H]2[C@@H]1OC[C@H]2OC(=O)c1ccccc1O,Active
COc1cc(Oc2c(O)cc(Oc3c(O)cc(O)c4c3Oc3c(O)cc(O)cc3O4)cc2O)cc2c1Oc1c(Oc3cc(O)cc(O)c3)c(O)cc(O)c1O2,Moderate
Cc1c(N(Cc2cccc(Cl)c2)Cc2cccc(Cl)c2)c(=O)n(-c2ccccc2)n1C,Active
CC(=O)Nc1nc(Cl)c2c(ncn2[C@@H]2O[C@@H]([C@H](N=[N+]=[N-])C(=O)OCc3ccccc3)[C@@H](OCc3ccccc3)[C@@]3(OCc4ccccc4)[C@@H](OCc4ccccc4)CO[C@@H]23)n1,Inactive
CC(=O)Nc1nc(Cl)c2c(ncn2[C@@H]2O[C@@H]([C@@H](N=[N+]=[N-])C(=O)OCc3ccccc3)[C@@H](OCc3ccccc3)[C@@]3(OCc4ccccc4)[C@@H](OCc4ccccc4)CO[C@@H]23)n1,Moderate
Cc1ccccc1C(=O)O[C@@H]1CO[C@H]2[C@@H]1OC[C@@H]2OC(=O)NCc1ccccc1,Active
O=C(O[C@@H]1CO[C@H]2[C@@H]1OC[C@@H]2OC(=O)N1CCOCC1)c1ccccc1O,Moderate
O=C(NCc1ccccc1)O[C@H]1CO[C@H]2[C@@H]1OC[C@H]2OC(=O)c1ccccc1[N+](=O)[O-],Active
Oc1cc(O)cc(Oc2c(O)cc(O)c3c2Oc2c(OCc4ccccc4)cc4oc5c(Oc6cc(O)cc(O)c6)c(O)cc(O)c5c4c2O3)c1,Moderate
Cc1c(N(Cc2ccccc2Cl)Cc2ccccc2Cl)c(=O)n(-c2ccccc2)n1C,Moderate
CC(C)N(C(=O)N1c2ccccc2Sc2ccccc21)C(C)C,Moderate
CCN(CC)C(=O)N1c2ccccc2Sc2ccccc21,Moderate
CCCN(CCC)C(=O)N1c2ccccc2Sc2ccccc21,Moderate
O=C(NCc1ccccc1)N1c2ccccc2Sc2ccccc21,Moderate
O=C(N1CCCCC1)N1c2ccccc2Sc2ccccc21,Moderate
Cc1ccc2c(c1)c1c(n2CCc2ccc(C)nc2)CCN(C)C1,Moderate
Cc1c(N(Cc2cccc(Br)c2)Cc2cccc(Br)c2)c(=O)n(-c2ccccc2)n1C,Active
O=C(NCCN1CCCC1)N1c2ccccc2Sc2ccccc21,Moderate
O=C(NCCN1CCCCC1)N1c2ccccc2Sc2ccccc21,Active
O=C(NCCN1CCOCC1)N1c2ccccc2Sc2ccccc21,Moderate
O=C(NCCCN1CCOCC1)N1c2ccccc2Sc2ccccc21,Moderate
CN1CCN(C(=O)N2c3ccccc3Sc3ccccc32)CC1,Inactive
Cc1c(N(Cc2ccc(Br)cc2)Cc2ccc(Br)cc2)c(=O)n(-c2ccccc2)n1C,Inactive
CCCNC(=O)N1c2ccccc2Sc2ccccc21,Inactive
CN(CCCNC(=O)N1c2ccccc2Sc2ccccc21)c1ccccc1,Moderate
NC(=O)N1c2ccccc2Sc2ccccc21,Inactive
O=C(N1CCOCC1)N1c2ccccc2Sc2ccccc21,Moderate
O=C(N1CCCC1)N1c2ccccc2Sc2ccccc21,Moderate
O=C(Nc1ccccc1)N1c2ccccc2Sc2ccccc21,Moderate
Cc1ccc(NC(=O)N2c3ccccc3Sc3ccccc32)cc1,Inactive
O=C(Nc1ccc(Cl)cc1)N1c2ccccc2Sc2ccccc21,Moderate
O=C(NC1CC1)N1c2ccccc2Sc2ccccc21,Inactive
O=C(NC1CCC1)N1c2ccccc2Sc2ccccc21,Moderate
O=C(NC1CCCCC1)N1c2ccccc2Sc2ccccc21,Moderate
O=C(NC12CC3CC(CC(C3)C1)C2)N1c2ccccc2Sc2ccccc21,Moderate
CNC(=O)Oc1ccc2c(c1)[C@]1(C)CCN(C)[C@]1(C)N2C,Active
CC(C)NC(=O)N1c2ccccc2Sc2ccccc21,Moderate
CCCCNC(=O)N1c2ccccc2Sc2ccccc21,Inactive
CC(C)(C)NC(=O)N1c2ccccc2Sc2ccccc21,Inactive
CC(C)(C)CNC(=O)N1c2ccccc2Sc2ccccc21,Moderate
O=C(NCc1cccc2ccccc12)N1c2ccccc2Sc2ccccc21,Moderate
CN(C)C(=O)N1c2ccccc2Sc2ccccc21,Moderate
CC(C)(C)c1cc[n+](CCCCCCCCCCCC[n+]2ccc(C(C)(C)C)cc2)cc1.[Br-].[Br-],Active
CCN(CC)CCCOc1ccc2c(c1)C/C(=C\c1ccc(CN(C)Cc3ccccc3)cc1)C2=O,Inactive
CCN(CC)CCCCCOc1ccc2c(c1)CC/C(=C\c1ccc(CN(C)Cc3ccccc3)cc1)C2=O,Moderate
CCN(Cc1ccccc1)Cc1ccc(/C=C2\Cc3ccc(OC)cc3C2=O)cc1,Inactive
CN(Cc1ccccc1)Cc1ccc(/C=C2\Cc3ccccc3C2=O)cc1,Inactive
COc1ccc2c(c1)CC/C(=C\c1ccc(CN(C)Cc3ccccc3)cc1)C2=O,Inactive
CN(Cc1ccccc1)Cc1ccc(/C=C2\Cc3ccc(OCCCCN4CCOCC4)cc3C2=O)cc1,Inactive
CN(Cc1ccccc1)Cc1ccc(/C=C2\Cc3ccc(OCCCCN4CCCCC4)cc3C2=O)cc1,Moderate
Cc1c(N(Cc2ccc(I)cc2)Cc2ccc(I)cc2)c(=O)n(-c2ccccc2)n1C,Moderate
CCN(CC)CCCCOc1ccc2c(c1)C(=O)/C(=C/c1ccc(CN(C)Cc3ccccc3)cc1)C2,Moderate
CCN(CC)CCCCCCCOc1ccc2c(c1)C(=O)/C(=C/c1ccc(CN(C)Cc3ccccc3)cc1)C2,Inactive
Cc1c(N(Cc2ccccc2Br)Cc2ccccc2Br)c(=O)n(-c2ccccc2)n1C,Moderate
CCN(CC)CCCCCOc1ccc2c(c1)C(=O)/C(=C/c1ccc(CN(C)Cc3ccccc3)cc1)C2,Moderate
CCN(CC)CCCCCCOc1ccc2c(c1)C(=O)/C(=C/c1ccc(CN(C)Cc3ccccc3)cc1)C2,Inactive
Oc1cc(O)cc(Oc2c(O)cc(O)c3c2Oc2c(OCc4ccccc4)cc(Oc4c(O)cc(Oc5c(O)cc(O)c6c5Oc5c(O)cc(O)cc5O6)cc4O)cc2O3)c1,Moderate
CCN(CC)CCCCOc1ccc2c(c1)C/C(=C\c1ccc(CN(C)Cc3ccccc3)cc1)C2=O,Inactive
CCN(CC)CCOc1ccc2c(c1)C(=O)/C(=C/c1ccc(CN(C)Cc3ccccc3)cc1)C2,Inactive
CCN(CC)CCCOc1ccc2c(c1)C(=O)/C(=C/c1ccc(CN(C)Cc3ccccc3)cc1)C2,Inactive
COc1cc(O)cc2c1Oc1c(Oc3cc(O)cc(O)c3)c(O)cc(O)c1O2,Moderate
CN(Cc1ccccc1)Cc1ccc(/C=C2\CCc3cc(OCCCCCN4CCCCC4)ccc3C2=O)cc1,Moderate
COc1cc2oc3c(Oc4cc(O)cc(O)c4)c(O)cc(O)c3c2c2c1Oc1c(Oc3cc(O)cc(O)c3)c(O)cc(O)c1O2,Moderate
O=C(NCc1ccccc1)O[C@H]1CO[C@H]2[C@@H]1OC[C@H]2OC(=O)NCc1ccccc1,Moderate
CCNC(=O)N1c2ccccc2Sc2ccccc21,Inactive
Cc1ccccc1NC(=O)N1c2ccccc2Sc2ccccc21,Moderate
CCCNC(=O)O[C@H]1CO[C@H]2[C@@H]1OC[C@H]2OC(=O)NCCC,Inactive
CCN(CC)CCNC(=O)N1c2ccccc2Sc2ccccc21.Cl,Moderate
O=C(NC1CCCC1)N1c2ccccc2Sc2ccccc21,Moderate
[Br-].[Br-].c1ccc2c(c1)ccc[n+]2CCCCCC[n+]1cccc2ccccc21,Moderate
Nc1c2c(nc3ccccc13)-c1ccccc1C2,Moderate
O=C(NCc1ccccc1)O[C@H]1CO[C@H]2[C@@H]1OC[C@H]2OCc1ccccc1,Active
COc1ccc(NC(=O)N2c3ccccc3Sc3ccccc32)cc1,Moderate
O=C(NCCc1ccccc1)N1c2ccccc2Sc2ccccc21,Moderate
O=C1c2ccccc2-[n+]2ccc3c([nH]c4ccccc43)c21,Inactive
CN(Cc1ccccc1)Cc1ccc(/C=C2\Cc3ccc(OCCCCCN4CCCCC4)cc3C2=O)cc1,Moderate
O=C(NCc1ccccc1)O[C@H]1CO[C@@H]2[C@H](CCCc3ccccc3)CO[C@@H]21,Moderate
COCCNC(=O)N1c2ccccc2Sc2ccccc21,Inactive
COc1cc2c(cc1OC)C(=O)/C(=C/c1ccc(CN(C)Cc3ccccc3)cc1)CC2,Inactive
CCN(CC)CCOc1ccc2c(c1)C/C(=C\c1ccc(CN(C)Cc3ccccc3)cc1)C2=O,Inactive
O=C(NCc1ccccc1)O[C@H]1CO[C@@H]2C=CO[C@H]12,Inactive
CC(C)N(CCNC(=O)N1c2ccccc2Sc2ccccc21)C(C)C,Active
CCCCNC(=O)O[C@H]1CO[C@H]2[C@@H]1OC[C@H]2OC(=O)NCCCC,Moderate
CNC(=O)N1c2ccccc2Sc2ccccc21,Inactive
Cc1cccc2c1OP(=O)(OC[C@H]1C=C[C@@H](n3cnc4c(NC5CC5)nc(N)nc43)C1)OC2,Moderate
CC[N+](C)(CCCCCC(=O)N(C)CCCCCCCCN(C)C(=O)CCCCC[N+](C)(CC)Cc1ccccc1[N+](=O)[O-])Cc1ccccc1[N+](=O)[O-].[I-].[I-],Moderate
COc1ccc2c(c1)C/C(=C\c1ccc(CN(C)Cc3ccccc3)cc1)C2=O,Inactive
CCOC(=O)/C=C1\CO[C@@H]2[C@@H](OC(=O)NCc3ccccc3)CO[C@H]12,Moderate
COc1ccc2c(c1)C(=O)/C(=C/c1ccc(CN(C)Cc3ccccc3)cc1)C2,Moderate
CCN(CCCCCCNc1ccc(CCc2ccc(NCCCCCCN(CC)Cc3ccccc3OC)cc2)cc1)Cc1ccccc1OC,Inactive
CCN(C)C(=O)Oc1cccc([C@H](C)N(C)C)c1,Moderate
COc1ccc2c3c1O[C@H]1C[C@@H](O)C=C[C@@]31CCN(C)C2,Inactive
C[n+]1ccc2c(c1)[nH]c1ccccc12,Moderate
Clc1ccc2c(NCCCCCCNc3c4c(nc5cc(Cl)ccc35)CCCC4)c3c(nc2c1)CCCC3,Moderate
c1ccc2c(NCCCCCCNc3c4c(nc5ccccc35)CCCC4)c3c(nc2c1)CCCC3,Active
CNC(=O)Oc1ccc2c(c1)[C@]1(C)CCNC1N2C,Active
CCCCCCCCNC(=O)Oc1ccc2c(c1)[C@]1(C)CCN(C)[C@@H]1N2C,Active
CNC(=O)Oc1ccc2c(c1)[C@]1(C)CCN(Cc3ccccc3)[C@@H]1N2C,Active
c1ccc2c(NCCCCCCCCNc3c4c(nc5ccccc35)CCC4)c3c(nc2c1)CCC3,Moderate
CN1CC[C@@]2(C)c3cc(OC(=O)Nc4ccccc4)ccc3N(C)[C@@H]12,Moderate
Fc1ccc2c(NCCCCCCCNc3c4c(nc5cc(F)ccc35)CCCC4)c3c(nc2c1)CCCC3,Moderate
Fc1ccc2c(NCCCCCCNc3c4c(nc5cc(F)ccc35)CCCC4)c3c(nc2c1)CCCC3,Active
COc1ccc(NC(=O)Oc2ccc3c(c2)[C@]2(C)CCN(C)[C@@H]2N3C)cc1,Moderate
COc1cc2cc(-c3ccc(CN(C)Cc4ccccc4)cc3)c(=O)oc2cc1OC,Inactive
c1ccc2c(NCCCCCCCCNc3c4c(nc5ccccc35)CCCC4)c3c(nc2c1)CCCC3,Active
c1cnc2nc3c(c(NCCCCCCNc4c5c(nc6ncccc46)CCCC5)c2c1)CCCC3,Active
CNC(=O)Oc1ccc2c(c1)[C@]1(C)CCN(CCc3ccccc3)[C@@H]1N2C,Active
CNC(=O)Oc1ccc2c(c1)[C@@]1(C)CCNC1N2,Moderate
CN1CC[C@]2(C)c3cc(OC(=O)Nc4ccccc4)ccc3N(C)C12,Inactive
c1cnc2nc3c(c(NCCCCCCCCNc4c5c(nc6ncccc46)CCCC5)c2c1)CCCC3,Active
c1ccc2c(NCCCCCCCNc3c4c(nc5ccccc35)CCC4)c3c(nc2c1)CCC3,Moderate
C[C@@]12CCN(Cc3ccccc3)C1N(Cc1ccccc1)c1ccc(OC(=O)Nc3ccccc3)cc12,Moderate
c1cnc2nc3c(c(NCCCCCCCNc4c5c(nc6ncccc46)CCCC5)c2c1)CCCC3,Active
CNC(=O)Oc1ccc2c(c1)[C@]1(C)CCN(Cc3ccccc3)C1N2C,Active
CNC(=O)Oc1ccc2c(c1)[C@@]1(C)CCN(C)C1N2C,Moderate
COC(=O)[C@H]1[C@H]2C[C@@H]3c4[nH]c5cc(OC)ccc5c4CCN3C[C@H]2C[C@@H](OC(=O)c2cc(OC)c(OC)c(OC)c2)[C@@H]1OC,Moderate
CNC(=O)Oc1ccc2c(c1)[C@]1(C)CCN(Cc3ccccc3)C1N2Cc1ccccc1,Active
COc1ccc(CN(C)CCCCCC(=O)N(C)CCCCCCCCN(C)C(=O)CCCCCN(C)Cc2ccc(OC)cc2)cc1,Moderate
O=C(/C=C/c1ccccc1)c1ccccc1,Inactive
CNC(=O)Oc1ccc2c(c1)[C@]1(C)CCN(C)C1N2Cc1ccccc1,Active
CN1c2ccc(OC(=O)Nc3ccccc3)cc2[C@]2(C)CCNC12,Moderate
CN(C)C(=O)Oc1ccc[n+](C)c1.[Br-],Moderate
c1ccc(CNCc2ccc(OCc3ccccc3)cc2)cc1,Moderate
c1ccc2c(c1)Nc1ccccc1S2,Moderate
O=C1C=CC(=O)C=C1,Moderate
C#CCN[C@@H]1CCc2ccccc21,Moderate
Nc1c2c(nc3ccccc13)-c1ccccc1CC2,Moderate
CNC(=O)Oc1ccc2c(c1)[C@]1(C)CCN(C)[C@@H]1N2C,Moderate
CC(=O)Nc1ccc2c(CCC3CCN(Cc4ccccc4)CC3)noc2c1.O=C(O)/C=C/C(=O)O,Moderate
CN1C(=O)Cc2cc3c(CCC4CCN(Cc5ccccc5)CC4)noc3cc21.CS(=O)(=O)O,Moderate
Nc1c2c(nc3ccccc13)CCCC2,Active
O=C1Cc2c(ccc3c(CCC4CCN(Cc5ccccc5)CC4)noc23)N1,Moderate
Cc1cn(C2C=CC(COP3(=O)OCc4c(Cl)cccc4O3)O2)c(=O)[nH]c1=O,Moderate
COC(=O)CCc1ccc2c(c1)COP(=O)(OCC1C=CC(n3cc(C)c(=O)[nH]c3=O)O1)O2,Moderate
Cc1cn(C2C=CC(COP3(=O)OCc4ccc5ccccc5c4O3)O2)c(=O)[nH]c1=O,Moderate
COC(=O)CCc1cccc2c1OP(=O)(OCC1C=CC(n3cc(C)c(=O)[nH]c3=O)O1)OC2,Moderate
Cc1cn(C2C=CC(COP3(=O)OCc4cc5ccccc5cc4O3)O2)c(=O)[nH]c1=O,Moderate
Cc1cccc2c1OP(=O)(OCC1CC(O)C(n3cnc4c(N)ncnc43)O1)OC2,Inactive
Cc1cn(C2C=CC(COP3(=O)OCc4cc(CCC(=O)OC(C)(C)C)ccc4O3)O2)c(=O)[nH]c1=O,Moderate
Cc1cn(C2C=CC(COP3(=O)OCc4c(F)c(C(C)(C)C)cc(C(C)(C)C)c4O3)O2)c(=O)[nH]c1=O,Inactive
CCC(C)c1cccc2c1OP(=O)(OCC1C=CC(n3cc(C)c(=O)[nH]c3=O)O1)OC2,Moderate
Cc1cccc2c1OP(=O)(OCC1OC(n3cc(C)c(=O)[nH]c3=O)CC1N=[N+]=[N-])OC2,Inactive
Cc1cn(C2C=CC(COP3(=O)OCc4cc(-c5ccccc5)ccc4O3)O2)c(=O)[nH]c1=O,Moderate
Cc1cn(C2C=CC(COP3(=O)Oc4ccccc4C(C(Cl)Cl)O3)O2)c(=O)[nH]c1=O,Inactive
CN1CC[C@]2(C)c3cc(OC(=O)Nc4ccccc4)ccc3NC12,Moderate
CNC(=O)Oc1ccc2c(c1)[C@@]1(C)CCN(C)C1N2,Moderate
CNC(=O)Oc1ccc2c(c1)[C@]1(C)CCN(C)C1N2C=O,Active
CN1CC[C@]2(C)c3cc(OC(=O)Nc4ccccc4)ccc3N(Cc3ccccc3)C12,Moderate
