smiles,class
c1ccc2c(c1)OCC(C1=NCCN1)O2,Moderate
COc1ccc2c(c1)SCC(=O)N2,Inactive
O=C(/C=C/c1ccc(O)cc1)CC(=O)/C=C/c1ccc(O)cc1,Moderate
COc1cc(/C=C/C(=O)CC(=O)/C=C/c2ccc(O)cc2)ccc1O,Moderate
O=C(/C=C/c1ccc([N+](=O)[O-])cc1)c1ccccc1,Active
O=C(/C=C/c1cccc([N+](=O)[O-])c1)c1ccccc1,Active
NC(=S)N1N=C(c2ccc(Cl)cc2)CC1c1ccc[nH]1,Inactive
COc1ccc(-c2csc(NN=C3CCCCC3)n2)cc1,Inactive
O=C1/C(=C/c2ccc(O)cc2)COc2cc(O)cc(O)c21,Moderate
NC(=S)N1N=C(c2cccs2)CC1c1ccc[nH]1,Inactive
NC(=S)N1N=C(c2ccccc2)CC1c1ccc(Cl)cc1,Moderate
NC(=S)N1N=C(c2ccccc2)CC1c1ccco1,Inactive
NC(=S)N1N=C(c2ccc(Cl)cc2)CC1c1ccc(F)cc1,Inactive
NC(=S)N1N=C(c2ccc(Cl)cc2)CC1c1ccc(Cl)cc1,Inactive
Cc1ccc(C2CC(c3ccco3)=NN2C(N)=S)cc1,Inactive
NC(=S)N1N=C(c2ccco2)CC1c1ccc(F)cc1,Moderate
Cc1ccc(C2=NN(C(N)=S)C(c3ccc(F)cc3)C2)cc1,Moderate
Cc1ccc(C2=NN(C(N)=S)C(c3cccs3)C2)cc1,Inactive
NC(=S)N1N=C(c2ccc(F)cc2)CC1c1cccs1,Inactive
Cc1ccc(C2CC(c3ccc(Cl)cc3)=NN2C(N)=S)cc1,Inactive
NC(=S)N1N=C(c2ccc[nH]2)CC1c1ccco1,Inactive
Cl.N=C(NCCCNCCCCCCCNCCCNC(=N)NC(=N)NCCC(c1ccccc1)c1ccccc1)NC(=N)NCCC(c1ccccc1)c1ccccc1,Moderate
Cc1cc(=O)oc2cc(OCc3ccccc3)ccc12,Active
Cc1c(C)c2ccc(OCc3cccc(F)c3)cc2oc1=O,Active
NNCCc1ccccc1,Moderate
Cc1c(C)c2ccc(OCc3cccc(Cl)c3)cc2oc1=O,Active
Cc1cccc(COc2ccc3c(C)c(C)c(=O)oc3c2)c1,Active
Cc1c(C)c2ccc(OCc3ccccc3)cc2oc1=O,Active
COc1cccc(COc2ccc3c(C)c(C)c(=O)oc3c2)c1,Active
CC(C)=CCc1cc(C(=O)/C=C/c2ccc(O)c(O)c2)c(O)cc1O,Moderate
CC(N)CSc1ccccc1,Inactive
CN1C(=N)N(C)/C(=C/c2c[nH]c3ccc(Br)cc23)C1=O,Moderate
O=C1/C(=C/c2ccccc2O)Oc2cc(O)ccc21,Inactive
CN1C(=N)NC(=O)/C1=C\c1c[nH]c2ccc(Br)cc12,Inactive
CN1C(=N)NC(=O)/C1=C\c1c[nH]c2ccccc12,Inactive
N[C@@H]1C[C@H]1c1ccccc1,Inactive
CC(=O)/C=C/C=C/COc1ccc2ccc(=O)oc2c1,Moderate
O=C(/C=C/c1ccc2c(c1)OCO2)N1CCOCC1,Moderate
Cc1c(C)c2ccc(OC/C=C/C3=CC(=O)C(C)(C)O3)cc2oc1=O,Moderate
C/C(=C\COc1ccc2c(C)c(C)c(=O)oc2c1)C1=CC(=O)C(C)(C)O1,Moderate
C#CCN(C)C1CCc2c(OC(=O)N(C)CC)cccc21,Active
C#CCNC1CCc2c(OC(=O)N(C)CC)cccc21,Moderate
C#CCN(C)C1CCc2cccc(OC(=O)N(C)C)c21,Moderate
C#CCNC1CCc2c(OC(=O)N(C)C)cccc21,Moderate
COc1cc2c(cc1OC)CN(C)CC2,Inactive
C[n+]1ccc2c3ccccc3n(CCCCCCCCCn3c4ccccc4c4cc[n+](C)cc43)c2c1,Moderate
C#CCN(C)[C@H](C)Cc1ccccc1.Cl,Active
C#CCN[C@@H]1CCc2ccccc21.CS(=O)(=O)O,Active
Cc1cc(=O)oc2cc(OC/C=C/C3=CC(=O)C(C)(C)O3)ccc12,Moderate
CN(CCOc1ccc(CC2SC(=O)NC2=O)cc1)c1ccccn1,Moderate
COc1cccc(-c2csc(N/N=C3\CCC(C)C3)n2)c1,Moderate
COc1cccc(-c2csc(N/N=C3\CCCC3C)n2)c1,Active
COc1cccc(-c2csc(NN=C3CCCC3)n2)c1,Moderate
CCCCC/C(C)=N/Nc1nc(-c2cccc(OC)c2)cs1,Moderate
CCC/C(C)=N/Nc1nc(-c2cccc(OC)c2)cs1,Moderate
CCC(CC)=NNc1nc(-c2cccc(OC)c2)cs1,Moderate
COc1cccc(-c2csc(NN=C(C)C)n2)c1,Moderate
COc1cccc(-c2csc(NN=C3CCCCC3)n2)c1,Active
COc1cccc(-c2csc(N/N=C3\CCCCC3C)n2)c1,Active
COc1cccc(-c2csc(N/N=C3\CCCC(C)C3)n2)c1,Active
COc1cccc(-c2csc(NN=C3CCC(C)CC3)n2)c1,Active
COc1cccc(-c2csc(NN=C3CCCCCC3)n2)c1,Active
COc1cccc(-c2csc(N/N=C/c3ccco3)n2)c1,Moderate
COc1cccc(-c2csc(N/N=C(\C)c3ccco3)n2)c1,Moderate
COc1cccc(-c2csc(N/N=C/c3cccs3)n2)c1,Moderate
COc1cccc(-c2csc(N/N=C(\C)c3cccs3)n2)c1,Moderate
COc1cccc(-c2csc(N/N=C/c3cccnc3)n2)c1,Moderate
COc1cccc(-c2csc(N/N=C(\C)c3cccnc3)n2)c1,Active
COc1cccc(-c2csc(N/N=C/c3ccncc3)n2)c1,Moderate
COc1cccc(-c2csc(N/N=C(\C)c3ccncc3)n2)c1,Moderate
COc1cccc(-c2csc(N/N=C/c3c[nH]c4ccccc34)n2)c1,Moderate
COc1cccc(-c2csc(N/N=C(\C)c3cc4ccccc4oc3=O)n2)c1,Moderate
CC(=O)N1N=C(c2ccc(O)cc2O)CC1c1cccc(C)c1,Active
CCOC(=O)C1=Cc2cc([N+](=O)[O-])ccc2CC1=O,Moderate
Cc1cc(=O)oc2cc(O)ccc12,Inactive
Cc1ccc2oc(=O)c(-c3ccccc3Br)cc2c1,Moderate
Cc1cc(Br)c2oc(=O)c(-c3ccccc3)cc2c1,Inactive
COc1ccc(-c2cc3cc(C)cc(Br)c3oc2=O)cc1,Moderate
COc1cc(OC)cc(-c2cc3cc(C)cc(Br)c3oc2=O)c1,Moderate
COc1cc(-c2cc3cc(C)cc(Br)c3oc2=O)cc(OC)c1OC,Moderate
COc1ccccc1/C=C1\SC(=O)N(CCN)C1=O,Inactive
CN(C)c1ccc(/C=C2\SC(=O)N(CCN)C2=O)cc1,Moderate
N#CCCN1C(=O)S/C(=C\c2ccccc2)C1=O,Moderate
O=C1NC(=O)/C(=N/c2cccc(C(=O)O)c2)S1,Inactive
O=C(CC1SC(=O)NC1=O)Nc1ccccc1,Inactive
O=C(CC1SC(=O)NC1=O)Nc1cccc(O)c1,Inactive
Cc1cc2ccc(OC/C=C/C3=CC(=O)C(C)(C)O3)cc2oc1=O,Moderate
O=C(O)C1=Cc2ccccc2CC1=O,Active
CCOC(=O)C1=Cc2cc(Cl)ccc2CC1=O,Moderate
O=C(O)C1=Cc2cc(Cl)ccc2CC1=O,Active
O=C(O)C1=Cc2cc([N+](=O)[O-])ccc2CC1=O,Active
O=C(Cl)C1=Cc2ccccc2CC1=O,Moderate
CCNC(=O)C[C@@H]1N=C(c2ccc(Cl)cc2)c2cc(OC)ccc2-n2c(C)nnc21,Inactive
C#CCN[C@H]1CCc2ccccc21,Active
O=C(O)C1=Cc2cc(Br)ccc2CC1=O,Active
CCOC(=O)C1=Cc2cc(C)ccc2CC1=O,Moderate
O=C1c2ccccc2-c2nnc(-c3ccccc3[N+](=O)[O-])cc21,Moderate
CC1CCCC/C1=N\Nc1nc(-c2ccc(F)cc2F)cs1,Active
O=c1c(/C=C/c2ccccc2)coc2ccccc12,Active
O=c1c(/C=C/c2ccc(Cl)cc2)coc2ccccc12,Active
CC1CCC/C(=N/Nc2nc(-c3ccccc3)cs2)C1,Moderate
C[C@@H]1CCC/C(=N/Nc2nc(-c3ccccc3)cs2)C1,Moderate
CC1CCCC/C1=N\Nc1nc(-c2ccc(Cl)cc2)cs1,Inactive
CC1CCCC/C1=N\Nc1nc(-c2ccc(F)cc2)cs1,Moderate
C[C@@H]1CCCC/C1=N\Nc1nc(-c2ccc(F)cc2)cs1,Active
C[C@H]1CCCC/C1=N\Nc1nc(-c2ccc(F)cc2)cs1,Active
CC1CCCC/C1=N\Nc1nc(-c2ccc(Cl)cc2Cl)cs1,Inactive
C[C@@H]1CCCC/C1=N\Nc1nc(-c2ccc(F)cc2F)cs1,Active
C[C@H]1CCCC/C1=N\Nc1nc(-c2ccc(F)cc2F)cs1,Active
CC1CCCC/C1=N\Nc1nc(-c2ccc([N+](=O)[O-])cc2)cs1,Active
C[C@@H]1CCCC/C1=N\Nc1nc(-c2ccc([N+](=O)[O-])cc2)cs1,Active
CC1CCC/C(=N/Nc2nc(-c3ccc(Cl)cc3Cl)cs2)C1,Moderate
C[C@@H]1CCC/C(=N/Nc2nc(-c3ccc(Cl)cc3Cl)cs2)C1,Moderate
CC1CCC/C(=N/Nc2nc(-c3ccc(F)cc3F)cs2)C1,Active
C[C@@H]1CCC/C(=N/Nc2nc(-c3ccc(F)cc3F)cs2)C1,Active
C[C@H]1CCC/C(=N/Nc2nc(-c3ccc(F)cc3F)cs2)C1,Moderate
Cc1ccc(-c2csc(N/N=C3/CCCC(C)C3)n2)cc1,Moderate
Cc1ccc(-c2csc(N/N=C3/CCC[C@@H](C)C3)n2)cc1,Moderate
COc1ccc(-c2csc(N/N=C3/CCC[C@@H](C)C3)n2)cc1,Moderate
CC1CCC/C(=N/Nc2nc(-c3ccc([N+](=O)[O-])cc3)cs2)C1,Moderate
C[C@@H]1CCC/C(=N/Nc2nc(-c3ccc([N+](=O)[O-])cc3)cs2)C1,Active
C[C@H]1CCC/C(=N/Nc2nc(-c3ccc([N+](=O)[O-])cc3)cs2)C1,Moderate
CC1CCC/C(=N/Nc2nc(-c3ccc(C#N)cc3)cs2)C1,Moderate
C[C@@H]1CCC/C(=N/Nc2nc(-c3ccc(C#N)cc3)cs2)C1,Moderate
C[C@H]1CCC/C(=N/Nc2nc(-c3ccc(C#N)cc3)cs2)C1,Moderate
CC1CCC/C(=N/Nc2nc(-c3ccc(Cl)cc3)cs2)C1,Inactive
C[C@@H]1CCC/C(=N/Nc2nc(-c3ccc(Cl)cc3)cs2)C1,Moderate
CC1CCC/C(=N/Nc2nc(-c3ccc(F)cc3)cs2)C1,Moderate
C[C@@H]1CCC/C(=N/Nc2nc(-c3ccc(F)cc3)cs2)C1,Moderate
C[C@H]1CCCC/C1=N\Nc1nc(-c2ccc([N+](=O)[O-])cc2)cs1,Active
CC1CCCC/C1=N\Nc1nc(-c2ccc(C#N)cc2)cs1,Active
C[C@@H]1CCCC/C1=N\Nc1nc(-c2ccc(C#N)cc2)cs1,Active
C[C@H]1CCCC/C1=N\Nc1nc(-c2ccc(C#N)cc2)cs1,Active
O=C1c2ccccc2-c2nnc(-c3ccc([N+](=O)[O-])cc3)cc21,Active
COc1ccc(-c2cc3c(nn2)-c2ccccc2C3=O)cc1,Active
COc1cccc(-c2cc3c(nn2)-c2ccccc2C3=O)c1,Active
COc1ccc(C2=NN(C(N)=S)CC2)cc1,Inactive
Cc1ccc(C2=NN(C(N)=S)CC2)cc1,Inactive
CNC(=S)N1CCC(c2ccc(F)cc2)=N1,Inactive
CNC(=S)N1CCC(c2cccc(C)c2)=N1,Inactive
CNC(=S)N1CCC(c2cccc(OC)c2)=N1,Inactive
CNC(=S)N1CCC(c2ccc(OC)cc2)=N1,Inactive
CNC(=S)N1CCC(c2ccc(C)cc2)=N1,Inactive
CNC(=S)N1CC(C)C(c2ccc(OC)cc2)=N1,Inactive
COc1ccc(C2=NN(C(N)=S)CC2C)cc1,Inactive
CNC(=S)N1CC(C)C(c2ccc(Cl)cc2)=N1,Inactive
Cc1cc2cc(NC(=O)c3ccccc3)ccc2[nH]1,Moderate
Cc1cc2cc(NC(=O)c3cccc(Cl)c3)ccc2[nH]1,Moderate
Cc1cc2cc(NC(=O)C3CCCCC3)ccc2[nH]1,Moderate
O=C1Cc2cc(OC(=O)c3ccccc3)ccc2O1,Moderate
Fc1ccc(-c2csc(NN=C3CCCC3)n2)cc1,Active
Clc1ccc(-c2csc(NN=C3CCCC3)n2)c(Cl)c1,Moderate
O=C1Cc2cc(OC(=O)c3cccc(Cl)c3)ccc2O1,Moderate
Fc1ccc(-c2csc(NN=C3CCCC3)n2)c(F)c1,Active
Clc1ccc(-c2csc(NN=C3CCCCC3)n2)cc1,Moderate
Fc1ccc(-c2csc(NN=C3CCCCC3)n2)cc1,Active
Cc1ccc(-c2csc(NN=C3CCCCC3)n2)cc1,Moderate
CC1CCC(=NNc2nc(-c3ccc([N+](=O)[O-])cc3)cs2)CC1,Moderate
CC1CCC(=NNc2nc(-c3ccc(C#N)cc3)cs2)CC1,Active
Clc1ccc(-c2csc(NN=C3CCCCCC3)n2)cc1,Moderate
Fc1ccc(-c2csc(NN=C3CCCCCC3)n2)cc1,Active
Clc1ccc(-c2csc(NN=C3CCCCCC3)n2)c(Cl)c1,Moderate
Fc1ccc(-c2csc(NN=C3CCCCCC3)n2)c(F)c1,Active
Cc1ccc(-c2csc(NN=C3CCCCCC3)n2)cc1,Moderate
COc1ccc(-c2csc(NN=C3CCCCCC3)n2)cc1,Moderate
O=[N+]([O-])c1ccc(-c2csc(NN=C3CCCCCC3)n2)cc1,Active
N#Cc1ccc(-c2csc(NN=C3CCCCCC3)n2)cc1,Active
Cc1cc2cc(NC(=O)/C=C/c3ccccc3)ccc2[nH]1,Inactive
Cc1cc2cc(NC(=O)/C=C/c3cccc(Cl)c3)ccc2[nH]1,Moderate
Cc1cc2cc(NC(=O)c3cccc(S(=O)(=O)O)c3)ccc2[nH]1,Inactive
Cc1cc2cc(NC(=O)c3ccc(Cl)c(Cl)c3)ccc2[nH]1,Active
Cc1cc2cc(NC(=O)c3ccc[n+](C)c3)ccc2[nH]1.[Cl-],Inactive
O=C(/C=C/c1ccccc1)Oc1ccc2c(c1)CC(=O)O2,Moderate
O=C(/C=C/c1cccc(Cl)c1)Oc1ccc2c(c1)CC(=O)O2,Moderate
Clc1ccc(-c2csc(NN=C3CCCCC3)n2)c(Cl)c1,Moderate
Fc1ccc(-c2csc(NN=C3CCCCC3)n2)c(F)c1,Moderate
O=[N+]([O-])c1ccc(-c2csc(NN=C3CCCCC3)n2)cc1,Active
N#Cc1ccc(-c2csc(NN=C3CCCCC3)n2)cc1,Active
CC1CCC(=NNc2nc(-c3ccc(F)cc3)cs2)CC1,Active
CC1CCC(=NNc2nc(-c3ccc(Cl)cc3Cl)cs2)CC1,Moderate
CC1CCC(=NNc2nc(-c3ccc(F)cc3F)cs2)CC1,Active
Cc1ccc(-c2csc(NN=C3CCC(C)CC3)n2)cc1,Moderate
COc1ccc(-c2csc(NN=C3CCC(C)CC3)n2)cc1,Inactive
O=C(Cl)C1=Cc2cc(Br)ccc2CC1=O,Moderate
Cl.N[C@@H]1C[C@H]1c1ccccc1,Moderate
c1ccc(Cc2nc3ccccc3n3cnnc23)cc1,Inactive
Cn1nnc(-c2ccc(-c3ccc(N4C[C@H](CO)OC4=O)cc3F)cn2)n1,Moderate
C(=N/Nc1nc2ccccc2nc1Cc1ccccc1)\c1ccc2c(c1)OCO2,Inactive
Clc1ccc(/C=N/Nc2nc3ccccc3nc2Cc2ccccc2)cc1,Inactive
Clc1ccccc1/C=N/Nc1nc2ccccc2nc1Cc1ccccc1,Inactive
COc1ccc(/C=N/Nc2nc3ccccc3nc2Cc2ccccc2)cc1,Inactive
C/C(=N\Nc1nc2ccccc2nc1Cc1ccccc1)c1ccc([N+](=O)[O-])cc1,Inactive
Brc1cccc(/C=N/Nc2nc3ccccc3nc2Cc2ccccc2)c1,Inactive
O=C1c2ccccc2-c2nnc(/C=C/c3ccccc3)cc21,Active
COc1ccc(-c2nnc3c(C(=O)c4ccccc4)nc4ccccc4n23)cc1,Inactive
CN(C)c1ccc(-c2nnc3c(C(=O)c4ccccc4)nc4ccccc4n23)cc1Br,Inactive
Clc1ccccc1-c1nnc2c(Cc3ccccc3)nc3ccccc3n12,Inactive
COc1ccc(-c2nnc3c(C(=O)c4ccccc4)nc4ccccc4n23)cc1OC,Inactive
O=C1c2ccccc2-c2nnc(-c3ccc(F)c(F)c3)cc21,Active
CC(=O)NC[C@H]1CN(c2ccc(N3CCOCC3)c(F)c2)C(=O)O1,Moderate
Cc1nnc2c(c1-c1ccccc1)C(=O)c1ccccc1-2,Moderate
O=C1c2ccccc2-c2nnc(CCc3ccccc3)cc21,Active
O=C(/C=C/c1ccc(O)cc1)c1ccccc1O,Moderate
O=C(/C=C/c1ccco1)c1ccc(F)cc1,Moderate
NCc1cn(-c2ccc(C(=O)O)cc2)nn1,Inactive
NCc1cn(-c2cccc(C(=O)O)c2)nn1,Inactive
COc1ccc(C2CC(c3ccc(OCC=C(C)C)cc3O)=NN2C(C)=O)cc1,Inactive
CC(=O)N1N=C(c2ccc(OCC=C(C)C)cc2O)CC1c1ccc(OCc2ccccc2)cc1,Moderate
CC(=O)N1N=C(c2ccc(OCC=C(C)C)cc2O)CC1c1ccc(Cl)cc1,Moderate
CC(C)=CCOc1ccc(C2=NN(C(N)=S)C(c3ccccc3)C2)c(O)c1,Inactive
CC(C)=CCOc1ccc(C2=NN(C(N)=S)C(c3ccc(OCc4ccccc4)cc3)C2)c(O)c1,Moderate
CC(C)=CCOc1ccc(C2=NN(C(N)=S)C(c3ccc(Cl)cc3)C2)c(O)c1,Moderate
O=C1c2ccccc2-c2nnc(-c3ccc(Cl)cc3)cc21,Active
O=C1c2ccccc2-c2nnc(-c3ccccc3Cl)cc21,Moderate
O=C1c2ccccc2-c2nnc(-c3cccc(Br)c3)cc21,Active
O=C1c2ccccc2-c2nnc(-c3cccc(F)c3)cc21,Active
O=C1c2ccccc2-c2nnc(-c3ccc(O)cc3)cc21,Moderate
O=C1c2ccccc2-c2nnc(-c3cccc(C(F)(F)F)c3)cc21,Active
O=C1c2ccccc2-c2nnc(-c3ccc4ccccc4c3)cc21,Active
O=C1c2ccccc2-c2nnc(-c3ccc(C(F)(F)F)cc3)cc21,Active
O=C1c2ccccc2-c2nnc(-c3ccccc3)c(Cc3ccccc3)c21,Moderate
O=C(/C=C/c1ccc(Cl)cc1)c1ccc2c(c1)OCO2,Active
NC(=O)/C=C1\CCc2c(F)cc(F)cc21,Moderate
Cc1ccc(C(=O)Nc2cc3ccccc3oc2=O)cc1,Moderate
O=C(/C=C/c1ccccc1Cl)Nc1cccc(O)c1,Moderate
O=C(Nc1ccc(Cl)c(Cl)c1)c1ccc2c(c1)OCO2,Active
O=c1ccoc2ccccc12,Inactive
COc1ccc(C(=O)/C=C/c2ccccc2C(F)(F)F)cc1,Active
O=C(Nc1cccc(Cl)c1)c1ccc2c(c1)OCCO2,Active
Cc1ccc(C(=O)/C=C/c2ccc(Br)cc2)o1,Moderate
O=C1CCOc2cc(OCc3ccccc3)ccc21,Active
Nc1ccc(OCc2ccccc2)cc1,Moderate
O=C(/C=C/c1cccc(F)c1)c1ccc(N2CCOCC2)cc1,Active
CCOc1ccc(C(=O)/C=C/c2ccc(C)cc2)cc1,Moderate
O=C1/C(=C/c2ccc(O)cc2)COc2ccccc21,Moderate
Cc1ccc(COC(=O)c2nn(-c3ccccc3)nc2N)cc1,Moderate
O=C1/C(=C/c2cccs2)COc2ccccc21,Moderate
Nc1nn(-c2ccccc2)nc1C(=O)OCc1ccccc1,Moderate
CCOc1ccc(C(=O)/C=C/c2ccc([N+](=O)[O-])cc2)cc1,Moderate
O=C(NCCCN1CCOCC1)c1cc2ccccc2oc1=O,Inactive
CC(=O)N1N=C(c2ccc(C)cc2)OC1c1ccc(C)cc1,Inactive
O=C(Nc1ccccc1)c1ccc2c(c1)OCCO2,Moderate
O=C(/C=C/c1ccc(Cl)cc1)c1ccc(O)cc1O,Active
CCOc1ccc(C(=O)/C=C/c2ccc(OC)cc2)cc1,Moderate
COc1cc(/C=C/C(=O)CC(=O)/C=C/c2ccc(O)c(OC)c2)ccc1O,Moderate
Cn1c(=O)c2c(nc(OCCc3ccccc3)n2C)n(C)c1=O,Moderate
CCOc1ccc(C(=O)/C=C/c2ccc(N(C)C)cc2)cc1,Moderate
COc1ccc(C(=O)/C=C/c2ccc(C)cc2)cc1,Inactive
COc1ccc2cc(C(C)=O)c(=O)oc2c1,Inactive
Cc1ccccc1COC(=O)c1nn(-c2ccccc2)nc1N,Moderate
OCCn1nnc(-c2ccc(OCc3cccc(Cl)c3)cc2)n1,Active
CC(C)=NNc1nc(-c2ccccc2)c(C)s1,Moderate
Cc1c(C)c2ccc(OCc3ccc([N+](=O)[O-])cc3)cc2oc1=O,Active
O=C(Nc1cc2ccccc2oc1=O)C1CCCCC1,Inactive
Cc1c(C)c2ccc(NC(=O)c3ccccc3)cc2oc1=O,Active
O=c1oc2cc(OCc3ccccc3)ccc2c2c1CCC2,Active
Cc1c(C)c2cc(O)c(OCc3ccccc3)cc2oc1=O,Active
O=c1ccc2ccc(CNc3ccccc3)cc2o1,Active
c1ccc2c(c1)CCNC2,Inactive
Cc1c(C)c2ccc(OCc3cccc(C(F)(F)F)c3)cc2oc1=O,Active
Cc1ccc(C(=O)/C=C/c2ccc(F)cc2)o1,Moderate
c1ccc(COc2ccc3c(c2)OCO3)cc1,Moderate
O=C1OCc2ccc(OCc3ccccc3)cc21,Active
Cc1c(C)c2ccc(OCc3cccc(OC(F)(F)F)c3)cc2oc1=O,Active
O=c1oc2cc(OCc3ccccc3)ccc2s1,Active
O=C1CCc2ccc(OCc3ccccc3)cc2N1,Active
O=c1oc2cc(OCc3ccccc3)ccc2c2ccccc12,Active
O=c1cc(-c2ccccc2)c2ccc(OCc3ccccc3)cc2o1,Moderate
COc1ccc(S(=O)(=O)Oc2ccc3c(C)c(C)c(=O)oc3c2)cc1,Moderate
Cc1cc(=O)oc2cc(OCc3cccc([N+](=O)[O-])c3)ccc12,Active
N#CCCn1nnc(-c2ccc(OCc3cccc(Cl)c3)cc2)n1,Moderate
OCCn1nnc(-c2ccc(OCc3ccccc3)cc2)n1,Active
O=c1ccc2ccc(OCc3ccccc3)cc2o1,Active
Cc1c(C)c2ccc(OCc3ccc(C#N)cc3)cc2oc1=O,Active
Cn1c(=O)c2c(nc(SCc3ccc(F)cc3)n2C)n(C)c1=O,Moderate
O=c1oc2cc(OCc3ccccc3)ccc2c2c1CCCC2,Active
O=C(c1ccc(OCCCc2c[nH]cn2)cc1)C1CC1,Moderate
O=C1NC(=O)/C(=C\c2ccc(OCc3ccccc3)cc2)S1,Moderate
O=C(Nc1ccc(Cl)c(Cl)c1)C1=Cc2ccccc2OC1,Active
C#CCN(C)C(C)Cc1cccc(OC(=O)N(C)CC)c1,Active
COc1ccc(NC(=O)N2CCc3ccccc32)cc1,Moderate
O=C1/C(=C/c2ccccn2)COc2ccccc21,Moderate
O=C(CSc1nc(O)c2ccccc2n1)c1ccccc1,Inactive
S=C(c1ccc2c(c1)OCO2)N1CCCCC1,Inactive
CC(=O)c1cc2ccccc2oc1=O,Inactive
CC(=O)c1cc2c(ccc3ccccc32)oc1=O,Moderate
O=c1cc(-c2ccc(O)c(O)c2)oc2cc(O)cc(O)c12,Inactive
Nc1ccc(Oc2ccc(Cl)cc2)cc1,Inactive
Cn1c(=O)c2c(nc(Oc3ccccc3)n2C)n(C)c1=O,Moderate
Oc1nc(SCCOc2ccccc2)nc2ccccc12,Moderate
O=C(Nc1cccc(F)c1)c1ccc2c(c1)OCCO2,Moderate
COc1cccc(COC(=O)c2nn(-c3ccccc3)nc2N)c1,Active
Oc1nc(SCc2cccc(Cl)c2)nc2ccccc12,Moderate
O=C(/C=C/c1ccc2c(c1)OCO2)NC1CCCC1,Moderate
C/N=C1/CCc2c1n(C)c1ccc(OC(=O)N(C)C)c(Br)c21,Inactive
COc1ccc2oc(=O)c(C(=O)Nc3cccc(C)c3)cc2c1,Active
O=C(/C=C/c1ccccc1Cl)Nc1ccccc1,Moderate
COc1cc(Br)c2oc(C3CCNCC3)cc2c1,Inactive
O=C(CCN1CCCCC1)c1ccc2c(c1)OCO2,Moderate
COCC(COc1ccc(OCc2cccc(C(F)(F)F)c2)cc1C(C)=O)C(=O)OC,Active
O=c1c(=O)c2ccc(OCCCC(F)(F)F)cc2c1=O,Active
COc1ccc(-c2cc(=O)c3ccccc3o2)cc1,Inactive
O=C1Nc2ccc(OCc3ccccc3)cc2C1=O,Active
O=C1Nc2cc(OCc3ccccc3)ccc2C1=O,Active
O=C1Nc2ccc(CCc3ccccc3)cc2C1=O,Moderate
O=C1Nc2cc(CCc3ccccc3)ccc2C1=O,Moderate
O=C1Nc2ccc(Oc3ccccc3)cc2C1=O,Moderate
O=C1Nc2cc(Oc3ccccc3)ccc2C1=O,Moderate
O=C1Nc2ccc(-c3ccccc3)cc2C1=O,Moderate
O=C1Nc2cc(-c3ccccc3)ccc2C1=O,Moderate
O=C1Nc2ccc(CCCCc3ccccc3)cc2C1=O,Active
O=C1Nc2ccc(Oc3ccc(Cl)cc3)cc2C1=O,Active
Nc1cccc(OCc2ccccc2)c1,Inactive
Cl.Nc1ccc(CCc2ccccc2)cc1,Inactive
Cl.Nc1cccc(CCc2ccccc2)c1,Inactive
Nc1cccc(Oc2ccccc2)c1,Inactive
Cl.Nc1ccc(CCCCc2ccccc2)cc1,Moderate
Nc1cccc(/C=C/c2ccccc2)c1,Moderate
O=C(Nc1ccccc1)c1coc2ccccc2c1=O,Moderate
O=C(Nc1ccc(I)cc1)c1coc2ccccc2c1=O,Active
COc1ccc(NC(=O)c2coc3ccccc3c2=O)cc1,Moderate
CSc1ccc(NC(=O)c2coc3ccccc3c2=O)cc1,Moderate
Cc1ccc(NC(=O)c2coc3ccccc3c2=O)cc1,Active
COc1ccc(-c2cc(=O)c3ccc(OC)cc3o2)cc1,Inactive
Cc1nccc2c1[nH]c1cc(OCC3CCCCC3)ccc12,Moderate
Oc1ccc(/C=C/c2cc(O)cc(O)c2)cc1,Inactive
N#CCCn1nc(-c2ccc(OCc3ccccc3)cc2)sc1=O,Active
O=[N+]([O-])c1ccc2[nH]ncc2c1,Moderate
N#CCCn1nc(-c2ccc(OCc3ccccc3)cc2)sc1=S,Active
O=C1CCOc2cc(OCc3cccc(Cl)c3)ccc21,Active
O=C1CCOc2cc(OCc3cccc(F)c3)ccc21,Active
Cc1cccc(COc2ccc3c(c2)OCCC3=O)c1,Active
O=C1CCOc2cc(OCc3ccc(F)cc3)ccc21,Active
C#CCN(C)[C@@H](C)Cc1ccccc1,Active
Cc1ccc(-c2cc(=O)c3ccccc3o2)cc1,Moderate
Oc1nc(SCc2ccc(Cl)cc2)nc2ccccc12,Moderate
COc1ccc2c(=O)cc(-c3ccc(C)cc3)oc2c1,Inactive
N#CCCn1nc(-c2ccc(OCc3ccccc3)cc2)oc1=S,Active
N#CCCn1nc(-c2ccc(OCc3ccccc3)cc2)oc1=O,Active
Oc1nc(SCc2cccc(F)c2)nc2ccccc12,Moderate
Cl.O=C(CN1CCCCC1)c1ccc2c(c1)OCO2,Moderate
O=C1CCc2cc(OCc3ccccc3)ccc2N1,Moderate
O=C(/C=C/c1ccc(O)cc1)NCCc1c[nH]c2ccc(O)cc12,Moderate
O=[N+]([O-])c1ccc(C2CC(c3c4ccccc4cc4ccccc34)=NN2)cc1,Active
Oc1ccc(C2CC(c3c4ccccc4cc4ccccc34)=NN2)cc1,Active
Clc1ccc(C2CC(c3c4ccccc4cc4ccccc34)=NN2)cc1,Active
Cc1ccc(C2CC(c3c4ccccc4cc4ccccc34)=NN2)cc1,Active
c1ccc(C2CC(c3c4ccccc4cc4ccccc34)=NN2)cc1,Active
Oc1ccccc1C1CC(c2c3ccccc3cc3ccccc23)=NN1,Active
Oc1ccc(C2CC(c3c4ccccc4cc4ccccc34)=NN2)c(O)c1,Active
c1ccc(C2CC(c3c4ccccc4cc4ccccc34)=NN2)nc1,Active
O=[N+]([O-])c1cccc(C2CC(c3c4ccccc4cc4ccccc34)=NN2)c1,Active
COc1ccc(C2CC(c3c4ccccc4cc4ccccc34)=NN2)cc1,Active
O=c1oc2ccccc2cc1-c1cccs1,Moderate
O=c1oc2ccccc2cc1-c1ccsc1,Inactive
O=c1oc2ccccc2cc1-c1c[nH]c2ccccc12,Moderate
COc1ccc2cc(-c3cccs3)c(=O)oc2c1,Moderate
COc1ccc2cc(-c3ccsc3)c(=O)oc2c1,Active
COc1ccc2cc(-c3c[nH]c4ccccc34)c(=O)oc2c1,Active
COc1ccc2oc(=O)c(-c3cccs3)cc2c1,Moderate
COc1ccc2oc(=O)c(-c3ccsc3)cc2c1,Moderate
O=C1/C(=C/c2ccccc2)COc2ccccc21,Moderate
O=C1/C(=C/c2ccc(Cl)cc2)COc2ccc(Cl)cc21,Active
O=C1/C(=C/c2ccc(Cl)cc2)COc2cc(Cl)cc(Cl)c21,Active
COc1ccc(/C=C2\COc3cc(OC)cc(OC)c3C2=O)cc1,Moderate
O=C1/C(=C/c2ccccc2)COc2ccc(Cl)cc21,Moderate
Nc1ccc(/C=C2\COc3ccccc3C2=O)cc1,Moderate
CC(=O)Nc1ccc(/C=C2\COc3ccccc3C2=O)cc1,Moderate
COc1cc(/C=C2\COc3ccccc3C2=O)ccc1O,Moderate
COc1ccc(/C=C2\COc3ccccc3C2=O)cc1O,Moderate
O=C1/C(=C/c2ccc(O)c(O)c2)COc2ccccc21,Moderate
O=C1/C(=C/c2ccc(O)c([N+](=O)[O-])c2)COc2ccccc21,Moderate
Nc1cc(/C=C2\COc3ccccc3C2=O)ccc1O,Moderate
COc1ccc(/C=C2\COc3ccccc3C2=O)c(O)c1,Moderate
COc1cccc(/C=C2\COc3ccccc3C2=O)c1OC,Moderate
COc1cc(/C=C2\COc3ccccc3C2=O)cc(OC)c1OC,Inactive
COc1ccc(/C=C2\COc3ccccc3C2=O)c(OC)c1OC,Moderate
O=c1c(Cc2ccc(Cl)cc2)coc2cc(Cl)cc(Cl)c12,Moderate
COc1ccc(Cc2coc3ccccc3c2=O)cc1,Inactive
O=C1c2ccccc2OCC1Cc1ccccc1,Inactive
O=C1c2ccccc2OCC1Cc1ccc(Cl)cc1,Moderate
O=C1c2cc(Cl)ccc2OCC1Cc1ccc(Cl)cc1,Moderate
O=C1c2c(Cl)cc(Cl)cc2OCC1Cc1ccc(Cl)cc1,Moderate
COc1cc(Br)cc2cc(-c3ccccc3)c(=O)oc12,Active
COc1ccc(-c2cc3cc(Br)cc(OC)c3oc2=O)cc1,Active
O=c1oc2c(O)cc(Br)cc2cc1-c1ccccc1,Inactive
O=c1oc2c(O)cc(Br)cc2cc1-c1ccc(O)cc1,Inactive
Cc1ccc2oc(=O)c(-c3ccccc3)cc2c1,Moderate
COc1cc(OC)cc(-c2cc3cc(C)ccc3oc2=O)c1,Active
COc1cc(-c2cc3cc(C)ccc3oc2=O)cc(OC)c1OC,Moderate
NC1CC1c1cc(F)cc(F)c1OCc1ccccc1,Inactive
NC1CC1c1ccc(NC(=O)OCc2ccccc2)cc1,Moderate
O=C1c2ccccc2C(=O)c2cnccc21,Moderate
COc1ccc(NC(=S)N2N=C(c3ccccc3)CC2c2ccccc2O)cc1,Inactive
Cc1ccc(NC(=S)N2N=C(c3ccccc3)CC2c2ccccc2O)cc1,Inactive
COc1ccccc1NC(=S)N1N=C(c2ccccc2)CC1c1ccccc1O,Inactive
Cc1ccccc1NC(=S)N1N=C(c2ccccc2)CC1c1ccccc1O,Inactive
Cc1ccc(C2CC(c3ccccc3)=NN2C(N)=O)cc1,Moderate
NC(=O)N1N=C(c2ccccc2)CC1c1ccncc1,Moderate
COc1ccc(C2CC(c3ccccc3)=NN2C(N)=O)cc1,Moderate
NC(=O)N1N=C(c2ccccc2)CC1c1ccc(Cl)cc1,Moderate
NC(=S)N1N=C(c2ccccc2)CC1c1ccncc1,Moderate
Cc1ccc(C2CC(c3ccccc3)=NN2C(=N)N)cc1,Moderate
N=C(N)N1N=C(c2ccccc2)CC1c1ccncc1,Moderate
N=C(N)N1N=C(c2ccccc2)CC1c1ccc(Cl)cc1,Moderate
O=C(c1ccccc1)c1cc2cc(Br)cc(O)c2oc1=O,Inactive
NC1CC1c1ccc(NC(=O)c2ccccc2)cc1,Moderate
NC1CC1c1c(F)c(F)c(F)c(F)c1F,Moderate
NC1CC1c1cccc(F)c1OCc1ccccc1,Inactive
COc1cccc(C(=O)/C=C/c2ccccc2)c1,Moderate
COc1ccccc1C(=O)/C=C/c1ccccc1C(F)(F)F,Moderate
COc1cccc(C(=O)/C=C/c2ccccc2C(F)(F)F)c1,Moderate
COc1ccc(C(=O)/C=C/c2cccc(C(F)(F)F)c2)cc1,Moderate
Cn1c(=O)c2c(nc(OCC3CCCC3)n2C)n(C)c1=O,Inactive
Cn1c(=O)c2c(nc(OCCCc3ccccc3)n2C)n(C)c1=O,Moderate
Cn1c(=O)c2c(nc(OCc3ccc(Cl)cc3)n2C)n(C)c1=O,Active
Cn1c(=O)c2c(nc(OCc3ccc(Br)cc3)n2C)n(C)c1=O,Active
Cn1c(=O)c2c(nc(OCC3CC=CCC3)n2C)n(C)c1=O,Moderate
Cn1c(=O)c2c(nc(OCC3CCCCC3)n2C)n(C)c1=O,Moderate
Cn1c(=O)c2c(nc(OCCOc3ccccc3)n2C)n(C)c1=O,Moderate
Cn1c(=O)c2c(nc(OCCOCc3ccccc3)n2C)n(C)c1=O,Moderate
CC(C)CCCCOc1nc2c(c(=O)n(C)c(=O)n2C)n1C,Moderate
CC(C)CCOc1nc2c(c(=O)n(C)c(=O)n2C)n1C,Inactive
Cn1c(=O)c2c(nc(OCCOc3ccc(Cl)cc3)n2C)n(C)c1=O,Moderate
Cn1c(=O)c2c(nc(OCCOc3ccc(Br)cc3)n2C)n(C)c1=O,Moderate
Cc1cccc(N2CC(CO)OC2=O)c1,Inactive
O=C1NC(=O)c2cc(Oc3ccccc3)ccc21,Moderate
O=C1NC(=O)c2cc(OCCc3ccccc3)ccc21,Active
O=C1NC(=O)c2cc(OCCCc3ccccc3)ccc21,Active
O=C1NC(=O)c2cc(OC/C=C/c3ccccc3)ccc21,Active
O=C1NC(=O)c2cc(Oc3ccc4ccccc4c3)ccc21,Active
O=C1NC(=O)c2cc(OCc3ccc(Br)cc3)ccc21,Active
O=C1NC(=O)c2cc(OCCc3ccc(Br)cc3)ccc21,Active
O=C1NC(=O)c2cc(Oc3ccc(Br)cc3)ccc21,Active
O=C(Nc1ccc(O)cc1)c1cc(=O)c2ccccc2o1,Inactive
O=C(Nc1ccc(O)c(O)c1)c1cc(=O)c2ccccc2o1,Moderate
O=C(Nc1ccc(O)cc1)c1coc2ccccc2c1=O,Moderate
COc1ccc(NC(=O)c2coc3ccccc3c2=O)cc1O,Active
O=C(Nc1ccc(O)c(O)c1)c1coc2ccccc2c1=O,Moderate
COc1ccc(NC(=O)c2coc3ccccc3c2=O)cc1OC,Moderate
O=C(Nc1ccc(Cl)cc1)c1coc2ccccc2c1=O,Active
O=C(Nc1ccc(OC(F)(F)F)cc1)c1coc2ccccc2c1=O,Moderate
O=C(Nc1ccc(C(F)(F)F)cc1)c1coc2ccccc2c1=O,Moderate
O=C(Nc1ccc([N+](=O)[O-])cc1)c1coc2ccccc2c1=O,Inactive
O=C(NC1CCCCC1)c1coc2ccccc2c1=O,Moderate
CCCNC(=O)c1coc2ccccc2c1=O,Inactive
O=C1/C(=C/c2ccc(N3CCOCC3)cc2)Oc2cc(O)cc(O)c21,Moderate
O=C1NC(=O)/C(=C\c2cc(Br)c(O)c(Br)c2)S1,Moderate
CCCN1C(=O)/C(=C\c2ccncc2)SC1=S,Moderate
O=C1NC(=O)/C(=N\c2ccc(C(=O)O)cc2)S1,Inactive
NC(=S)N/N=C/c1cccc(F)c1,Moderate
CN1C(=O)/C(=C\c2ccc(Cl)cc2)SC1=S,Inactive
CC(=O)N1N=C(c2ccncc2)OC1c1ccc(N(C)C)cc1,Inactive
COc1ccc(C2OC(c3ccc(C)cc3)=NN2C(C)=O)cc1,Inactive
CC(=O)N1N=C(c2ccc([N+](=O)[O-])cc2)OC1c1ccc(Cl)cc1,Moderate
CC(=O)N1N=C(c2ccc(Cl)cc2)OC1c1ccc(Cl)cc1,Moderate
CC(=O)N1N=C(c2ccc(Br)cc2)OC1c1ccc(Cl)cc1,Moderate
COc1ccc(C2OC(c3ccccc3)=NN2C(C)=O)cc1,Moderate
CC(=O)N1N=C(c2ccccc2)OC1c1ccc(F)cc1,Moderate
CC(=O)N1N=C(c2ccccc2)OC1c1ccc(C)cc1,Inactive
CC(=O)N1N=C(c2ccc(Cl)cc2)O[C@@H]1c1ccc(Cl)cc1,Active
CC(=O)N1N=C(c2ccc(Br)cc2)O[C@@H]1c1ccc(Cl)cc1,Active
CC(=O)N1N=C(c2ccccc2)O[C@@H]1c1ccc(C)cc1,Moderate
Cc1cc(CC2SC(=O)NC2=O)cc(C)c1O,Inactive
CN1C(=O)/C(=C\c2ccccc2)SC1=S,Inactive
O=C1NC(=O)/C(=C\c2cccc(Br)c2)S1,Moderate
COc1cc(/C=C2/SC(=S)NC2=O)c(OC)cc1O,Inactive
N=C1NC(=O)C(Cc2ccccc2)S1,Inactive
O=C(/C=C1/SC(=O)NC1=O)Nc1ccccc1,Inactive
O=C(/C=C1/SC(=O)NC1=O)Nc1cccc(O)c1,Inactive
O=C(/C=C/c1ccccc1)Nc1ccccc1,Moderate
Cc1cccc(NC(=O)/C=C/c2ccccc2)c1,Moderate
O=C(/C=C/c1ccccc1)Nc1cccc(Cl)c1,Moderate
O=C(/C=C/c1ccccc1)Nc1cccc(Br)c1,Moderate
O=C(/C=C/C=C/c1ccccc1)Nc1ccccc1,Moderate
Cc1cccc(NC(=O)/C=C/C=C/c2ccccc2)c1,Moderate
O=C(/C=C/C=C/c1ccccc1)Nc1cccc(Cl)c1,Moderate
O=C(/C=C/C=C/c1ccccc1)Nc1cccc(Br)c1,Moderate
O=C(C/C=C/c1ccccc1)Nc1ccccc1,Inactive
Cc1cccc(NC(=O)C/C=C/c2ccccc2)c1,Inactive
O=C(C/C=C/c1ccccc1)Nc1cccc(Cl)c1,Inactive
O=C(C/C=C/c1ccccc1)Nc1cccc(Br)c1,Inactive
O=C(/C=C/c1cccc(O)c1)Nc1cccc(Cl)c1,Moderate
O=C(/C=C/c1cccc(O)c1)Nc1cccc(Br)c1,Moderate
O=C(/C=C/c1ccc(O)cc1)Nc1cccc(Cl)c1,Active
O=C(/C=C/c1ccc(O)cc1)Nc1cccc(Br)c1,Active
N#Cc1cccc(/C=C/C(=O)Nc2cccc(Cl)c2)c1,Active
N#Cc1cccc(/C=C/C(=O)Nc2cccc(Br)c2)c1,Active
N#Cc1ccc(/C=C/C(=O)Nc2cccc(Cl)c2)cc1,Moderate
N#Cc1ccc(/C=C/C(=O)Nc2cccc(Br)c2)cc1,Moderate
CC(=O)c1cc2cccc(O)c2oc1=O,Inactive
CC(=O)c1cc2cc(O)ccc2oc1=O,Inactive
CC(=O)c1cc2cc(Cl)ccc2oc1=O,Inactive
CC(=O)c1cc2cc(Cl)cc(Br)c2oc1=O,Moderate
CC(=O)c1cc2cc(Br)cc(Br)c2oc1=O,Moderate
O=C(c1ccccc1)c1cc2cccc(O)c2oc1=O,Inactive
O=C(c1ccccc1)c1cc2cc(O)ccc2oc1=O,Inactive
CCN(CC)c1ccc2cc(C(=O)c3ccccc3)c(=O)oc2c1,Inactive
CCOC(=O)c1cc2cccc(O)c2oc1=O,Inactive
CCOC(=O)c1cc2cc(O)ccc2oc1=O,Moderate
CCOC(=O)c1cc2cc(OC)ccc2oc1=O,Inactive
CCOC(=O)c1cc2cc(Cl)cc(Br)c2oc1=O,Inactive
CCOC(=O)c1cc2ccc(OCc3ccccc3)cc2oc1=O,Active
CCOC(=O)c1cc2ccc(OCc3cccc(Cl)c3)cc2oc1=O,Active
CCOC(=O)c1cc2ccc(OCc3ccc(C(C)(C)C)cc3)cc2oc1=O,Moderate
CCOC(=O)c1cc2ccc(OCc3ccc(Cl)c(Cl)c3)cc2oc1=O,Active
CCOC(=O)c1cc2ccc(OC3CCCCCC3)cc2oc1=O,Active
O=C(O)c1cc2cc(I)cc(I)c2oc1=O,Inactive
O=C(O)c1cc2ccc(OCc3cccc(Cl)c3)cc2oc1=O,Moderate
O=C(O)c1cc2ccc(OCc3ccc(Cl)c(Cl)c3)cc2oc1=O,Moderate
O=C(O)c1cc2ccc(OC3CCCCCC3)cc2oc1=O,Moderate
NNC(=O)c1cc2ccccc2oc1=O,Active
O=C(NNc1ccccc1)c1cc2ccccc2oc1=O,Moderate
O=C(NNc1ccc(Cl)cc1)c1cc2ccccc2oc1=O,Moderate
O=C(NNc1ccc([N+](=O)[O-])cc1[N+](=O)[O-])c1cc2ccccc2oc1=O,Inactive
COc1ccc2oc(=O)c(-c3cccc(C)c3)cc2c1,Active
COc1ccc2oc(=O)c(-c3ccc(C)cc3)cc2c1,Active
Cc1ccc(-c2cc3cc(O)ccc3oc2=O)cc1,Active
CC(=O)COc1ccc2oc(=O)c(-c3ccc(C)cc3)cc2c1,Moderate
Cc1ccc(-c2cc3cc(OC4CCCC4)ccc3oc2=O)cc1,Inactive
Cc1ccc(-c2cc3cc(C)ccc3oc2=O)cc1,Active
Cc1cccc(-c2cc3cc(C)ccc3oc2=O)c1,Active
COc1ccc(-c2cc3cc(C)ccc3oc2=O)cc1OC,Active
COc1ccc(-c2cc3cc(C)ccc3oc2=O)cc1Br,Active
COc1cc(-c2cc3cc(C)ccc3oc2=O)ccc1Br,Active
COc1cc(OC)c(Br)c(-c2cc3cc(C)ccc3oc2=O)c1,Inactive
Cc1ccc2oc(=O)c(-c3cccc(O)c3)cc2c1,Moderate
Cc1ccc2oc(=O)c(-c3ccccc3O)cc2c1,Moderate
CC(=O)COc1cccc(-c2cc3cc(C)ccc3oc2=O)c1,Moderate
Cn1cccc1C(O)C(c1ccccc1)N1CCCCC1,Inactive
Cn1cccc1C(O)CN1CCCCC1,Inactive
Cc1ccc(COc2ccc3c(C)c(C)c(=O)oc3c2)cc1,Active
Cc1c(C)c2ccc(OS(=O)(=O)c3ccccc3)cc2oc1=O,Active
Cc1c(C)c2ccc(OCc3nnc(C(C)C)s3)cc2oc1=O,Active
Cn1cccc1C(=O)[C@H](c1ccccc1)N1CCSCC1,Inactive
COc1ccc2c(c1)C/C(=C\c1ccc(N(C)C)cc1)C2=O,Active
CN(C)c1ccc2nc3ccc(=[N+](C)C)cc-3sc2c1,Moderate
C#CCN(C)[C@H](CF)Cc1ccccc1,Moderate
Cc1cccc(COc2ccc3c(c2)-c2nnc(C)cc2C3=O)c1,Moderate
COc1ccc(-c2c(O)c3ccccc3oc2=O)cc1,Inactive
O=C1c2ccccc2-c2nccc3cc(O)cc1c23,Inactive
Cc1cc2c(nn1)-c1cc(OCc3cccc(Cl)c3)ccc1C2=O,Moderate
Cn1c(=O)c2c(nc(Sc3ccccc3)n2C)n(C)c1=O,Inactive
Cn1c(=O)c2c(nc(SCc3ccccc3)n2C)n(C)c1=O,Moderate
Cn1c(=O)c2c(nc(SCCc3ccccc3)n2C)n(C)c1=O,Moderate
Cn1c(=O)c2c(nc(SCCOc3ccccc3)n2C)n(C)c1=O,Moderate
Cn1c(=O)c2c(nc(SCc3ccc(Cl)cc3)n2C)n(C)c1=O,Moderate
Cn1c(=O)c2c(nc(SCc3ccc(Br)cc3)n2C)n(C)c1=O,Moderate
CC(C)CCSc1nc2c(c(=O)n(C)c(=O)n2C)n1C,Moderate
Cn1c(=O)c2c(nc(SC3CCCCC3)n2C)n(C)c1=O,Inactive
Cn1c(=O)c2c(nc(SC3CCCC3)n2C)n(C)c1=O,Inactive
Cn1c(=O)c2c(nc(Sc3ccc4ccccc4c3)n2C)n(C)c1=O,Moderate
Cn1c(=O)c2c(nc(NCCc3ccccc3)n2C)n(C)c1=O,Inactive
Cn1c(=O)c2c(nc(NCCCCc3ccccc3)n2C)n(C)c1=O,Moderate
Cn1c(=O)c2c(nc(NCCc3ccccn3)n2C)n(C)c1=O,Inactive
Cn1c(=O)c2c(nc(NCCc3cccc(Cl)c3)n2C)n(C)c1=O,Inactive
CN(CCc1ccccc1)c1nc2c(c(=O)n(C)c(=O)n2C)n1C,Inactive
CN(CCCCc1ccccc1)c1nc2c(c(=O)n(C)c(=O)n2C)n1C,Moderate
CC1=C(C)C(=O)c2cc(C)ccc2C1=O,Moderate
C#CCN(C)Cc1cc2cc(OCCCC3CCN(Cc4ccccc4)CC3)ccc2n1C,Moderate
O=C1CCCc2ccccc21,Inactive
Fc1ccc(-c2csc(N/N=C/c3ccccc3)n2)cc1,Moderate
Fc1ccc(-c2csc(N/N=C/c3ccc(Cl)cc3)n2)cc1,Moderate
COc1ccc(/C=N/Nc2nc(-c3ccc(F)cc3)cs2)cc1OC,Moderate
COc1ccc(/C=N/Nc2nc(-c3ccc(F)cc3)cs2)cc1,Moderate
Cc1ccccc1/C=N/Nc1nc(-c2ccc(F)cc2)cs1,Moderate
Cc1ccc(/C=N/Nc2nc(-c3ccc(F)cc3)cs2)cc1,Inactive
COc1ccc(-c2c(O)c3cc(C)ccc3oc2=O)cc1,Inactive
COc1ccc(-c2c(O)c3ccccc3oc2=O)cc1Cl,Moderate
COc1ccc(-c2c(O)c3cc(C)ccc3oc2=O)cc1Cl,Inactive
COc1ccc(-c2c(O)c3cc(Cl)ccc3oc2=O)cc1Cl,Moderate
N/C(S)=N/N=C/c1ccc([N+](=O)[O-])cc1,Moderate
COc1ccc(CCN2CC=CCC2)cc1,Inactive
Clc1ccc(CCN2CC=CCC2)c(Cl)c1,Inactive
Clc1ccc(OCCCN2CC=CCC2)c(Cl)c1,Inactive
CC(NC1CC1c1ccccc1)c1ccc2c(c1)OCCO2,Moderate
COc1ccc(C2CC2N)cc1,Inactive
O=C(/C=C/c1ccc(O)cc1)OCCc1ccccc1,Active
O=c1ccoc2ccc(OCCc3ccccc3)cc12,Active
O=c1ccoc2ccc(OCCCc3ccccc3)cc12,Active
O=c1ccoc2ccc(OCc3cccc(Cl)c3)cc12,Active
O=c1ccoc2ccc(OCc3ccc(Cl)cc3)cc12,Active
O=c1ccoc2ccc(OCc3cccc(Br)c3)cc12,Active
O=c1ccoc2ccc(OCc3ccc(Br)cc3)cc12,Active
O=c1ccoc2ccc(OCc3cccc(F)c3)cc12,Active
O=c1ccoc2ccc(OCc3ccc(F)cc3)cc12,Active
Cc1cccc(COc2ccc3occc(=O)c3c2)c1,Active
Cc1ccc(COc2ccc3occc(=O)c3c2)cc1,Active
N#Cc1cccc(COc2ccc3occc(=O)c3c2)c1,Active
N#Cc1ccc(COc2ccc3occc(=O)c3c2)cc1,Active
O=c1ccoc2ccc(OCc3ccc(C(F)(F)F)cc3)cc12,Active
O=c1ccoc2ccc(OCCc3ccc(Br)cc3)cc12,Active
O=C1NC(=O)/C(=C\c2ccc(Br)cc2)S1,Moderate
CCOC1CC(c2ccccc2)=NN1c1ccc([N+](=O)[O-])cc1,Moderate
CN(C)c1ccc(/C=C2\Oc3ccccc3C2=O)cc1,Active
Cc1ccc2c(c1)O/C(=C\c1ccccc1)C2=O,Moderate
CN(C)c1ccc(/C=C2\Oc3cc(O)ccc3C2=O)cc1,Moderate
CN1C(=O)C2NC(/C=C/c3cccc(Cl)c3)N(C)C2N(C)C1=O,Inactive
COc1cc(NC(C)CCCN)c2nccc(C)c2c1Oc1ccccc1F,Moderate
COc1cc(NC(C)CCCN)c2nccc(C)c2c1Oc1cccc(F)c1,Inactive
COc1cc(NC(C)CCCN)c2nccc(C)c2c1Oc1ccc(F)c(F)c1,Moderate
COc1cc(NC(C)CCCN)c2nccc(C)c2c1Oc1ccc(F)cc1F,Inactive
COc1cc(NC(C)CCCN)c2nccc(C)c2c1Oc1ccc(C(F)(F)F)cc1,Moderate
COc1cc(NC(C)CCCN)c2nccc(C)c2c1Oc1ccccc1Br,Moderate
COc1cc(NC(C)CCCN)c2nccc(C)c2c1Oc1cccc(Br)c1,Moderate
COc1cc(NC(C)CCCN)c2nccc(C)c2c1Oc1ccccc1Cl,Moderate
COc1cc(NC(C)CCCN)c2nccc(C)c2c1Oc1cccc(Cl)c1,Moderate
COc1cc(NC(C)CCCN)c2nccc(C)c2c1Oc1ccc(Cl)cc1,Moderate
COc1cc(NC(C)CCCN)c2nccc(C)c2c1Oc1cc(Cl)c(Cl)cc1Cl,Moderate
O=C(/C=C/c1ccccc1)c1cc(F)ccc1O,Moderate
O=C(/C=C/c1ccc(F)cc1)c1ccccc1O,Moderate
O=C1/C(=C/c2ccc(Cl)cc2)CSc2ccccc21,Moderate
CSC1=N/C(=C\c2c[nH]c3ccccc23)C(=O)N1,Inactive
CN(C)c1ccc(/N=N/c2ccccn2)cc1,Active
Cc1sc(N/N=C/c2cccnc2)nc1-c1ccccc1,Moderate
N#Cc1ccc(Sc2ccccc2)cc1C#N,Moderate
C(/C=C/c1ccccc1)=C\c1ccccc1,Moderate
O=C(N/N=C/c1ccccc1O)c1ccc(O)cc1,Moderate
COc1ccc(/C=C/C(=O)c2ccc(Br)cc2)cc1,Moderate
COc1ccc(C(=O)/C=C/c2ccccc2Cl)cc1,Active
COc1cc2c(cc1-c1c(C)noc1C)ncc1[nH]c(=O)n([C@H](C)c3ccccn3)c12,Inactive
O=c1c2ccccc2sc2cc(O)cc(O)c12,Moderate
O=C(/C=C/C=C/c1ccc(O)c(O)c1)N1CCCCC1,Moderate
COc1ccc(-c2cc3cc(Cl)ccc3oc2=O)cc1,Active
C#CCN[C@H]1c2ccccc2C[C@@H]1F,Active
C#CCN[C@H]1c2ccccc2C[C@@H]1[18F],Active
NC/C=C(/F)COc1ccccc1,Moderate
COc1ccc(OC/C(F)=C\CN)cc1,Moderate
NC/C=C(/F)COc1ccc(Oc2ccccc2)cc1,Moderate
NC/C=C(/F)COc1cccc(Cl)c1,Active
CSc1ccc(OC/C(F)=C\CN)cc1,Moderate
CC(C)(C)c1ccc(OC/C(F)=C\CN)cc1,Moderate
NC/C=C(/F)COc1ccc(OC(F)(F)F)cc1,Active
NC/C=C(/F)COc1ccc([N+](=O)[O-])cc1,Active
NC/C=C(/F)COc1ccc(F)c(F)c1,Active
NC/C=C(/F)COc1ccc(C(F)(F)F)cc1,Moderate
NC/C=C(/F)COc1cccc(C(F)(F)F)c1,Active
CN(C)C(=O)c1ccc(OC/C(F)=C\CN)cc1,Inactive
NC/C=C(/F)COc1ccc(C(=O)N2CCCC2)cc1,Inactive
CN(Cc1ccccc1)C(=O)c1ccc(OC/C(F)=C\CN)cc1,Moderate
NC/C=C(/F)COc1ccc(C(=O)NC2CCCC2)cc1,Moderate
NC/C=C(/F)COc1ccc(C(=O)NC2CCCCC2)cc1,Moderate
NC/C=C(/F)COc1ccc(C(=O)NCc2ccccc2)cc1,Moderate
CC(NC(=O)c1ccc(OC/C(F)=C\CN)cc1)c1ccccc1,Moderate
C[C@@H](NC(=O)c1ccc(OC/C(F)=C\CN)cc1)c1ccccc1,Moderate
C[C@H](NC(=O)c1ccc(OC/C(F)=C\CN)cc1)c1ccccc1,Moderate
N=C1NC(=O)/C(=C/c2c[nH]c3ccccc23)N1,Inactive
N=C1NC(=O)/C(=C/c2c[nH]c3cccc(Br)c23)N1,Inactive
N=C1NC(=O)/C(=C/c2c[nH]c3ccc(Br)cc23)N1,Inactive
N=C1NC(=O)/C(=C/c2c[nH]c3cc(Br)ccc23)N1,Inactive
N=C1NC(=O)/C(=C/c2c[nH]c3c(Br)cccc23)N1,Inactive
CN1C(=N)NC(=O)/C1=C\c1c[nH]c2cc(Br)ccc12,Inactive
CN1C(=N)NC(=O)/C1=C\c1c[nH]c2c(Br)cccc12,Inactive
CN1C(=N)N/C(=C\c2c[nH]c3ccccc23)C1=O,Inactive
CN1C(=N)N/C(=C\c2c[nH]c3cccc(Br)c23)C1=O,Inactive
CN1C(=N)N/C(=C\c2c[nH]c3ccc(Br)cc23)C1=O,Moderate
CN1C(=N)N/C(=C\c2c[nH]c3cc(Br)ccc23)C1=O,Moderate
CN1C(=N)N/C(=C\c2c[nH]c3c(Br)cccc23)C1=O,Inactive
C/N=C1\NC(=O)/C(=C\c2c[nH]c3cccc(Br)c23)N1C,Inactive
C/N=C1\NC(=O)/C(=C\c2c[nH]c3ccc(Br)cc23)N1C,Inactive
C/N=C1\NC(=O)/C(=C\c2c[nH]c3cc(Br)ccc23)N1C,Moderate
C/N=C1\NC(=O)/C(=C\c2c[nH]c3c(Br)cccc23)N1C,Inactive
CN1C(=N)N(C)/C(=C/c2c[nH]c3cccc(Br)c23)C1=O,Inactive
CN1C(=N)N(C)/C(=C/c2c[nH]c3c(Br)cccc23)C1=O,Moderate
C/N=C1/N/C(=C\c2c[nH]c3ccccc23)C(=O)N1C,Inactive
C/N=C1/N/C(=C\c2c[nH]c3cccc(Br)c23)C(=O)N1C,Inactive
C/N=C1/N/C(=C\c2c[nH]c3ccc(Br)cc23)C(=O)N1C,Inactive
C/N=C1/N/C(=C\c2c[nH]c3cc(Br)ccc23)C(=O)N1C,Inactive
C/N=C1/N/C(=C\c2c[nH]c3c(Br)cccc23)C(=O)N1C,Moderate
C/N=C1\N(C)C(=O)/C(=C\c2c[nH]c3cccc(Br)c23)N1C,Moderate
C/N=C1\N(C)C(=O)/C(=C\c2c[nH]c3ccc(Br)cc23)N1C,Moderate
C/N=C1\N(C)C(=O)/C(=C\c2c[nH]c3cc(Br)ccc23)N1C,Moderate
C/N=C1\N(C)C(=O)/C(=C\c2c[nH]c3c(Br)cccc23)N1C,Moderate
O=C1NC(=S)N/C1=C\c1c[nH]c2cccc(Br)c12,Moderate
O=C1NC(=S)N/C1=C\c1c[nH]c2ccc(Br)cc12,Moderate
O=C1NC(=S)N/C1=C\c1c[nH]c2cc(Br)ccc12,Moderate
O=C1NC(=S)N/C1=C\c1c[nH]c2c(Br)cccc12,Moderate
CSC1=NC(=O)/C(=C/c2c[nH]c3cccc(Br)c23)N1,Moderate
CSC1=NC(=O)/C(=C/c2c[nH]c3ccc(Br)cc23)N1,Moderate
CSC1=NC(=O)/C(=C/c2c[nH]c3cc(Br)ccc23)N1,Moderate
CSC1=NC(=O)/C(=C/c2c[nH]c3c(Br)cccc23)N1,Moderate
C/N=C1\NC(=O)/C(=C/c2c[nH]c3ccccc23)N1,Moderate
C/N=C1\NC(=O)/C(=C/c2c[nH]c3cccc(Br)c23)N1,Moderate
C/N=C1\NC(=O)/C(=C/c2c[nH]c3ccc(Br)cc23)N1,Moderate
C/N=C1\NC(=O)/C(=C/c2c[nH]c3cc(Br)ccc23)N1,Inactive
C/N=C1\NC(=O)/C(=C/c2c[nH]c3c(Br)cccc23)N1,Inactive
O=C(O)c1coc2ccc(OCc3cccc(Br)c3)cc2c1=O,Active
O=Cc1coc2ccc(OCc3cccc(Br)c3)cc2c1=O,Active
COC(=O)c1coc2ccc(OCc3cccc(Br)c3)cc2c1=O,Active
CC(=O)c1c(O)cccc1OCc1cccc(Br)c1,Moderate
CC(=O)c1c(O)cccc1OCc1ccc(Br)cc1,Moderate
CC(=O)c1cc(OCc2cccc(Br)c2)ccc1O,Moderate
CC(=O)c1cc(OCc2ccc(Br)cc2)ccc1O,Moderate
CC(=O)c1ccc(OCc2cccc(Br)c2)cc1O,Active
CC(=O)c1ccc(OCc2ccc(Br)cc2)cc1O,Active
O=c1ccoc2cccc(OCc3ccccc3)c12,Moderate
O=c1ccoc2cccc(OCc3ccc(Br)cc3)c12,Moderate
O=C1CC(O)Oc2ccc(OCc3cccc(Br)c3)cc21,Active
O=C1CC(O)Oc2cccc(OCc3ccc(Br)cc3)c21,Inactive
Cc1c(/N=C/c2ccc(O)cc2)c(=O)n(-c2ccccc2)n1C,Active
Cn1c(=O)c2c(nc(COc3ccccc3)n2C)n(C)c1=O,Moderate
Cn1c(=O)c2c(nc(COc3cccc(Cl)c3)n2C)n(C)c1=O,Moderate
Cn1c(=O)c2c(nc(COc3cccc(Br)c3)n2C)n(C)c1=O,Moderate
Cn1c(=O)c2c(nc(COc3cccc(F)c3)n2C)n(C)c1=O,Moderate
Cn1c(=O)c2c(nc(COc3cccc(C(F)(F)F)c3)n2C)n(C)c1=O,Moderate
Cc1cccc(OCc2nc3c(c(=O)n(C)c(=O)n3C)n2C)c1,Moderate
COc1cccc(OCc2nc3c(c(=O)n(C)c(=O)n3C)n2C)c1,Moderate
Cn1c(=O)c2c(nc(COc3ccc(Cl)cc3)n2C)n(C)c1=O,Moderate
Cn1c(=O)c2c(nc(COc3ccc(Br)cc3)n2C)n(C)c1=O,Moderate
Cn1c(=O)c2c(nc(COc3ccc(F)cc3)n2C)n(C)c1=O,Moderate
Cn1c(=O)c2c(nc(CSc3ccccc3)n2C)n(C)c1=O,Inactive
Cn1c(=O)c2c(nc(CSc3cccc(Cl)c3)n2C)n(C)c1=O,Moderate
Cn1c(=O)c2c(nc(CSc3cccc(Br)c3)n2C)n(C)c1=O,Moderate
Cn1c(=O)c2c(nc(CSc3cccc(F)c3)n2C)n(C)c1=O,Inactive
Cc1cccc(SCc2nc3c(c(=O)n(C)c(=O)n3C)n2C)c1,Inactive
COc1cccc(SCc2nc3c(c(=O)n(C)c(=O)n3C)n2C)c1,Moderate
CCOc1cccc(SCc2nc3c(c(=O)n(C)c(=O)n3C)n2C)c1,Inactive
Cn1c(=O)c2c(nc(CSc3ccc(Cl)cc3)n2C)n(C)c1=O,Moderate
Cn1c(=O)c2c(nc(CSc3ccc(Br)cc3)n2C)n(C)c1=O,Moderate
Cn1c(=O)c2c(nc(CCSc3cccc(Cl)c3)n2C)n(C)c1=O,Moderate
Cn1c(=O)c2c(nc(CCSc3cccc(Br)c3)n2C)n(C)c1=O,Inactive
Cn1c(=O)c2c(nc(CCSc3ccc(Cl)cc3)n2C)n(C)c1=O,Moderate
Cc1ccc([C@@]2(F)C[C@H]2N)cc1.Cl,Moderate
Cl.N[C@@H]1C[C@]1(F)c1ccccc1,Moderate
Cl.NCC[C@H]1C[C@]1(F)c1ccccc1,Moderate
Cl.N[C@H]1C[C@]1(F)c1ccccc1,Active
Cl.NC[C@H]1C[C@]1(F)c1ccccc1,Moderate
O=C(Nc1nc2ccccc2[nH]1)c1ccccc1,Moderate
O=c1ccc2ccc(OS(=O)(=O)c3ccccc3)cc2o1,Moderate
N#Cc1ccc(-c2csc(N/N=C\c3ccco3)n2)cc1,Moderate
N#Cc1ccc(-c2csc(N/N=C\c3cccs3)n2)cc1,Moderate
C/C(=N/Nc1nc(-c2ccc(C#N)cc2)cs1)c1cccs1,Moderate
C/C(=N/Nc1nc(-c2ccc(C#N)cc2)cs1)c1nccs1,Moderate
C/C(=N/Nc1nc(-c2ccc(C#N)cc2)cs1)c1ccccn1,Moderate
N#Cc1ccc(-c2csc(N/N=C\c3cccnc3)n2)cc1,Moderate
C/C(=N/Nc1nc(-c2ccc(C#N)cc2)cs1)c1cccnc1,Active
N#Cc1ccc(-c2csc(N/N=C\c3ccncc3)n2)cc1,Moderate
C/C(=N/Nc1nc(-c2ccc(C#N)cc2)cs1)c1ccncc1,Moderate
N#Cc1ccc(-c2csc(N/N=C\c3cccc4ccccc34)n2)cc1,Moderate
N#Cc1ccc(-c2csc(N/N=C\c3c[nH]c4ccccc34)n2)cc1,Moderate
N#Cc1ccc(-c2csc(N/N=C\c3ccc4c(c3)OCO4)n2)cc1,Moderate
C/C(=N/Nc1nc(-c2ccc([N+](=O)[O-])cc2)cs1)c1ccco1,Moderate
C/C(=N/Nc1nc(-c2ccc([N+](=O)[O-])cc2)cs1)c1cccs1,Moderate
C/C(=N/Nc1nc(-c2ccc([N+](=O)[O-])cc2)cs1)c1nccs1,Moderate
C/C(=N/Nc1nc(-c2ccc([N+](=O)[O-])cc2)cs1)c1ccccn1,Active
C/C(=N/Nc1nc(-c2ccc([N+](=O)[O-])cc2)cs1)c1ccncc1,Active
Fc1ccc(-c2csc(N/N=C\c3ccco3)n2)cc1,Moderate
C/C(=N/Nc1nc(-c2ccc(F)cc2)cs1)c1ccco1,Moderate
Fc1ccc(-c2csc(N/N=C\c3cccs3)n2)cc1,Moderate
C/C(=N/Nc1nc(-c2ccc(F)cc2)cs1)c1cccs1,Active
C/C(=N/Nc1nc(-c2ccc(F)cc2)cs1)c1nccs1,Moderate
C/C(=N/Nc1nc(-c2ccc(F)cc2)cs1)c1ccccc1,Moderate
C/C(=N/Nc1nc(-c2ccc(F)cc2)cs1)c1ccccn1,Active
Fc1ccc(-c2csc(N/N=C\c3cccnc3)n2)cc1,Moderate
C/C(=N/Nc1nc(-c2ccc(F)cc2)cs1)c1cccnc1,Active
Fc1ccc(-c2csc(N/N=C\c3ccncc3)n2)cc1,Moderate
C/C(=N/Nc1nc(-c2ccc(F)cc2)cs1)c1ccncc1,Active
Fc1ccc(-c2csc(N/N=C\c3cccc4ccccc34)n2)cc1,Inactive
Fc1ccc(-c2csc(N/N=C\c3c[nH]c4ccccc34)n2)cc1,Moderate
Fc1ccc(-c2csc(N/N=C\c3ccc4c(c3)OCO4)n2)cc1,Moderate
Fc1ccc(-c2csc(N/N=C\c3ccco3)n2)c(F)c1,Moderate
C/C(=N/Nc1nc(-c2ccc(F)cc2F)cs1)c1ccco1,Active
Fc1ccc(-c2csc(N/N=C\c3cccs3)n2)c(F)c1,Active
C/C(=N/Nc1nc(-c2ccc(F)cc2F)cs1)c1cccs1,Active
C/C(=N/Nc1nc(-c2ccc(F)cc2F)cs1)c1nccs1,Active
C/C(=N/Nc1nc(-c2ccc(F)cc2F)cs1)c1ccccc1,Active
Fc1ccc(-c2csc(N/N=C\c3cccnc3)n2)c(F)c1,Moderate
C/C(=N/Nc1nc(-c2ccc(F)cc2F)cs1)c1cccnc1,Active
Fc1ccc(-c2csc(N/N=C\c3ccncc3)n2)c(F)c1,Moderate
C/C(=N/Nc1nc(-c2ccc(F)cc2F)cs1)c1ccncc1,Active
Fc1ccc(-c2csc(N/N=C\c3cccc4ccccc34)n2)c(F)c1,Moderate
Fc1ccc(-c2csc(N/N=C\c3c[nH]c4ccccc34)n2)c(F)c1,Moderate
Fc1ccc(-c2csc(N/N=C\c3ccc4c(c3)OCO4)n2)c(F)c1,Moderate
C/C(=N/Nc1nc(-c2ccc(F)cc2F)cs1)c1cc2ccccc2oc1=O,Moderate
O=C1NC(=O)c2cc(SCc3ccccc3)ccc21,Active
O=C1NC(=O)c2cc(SCc3ccc(Cl)cc3)ccc21,Active
O=C1NC(=O)c2cc(SCc3ccc(Br)cc3)ccc21,Active
O=C1NC(=O)c2cc(SCc3ccc(F)cc3)ccc21,Active
COc1ccc(CSc2ccc3c(c2)C(=O)NC3=O)cc1,Active
O=C1NC(=O)c2cc(Sc3ccccc3)ccc21,Moderate
O=C1NC(=O)c2cc(Sc3ccc(Cl)cc3)ccc21,Moderate
O=C1NC(=O)c2cc(Sc3ccc(Br)cc3)ccc21,Moderate
O=C1NC(=O)c2cc(SCCc3ccccc3)ccc21,Active
O=C1NC(=O)c2cc(SC3CCCCC3)ccc21,Moderate
CC(C)CCSc1ccc2c(c1)C(=O)NC2=O,Active
CCN(CC)c1ccc(/C=C2\Cc3cc(OC)c(O)cc3C2=O)cc1.Cl,Inactive
CCN(C)c1ccc(/C=C2\Cc3cc(OC)c(O)cc3C2=O)cc1.Cl,Inactive
CCCN(C)c1ccc(/C=C2\Cc3cc(OC)c(O)cc3C2=O)cc1.Cl,Inactive
CN(C)c1ccc(/C=C2\Cc3cc(O)c(O)cc3C2=O)cc1.Cc1ccc(S(=O)(=O)O)cc1,Inactive
CCN(CC)c1ccc(/C=C2\Cc3cc(O)c(O)cc3C2=O)cc1.Cc1ccc(S(=O)(=O)O)cc1,Moderate
CCN(C)c1ccc(/C=C2\Cc3cc(O)c(O)cc3C2=O)cc1.Cc1ccc(S(=O)(=O)O)cc1,Inactive
CCCN(C)c1ccc(/C=C2\Cc3cc(O)c(O)cc3C2=O)cc1.Cc1ccc(S(=O)(=O)O)cc1,Moderate
c1ccc(-c2ncc3cc(-n4ccnc4)ccc3n2)cc1,Moderate
Clc1c2ccccc2nc2ccccc12,Inactive
O=C(/C=C/c1ccc2c(c1)OCO2)NC1CCCCC1,Moderate
CC1CCN(C(=O)/C=C/c2ccc3c(c2)OCO3)CC1,Moderate
O=C(/C=C/c1ccc2c(c1)OCO2)N1CCCC1,Moderate
N#Cc1ccc(OCc2ccc(Br)cc2)cc1C#N,Active
N#Cc1ccc(OCc2ccccc2)cc1C#N,Active
N#Cc1ccc(OCc2ccccc2)cc1,Moderate
N#Cc1ccc(SCc2ccccc2)cc1C#N,Moderate
N#Cc1ccc(SCc2ccc(Cl)cc2)cc1C#N,Active
N#Cc1ccc(SCc2ccc(Br)cc2)cc1C#N,Active
N#Cc1ccc(SCc2ccc(F)cc2)cc1C#N,Active
COc1ccc(CSc2ccc(C#N)c(C#N)c2)cc1,Active
N#Cc1ccc(Sc2ccc(Cl)cc2)cc1C#N,Moderate
N#Cc1ccc(Sc2ccc(Br)cc2)cc1C#N,Active
N#Cc1ccc(SCCc2ccccc2)cc1C#N,Moderate
N#Cc1ccc(SC2CCCCC2)cc1C#N,Moderate
N#Cc1ccc(SC2CCCC2)cc1C#N,Moderate
CC(C)CCSc1ccc(C#N)c(C#N)c1,Moderate
N#Cc1ccc(SCc2ccccc2)cc1,Moderate
N#Cc1ccc(SCc2ccc(Cl)cc2)cc1,Moderate
N#Cc1ccc(SCc2ccc(Br)cc2)cc1,Moderate
N#Cc1ccc(SCc2ccc(F)cc2)cc1,Moderate
COc1ccc(CSc2ccc(C#N)cc2)cc1,Moderate
N#Cc1ccc(Sc2ccccc2)cc1,Inactive
N#Cc1ccc(Sc2ccc(Cl)cc2)cc1,Moderate
N#Cc1ccc(Sc2ccc(Br)cc2)cc1,Moderate
N#Cc1ccc(SCCc2ccccc2)cc1,Moderate
N#Cc1ccc(SC2CCCCC2)cc1,Moderate
c1ccc(-c2csc(NN=C3CCCCC3)n2)cc1,Moderate
Cn1c(=O)c2c(nc(SCCc3ccc(F)cc3)n2C)n(C)c1=O,Active
Cn1c(=O)c2c(nc(SCCc3ccc(C(F)(F)F)cc3)n2C)n(C)c1=O,Active
Cc1ccc(CCSc2nc3c(c(=O)n(C)c(=O)n3C)n2C)cc1,Active
COc1ccc(CCSc2nc3c(c(=O)n(C)c(=O)n3C)n2C)cc1,Active
Cn1c(=O)c2c(nc(SCCc3cccc(Cl)c3)n2C)n(C)c1=O,Active
Cn1c(=O)c2c(nc(SCCc3cccc(Br)c3)n2C)n(C)c1=O,Active
Cn1c(=O)c2c(nc(SCCc3cccc(C(F)(F)F)c3)n2C)n(C)c1=O,Active
Cc1cccc(CCSc2nc3c(c(=O)n(C)c(=O)n3C)n2C)c1,Active
COc1cccc(CCSc2nc3c(c(=O)n(C)c(=O)n3C)n2C)c1,Moderate
Cn1c(=O)c2c(nc([S+]([O-])CCc3ccc(Cl)cc3)n2C)n(C)c1=O,Moderate
Cn1c(=O)c2c(nc([S+]([O-])CCc3ccc(Br)cc3)n2C)n(C)c1=O,Moderate
Cn1c(=O)c2c(nc([S+]([O-])CCc3ccc(F)cc3)n2C)n(C)c1=O,Moderate
Cn1c(=O)c2c(nc(SCCCc3ccccc3)n2C)n(C)c1=O,Moderate
Cn1c(=O)c2c(nc(SCCCc3ccc(Cl)cc3)n2C)n(C)c1=O,Active
Cn1c(=O)c2c(nc(SCCCc3cccc(Cl)c3)n2C)n(C)c1=O,Active
Cn1c(=O)c2c(nc(SCc3cccc(Cl)c3)n2C)n(C)c1=O,Moderate
Cn1c(=O)c2c(nc(SCc3cccc(Br)c3)n2C)n(C)c1=O,Moderate
Cn1c(=O)c2c(nc(SCCc3ccc(Cl)cc3)n2C)n(C)c1=O,Active
Cn1c(=O)c2c(nc(SCCc3ccc(Br)cc3)n2C)n(C)c1=O,Active
COc1cc2c(cc1OC)C(=O)/C(=C/c1ccc(N(C)C)cc1)C2,Inactive
CC(C)=CCc1c(O)cc(/C=C/c2ccc(O)cc2)cc1O,Moderate
COc1ccc(C(=O)/C=C/c2ccccc2OC)cc1,Moderate
COc1ccc(C(=O)/C=C/c2ccc(N(C)C)cc2)cc1,Moderate
Cc1c(/N=C/c2cccc([N+](=O)[O-])c2)c(=O)n(-c2ccccc2)n1C,Active
NCCCCCCNCC(N)=O,Inactive
CC(C)(C)OC(=O)NCCCCCCNCC(N)=O,Inactive
CN(C)c1ccc(/C=C/C(=O)c2ccc(O)cc2O)cc1,Moderate
O=C(/C=C/c1ccc([N+](=O)[O-])cc1)c1ccc(Cl)cc1,Active
O=C(/C=C/c1ccc(Cl)cc1)c1ccccc1,Moderate
CN(C)c1ccc(/C=C2\Oc3cc(O)cc(O)c3C2=O)cc1,Moderate
CCCSc1ccc(C[C@H](C)N)cc1,Inactive
Cc1ccc(/C=C/C(=O)c2cc(Cl)ccc2O)cc1,Moderate
O=C(c1ccc(OCCCN2CCCCC2)cc1)C1CC1,Moderate
COc1ccc(C2CC(=O)c3ccc(OC)cc3O2)cc1,Moderate
CCOC(=O)c1cc(=O)c2cc(Cl)ccc2o1,Inactive
CCOC(=O)c1coc2ccccc2c1=O,Moderate
O=c1c(CO)coc2ccccc12,Inactive
CCCOC(=O)c1cc(=O)c2ccccc2o1,Inactive
CCCOC(=O)c1coc2ccccc2c1=O,Moderate
Cn1c(=O)c2c(cc(OCc3ccc(Cl)cc3)n2C)n(C)c1=O,Active
Cn1c(=O)c2c(cc(OCc3ccc(Cl)c(C(F)(F)F)c3)n2C)n(C)c1=O,Moderate
Cn1c(=O)c2c(cc(-n3cc(-c4ccc(Cl)cc4)nn3)n2C)n(C)c1=O,Moderate
COc1ccc(/C=C/c2cc3c(c(=O)n(C)c(=O)n3C)n2C)cc1,Moderate
CCCOc1ccc(/C=C/c2cc3c(c(=O)n(C)c(=O)n3C)n2C)cc1,Moderate
Cn1c(=O)c2c(cc(/C=C/c3ccc(Br)cc3)n2C)n(C)c1=O,Moderate
Cn1c(=O)c2c(cc(/C=C/c3ccc(Cl)c(Cl)c3)n2C)n(C)c1=O,Moderate
CC(=O)c1ccc(/C=C/c2cc3c(c(=O)n(C)c(=O)n3C)n2C)cc1,Moderate
Cn1c(=O)c2c(cc(/C=C/c3ccc(C#N)cc3)n2C)n(C)c1=O,Moderate
Cn1c(=O)c2c(nc(/C=C/c3ccc(Cl)cc3)n2C)n(C)c1=O,Moderate
Cn1c(=O)c2c(cc(C#Cc3cccc(Cl)c3)n2C)n(C)c1=O,Moderate
Cn1c(=O)c2c(cc(C#Cc3ccc(Cl)cc3)n2C)n(C)c1=O,Active
Cn1c(=O)c2c(c3ccc(-c4ccccc4)cc3n2C)n(C)c1=O,Moderate
Cn1c(=O)c2c(c3ccc(-c4cccc(Cl)c4)cc3n2C)n(C)c1=O,Moderate
Cn1c(=O)c2c(c3cc(OCc4ccccc4)ccc3n2C)n(C)c1=O,Moderate
Cn1c(=O)c2c(cc(/C=C/c3cccc(Cl)c3)n2C)n(C)c1=O,Moderate
COc1cccc(/C=C/c2cc3c(c(=O)n(C)c(=O)n3C)n2C)c1,Moderate
Cn1c(=O)c2c(cc(/C=C/c3cccc(C(F)(F)F)c3)n2C)n(C)c1=O,Moderate
Cn1c(=O)c2c(cc(/C=C/c3ccc(F)cc3)n2C)n(C)c1=O,Moderate
Cn1c(=O)c2c(cc(/C=C/c3ccc(Cl)cc3)n2C)n(C)c1=O,Moderate
Cn1c(=O)c2c(cc(/C=C/c3ccc(C(F)(F)F)cc3)n2C)n(C)c1=O,Moderate
Nc1c(C(=O)O)c2nc3c(C(=O)O)cccc3oc-2cc1=O,Inactive
CC(=O)Nc1nc(CCc2ccc(NC(=N)N)cc2)cs1,Inactive
O=C(/C=C(O)/C=C/c1ccc(O)c(O)c1)c1ccccc1O,Moderate
O=C(/C=C(O)/C=C/c1ccccc1)c1ccccc1O,Moderate
O=C(/C=C(O)/C=C/c1ccccc1)c1cc(F)ccc1O,Active
COc1cc(/C=C/C(O)=C/C(=O)c2c(O)cccc2OC)ccc1O,Moderate
O=C(/C=C(O)/C=C/c1ccc([N+](=O)[O-])cc1)c1ccccc1O,Moderate
Cc1ccc(/C=C/C(O)=C/C(=O)c2ccccc2O)cc1,Moderate
O=C(/C=C(O)/C=C/c1ccc(O)cc1)c1ccccc1O,Active
COc1ccc(C(=O)/C=C/C=C/c2ccc(Cl)cc2)c(O)c1,Active
O=C(/C=C/C=C/c1ccc(Cl)cc1)c1ccc(O)cc1O,Active
O=C(/C=C/C=C/c1ccccc1)c1cc(F)ccc1O,Active
COc1ccc(/C=C/C=C/C(=O)c2cc(F)ccc2O)cc1,Moderate
COc1ccc(/C=C/C=C/C(=O)c2ccccc2O)cc1,Moderate
COc1ccc(/C=C/C=C/C(=O)c2ccccc2O)cc1OC,Inactive
COc1cc(/C=C/C=C/C(=O)c2ccccc2O)ccc1O,Moderate
COc1cc(/C=C/C=C/C(=O)c2c(O)cccc2OC)ccc1O,Moderate
COc1ccc(/C=C/C=C/C(=O)c2c(O)cccc2O)cc1OC,Moderate
COc1cc(/C=C/C=C/C(=O)c2c(O)cccc2O)ccc1O,Moderate
O=C(/C=C/C=C/c1ccc([N+](=O)[O-])cc1)c1ccccc1O,Moderate
O=C(/C=C/C=C/c1ccccc1)c1cc(Cl)ccc1O,Active
COc1ccc(/C=C/C=C/C(=O)c2cc(Cl)ccc2O)cc1,Moderate
O=C(/C=C/C=C/c1ccc([N+](=O)[O-])cc1)c1cc(Cl)ccc1O,Moderate
O=C(/C=C/C=C/c1ccc(Cl)cc1)c1cc(Cl)ccc1O,Moderate
O=C(/C=C/C=C/c1ccc(Cl)cc1)c1ccccc1O,Moderate
C#CCN(C)[C@H](CF)CC(C)C,Moderate
C#CCN(C)[C@H](CF)CC(=C)C,Moderate
C#CCN(C)[C@H](CF)Cc1ccco1,Moderate
C#CCN(C)[C@H](C)Cc1ccc(OCCCCCCCCCNc2c3c(nc4ccccc24)CCCC3)cc1,Moderate
C#CCN(C)[C@H](C)Cc1ccc(OCCCCCCCCCCNc2c3c(nc4ccccc24)CCCC3)cc1,Moderate
C#CCN(C)[C@H](C)Cc1ccc(OCCCNc2c3c(nc4cc(Cl)ccc24)CCCC3)cc1,Inactive
C#CCN(C)[C@H](C)Cc1ccc(OCCCCCNc2c3c(nc4cc(Cl)ccc24)CCCC3)cc1,Moderate
C#CCN(C)[C@H](C)Cc1ccc(OCCCCCCNc2c3c(nc4cc(Cl)ccc24)CCCC3)cc1,Moderate
C#CCN(C)[C@H](C)Cc1ccc(OCCCCCCCCNc2c3c(nc4cc(Cl)ccc24)CCCC3)cc1,Active
C#CCN(CCCCCCNc1c2c(nc3ccccc13)CCCC2)[C@H](C)Cc1ccc(OC)cc1,Inactive
C#CCN(C)[C@H](C)Cc1ccc(OCCNc2c3c(nc4ccccc24)CCCC3)cc1,Moderate
C#CCN(C)[C@H](C)Cc1ccc(OCCCNc2c3c(nc4ccccc24)CCCC3)cc1,Moderate
C#CCN(C)[C@H](C)Cc1ccc(OCCCCNc2c3c(nc4ccccc24)CCCC3)cc1,Moderate
C#CCN(C)[C@H](C)Cc1ccc(OCCCCCNc2c3c(nc4ccccc24)CCCC3)cc1,Moderate
C#CCN(C)[C@H](C)Cc1ccc(OCCCCCCNc2c3c(nc4ccccc24)CCCC3)cc1,Moderate
C#CCN(C)[C@H](C)Cc1ccc(OCCCCCCCCNc2c3c(nc4ccccc24)CCCC3)cc1,Moderate
C#CCNC1=CC(=O)c2ccccc2C1=O,Moderate
O=C(/C=C/c1ccccc1F)c1ccccc1O,Inactive
O=C(Cl)c1cc2cc(Cl)ccc2oc1=O,Active
O=C(Nc1cc2ccccc2oc1=O)OCc1ccccc1,Active
CCOC(=O)Nc1cc2ccccc2oc1=O,Inactive
CC(C)OC(=O)Nc1cc2ccccc2oc1=O,Moderate
CC(C)COC(=O)Nc1cc2ccccc2oc1=O,Moderate
O=C(Nc1cc2ccccc2oc1=O)OCCBr,Moderate
O=C(Nc1cc2ccccc2oc1=O)Oc1ccccc1,Inactive
O=C(/C=C/c1cccc(Cl)c1)c1ccccc1,Moderate
CN(C(=O)CCCc1ccccc1)c1nc2ccccc2c(=O)s1,Active
O=C(CCc1ccccc1)Nc1nc2ccccc2c(=O)s1,Active
COc1cccc(CCC(=O)Nc2nc3ccccc3c(=O)s2)c1,Active
Cc1ccc2nc(NC(=O)CCCc3ccccc3)sc(=O)c2c1,Active
O=C(CCCc1ccccc1)Nc1nc2cc(Cl)ccc2c(=O)s1,Active
O=C(CCCc1ccccc1)Nc1nc2ccsc2c(=O)s1,Moderate
O=C(CCCc1ccccc1)Nc1nc2sccc2c(=O)s1,Active
Cc1sc2nc(NC(=O)CCCc3ccccc3)sc(=O)c2c1C,Active
O=C(CCc1ccccc1F)Nc1nc2ccccc2c(=O)s1,Active
O=C(CCc1ccccc1Br)Nc1nc2ccccc2c(=O)s1,Active
O=C(COc1cccc(Cl)c1)Nc1nc2ccccc2c(=O)s1,Active
COc1cccc(/C=C/C(=O)Nc2nc3ccccc3c(=O)s2)c1,Moderate
O=C(/C=C/c1cccc(Cl)c1)Nc1nc2ccccc2c(=O)s1,Active
COc1cccc(C#CC(=O)Nc2nc3ccccc3c(=O)s2)c1,Active
O=C(CCCc1ccccc1)Nc1nc2ccccc2c(=O)s1,Active
COc1cccc(CCCC(=O)Nc2nc3ccccc3c(=O)s2)c1,Moderate
O=C(CCCc1ccc(Cl)c(Cl)c1)Nc1nc2ccccc2c(=O)s1,Moderate
O=C(C/C=C/c1ccccc1)Nc1nc2ccccc2c(=O)s1,Active
COc1cccc(/C=C/CC(=O)Nc2nc3ccccc3c(=O)s2)c1,Moderate
COc1ccc(Br)cc1/C=C/C(=O)c1ccccc1O,Inactive
O=C1OCc2ccccc21,Inactive
O=C1OCc2ccc(OCc3ccc(Cl)cc3)cc21,Active
O=C1OCc2ccc(OCc3ccc(Br)cc3)cc21,Active
O=C1OCc2ccc(OCc3ccc(F)cc3)cc21,Active
O=C1OCc2ccc(OCc3ccc(C(F)(F)F)cc3)cc21,Active
O=C1OCc2ccc(OCc3ccc(I)cc3)cc21,Active
Cc1ccc(COc2ccc3c(c2)C(=O)OC3)cc1,Active
O=C1OCc2ccc(OCc3cccc(Br)c3)cc21,Active
O=C1OCc2ccc(OCCc3ccccc3)cc21,Active
O=C1OCc2ccc(OCCc3ccc(Cl)cc3)cc21,Active
O=C1OCc2ccc(OCCc3ccc(F)cc3)cc21,Active
Cc1ccc(CCOc2ccc3c(c2)C(=O)OC3)cc1,Active
O=C1OCc2ccc(OCCCc3ccccc3)cc21,Active
O=C1OCc2ccc(OCCOc3ccccc3)cc21,Active
O=C1OCc2ccc(OCCOc3ccc(Cl)cc3)cc21,Active
O=C1OCc2ccc(OCCOc3ccc(Br)cc3)cc21,Active
O=C1OCc2ccc(OCCOc3ccc(F)cc3)cc21,Active
O=C1OCc2ccc(OCC3CCCCC3)cc21,Active
CC(=O)Nc1nc(CCc2ccc(Cc3c[nH]c(N)n3)cc2)cs1.Cl,Inactive
Cn1c(=O)c2c(nc3n2CCCN3CCc2ccc(Cl)cc2)n(C)c1=O,Moderate
CNCc1cc(=O)oc2cc(OCc3cccc(Cl)c3)ccc12,Active
O=Cc1cc(=O)oc2cc(OCc3cccc(Cl)c3)ccc12,Moderate
COc1ccc2c(c1)C=C(/C=C/C(=O)c1ccccc1OC)CO2,Moderate
COc1cccc(C(=O)/C=C/C2=Cc3cc(Br)ccc3OC2)c1,Inactive
COc1ccccc1C(=O)/C=C/C1=Cc2cc(Br)ccc2OC1,Inactive
COc1cc(OC)cc(C(=O)/C=C/C2=Cc3cc(Br)ccc3OC2)c1,Inactive
COc1cc(/C=C/C(=O)C2=Cc3cc(OC)ccc3OC2)cc(OC)c1,Inactive
COc1cc(/C=C/c2ccc(NCc3cc(N(C)C)ccc3O)cc2)cc(OC)c1,Inactive
CN(C)c1ccc(O)c(CNc2ccc(/C=C/c3cc(O)cc(O)c3)cc2)c1,Inactive
Clc1cccc(Nc2ncc3c(n2)CCCC3)c1,Active
N#Cc1cccc(Nc2ncc3c(n2)CCCC3=O)c1,Moderate
CC1(C)CC(=O)c2cnc(Nc3ccc(Cl)cc3)nc2C1,Active
Cc1ccc(Nc2ncc3c(n2)CC(C)CC3=O)cc1,Active
CC1CC(=O)c2cnc(Nc3ccc(C#N)cc3)nc2C1,Active
Cc1ccc(Nc2ncc3c(n2)CC(C)CC3=O)cn1,Active
O=C1CCCc2nc(Nc3cccc(Cl)c3)ncc21,Active
C/C(=N\Nc1nc(-c2ccccc2)cs1)c1cccnc1,Moderate
C/C(=N/Nc1nc(-c2ccccc2)cs1)c1ccncc1,Active
C/C(=N\Nc1nc(-c2ccccc2)cs1)c1ccccn1,Moderate
C/C(=N\Nc1nc(C)cs1)c1cccnc1,Inactive
Cn1c(=O)c2c(nc3n2CCCN3Cc2ccc(Cl)cc2)n(C)c1=O,Moderate
Cn1c(=O)c2c(nc3n2CCCN3Cc2cccc(Cl)c2)n(C)c1=O,Moderate
CN1N=C(c2ccc(O)cc2O)CC1c1ccccc1F,Moderate
CN1N=C(c2ccc(O)cc2O)CC1c1ccc(F)cc1,Moderate
Cc1ccccc1C1CC(c2ccc(O)cc2O)=NN1C,Moderate
CN1N=C(c2ccc(O)cc2O)CC1c1ccccc1Cl,Moderate
CN1N=C(c2ccc(O)cc2O)CC1c1cccc(Cl)c1,Moderate
CN1N=C(c2ccc(O)cc2O)CC1c1ccc(Cl)cc1,Moderate
CN1N=C(c2ccccc2)CC1c1ccccc1,Moderate
CN1N=C(c2ccccc2)CC1c1ccccc1F,Moderate
CN1N=C(c2ccccc2)CC1c1cccc(F)c1,Active
CN1N=C(c2ccccc2)CC1c1ccc(F)cc1,Moderate
Cc1ccccc1C1CC(c2ccccc2)=NN1C,Moderate
Cc1cccc(C2CC(c3ccccc3)=NN2C)c1,Moderate
Cc1ccc(C2CC(c3ccccc3)=NN2C)cc1,Active
CN1N=C(c2ccccc2)CC1c1ccccc1Cl,Moderate
CN1N=C(c2ccccc2)CC1c1cccc(Cl)c1,Moderate
CN1N=C(c2ccccc2)CC1c1ccc(Cl)cc1,Moderate
CN1N=C(c2ccc(O)cc2)CC1c1ccccc1,Inactive
CN1N=C(c2ccc(O)cc2)CC1c1ccccc1F,Moderate
CN1N=C(c2ccc(O)cc2)CC1c1cccc(F)c1,Moderate
CN1N=C(c2ccc(O)cc2)CC1c1ccc(F)cc1,Moderate
Cc1ccccc1C1CC(c2ccc(O)cc2)=NN1C,Inactive
Cc1cccc(C2CC(c3ccc(O)cc3)=NN2C)c1,Moderate
Cc1ccc(C2CC(c3ccc(O)cc3)=NN2C)cc1,Moderate
CN1N=C(c2ccc(O)cc2)CC1c1ccccc1Cl,Inactive
CN1N=C(c2ccc(O)cc2)CC1c1cccc(Cl)c1,Moderate
CN1N=C(c2ccc(O)cc2)CC1c1ccc(Cl)cc1,Moderate
c1ccc(-c2nc3ccc(NC4CCCCC4)nc3o2)cc1,Moderate
c1ccc(-c2nc3ccc(N4CCCCC4)nc3o2)cc1,Moderate
Fc1ccccc1-c1nc2ccc(N3CCCCC3)nc2o1,Moderate
Fc1cccc(-c2nc3ccc(N4CCCCC4)nc3o2)c1,Moderate
Fc1ccc(-c2nc3ccc(N4CCCCC4)nc3o2)cc1,Moderate
Clc1ccccc1-c1nc2ccc(N3CCCCC3)nc2o1,Inactive
Clc1cccc(-c2nc3ccc(N4CCCCC4)nc3o2)c1,Inactive
Clc1ccc(-c2nc3ccc(N4CCCCC4)nc3o2)cc1,Moderate
c1ccc(-c2nc3ccc(N4CCCCC4)nc3s2)cc1,Moderate
Fc1ccc(-c2nc3ccc(N4CCCCC4)nc3s2)cc1,Active
Clc1ccccc1-c1nc2ccc(N3CCCCC3)nc2s1,Moderate
Clc1ccc(-c2nc3ccc(N4CCCCC4)nc3s2)cc1,Moderate
O=C(/C=C/c1ccc(Cl)cc1)c1ccccc1O,Moderate
COc1ccc(/C=C/C(=O)c2ccccc2O)cc1,Moderate
COc1ccc(C2CC(=O)c3ccccc3O2)cc1,Moderate
Cc1ccc(C(=O)/C=C/c2cccc(Cl)c2)o1,Moderate
Cc1ccc(C(=O)/C=C/c2ccc(Cl)cc2)o1,Moderate
Cc1ccc(C(=O)/C=C/c2cccc(Br)c2)o1,Moderate
Cc1ccc(C(=O)/C=C/c2cccc(F)c2)o1,Moderate
Cc1ccc(C(=O)/C=C/c2ccc(F)c(Br)c2)o1,Moderate
Cc1ccc(C(=O)/C=C/c2cccc(C(F)(F)F)c2)o1,Moderate
Cc1ccc(C(=O)/C=C/c2ccc(C(F)(F)F)cc2)o1,Moderate
COc1cccc(/C=C/C(=O)c2ccc(C)o2)c1,Moderate
Cc1ccc(/C=C/C(=O)c2cccc(Cl)c2)o1,Moderate
O=C(/C=C/c1ccc(Cl)o1)c1cccc(Cl)c1,Moderate
O=C(/C=C/c1ccc(Br)o1)c1cccc(Cl)c1,Moderate
O=C(/C=C/c1ccc(Br)o1)c1ccc(F)cc1,Moderate
O=C(/C=C/c1cccc(Cl)c1)c1ccco1,Moderate
COc1cccc(/C=C/C(=O)c2ccco2)c1,Moderate
COc1ccc(-c2coc3cc(O)ccc3c2=O)cc1,Inactive
C#CCNCCCOc1cccc(C(=O)NC(C)C)c1,Inactive
C#CCNCCCOc1cccc(C(=O)NCc2ccccc2)c1,Moderate
C#CCNCCCOc1cccc(NC(=O)c2ccccc2)c1,Moderate
C#CCN(C)CCCOc1cccc(NC(=O)c2ccccc2)c1,Active
C#CCNCC(O)COc1ccc(-c2ccccc2)cc1,Active
O=C1CCc2cc(OCc3cccc(Cl)c3)ccc2N1,Moderate
O=C1CCc2cc(OCc3cccc(Br)c3)ccc2N1,Active
O=C1CCc2cc(OCCc3ccccc3)ccc2N1,Moderate
O=C1CCc2cc(OCCCc3ccccc3)ccc2N1,Moderate
O=C1CCc2ccc(OCc3cccc(Cl)c3)cc2N1,Active
O=C1CCc2ccc(OCc3cccc(Br)c3)cc2N1,Active
O=C1CCc2ccc(OCCc3ccccc3)cc2N1,Moderate
O=C1CCc2ccc(OCCCc3ccccc3)cc2N1,Moderate
COc1ccc(-c2cc(=O)c3c(O)cc(O)cc3o2)cc1,Active
CCOC(=O)N1N=C(c2ccccc2O)CC1c1ccc(OC)cc1,Moderate
CCOC(=O)N1N=C(c2ccccc2O)CC1c1ccc(C)cc1,Moderate
CCOC(=O)N1N=C(c2ccccc2O)CC1c1ccc(Cl)cc1,Inactive
CCOC(=O)N1N=C(c2ccccc2O)CC1c1ccccc1,Inactive
Cc1ccc(C2CC(c3ccccc3O)=NN2C(=O)Oc2ccccc2)cc1,Inactive
O=C(Oc1ccccc1)N1N=C(c2ccccc2O)CC1c1ccc(Cl)cc1,Inactive
[2H]C([2H])(C#C)N[C@@H]1c2ccccc2C[C@H]1F,Moderate
O=C(/C=C/C=C/c1ccccc1)c1ccccc1O,Moderate
Cc1ccc(-c2csc(NN=C3CCCC3)n2)cc1,Moderate
Clc1ccc(-c2csc(NN=C3CCCC3)n2)cc1,Moderate
Cc1ccc(-c2csc(N/N=C3\CCCCC3C)n2)cc1,Moderate
COc1ccc(-c2csc(NN=C3CCCC3)n2)cc1,Moderate
O=[N+]([O-])c1ccc(-c2csc(NN=C3CCCC3)n2)cc1,Active
CC1CCC(=NNc2nc(-c3ccc(Cl)cc3)cs2)CC1,Moderate
c1ccc(-c2csc(NN=C3CCCCCC3)n2)cc1,Active
O=C(Nc1cc2ccccc2oc1=O)c1ccccc1,Moderate
COc1cc(O)ccc1C(=O)/C=C/c1ccc(O)cc1,Moderate
C#CCN[C@@H]1CCc2cc(Cl)c(OC(=O)N(C)CCC)cc21,Inactive
C#CCN[C@@H]1CCc2ccc(OC(=O)N(C)CC)cc21,Inactive
N[C@@H]1C[C@H]1c1ccc(Br)cc1,Moderate
NCc1ccc2c(c1)C1(CCN(C(=O)c3ccc(C#Cc4ccccc4)o3)CC1)CO2,Inactive
C#CCNCc1ccnc2c(O)cccc12,Moderate
COc1cc(/C=C2\SC(=S)NC2=O)ccc1O,Moderate
CCOC(=O)c1cc2ccc(N(CC)CC)cc2oc1=O,Inactive
C#CCN1CCN(Cc2ccnc3c(O)cccc23)CC1,Inactive
N[C@H]1C[C@@H]1c1ccccc1,Moderate
C#CCN(C)Cc1ccnc2c(O)cccc12,Active
Cn1c(=O)c2c(nc(/C=C/c3cccc(Cl)c3)n2C)n(C)c1=O,Active
Cc1c(C)c2ccc(OCc3ccc(Cl)cc3)cc2oc1=O,Active
O=C1C=CC(=O)C(c2ccccc2)=C1,Moderate
O=C1CC(c2ccccc2)Oc2ccccc21,Moderate
c1ccc2c(c1)[nH]c1cnccc12,Moderate
Cc1c(C)c2ccc(OCc3ccc(F)cc3)cc2oc1=O,Active
O=C(/C=C/c1ccccc1)c1ccc(O)cc1,Moderate
NCCNC(=O)c1ccc(Cl)cn1,Active
O=c1cc(-c2ccc(O)cc2)oc2cc(O)cc(O)c12,Moderate
O=C1/C(=C/c2ccccc2)Cc2ccccc21,Moderate
CCOC(=O)/C=C/c1ccc(O)c(OC)c1,Moderate
O=C1/C(=C/c2ccccc2)CCc2ccccc21,Moderate
CC(NCc1ccc(OCc2cccc(F)c2)cc1)C(N)=O,Active
C[N+]1=Cc2ccccc2CC1.[I-],Inactive
CN(C)c1ccc(/C=C2\Cc3ccccc3C2=O)cc1,Active
Cc1cc(O)c2c(c1)C(=O)c1cc(O)cc(O)c1C2=O,Moderate
COc1ccc2c(c1)CC[N+](C)=C2.[I-],Inactive
COc1ccc(C2CC(c3ccc(O)cc3O)=NN2C(C)=O)cc1,Inactive
COc1ccccc1C1CC(c2ccc(O)cc2)=NN1C(C)=O,Inactive
O=C1c2ccccc2C(=O)c2c(O)c(O)cc(O)c21,Inactive
CC(=O)N1N=C(c2ccc(O)cc2)CC1c1ccc(C)cc1,Inactive
O=C1c2ccc(O)cc2C(=O)c2ccc(O)cc21,Moderate
O=C1/C(=C/c2ccc(Cl)cc2)CCc2ccccc21,Moderate
NNC(=O)C1(c2ccccc2)CC1F,Active
O=Cc1cccc(OCc2ccccc2)c1,Moderate
CC(=O)N1N=C(c2ccc(O)cc2)CC1c1cccc(Cl)c1,Inactive
CC(=O)N1N=C(c2ccc(O)cc2)CC1c1cccc(C)c1,Inactive
CN(CCCCCCCCCCCCN=C=S)Cc1ccccc1,Moderate
NCCCNCCCCNCCCNCc1cccs1,Inactive
COc1cccc(/C=C2\COc3cc(OCCCCCCNc4c5c(nc6ccccc46)CCCC5)ccc3C2=O)c1,Moderate
COc1ccccc1/C=C1\COc2cc(OCCCCCCNc3c4c(nc5ccccc35)CCCC4)ccc2C1=O,Moderate
COc1ccc(/C=C2\COc3cc(OCCCCCCNc4c5c(nc6ccccc46)CCCC5)ccc3C2=O)cc1OC,Inactive
COc1ccc(/C=C2\COc3cc(OCCCCCCNc4c5c(nc6cc(Cl)ccc46)CCCC5)ccc3C2=O)cc1,Moderate
COc1ccc(/C=C2\COc3cc(OCCCCCCCCNc4c5c(nc6cc(Cl)ccc46)CCCC5)ccc3C2=O)cc1,Moderate
COc1ccc(CC2COc3cc(OCCCCCCNc4c5c(nc6ccccc46)CCCC5)ccc3C2=O)cc1,Moderate
COc1ccc(/C=C2\COc3cc(OCCCCCNc4c5c(nc6ccccc46)CCCC5)ccc3C2=O)cc1,Moderate
COc1ccc(/C=C2\COc3cc(OCCCCCCNc4c5c(nc6ccccc46)CCCC5)ccc3C2=O)cc1,Moderate
COc1ccc(/C=C2\COc3cc(OCCCCCCCCNc4c5c(nc6ccccc46)CCCC5)ccc3C2=O)cc1,Moderate
COc1ccc(/C=C2\COc3cc(OCCCCCCCCCNc4c5c(nc6ccccc46)CCCC5)ccc3C2=O)cc1,Moderate
COc1ccc(/C=C2\COc3cc(OCCCCCCCCCCNc4c5c(nc6ccccc46)CCCC5)ccc3C2=O)cc1,Moderate
CN(C)c1ccc(/C=C2\COc3cc(OCCCCCCNc4c5c(nc6ccccc46)CCCC5)ccc3C2=O)cc1,Moderate
Cc1ccc(/C=C2\COc3cc(OCCCCCCNc4c5c(nc6ccccc46)CCCC5)ccc3C2=O)cc1,Moderate
O=C1/C(=C/c2ccc(F)cc2)COc2cc(OCCCCCCNc3c4c(nc5ccccc35)CCCC4)ccc21,Moderate
O=C1/C(=C/c2ccc(Cl)cc2)COc2cc(OCCCCCCNc3c4c(nc5ccccc35)CCCC4)ccc21,Inactive
Cn1c(=O)c2c(nc3n2CCCN3CC(=O)N2CCN(Cc3ccccc3)CC2)n(C)c1=O,Moderate
Cn1c(=O)c2c(nc3n2CCCN3CC(=O)N2CCN(Cc3ccc(C(F)(F)F)cc3)CC2)n(C)c1=O,Moderate
CCCn1c(=O)c2c(nc3n2CCCN3CC(=O)N2CCN(c3ccccc3)CC2)n(CCC)c1=O,Moderate
CCCn1c(=O)c2c(nc3n2CCCN3CC(=O)N2CCN(c3ccc(Cl)cc3)CC2)n(CCC)c1=O,Moderate
CCCn1c(=O)c2c(nc3n2CCCN3CC(=O)N2CCN(Cc3ccc(C(F)(F)F)cc3)CC2)n(CCC)c1=O,Moderate
CCCn1c(=O)c2c(nc3n2CCCN3CCC(=O)N2CCN(Cc3ccc(Cl)cc3)CC2)n(CCC)c1=O,Moderate
CCn1c(=O)c2c(nc3n2CCCN3c2cccc(OC)c2)n(CC)c1=O,Moderate
CCn1c(=O)c2c(nc3n2CCCN3CCc2ccccc2OC)n(CC)c1=O,Moderate
CCn1c(=O)c2c(nc3n2CCCN3CCc2ccc(OC)cc2)n(CC)c1=O,Moderate
CCn1c(=O)c2c(nc3n2CCCN3CCc2ccc(OC)c(OC)c2)n(CC)c1=O,Moderate
CCn1c(=O)c2c(nc3n2CCCN3C2CCCCC2)n(CC)c1=O,Moderate
Cn1c(=O)c2c(nc3n2CCCN3c2cccc(Cl)c2)n(C)c1=O,Moderate
Cn1c(=O)c2c(nc3n2CCCN3c2ccc(Cl)cc2)n(C)c1=O,Moderate
Cn1c(=O)c2c(nc3n2CCCN3c2ccc(Cl)c(Cl)c2)n(C)c1=O,Moderate
Cn1c(=O)c2c(nc3n2CCCN3Cc2ccc(Cl)c(Cl)c2)n(C)c1=O,Active
Cn1c(=O)c2c(nc3n2CCCN3Cc2cc(Cl)cc(Cl)c2)n(C)c1=O,Moderate
Cn1c(=O)c2c(nc3n2CCCN3CCc2cccc(Cl)c2)n(C)c1=O,Moderate
Cn1c(=O)c2c(nc3n2CCCN3CCc2ccc(Cl)c(Cl)c2)n(C)c1=O,Active
Cn1c(=O)c2c(nc3n2CCCN3CC(=O)N2CCN(c3ccccc3)CC2)n(C)c1=O,Moderate
Cn1c(=O)c2c(nc3n2CCCN3CC(=O)N2CCN(c3ccc(Cl)cc3)CC2)n(C)c1=O,Moderate
C#CCn1c(=O)c2c(nc3n2CCCN3Cc2ccccc2)n(C)c1=O,Moderate
C#CCn1c(=O)c2c(nc3n2CCCN3Cc2ccccc2OC)n(C)c1=O,Moderate
C#CCn1c(=O)c2c(nc3n2CCCN3Cc2cccc(OC)c2)n(C)c1=O,Moderate
C#CCn1c(=O)c2c(nc3n2CCCN3Cc2ccc(OC)cc2)n(C)c1=O,Moderate
C#CCn1c(=O)c2c(nc3n2CCCN3Cc2cccs2)n(C)c1=O,Moderate
CCn1c(=O)c2c(nc3n2CCCN3c2ccc(F)cc2)n(CC)c1=O,Moderate
CCn1c(=O)c2c(nc3n2CCCN3c2ccc(O)cc2)n(CC)c1=O,Moderate
C#CCn1c(=O)c2c(nc3n2CCCN3c2cccc(Br)c2)n(C)c1=O,Moderate
C#CCn1c(=O)c2c(nc3n2CCCN3c2ccc(C(C)C)cc2)n(C)c1=O,Moderate
Cl.NCc1ccc(OCc2ccc(Cl)cc2)cc1,Moderate
Cl.NCc1ccc(OCc2ccccc2)cc1,Moderate
Cl.NCc1ccc(OCc2ccccc2F)cc1,Moderate
Cl.NCc1ccc(OCc2cccc(F)c2)cc1,Moderate
Cl.NCc1ccc(OCc2ccc(F)cc2)cc1,Moderate
Cl.NCc1ccc(OCc2cccc(Cl)c2)cc1,Moderate
O=c1c(O)c(-c2ccccc2)oc2cc(O)cc(O)c12,Moderate
Cl.N[C@@H]1C[C@H]1c1ccc(NC(=O)c2ccc(O)c3ncccc23)cc1,Inactive
N[C@@H]1C[C@H]1c1ccc(NC(=O)c2ccnc(-c3cc(C(=O)O)ccn3)c2)cc1.O=C(O)C(F)(F)F,Inactive
COC(=O)c1ccnc(-c2cc(C(=O)Nc3ccc([C@@H]4C[C@H]4N)cc3)ccn2)c1.Cl,Inactive
CCCCOc1ccc2oc(=O)c(CNCC)cc2c1,Moderate
O=C(O)c1cc2cc([N+](=O)[O-])ccc2oc1=O,Active
CCCNCc1cc2ccccc2oc1=O,Inactive
CCCOc1ccc2oc(=O)c(CN3CCCC3)cc2c1,Inactive
C#CCCCOc1ccc2oc(=O)c(C(=O)OC)cc2c1,Moderate
C#CCCCCOc1ccc2c(c1)NC(=O)CC2,Active
C#CCCOc1ccc2cc(C(=O)OC)c(=O)oc2c1,Moderate
C#CCCCOc1ccc2cc(C(=O)OC)c(=O)oc2c1,Active
C#CCCCOc1ccc2cc(C(=O)c3ccc(OC)cc3)c(=O)oc2c1,Moderate
C#CCCCOc1ccc2cc(C(=O)N3CCN(C(=O)OC(C)(C)C)CC3)c(=O)oc2c1,Moderate
C#CCCCOc1ccc2cc(NC(C)=O)c(=O)oc2c1,Active
C#CCCCOc1ccc2ccc(=O)oc2c1,Active
C#CCCCOc1ccc2c(C)cc(=O)oc2c1,Active
C#CCCCCOc1ccc2cc(C(=O)OC)c(=O)oc2c1,Active
C#CCCCCOc1ccc2oc(=O)c(C(=O)OC)cc2c1,Moderate
C#CCCCCOc1ccc2cc(C(=O)c3ccc(OC)cc3)c(=O)oc2c1,Active
C#CCCCCOc1ccc2cc(NC(C)=O)c(=O)oc2c1,Active
C#CCCCCOc1ccc2oc(=O)c(NC(C)=O)cc2c1,Active
C#CCCCCOc1ccc2ccc(=O)oc2c1,Active
C#CCCCCOc1ccc2c(C)cc(=O)oc2c1,Active
C#CCCCCOc1ccc2cc(-c3ccc(OC)cc3)c(=O)oc2c1,Active
COC(=O)c1cc2ccc(OCc3cccc(F)c3)cc2oc1=O,Active
COC(=O)c1cc2cc(OCc3cccc(Cl)c3)ccc2oc1=O,Active
COC(=O)c1cc2ccc(OCCc3ccc(Cl)cc3)cc2oc1=O,Active
COC(=O)c1cc2cc(OCCc3ccc(Cl)cc3)ccc2oc1=O,Moderate
CC(=O)Nc1cc2ccc(OCc3cccc(Cl)c3)cc2oc1=O,Active
COC(=O)c1cc2ccc(OC/C=C(\C)CCC=C(C)C)cc2oc1=O,Active
COC(=O)c1cc2cc(OC/C=C(\C)CCC=C(C)C)ccc2oc1=O,Moderate
CCCCCCOc1ccc2cc(C(=O)OC)c(=O)oc2c1,Active
C#CCNCCOc1ccc2cc(C(=O)OC)c(=O)oc2c1,Moderate
C#CCNCCOc1ccc2ccc(=O)oc2c1,Moderate
C#CCOc1ccc2cc(C(=O)OC)c(=O)oc2c1,Moderate
COc1ccc2c(c1)cc(CNCc1ccccc1)n2C,Inactive
C#CCNCc1cc2cc(OCCCC3CCN(Cc4ccccc4)CC3)ccc2n1C,Moderate
C=CCNCc1cc2cc(OCCCC3CCN(Cc4ccccc4)CC3)ccc2n1C,Inactive
Cn1c(CNCc2ccccc2)cc2cc(OCCCC3CCN(Cc4ccccc4)CC3)ccc21,Inactive
Cn1c(CNc2ccccc2)cc2cc(OCCCC3CCN(Cc4ccccc4)CC3)ccc21,Inactive
COc1cc(/C=C/c2ccc(OCCCCCCN(C)Cc3ccccc3)cc2)cc(OC)c1,Inactive
CCN(CCCCCCOc1ccc(/C=C/c2cc(OC)cc(OC)c2)cc1)Cc1cccc(F)c1,Inactive
CCN(CC)CCCCCCOc1ccc(/C=C/c2cc(OC)cc(OC)c2)cc1,Moderate
COc1cc(/C=C/c2ccc(OCCCCCCN(C)C)cc2)cc(OC)c1,Moderate
CCCN(CCC)CCCCCCOc1ccc(/C=C/c2cc(OC)cc(OC)c2)cc1,Inactive
COc1cc(/C=C/c2ccc(OCCCCCCN3CCCC3)cc2)cc(OC)c1,Inactive
COc1cc(/C=C/c2ccc(OCCCCCCN3CCCCC3)cc2)cc(OC)c1,Inactive
COc1cc(/C=C/c2ccc(OCCCCCCN3CCCCC3C)cc2)cc(OC)c1,Inactive
COc1cc(/C=C/c2ccc(OCCCCCCN3CCC(O)CC3)cc2)cc(OC)c1,Inactive
COc1cc(/C=C/c2ccc(OCCN(C)Cc3ccccc3)cc2)cc(OC)c1,Inactive
COc1cc(/C=C/c2ccc(OCCCN(C)Cc3ccccc3)cc2)cc(OC)c1,Moderate
COc1cc(/C=C/c2ccc(OCCCCN(C)Cc3ccccc3)cc2)cc(OC)c1,Inactive
COc1cc(/C=C/c2ccc(OCCCCCN(C)Cc3ccccc3)cc2)cc(OC)c1,Inactive
COc1cc(/C=C/c2ccc(OCCCCCCCN(C)Cc3ccccc3)cc2)cc(OC)c1,Inactive
CCN(CCCCCCOc1ccc(/C=C/c2cc(OC)cc(OC)c2)cc1)Cc1ccccc1,Inactive
NC1CC1c1ccccc1,Moderate
Cc1[nH]n(-c2ccccc2)c(=O)c1/C=N/NC(=O)c1cccnc1,Inactive
O=C(O)c1coc2ccccc2c1=O,Active
COc1cc(O)c(C(=O)/C=C/c2ccccc2)c(O)c1,Moderate
O=C(Nc1ccc(Cl)cc1)c1ccc2c(c1)OCCO2,Moderate
O=C(O)CCNc1cc(N2CCc3ccccc3CC2)nc(-c2ccccn2)n1,Inactive
Cc1sc(N/N=C/c2cccs2)nc1-c1ccccc1,Moderate
O=C(/C=C/C=C/c1ccccc1)c1ccco1,Moderate
Cc1sc(N/N=C/c2ccco2)nc1-c1ccccc1,Moderate
CC(C)=NNc1nc(-c2ccc3ccccc3c2)cs1,Moderate
CC/C(C)=N\Nc1nc(-c2ccc3ccccc3c2)cs1,Moderate
CCC/C(C)=N\Nc1nc(-c2ccc3ccccc3c2)cs1,Moderate
CC/C(C)=N/Nc1nc(-c2ccc3ccccc3c2)cs1,Moderate
C/C(CC(C)C)=N/Nc1nc(-c2ccc3ccccc3c2)cs1,Moderate
C=CCC/C(C)=N\Nc1nc(-c2ccc3ccccc3c2)cs1,Moderate
CCCCC/C(C)=N\Nc1nc(-c2ccc3ccccc3c2)cs1,Inactive
CCCC/C(CC)=N\Nc1nc(-c2ccc3ccccc3c2)cs1,Moderate
CC/C(C)=N\Nc1nc(-c2ccccc2)c(C)s1,Moderate
CCC/C(C)=N\Nc1nc(-c2ccccc2)c(C)s1,Moderate
CC/C(C)=N/Nc1nc(-c2ccccc2)c(C)s1,Moderate
C/C(CC(C)C)=N/Nc1nc(-c2ccccc2)c(C)s1,Moderate
C=CCC/C(C)=N\Nc1nc(-c2ccccc2)c(C)s1,Moderate
CCCCC/C(C)=N\Nc1nc(-c2ccccc2)c(C)s1,Moderate
CCCC/C(CC)=N\Nc1nc(-c2ccccc2)c(C)s1,Moderate
CCCCCC/C(C)=N\NC1=NC(c2ccccc2)=C(C)C1,Moderate
c1ccc2cc(-c3csc(NN=C4CCCC4)n3)ccc2c1,Moderate
CC1CCC/C1=N\Nc1nc(-c2ccc3ccccc3c2)cs1,Moderate
CC1CC/C(=N\Nc2nc(-c3ccc4ccccc4c3)cs2)C1,Moderate
c1ccc2cc(-c3csc(NN=C4CCCCC4)n3)ccc2c1,Moderate
CC1CCCC/C1=N\Nc1nc(-c2ccc3ccccc3c2)cs1,Moderate
CC1CCC/C(=N\Nc2nc(-c3ccc4ccccc4c3)cs2)C1,Inactive
CC1CCC(=NNc2nc(-c3ccc4ccccc4c3)cs2)CC1,Inactive
c1ccc2cc(-c3csc(NN=C4CCCCCC4)n3)ccc2c1,Inactive
c1ccc2cc(-c3csc(NN=C4CCCCCCC4)n3)ccc2c1,Moderate
Cc1sc(NN=C2CCCC2)nc1-c1ccccc1,Moderate
Cc1sc(N/N=C2\CCCC2C)nc1-c1ccccc1,Moderate
Cc1sc(N/N=C2\CCC(C)C2)nc1-c1ccccc1,Moderate
Cc1sc(NN=C2CCCCC2)nc1-c1ccccc1,Moderate
Cc1sc(N/N=C2\CCCCC2C)nc1-c1ccccc1,Moderate
Cc1sc(N/N=C2\CCCC(C)C2)nc1-c1ccccc1,Moderate
Cc1sc(NN=C2CCC(C)CC2)nc1-c1ccccc1,Moderate
Cc1sc(NN=C2CCCCCC2)nc1-c1ccccc1,Moderate
Cc1sc(NN=C2CCCCCCC2)nc1-c1ccccc1,Moderate
C(=N/Nc1nc(-c2ccc3ccccc3c2)cs1)\c1ccco1,Moderate
C/C(=N\Nc1nc(-c2ccc3ccccc3c2)cs1)c1ccco1,Moderate
C(=N/Nc1nc(-c2ccc3ccccc3c2)cs1)\c1cccs1,Moderate
C/C(=N\Nc1nc(-c2ccc3ccccc3c2)cs1)c1cccs1,Inactive
C/C(=N\Nc1nc(-c2ccc3ccccc3c2)cs1)c1ccccc1,Moderate
C(=N/Nc1nc(-c2ccc3ccccc3c2)cs1)\c1cccnc1,Moderate
C(=N/Nc1nc(-c2ccc3ccccc3c2)cs1)\c1ccncc1,Moderate
C(=N/Nc1nc(-c2ccc3ccccc3c2)cs1)\c1c[nH]c2ccccc12,Moderate
C(=N/Nc1nc(-c2ccc3ccccc3c2)cs1)\c1cccc2ccccc12,Inactive
C/C(=N\Nc1nc(-c2ccc3ccccc3c2)cs1)c1cc2ccccc2oc1=O,Inactive
C/C(=N\Nc1nc(-c2ccccc2)c(C)s1)c1ccco1,Moderate
C/C(=N\Nc1nc(-c2ccccc2)c(C)s1)c1cccs1,Moderate
C/C(=N\Nc1nc(-c2ccccc2)c(C)s1)c1nccs1,Moderate
C/C(=N\Nc1nc(-c2ccccc2)c(C)s1)C1CCCCC1,Moderate
C/C(=N\Nc1nc(-c2ccccc2)c(C)s1)c1ccccc1,Moderate
C/C(=N\Nc1nc(-c2ccccc2)c(C)s1)c1ccccn1,Moderate
Cc1sc(N/N=C/c2ccncc2)nc1-c1ccccc1,Moderate
Cc1sc(N/N=C/c2ccc3c(c2)OCO3)nc1-c1ccccc1,Moderate
Cc1sc(N/N=C/c2c[nH]c3ccccc23)nc1-c1ccccc1,Moderate
Cc1sc(N/N=C/c2cc3ccccc3oc2=O)nc1-c1ccccc1,Moderate
CN(C)c1ccc(/N=C/c2ccccn2)cc1,Active
CN(C)c1ccc(NCc2ccccn2)cc1,Active
Nc1ccc(NCc2ccccn2)cc1,Inactive
c1ccc(/N=N/c2ccccn2)cc1,Moderate
Cc1ccc(C(=O)Nc2cc3cc(C)ccc3oc2=O)cc1,Moderate
COc1ccc(C(=O)Nc2cc3ccccc3oc2=O)cc1,Inactive
O=C(Nc1cc2ccccc2oc1=O)c1ccc(Cl)cc1,Moderate
COc1ccc(C(=O)Nc2cc3ccccc3oc2=O)cc1OC,Inactive
COc1cc(C(=O)Nc2cc3ccccc3oc2=O)cc(OC)c1OC,Inactive
O=C(Nc1cc2ccccc2oc1=O)c1ccc(Cl)c(Cl)c1,Moderate
O=C(/C=C/c1ccccc1[N+](=O)[O-])c1ccccc1,Moderate
O=C1CCc2ccc(OCCCN3CCCCC3)cc2N1,Moderate
O=c1ccoc2ccc(OCc3ccccc3)cc12,Active
Cc1c(C)c2ccc(OCc3ccc(F)c(F)c3)cc2oc1=O,Active
COc1ccccc1/C=C/C(=O)c1ccc(O)cc1,Moderate
Cc1ccccc1NC(=O)c1cc2ccccc2oc1=O,Moderate
COc1ccccc1NC(=O)c1cc2ccccc2oc1=O,Inactive
O=C(NCCCN1CCOCC1)c1cc2cc(Br)cc(Br)c2oc1=O,Inactive
Cc1ccccc1NC(=O)c1cc2cc(Br)cc(Br)c2oc1=O,Moderate
COc1ccccc1NC(=O)c1cc2cc(Br)cc(Br)c2oc1=O,Inactive
Cc1cccc(NC(=O)c2cc3cc(Br)cc(Br)c3oc2=O)c1,Inactive
O=C(Nc1cccc(C(F)(F)F)c1)c1cc2cc(Br)cc(Br)c2oc1=O,Moderate
O=C(NCCCN1CCOCC1)c1cc2cc([N+](=O)[O-])ccc2oc1=O,Inactive
Cc1ccccc1NC(=O)c1cc2cc([N+](=O)[O-])ccc2oc1=O,Inactive
COc1ccccc1NC(=O)c1cc2cc([N+](=O)[O-])ccc2oc1=O,Inactive
Cc1cccc(NC(=O)c2cc3cc([N+](=O)[O-])ccc3oc2=O)c1,Inactive
O=C(Nc1cccc(C(F)(F)F)c1)c1cc2cc([N+](=O)[O-])ccc2oc1=O,Inactive
CCCCCCN(CCCCCC)C(=O)c1cc2ccccc2oc1=O,Moderate
CC(C)(C)NC(=O)c1cc2cc(Br)cc(Br)c2oc1=O,Inactive
CCC(C)NC(=O)c1cc2cc([N+](=O)[O-])ccc2oc1=O,Inactive
O=C1Nc2ccccc2C1=O,Moderate
CC(C)=NNc1nc(-c2cccc([N+](=O)[O-])c2)cs1,Moderate
O=C1/C(=C/c2ccc(N3CCCCC3)cc2)Oc2cc(O)cc(O)c21,Moderate
CC1(c2ccccc2)OC(/C=C/COc2ccc3ccc(=O)oc3c2)=CC1=O,Moderate
CC1CCC/C1=N\Nc1nc(-c2ccc(F)cc2)cs1,Active
CC1CCC/C1=N\Nc1nc(-c2ccc([N+](=O)[O-])cc2)cs1,Active
CC1CCC/C1=N\Nc1nc(-c2ccc(C#N)cc2)cs1,Active
CC1CCC/C1=N\Nc1nc(-c2ccc(F)cc2F)cs1,Active
CC1CC/C(=N\Nc2nc(-c3ccc(F)cc3)cs2)C1,Active
CC1CC/C(=N\Nc2nc(-c3ccc([N+](=O)[O-])cc3)cs2)C1,Moderate
CC1CC/C(=N\Nc2nc(-c3ccc(C#N)cc3)cs2)C1,Moderate
CC1CC/C(=N\Nc2nc(-c3ccc(F)cc3F)cs2)C1,Active
C[C@@H]1CC/C(=N\Nc2nc(-c3ccc(F)cc3F)cs2)C1,Active
C[C@@H]1CC/C(=N/Nc2nc(-c3ccc(F)cc3F)cs2)C1,Active
CC(=O)c1ccc(OCc2ccccc2)cc1,Moderate
O=C1CCCc2cc(OCc3ccccc3)ccc21,Active
O=C1CCCc2cc(OCc3cccc(F)c3)ccc21,Active
O=C1CCCc2cc(OCc3ccc(F)cc3)ccc21,Active
O=C1CCCc2cc(OCc3cccc(Cl)c3)ccc21,Active
O=C1CCCc2cc(OCc3ccc(Cl)cc3)ccc21,Active
O=C1CCCc2cc(OCc3cccc(Br)c3)ccc21,Active
O=C1CCCc2cc(OCc3ccc(Br)cc3)ccc21,Active
O=C1CCCc2cc(OCc3cccc(I)c3)ccc21,Active
O=C1CCCc2cc(OCc3ccc(I)cc3)ccc21,Active
Cc1ccc(COc2ccc3c(c2)CCCC3=O)cc1,Active
N#Cc1cccc(COc2ccc3c(c2)CCCC3=O)c1,Active
N#Cc1ccc(COc2ccc3c(c2)CCCC3=O)cc1,Active
O=C1CCCc2cc(OCc3ccc(C(F)(F)F)cc3)ccc21,Active
O=C1CCCc2cc(OCCc3ccccc3)ccc21,Active
O=C1CCCc2cc(OCCCc3ccccc3)ccc21,Active
O=C1CCCc2cc(O)ccc21,Inactive
C#CCN(Cc1ccc(O)c2ncccc12)C(C#N)CCC1CCN(Cc2ccccc2)CC1,Inactive
C#CCN(C)Cc1ccc(O)c2ncccc12,Moderate
CC(C)NC(=O)c1cc2cc(Br)cc(Br)c2oc1=O,Inactive
CCC(C)NC(=O)c1cc2cc(Br)cc(Br)c2oc1=O,Inactive
CCCCCCN(CCCCCC)C(=O)c1cc2cc(Br)cc(Br)c2oc1=O,Moderate
O=C(Sc1ccc(Br)cc1)c1cc2ccccc2oc1=O,Moderate
O=C(SCc1ccco1)c1cc2ccccc2oc1=O,Moderate
O=C(Sc1ncccn1)c1cc2ccccc2oc1=O,Moderate
CCCCSC(=O)c1cc2ccccc2oc1=O,Inactive
O=C(Sc1ccc(Br)cc1)c1cc2cc(Br)c(Br)cc2oc1=O,Inactive
O=C(SCc1ccco1)c1cc2cc(Br)c(Br)cc2oc1=O,Moderate
O=C(Sc1ccc(Br)cc1)c1cc2cc([N+](=O)[O-])ccc2oc1=O,Inactive
O=C(SCc1ccco1)c1cc2cc([N+](=O)[O-])ccc2oc1=O,Inactive
O=C(Sc1ccc(Br)cc1)c1cc2cc(C(F)(F)F)ccc2oc1=O,Inactive
CC1=C(/C=N/NC(N)=S)C(C)(C)CC=C1,Inactive
CC(C)(C)NC(=O)c1cc2ccccc2oc1=O,Moderate
CC1=C(/C=N/Nc2nc(-c3cccc([N+](=O)[O-])c3)cs2)C(C)(C)CC=C1,Active
Cc1ccc(/C=C/C(=O)c2cc(Br)ccc2O)cc1,Moderate
Cc1cccc(/C=C/C(=O)c2ccc(Cl)cc2)c1,Moderate
Cc1ccc([C@H]2CC(c3cc(Cl)ccc3O)=NN2C(=O)c2ccncc2)cc1,Moderate
Cc1ccc([C@H]2CC(c3cc(Cl)ccc3O)=NN2C(=O)c2ccco2)cc1,Moderate
Cc1ccc([C@H]2CC(c3cc(Cl)ccc3O)=NN2C(=O)c2ccccc2)cc1,Moderate
COc1ccc(C(=O)N2N=C(c3cc(Cl)ccc3O)C[C@@H]2c2ccc(C)cc2)cc1,Inactive
Cc1ccc([C@H]2CC(c3cc(Cl)ccc3O)=NN2C(=O)c2snnc2C)cc1,Inactive
Cc1ccc([C@H]2CC(c3cc(Br)ccc3O)=NN2C(=O)c2ccncc2)cc1,Moderate
Cc1ccc([C@H]2CC(c3cc(Br)ccc3O)=NN2C(=O)c2ccco2)cc1,Inactive
Cc1ccc([C@H]2CC(c3cc(Br)ccc3O)=NN2C(=O)c2ccccc2)cc1,Inactive
COc1ccc(C(=O)N2N=C(c3cc(Br)ccc3O)C[C@@H]2c2ccc(C)cc2)cc1,Inactive
COc1ccc(/C=C/C(=N\NC(=O)c2ccc(OC)cc2)c2ccc(Br)cc2)cc1,Moderate
COc1ccc(/C=C/C(=N\NC(=O)c2ccco2)c2ccc(Br)cc2)cc1,Moderate
Cc1ccc(/C=C/C(=N\NC(=O)c2cccs2)c2ccc(Cl)cc2)cc1,Moderate
Cc1ccc(/C=C/C(=N/NC(=O)c2snnc2C)c2ccc(Cl)cc2)cc1,Moderate
Cc1cccc(/C=C/C(=N/NC(=O)c2snnc2C)c2ccc(Cl)cc2)c1,Moderate
COc1ccc(/C=C/C(=N/NC(=O)c2snnc2C)c2ccc(Cl)cc2)cc1,Moderate
COc1ccc(/C=C/C(=N\NC(=O)c2ccc(OC)cc2)c2ccc(Cl)cc2)cc1,Moderate
Cc1ccc(/C=C/C(=N/NC(=O)c2snnc2C)c2ccc(O)cc2)cc1,Moderate
COc1ccc(C(/C=C/c2ccc(C)cc2)=N\NC(=O)c2snnc2C)cc1,Moderate
Cc1ccc2c(c1)C=C(C(=O)O)C(=O)C2,Active
O=C(Cl)C1=Cc2cc([N+](=O)[O-])ccc2CC1=O,Moderate
CC(=O)N1N=C(c2ccc(O)cc2O)CC1c1ccccc1C,Active
O=C(Nc1ccc(F)c(Cl)c1)c1ccc2[nH]ncc2c1,Active
O=C(Nc1ccc2cn[nH]c2c1)c1cnc(N2CCOCC2)c(Cl)c1,Moderate
O=C(Nc1ccc2[nH]ncc2c1)c1c(F)cccc1Cl,Moderate
O=C(Nc1ccc2[nH]ncc2c1)c1cccc(Cl)c1Cl,Moderate
O=C(Nc1ccc2[nH]ncc2c1)c1ccc(Cl)c(Cl)c1,Active
O=C(Cc1ccc(Cl)c(Cl)c1)Nc1ccc2[nH]ncc2c1,Moderate
O=C(Nc1ccc(Cl)c(Cl)c1)c1ccc2[nH]ncc2c1,Active
O=C(Nc1ccccc1)c1ccc2[nH]ncc2c1,Moderate
O=C(Nc1cc(Cl)cc(Cl)c1)c1ccc2[nH]ncc2c1,Active
O=C(Nc1ccc(Cl)c(F)c1)c1ccc2[nH]ncc2c1,Active
O=C(Nc1ccc(F)c(F)c1)c1ccc2[nH]ncc2c1,Active
COc1ccc(NC(=O)c2ccc3[nH]ncc3c2)cc1OC,Moderate
COc1ccc(NC(=O)c2ccc3[nH]ncc3c2)cc1Cl,Active
O=C(Nc1ccc(O)c(Cl)c1)c1ccc2[nH]ncc2c1,Moderate
COc1cc(NC(=O)c2ccc3[nH]ncc3c2)ccc1Cl,Active
O=C(Nc1ccc(Cl)c(O)c1)c1ccc2[nH]ncc2c1,Active
O=C(Nc1cnc(Cl)c(Cl)c1)c1ccc2[nH]ncc2c1,Active
O=C(NCc1ccc(Cl)c(Cl)c1)c1ccc2[nH]ncc2c1,Moderate
Cn1ncc2cc(C(=O)Nc3ccc(Cl)c(Cl)c3)ccc21,Active
Cn1cc2cc(C(=O)Nc3ccc(Cl)c(Cl)c3)ccc2n1,Active
O=C(Nc1ccc(Cl)c(Cl)c1)c1ccc2cn[nH]c2c1,Active
O=C(Nc1cc(Cl)cc(Cl)c1)c1ccc2cn[nH]c2c1,Moderate
O=C(Nc1ccc(F)c(Cl)c1)c1ccc2cn[nH]c2c1,Moderate
O=C(Nc1ccc(Cl)c(F)c1)c1ccc2cn[nH]c2c1,Moderate
O=C(Nc1ccc(F)c(F)c1)c1ccc2cn[nH]c2c1,Moderate
COc1ccc(NC(=O)c2ccc3cn[nH]c3c2)cc1Cl,Moderate
COc1cc(NC(=O)c2ccc3cn[nH]c3c2)ccc1Cl,Moderate
O=C(Nc1ccc(Cl)c(O)c1)c1ccc2cn[nH]c2c1,Moderate
O=C(Nc1ccc(Cl)c(Cl)c1)c1ccc2[nH]ccc2c1,Active
Cn1ccc2cc(C(=O)Nc3ccc(Cl)c(Cl)c3)ccc21,Active
O=C(Nc1ccc(Cl)c(Cl)c1)c1ccc2nccn2c1,Moderate
O=C(Nc1ccc(Cl)c(Cl)c1)c1ccc2nncn2c1,Moderate
Clc1ccc(/N=C/c2ccc3[nH]ncc3c2)cc1Cl,Active
Cn1ncc2cc(/C=N/c3ccc(Cl)c(Cl)c3)ccc21,Active
Cc1ccc2c(c1)C=C(C(=O)Cl)C(=O)C2,Active
CCOC(=O)C1=Cc2ccccc2CC1=O,Moderate
C[C@@]1(N)C[C@H]1c1ccccc1.Cl,Active
CC[C@@]1(N)C[C@@H]1c1ccccc1.Cl,Moderate
CCC[C@@]1(N)C[C@H]1c1ccccc1.Cl,Moderate
Cl.N[C@@]1(c2ccccc2)C[C@H]1c1ccccc1,Inactive
Cl.N[C@]1(Cc2ccccc2)C[C@@H]1c1ccccc1,Inactive
Cl.N[C@]1(Cc2ccc3ccccc3c2)C[C@H]1c1ccccc1,Inactive
Cl.N[C@]1(CCc2ccccc2)C[C@H]1c1ccccc1,Moderate
C[C@]1(N)C[C@@H]1c1ccccc1.Cl,Moderate
CC[C@@]1(N)C[C@H]1c1ccccc1.Cl,Inactive
Cl.N[C@]1(c2ccccc2)C[C@H]1c1ccccc1,Moderate
Cl.N[C@]1(Cc2ccccc2)C[C@H]1c1ccccc1,Inactive
C[C@]1(N)C[C@@H]1c1ccccc1.O=C(O)C(F)(F)F,Active
CC[C@]1(N)C[C@@H]1c1ccccc1.Cl,Active
Cl.N[C@@]1(c2ccccc2)C[C@@H]1c1ccccc1,Inactive
Cl.N[C@@]1(Cc2ccccc2)C[C@@H]1c1ccccc1,Inactive
CCOC(=O)C1=Cc2cc(Br)ccc2CC1=O,Moderate
CC1(C)OC(/C=C/COc2ccc3ccc(=O)oc3c2)=CC1=O,Active
CCOc1ccc(C(=O)/C=C/c2ccccc2)cc1,Moderate
Oc1ccc2c(c1)OC[C@H]1c3cc4c(cc3O[C@@H]21)OCO4,Moderate
C[C@@H]1CCC(=NNc2nc(-c3ccc(F)cc3F)cs2)C1,Active
COC[C@@H]1CN(c2noc3cc(OCCCC(F)(F)F)ccc23)C(=O)O1,Active
COC[C@@H]1CN(c2noc3cc(OCCCF)ccc23)C(=O)O1,Moderate
COC[C@@H]1CN(c2noc3cc(OCCCCF)ccc23)C(=O)O1,Moderate
COC[C@@H]1CN(c2noc3cc(OCCCCCF)ccc23)C(=O)O1,Moderate
O=c1cc(CCCl)c2ccc(OCc3cccc(Cl)c3)cc2o1,Active
Cc1ccc2oc(=O)c(-c3ccccc3[N+](=O)[O-])cc2c1,Moderate
Cc1ccc2oc(=O)c(-c3cccc([N+](=O)[O-])c3)cc2c1,Active
Cc1ccc2oc(=O)c(-c3ccc([N+](=O)[O-])cc3)cc2c1,Active
Cc1ccc2oc(=O)c(-c3ccccc3N)cc2c1,Moderate
Cc1ccc2oc(=O)c(-c3cccc(N)c3)cc2c1,Active
Cc1ccc2oc(=O)c(-c3ccc(N)cc3)cc2c1,Active
O=C1c2ccccc2-c2nnc(Cc3ccccc3)cc21,Moderate
O=C1c2ccccc2-c2nnc(-c3ccc(Br)cc3)cc21,Active
NCCNC(=O)c1ccc(Cl)cc1,Moderate
N#Cc1cccc(-c2cc3c(nn2)-c2ccccc2C3=O)c1,Active
COc1cc(O)c(C(=O)/C=C/c2ccccc2O)c(OC)c1,Moderate
O=C(c1ccccc1)N1CCN(C(c2ccccc2)c2ccccc2)CC1,Active
N#Cc1ccc(-c2cc3c(nn2)-c2ccccc2C3=O)cc1,Moderate
O=C(CBr)N1N=C(c2ccc(F)cc2)CC1c1ccccc1O,Inactive
COc1ccc(C2=NN(C(=O)CN3CCCCC3)C(c3ccccc3O)C2)cc1,Inactive
Cc1ccc(C2=NN(C(=O)CN3CCCCC3)C(c3ccccc3O)C2)cc1,Inactive
O=C(CN1CCCCC1)N1N=C(c2ccccc2)CC1c1ccccc1O,Inactive
O=C(CN1CCCCC1)N1N=C(c2ccc(F)cc2)CC1c1ccccc1O,Inactive
O=C(CN1CCCCC1)N1N=C(c2ccc(Cl)cc2)CC1c1ccccc1O,Inactive
Cc1ccc(C2=NN(C(=O)CN3CCCCC3)C(c3cc(Cl)ccc3O)C2)cc1,Inactive
O=C(CN1CCCCC1)N1N=C(c2ccc(Cl)cc2)CC1c1cc(Cl)ccc1O,Inactive
O=C(CN1CCOCC1)N1N=C(c2ccc(Cl)cc2)CC1c1ccccc1O,Inactive
COc1ccc(C2=NN(C(=O)CN3CCOCC3)C(c3cc(Cl)ccc3O)C2)cc1,Inactive
O=C(CN1CCOCC1)N1N=C(c2ccc(F)cc2)CC1c1cc(Cl)ccc1O,Inactive
O=C(CN1CCOCC1)N1N=C(c2ccc(Cl)cc2)CC1c1cc(Cl)ccc1O,Inactive
Cc1ccc(C2=NN(C(=O)Cn3ccnc3)C(c3ccccc3O)C2)cc1,Inactive
O=C(Cn1ccnc1)N1N=C(c2ccccc2)CC1c1ccccc1O,Inactive
Cc1ccc(C2=NN(C(=O)Cn3ccnc3)C(c3cc(Cl)ccc3O)C2)cc1,Inactive
O=C(CN1CCNCC1)N1N=C(c2ccc(F)cc2)CC1c1cc(Cl)ccc1O,Inactive
CC1=NN(C(=O)CN2CCCCC2)C(c2cc(Cl)ccc2O)C1,Inactive
CC1=NN(C(=O)CN2CCOCC2)C(c2cc(Cl)ccc2O)C1,Inactive
CC1=NN(C(=O)CN2CCCCC2)C(c2cc(Br)cc(Br)c2O)C1,Inactive
CC1=NN(C(=O)CN2CCC(=O)CC2)C(c2cc(Br)cc(Br)c2O)C1,Inactive
CC1=NN(C(=O)CN2CCNCC2)C(c2cc(Br)cc(Br)c2O)C1,Moderate
CC1=NN(C(=O)CN2CCN(CCO)CC2)C(c2cc(Br)cc(Br)c2O)C1,Inactive
CC1=NN(C(=O)CN2CCC(CO)CC2)C(c2cc(Br)cc(Br)c2O)C1,Inactive
Cc1cc(=O)oc2cc(/N=C/c3ccc(O)cc3O)ccc12,Moderate
COc1ccc(/C=N/c2ccc3c(C)cc(=O)oc3c2)c(O)c1,Moderate
Cc1ccc(/C=N/c2ccc3c(C)cc(=O)oc3c2)c(O)c1,Moderate
Cc1cc(=O)oc2cc(/N=C/c3ccc(Br)cc3O)ccc12,Moderate
Cc1c(C)c2ccc(/N=C/c3ccccc3O)cc2oc1=O,Moderate
Cc1c(Cl)c(=O)oc2cc(/N=C/c3ccccc3O)ccc12,Moderate
O=c1oc2cc(/N=C/c3ccccc3O)ccc2c2c1CCCC2,Moderate
O=c1oc2cc(/N=C/c3ccccc3O)ccc2c2c1CCC2,Active
Cc1c(C)c2ccc(/N=C/c3ccc(O)cc3O)cc2oc1=O,Moderate
Cc1c(Cl)c(=O)oc2cc(/N=C/c3ccc(O)cc3O)ccc12,Moderate
O=c1oc2cc(/N=C/c3ccc(O)cc3O)ccc2c2c1CCCC2,Moderate
O=c1oc2cc(/N=C/c3ccc(O)cc3O)ccc2c2c1CCC2,Moderate
Cc1cc(=O)[nH]c2cc(/N=C/c3ccccc3O)ccc12,Inactive
Cc1c(C)c2ccc(/N=C/c3ccccc3O)cc2[nH]c1=O,Moderate
Cc1cc(=O)oc2cc(NCc3ccccc3O)ccc12,Inactive
Cc1c(C)c2ccc(NCc3ccccc3O)cc2oc1=O,Moderate
Cc1c(Cl)c(=O)oc2cc(NCc3ccccc3O)ccc12,Moderate
O=c1oc2cc(NCc3ccccc3O)ccc2c2c1CCCC2,Moderate
O=c1oc2cc(NCc3ccccc3O)ccc2c2c1CCC2,Moderate
Cc1ccccc1-c1cc2c(nn1)-c1ccccc1C2=O,Moderate
CC(=O)c1ccc(-c2cc3c(nn2)-c2ccccc2C3=O)cc1,Active
O=C1c2ccccc2-c2nnc(-c3cccc(Cl)c3)cc21,Active
N#Cc1cc2c(Br)c(-c3ccccc3)n(O)c2cc1C#N,Inactive
COc1ccc(-c2c(Br)c3cc(C#N)c(C#N)cc3n2O)cc1,Moderate
Cc1ccc(-c2c(Br)c3cc(C#N)c(C#N)cc3n2O)cc1,Moderate
N#Cc1cc2[nH]c(-c3ccccc3)c(Cl)c2cc1C#N,Moderate
COc1ccc(-c2[nH]c3cc(C#N)c(C#N)cc3c2Cl)cc1,Active
Cc1ccc(-c2[nH]c3cc(C#N)c(C#N)cc3c2Cl)cc1,Active
N#Cc1cc2[nH]c(-c3cccs3)c(Cl)c2cc1C#N,Moderate
N#Cc1ccc(OC/C=C/c2ccccc2)cc1C#N,Moderate
c1ccc(CCCOc2ccc3c(c2)OCO3)cc1,Moderate
Cl.S=C(NCCCNCCCCCNCCCNC(=S)NC(c1ccccc1)c1ccccc1)NC(c1ccccc1)c1ccccc1,Inactive
Cl.S=C(NCCCNCCCCCNCCCNC(=S)NCC(c1ccccc1)c1ccccc1)NCC(c1ccccc1)c1ccccc1,Inactive
Cl.S=C(NCCCNCCCCCNCCCNC(=S)NCCC(c1ccccc1)c1ccccc1)NCCC(c1ccccc1)c1ccccc1,Inactive
Clc1cccc(COc2ccc3c(c2)OCO3)c1,Moderate
Brc1cccc(COc2ccc3c(c2)OCO3)c1,Moderate
c1ccc(CCOc2ccc3c(c2)OCO3)cc1,Moderate
c1ccc(OCCOc2ccc3c(c2)OCO3)cc1,Moderate
Clc1ccc(OCCOc2ccc3c(c2)OCO3)cc1,Moderate
Brc1ccc(OCCOc2ccc3c(c2)OCO3)cc1,Moderate
c1ccc(COc2ccc3c(c2)OCCO3)cc1,Moderate
Clc1cccc(COc2ccc3c(c2)OCCO3)c1,Active
Brc1cccc(COc2ccc3c(c2)OCCO3)c1,Active
c1ccc(CCOc2ccc3c(c2)OCCO3)cc1,Active
c1ccc(CCCOc2ccc3c(c2)OCCO3)cc1,Moderate
c1ccc(OCCOc2ccc3c(c2)OCCO3)cc1,Moderate
Clc1ccc(OCCOc2ccc3c(c2)OCCO3)cc1,Moderate
Brc1ccc(OCCOc2ccc3c(c2)OCCO3)cc1,Moderate
O=C(Cl)C1=Cc2cc(Cl)ccc2CC1=O,Active
O=C1c2ccccc2-c2nnc(-c3ccc(F)cc3)cc21,Active
C#CCN(C)Cc1cc2cc(OCCCC3CCN(Cc4ccccc4C)CC3)ccc2n1C,Moderate
C#CCN(C)Cc1cc2cc(OCCCC3CCN(Cc4ccc(OC(=O)N(C)C)c5ncccc45)CC3)ccc2n1C,Moderate
C#CCN(C)Cc1cc2cc(OCCCC3CCN(Cc4ccccc4)CC3)ccc2[nH]1,Inactive
C#CCNCc1cc2cc(OCCCC3CCN(Cc4ccccc4)CC3)ccc2[nH]1,Inactive
C=CCNCc1cc2cc(OCCCC3CCN(Cc4ccccc4)CC3)ccc2[nH]1,Inactive
CCOC(=O)c1cc2cc(OCCCC3CCN(Cc4ccccc4)CC3)ccc2[nH]1,Moderate
OCc1cc2cc(OCCCC3CCN(Cc4ccccc4)CC3)ccc2[nH]1,Inactive
C#CCN(C)Cc1cc2cc(OCCCC3CCN(Cc4ccc(OC)c5ncccc45)CC3)ccc2n1C,Moderate
O=C(NNc1nc2ccccc2nc1Cc1ccccc1)c1ccc(O)cc1,Active
Cc1ccc(C(=O)NNC(=O)Cn2c(=O)c(Cc3ccccc3)nc3ccccc32)cc1,Active
Cc1cc2c(nn1)-c1ccccc1C2=O,Moderate
N/N=C/c1ccc(Cl)cc1,Active
C#CCNCC(=C)c1cccc(OCc2cccc(F)c2)c1.O=C(O)C(=O)O,Moderate
C#CCN(C)CC(=C)c1cccc(COc2ccccc2)c1.O=C(O)C(=O)O,Moderate
C#CCN(C)CC(=C)c1ccc(COc2ccccc2)cc1.O=C(O)C(=O)O,Moderate
C#CCN(C)CC(=C)c1cccc(CNc2ccccc2)c1.O=C(O)C(=O)O,Moderate
C#CCN(C)CC(=C)c1ccc(CNc2ccccc2)cc1.O=C(O)C(=O)O,Moderate
C#CCN(C)CC(=C)c1cccc(OCc2cccc(F)c2)c1.O=C(O)C(=O)O,Moderate
C#CCN(C)CC(=C)c1cccc(OCc2ccc(F)cc2)c1.O=C(O)C(=O)O,Active
C#CCN(C)CC(=C)c1cccc(OCc2cccc(OC)c2)c1.O=C(O)C(=O)O,Moderate
C#CCN(C)CC(=C)c1cccc(OCc2ccc(OC)cc2)c1.O=C(O)C(=O)O,Moderate
C#CCN(C)CC(=C)c1cccc(COc2cccc(F)c2)c1.O=C(O)C(=O)O,Active
C#CCN(C)CC(=C)c1cccc(COc2ccc(F)cc2)c1.O=C(O)C(=O)O,Active
C#CCN(C)CC(=C)c1cccc(COc2cccc(OC)c2)c1.O=C(O)C(=O)O,Moderate
C#CCN(C)CC(=C)c1cccc(COc2ccc(OC)cc2)c1.O=C(O)C(=O)O,Moderate
C#CCNCC(=C)c1cccc(COc2ccccc2)c1.O=C(O)C(=O)O,Moderate
C#CCN(C)CC(=C)CCc1ccccc1.O=C(O)C(=O)O,Active
C#CCN(C)CC(=C)Cc1ccc(F)c(F)c1.O=C(O)C(=O)O,Moderate
C#CCN(C)CC(=C)c1cccc(Cl)c1.O=C(O)C(=O)O,Active
C#CCN(C)CC(=C)c1ccc(Cl)cc1.O=C(O)C(=O)O,Moderate
C#CCN(C)CC(=C)c1ccc(Br)cc1.Cl,Active
C#CCN(C)CC(=C)c1cccc(F)c1.O=C(O)C(=O)O,Moderate
C#CCN(C)CC(=C)c1ccc(F)cc1.Cl,Moderate
C#CCN(C)CC(=C)c1cccc(OC)c1.O=C(O)C(=O)O,Moderate
C#CCN(C)CC(=C)c1ccc(OC)cc1.Cl,Active
C#CCN(C)CC(=C)c1cccc(OCc2ccccc2)c1.O=C(O)C(=O)O,Moderate
C#CCN(C)CC(=C)c1ccoc1.O=C(O)C(=O)O,Moderate
C#CCN(C)CC(=C)c1cccs1.Cl,Moderate
C#CCNCC(=C)c1ccccc1.Cl,Inactive
C#CCN(C)CC(=C)c1ccccc1.Cl,Moderate
C#CCN(C)CC(=C)c1ccc(C)c(C)c1.O=C(O)C(=O)O,Active
C#CCN(C)CC(=C)c1ccc(F)c(F)c1.O=C(O)C(=O)O,Moderate
C#CCN(C)CC(=C)c1ccc(Cl)c(Cl)c1.O=C(O)C(=O)O,Active
C#CCN(C)CC(=C)c1ccc(F)c(C)c1.O=C(O)C(=O)O,Moderate
C#CCN(C)CC(=C)c1ccc(Cl)c(C)c1.O=C(O)C(=O)O,Active
C#CCN(C)CC(=C)c1ccc(F)c(Cl)c1.O=C(O)C(=O)O,Active
Cl.NC1CC1c1ccc(NC(=O)c2ccccc2)cc1,Moderate
Cl.N[C@H]1C[C@@H]1c1ccc(NC(=O)c2ccccc2)cc1,Inactive
Cl.N[C@@H]1C[C@H]1c1ccc(NC(=O)c2ccccc2)cc1,Inactive
Cl.N[C@@H]1C[C@H]1c1cccc(NC(=O)c2ccccc2)c1,Inactive
Cl.N[C@@H]1C[C@@H]1c1ccc(NC(=O)c2ccccc2)cc1,Inactive
Cl.N[C@H]1C[C@H]1c1ccc(NC(=O)c2ccccc2)cc1,Inactive
Cl.N[C@H]1C[C@H]1c1cccc(NC(=O)c2ccccc2)c1,Inactive
COc1ccc2c(c1)O/C(=C\c1ccc(OCCN(C)C)cc1)C2=O,Moderate
COc1ccc2c(c1)O/C(=C\c1ccc(OCCN3CCCCC3)cc1)C2=O,Moderate
COc1ccc2c(c1)O/C(=C\c1ccc(N(C)C)cc1)C2=O,Moderate
CCN(CC)c1ccc(/C=C2\Oc3cc(OC)ccc3C2=O)cc1,Moderate
COc1ccc2c(c1)O/C(=C\c1ccncc1)C2=O,Moderate
COc1ccc2c(c1)O/C(=C\c1ccc(OCCCN(C)C)cc1)C2=O,Moderate
COc1ccc(/C=C2\Oc3cc(OC)ccc3C2=O)cc1,Moderate
O=c1oc2cc(OCCN3CCN(CCCNc4c5c(nc6ccccc46)CCCC5)CC3)ccc2c2c1CCCC2,Moderate
Nc1cc(=O)oc2cc(OCCN3CCN(CCCNc4c5c(nc6ccccc46)CCCC5)CC3)ccc12,Inactive
O=c1cc(C(F)(F)F)c2ccc(OCCN3CCN(CCCNc4c5c(nc6ccccc46)CCCC5)CC3)cc2o1,Inactive
CCOc1cc(=O)oc2cc(OCCN3CCN(CCCNc4c5c(nc6ccccc46)CCCC5)CC3)ccc12,Inactive
COc1cc(=O)oc2cc(OCCN3CCN(CCCNc4c5c(nc6ccccc46)CCCC5)CC3)ccc12,Moderate
Cc1c(Cl)c(=O)oc2cc(OCCN3CCN(CCCNc4c5c(nc6ccccc46)CCCC5)CC3)ccc12,Moderate
Cc1c(C)c2ccc(OCCN3CCN(CCCNc4c5c(nc6ccccc46)CCCC5)CC3)cc2oc1=O,Moderate
Cc1cc2ccc(OCCN3CCN(CCCNc4c5c(nc6ccccc46)CCCC5)CC3)cc2oc1=O,Moderate
Cc1cc(=O)oc2cc(OCCN3CCN(CCCNc4c5c(nc6ccccc46)CCCC5)CC3)ccc12,Moderate
O=c1ccc2ccc(OCCCCCCN3CCN(CCCNc4c5c(nc6ccccc46)CCCC5)CC3)cc2o1,Moderate
O=c1ccc2ccc(OCCCCCN3CCN(CCCNc4c5c(nc6ccccc46)CCCC5)CC3)cc2o1,Moderate
O=c1ccc2ccc(OCCCCN3CCN(CCCNc4c5c(nc6ccccc46)CCCC5)CC3)cc2o1,Moderate
O=c1ccc2ccc(OCCCN3CCN(CCCNc4c5c(nc6ccccc46)CCCC5)CC3)cc2o1,Moderate
O=c1ccc2ccc(OCCN3CCN(CCCNc4c5c(nc6ccccc46)CCCC5)CC3)cc2o1,Moderate
O=c1ccc2ccc(OCCCCCCN3CCN(CCNc4c5c(nc6ccccc46)CCCC5)CC3)cc2o1,Moderate
O=c1ccc2ccc(OCCCCCN3CCN(CCNc4c5c(nc6ccccc46)CCCC5)CC3)cc2o1,Moderate
O=c1ccc2ccc(OCCCCN3CCN(CCNc4c5c(nc6ccccc46)CCCC5)CC3)cc2o1,Moderate
O=c1ccc2ccc(OCCCN3CCN(CCNc4c5c(nc6ccccc46)CCCC5)CC3)cc2o1,Moderate
O=c1ccc2ccc(OCCN3CCN(CCNc4c5c(nc6ccccc46)CCCC5)CC3)cc2o1,Moderate
CCOc1ccc(C(=O)/C=C/c2ccc(C(F)(F)F)cc2)cc1,Moderate
Cl.N[C@H]1C[C@@H]1c1ccc(NC(=O)[C@H](Cc2ccccc2)NC(=O)OCc2ccccc2)cc1,Inactive
Cl.N[C@@H]1C[C@H]1c1ccc(NC(=O)[C@H](Cc2ccccc2)NC(=O)OCc2ccccc2)cc1,Inactive
Cc1c(C)c2ccc(OCc3ccccc3C#N)cc2oc1=O,Active
O=C1NC(=O)c2cc(OCc3ccccc3)ccc21,Active
Cc1c(C)c2cc(OCc3ccccc3)c(O)cc2oc1=O,Moderate
CCOc1ccc(C(=O)/C=C/c2ccc(F)cc2)cc1,Active
COc1ccc(C(=O)/C=C/c2ccccc2)cc1,Moderate
COc1ccc2c(=O)cc(-c3ccc(F)cc3)oc2c1,Moderate
CC/N=C1/CCc2c1n(C)c1ccccc21,Inactive
Cc1c(C)c2ccc(NCc3ccccc3)cc2oc1=O,Active
Cc1cc2c(nn1)-c1cc(OCCCC(F)(F)F)ccc1C2=O,Moderate
N#CCCN1CC(=O)OC(c2ccc(OCc3ccccc3)cc2)=N1,Active
COc1ccc(-c2cc(=O)c3c(O)cc(OC)cc3o2)cc1,Moderate
Cl.NC(=O)[C@@H]1CC[C@H](c2ccc(OCc3ccccc3F)cc2)N1,Active
N[C@@H]1C[C@H]1c1ccc(NC(=O)c2ccccc2)cc1,Moderate
CN(CCCCCCN1C(=O)c2ccccc2C1=O)Cc1ccccc1,Moderate
CN(CCCCN1C(=O)c2ccccc2C1=O)Cc1ccccc1,Moderate
C#CCN(C)C(C)Cc1cccc(OC(=O)N(C)CCCCCC)c1,Moderate
Cc1c(C)c2ccc(OCc3cccc(C#N)c3)cc2oc1=O,Active
Cc1c(C)c2ccc(OCc3cccc([N+](=O)[O-])c3)cc2oc1=O,Active
Cc1c(C)c2ccc(OCc3c(F)c(F)c(F)c(F)c3F)cc2oc1=O,Active
NNC(=O)CN1C(=O)c2ccccc2NC1c1ccc2c(c1)OCO2,Inactive
C#CCN(C)[C@H](C)Cc1ccc(NCc2ncccc2OC)cc1,Moderate
C#CCN(C)[C@H](C)Cc1ccc(NCc2ncccc2C)cc1,Moderate
C#CCN(C)[C@H](C)Cc1ccc(NCc2ccccc2O)cc1,Moderate
C#CCN(C)[C@H](C)Cc1ccc(NCc2cc(OC)ccc2O)cc1,Moderate
C#CCN(C)[C@H](C)Cc1ccc(NCc2cc(Cl)ccc2O)cc1,Moderate
C#CCN(C)[C@H](C)Cc1ccc(NCc2cc([N+](=O)[O-])ccc2O)cc1,Moderate
C#CCN(C)[C@H](C)Cc1ccc(NCc2cc(O)ccc2O)cc1,Moderate
Cc1c(C)c2ccc(OCCCN(C)Cc3ccccc3)cc2oc1=O.Cl,Moderate
Cc1c(C)c2ccc(OCCCCN(C)Cc3ccccc3)cc2oc1=O,Active
Cc1c(C)c2ccc(OCCCCCNCc3ccccc3)cc2oc1=O.Cl,Active
Cc1c(C)c2ccc(OCCCCCCN(C)Cc3ccccc3)cc2oc1=O,Moderate
CCN(CCCCCCOc1ccc2c(C)c(C)c(=O)oc2c1)Cc1ccccc1.Cl,Active
CN(Cc1ccccc1)Cc1ccc(COc2ccc3ccc(=O)oc3c2)cc1,Active
Cc1c(C)c2ccc(OCc3ccc(CN(C)Cc4ccccc4)cc3)cc2oc1=O.Cl,Active
CN(Cc1ccc(C#N)cc1)Cc1ccc(COc2ccc3ccc(=O)oc3c2)cc1.Cl,Active
Cc1cc2ccc(OCc3ccc(CN(C)Cc4ccc(C#N)cc4)cc3)cc2oc1=O.Cl,Active
Cc1cc(=O)oc2cc(OCc3ccc(CN(C)Cc4ccc(C#N)cc4)cc3)ccc12.Cl,Active
Cc1c(C)c2ccc(OCc3ccc(CN(C)Cc4ccc(C#N)cc4)cc3)cc2oc1=O.Cl,Active
CN(Cc1ccccc1)Cc1ccc(COc2ccc3c(CO)cc(=O)oc3c2)cc1.Cl,Moderate
CN(Cc1ccc(COc2ccc3c(CO)cc(=O)oc3c2)cc1)Cc1cccc(Cl)c1.Cl,Active
CN(Cc1ccc(C#N)cc1)Cc1ccc(COc2ccc3c(CO)cc(=O)oc3c2)cc1.Cl,Active
CN(Cc1ccccc1)Cc1ccc(COc2ccc3ccc(=O)[nH]c3c2)cc1.Cl,Moderate
CN(Cc1ccccc1)Cc1ccc(COc2ccc3c(CO)cc(=O)oc3c2)cc1,Active
C(=C/Cc1ccccc1)\Cc1ccccc1,Active
C#CN(C)Cc1ccc(CC(=O)NC2CC(C)(C)N([O])C(C)(C)C2)cc1,Active
C#CN(C)Cc1ccc(C(=O)NC2CC(C)(C)N([O])C(C)(C)C2)cc1,Inactive
C#CCN(C)c1nc2nc(CCC3CCN(Cc4ccccc4)CC3)ccc2c(-c2ccccc2)c1C#N,Active
c1ccc2c(c1)c1cnccc1n2CCCCCCn1c2ccccc2c2cnccc21,Moderate
c1ccc2c(c1)c1cnccc1n2CCCCCCCn1c2ccccc2c2cnccc21,Moderate
c1ccc2c(c1)c1cnccc1n2CCCCCCCCn1c2ccccc2c2cnccc21,Inactive
c1ccc2c(c1)c1cnccc1n2CCCCCCCCCn1c2ccccc2c2cnccc21,Moderate
COc1ccc2c(c1)c1cnccc1n2CCCCCCCCCn1c2ccncc2c2cc(OC)ccc21,Moderate
C[n+]1ccc2c(c1)c1ccccc1n2CCCCCCn1c2ccccc2c2c[n+](C)ccc21.[I-].[I-],Active
C[n+]1ccc2c(c1)c1ccccc1n2CCCCCCCn1c2ccccc2c2c[n+](C)ccc21.[I-].[I-],Active
C[n+]1ccc2c(c1)c1ccccc1n2CCCCCCCCn1c2ccccc2c2c[n+](C)ccc21.[I-].[I-],Active
C[n+]1ccc2c(c1)c1ccccc1n2CCCCCCCCCn1c2ccccc2c2c[n+](C)ccc21.[I-].[I-],Active
COc1ccc2c(c1)c1c[n+](C)ccc1n2CCCCCCCCCn1c2ccc(OC)cc2c2c[n+](C)ccc21.[I-].[I-],Moderate
CC[n+]1ccc2c(c1)c1ccccc1n2CCCCCCCCCn1c2ccccc2c2c[n+](CC)ccc21.[I-].[I-],Moderate
OCC[n+]1ccc2c(c1)c1ccccc1n2CCCCCCCCCn1c2ccccc2c2c[n+](CCO)ccc21.[I-].[I-],Inactive
CCC[n+]1ccc2c(c1)c1ccccc1n2CCCCCCCCCn1c2ccccc2c2c[n+](CCC)ccc21.[I-].[I-],Inactive
CN1CCc2c(c3ccccc3n2CCCCCCn2c3c(c4ccccc42)CN(C)CC3)C1,Moderate
CN1CCc2c(c3ccccc3n2CCCCCCCn2c3c(c4ccccc42)CN(C)CC3)C1,Moderate
CN1CCc2c(c3ccccc3n2CCCCCCCCn2c3c(c4ccccc42)CN(C)CC3)C1,Moderate
CN1CCc2c(c3ccccc3n2CCCCCCCCCn2c3c(c4ccccc42)CN(C)CC3)C1,Moderate
COc1ccc2c(c1)c1c(n2CCCCCCCCCn2c3c(c4cc(OC)ccc42)CN(C)CC3)CCN(C)C1,Moderate
COc1ccc(C(=O)/C=C/c2cccc(OC)c2)cc1,Moderate
O=C(/C=C/c1ccccc1C(F)(F)F)c1ccc(O)cc1,Active
O=C(/C=C/c1ccccc1C(F)(F)F)Nc1ccccc1,Moderate
O=C(/C=C/c1ccccc1C(F)(F)F)Nc1cccc(O)c1,Moderate
O=C(/C=C/c1ccccc1C(F)(F)F)Nc1cccc(F)c1,Moderate
O=C(/C=C/c1cccc(C(F)(F)F)c1)Nc1cccc(F)c1,Moderate
O=C(/C=C/c1ccc(C(F)(F)F)cc1)Nc1cccc(F)c1,Moderate
O=C(/C=C/c1ccc(C(F)(F)F)cc1)Nc1ccccc1F,Moderate
O=C(/C=C/c1ccc(C(F)(F)F)cc1)Nc1ccc(F)cc1,Moderate
O=C(/C=C/c1ccccc1C(F)(F)F)Oc1ccccc1,Moderate
COc1ccc(OC(=O)/C=C/c2ccccc2C(F)(F)F)cc1,Moderate
COc1ccc(OC(=O)/C=C/c2ccccc2Cl)cc1,Moderate
Cn1cccc1C(=O)C(N)c1ccccc1,Inactive
COc1cccc(-c2cc3cc([N+](=O)[O-])ccc3o2)c1,Active
COc1ccc(/C=C/c2cc(OC)cc(OC)c2/C=C/C(=O)c2cc3ccccc3oc2=O)cc1,Moderate
COc1ccc(/C=C/c2cc(OC)cc(OC)c2/C=C/C(=O)c2cc3cccc(OC)c3oc2=O)cc1,Inactive
COc1ccc(/C=C/c2cc(OC)cc(OC)c2/C=C/C(=O)c2cc3ccc(OC)cc3oc2=O)cc1,Moderate
COc1ccc(/C=C/c2cc(OC)cc(OC)c2/C=C/C(=O)c2cc3c(OC)cccc3oc2=O)cc1,Inactive
COc1ccc(/C=C/c2cc(OC)cc(OC)c2/C=C/C(=O)c2cc3cccc(C)c3oc2=O)cc1,Inactive
COc1ccc(/C=C/c2cc(OC)cc(OC)c2/C=C/C(=O)c2cc3ccc(C)cc3oc2=O)cc1,Moderate
COc1ccc(/C=C/c2cc(OC)cc(OC)c2/C=C/C(=O)c2cc3cc(C)ccc3oc2=O)cc1,Moderate
COc1ccc(/C=C/c2cc(OC)cc(OC)c2/C=C/C(=O)c2cc3cc(F)ccc3oc2=O)cc1,Inactive
COc1ccc(/C=C/c2cc(OC)cc(OC)c2/C=C/C(=O)c2cc3ccc(Cl)cc3oc2=O)cc1,Moderate
COc1ccc(/C=C/c2cc(OC)cc(OC)c2/C=C/C(=O)c2cc3ccc(Br)cc3oc2=O)cc1,Inactive
CCOc1ccc2cc(C(=O)/C=C/c3c(/C=C/c4ccc(OC)cc4)cc(OC)cc3OC)c(=O)oc2c1,Inactive
COc1ccc(/C=C/c2cc(OC)cc(OC)c2/C=C/C(=O)c2cc3c(OC)cc(OC)cc3oc2=O)cc1,Inactive
C=CCc1cc(OC)c2oc(=O)c(C(=O)/C=C/c3c(/C=C/c4ccc(OC)cc4)cc(OC)cc3OC)cc2c1,Inactive
CCOc1ccc(/C=C2\SC(=O)N(CCN)C2=O)cc1,Active
COc1cc(O)c2c(=O)c3cccc(O)c3oc2c1,Inactive
c1ccc(C2C[C@@H]2NCc2cccnc2)cc1,Inactive
CN1CCN(C(=O)CN[C@H]2C[C@@H]2c2ccc(OCc3ccc(Cl)cc3)cc2)CC1,Moderate
CC(C(=O)c1cccn1C)N1CCCCC1,Inactive
Fc1ccc(CN[C@H]2CC2c2ccccc2)cc1,Moderate
N#Cc1ccc(CN[C@H]2CC2c2ccccc2)cc1,Moderate
FC(F)(F)c1ccc(CN[C@H]2CC2c2ccccc2)cc1,Moderate
c1ccc(C2C[C@@H]2NCc2ccccn2)cc1,Inactive
c1ccc(C2C[C@@H]2NCc2ccncc2)cc1,Inactive
Cc1cccc(CN[C@H]2CC2c2ccccc2)n1,Inactive
c1ccc(C2C[C@@H]2NCc2nccs2)cc1,Inactive
Fc1cccc(CN[C@H]2CC2c2ccccc2)c1,Inactive
Fc1ccccc1CN[C@H]1CC1c1ccccc1,Moderate
COc1cccc(CN[C@H]2CC2c2ccccc2)c1,Moderate
FC(F)(F)c1ccc(CN[C@H]2CC2c2ccccc2)cn1,Moderate
Clc1ccc(CN[C@H]2CC2c2ccccc2)cn1,Moderate
Cc1ccnc(CN[C@H]2CC2c2ccccc2)c1,Moderate
COc1cccc(CN[C@H]2CC2c2ccccc2)n1,Moderate
Brc1cccc(CN[C@H]2CC2c2ccccc2)n1,Moderate
COc1ccc(CN[C@H]2CC2c2ccc(Oc3ccccc3)cc2)cc1,Moderate
Fc1ccc(CN[C@H]2CC2c2ccc(Oc3ccccc3)cc2)cc1,Moderate
c1ccc(C2C[C@@H]2NCc2ccc3ccccc3n2)cc1,Moderate
FC(F)(F)c1ccc(CN[C@H]2CC2c2ccccc2)nc1,Moderate
Fc1cccnc1CN[C@H]1CC1c1ccccc1,Moderate
c1ccc(C2C[C@@H]2NCc2cnc3ccccc3c2)cc1,Moderate
COc1ccc(CN[C@H]2CC2c2ccccc2)cn1,Moderate
COc1cncc(CN[C@H]2CC2c2ccccc2)c1,Inactive
COc1ncccc1CN[C@H]1CC1c1ccccc1,Inactive
C1=Nc2ccccc2C1CN[C@H]1CC1c1ccccc1,Inactive
N#Cc1cccc(CN[C@H]2CC2c2ccccc2)c1,Moderate
COc1ccccc1CN[C@H]1CC1c1ccccc1,Inactive
Nc1ncccc1CN[C@H]1CC1c1ccccc1,Moderate
Clc1ncccc1CN[C@H]1CC1c1ccccc1,Inactive
COc1ccc(CN[C@H]2CC2c2ccccc2)cc1OC,Inactive
c1ccc(C2C[C@@H]2NCc2ccc3c(c2)CCO3)cc1,Moderate
c1ccc(C2C[C@@H]2NCc2ccc3c(c2)OCO3)cc1,Moderate
c1ccc(C2C[C@@H]2NCc2ccc3c(c2)OCCO3)cc1,Moderate
COc1cc(F)c(CN[C@H]2CC2c2ccccc2)c(F)c1,Inactive
COc1ccc(F)cc1CN[C@H]1CC1c1ccccc1,Moderate
COc1ccc(CN[C@H]2CC2c2ccccc2)c(F)c1,Inactive
COc1ccc(CN[C@H]2CC2c2ccccc2)cc1C,Inactive
COc1ccc(CN[C@H]2CC2c2ccccc2)cc1Cl,Moderate
COc1ccc(CN[C@H]2CC2c2ccccc2)cc1F,Moderate
COc1ccc(CN[C@H]2CC2c2ccccc2)c(C)c1,Inactive
c1ccc(C2C[C@@H]2NCc2cccc3c2OCCCO3)cc1,Moderate
c1ccc(C2C[C@@H]2NCc2ccc3c(c2)OCCCO3)cc1,Moderate
CC1(C)CCc2cc(CN[C@H]3CC3c3ccccc3)ccc2O1,Moderate
COc1ccc(CN[C@H]2CC2c2ccccc2)c(C)c1C,Inactive
COc1cc(C)c(CN[C@H]2CC2c2ccccc2)cc1C,Inactive
COc1ccc(CN[C@H]2CC2c2ccccc2)c(Cl)c1OC,Moderate
c1ccc(C2C[C@@H]2NCc2ccc3[nH]ccc3c2)cc1,Moderate
c1ccc(COc2ccc(C3C[C@@H]3NCc3ccccn3)cc2)cc1,Moderate
COc1ccccc1CN[C@H]1CC1c1ccc(OCc2ccccc2)cc1,Moderate
CC(N[C@H]1CC1c1ccccc1)c1ccc2c(c1)OCCO2,Moderate
O=C(CN[C@H]1C[C@@H]1c1ccccc1)NC1CC1,Inactive
CN(C)[C@H]1CCN(C(=O)CN[C@H]2C[C@@H]2c2ccccc2)C1,Inactive
CN(C)[C@@H]1CCN(C(=O)CN[C@H]2C[C@@H]2c2ccccc2)C1,Moderate
CN1CCN(C(=O)CN[C@H]2C[C@@H]2c2ccccc2)CC1,Inactive
O=C(CN[C@H]1C[C@@H]1c1ccccc1)N1CCN(Cc2ccccc2)CC1,Moderate
O=C(CN[C@H]1C[C@@H]1c1ccccc1)N1CCN(c2ccccc2)CC1,Moderate
CN1CCN(C(=O)CN[C@H]2C[C@@H]2c2ccc(OCc3ccccc3)cc2)CC1,Moderate
O=C(CN[C@H]1C[C@@H]1c1ccc(OCc2ccccc2)cc1)NC1CC1,Moderate
CN1CCN(C(=O)CN[C@H]2C[C@@H]2c2ccc(OCc3cccc(F)c3)cc2)CC1,Moderate
CN1CCN(C(=O)CN[C@H]2C[C@@H]2c2ccc(OCc3ccc(F)cc3)cc2)CC1,Moderate
CN1CCN(C(=O)CN[C@H]2C[C@@H]2c2ccc(OCc3cccc(Cl)c3)cc2)CC1,Moderate
CN1CCN(C(=O)CN[C@H]2C[C@@H]2c2ccc(OCc3cccc(Br)c3)cc2)CC1,Moderate
[C-]#[N+]c1ccc(COc2ccc([C@H]3C[C@@H]3NCC(=O)N3CCN(C)CC3)cc2)cc1,Moderate
CN1CCN(C(=O)CN[C@H]2C[C@@H]2c2ccc(OCCc3ccccc3)cc2)CC1,Inactive
CN1CCN(C(=O)CN[C@H]2C[C@@H]2c2ccc(OCc3ccc(-c4ccccc4)cc3)cc2)CC1,Moderate
CN1CCN(C(=O)CN[C@H]2C[C@@H]2c2ccc(-c3ccccc3)cc2)CC1,Inactive
COc1cccc(-c2ccc([C@H]3C[C@@H]3NCC(=O)N3CCN(C)CC3)cc2)c1,Inactive
COc1ccc(-c2ccc([C@H]3C[C@@H]3NCC(=O)N3CCN(C)CC3)cc2)cc1,Inactive
CN1CCN(C(=O)CN[C@H]2C[C@@H]2c2ccc(-c3cccc(C#N)c3)cc2)CC1,Inactive
CN1CCN(C(=O)CN[C@H]2C[C@@H]2c2ccc(-c3ccc(C#N)cc3)cc2)CC1,Moderate
CN1CCN(C(=O)CN[C@H]2C[C@@H]2c2ccc(-c3ccc(F)cc3)cc2)CC1,Inactive
Cc1nccn1-c1ccc2nc(-c3ccccc3)ncc2c1,Moderate
Cc1cn(-c2ccc3nc(-c4ccccc4)ncc3c2)cn1,Moderate
Cc1cncn1-c1ccc2nc(-c3ccccc3)ncc2c1,Moderate
COc1ccc(-c2ncc3cc(-n4cnc(C)c4)ccc3n2)cc1,Moderate
COc1ccccc1-c1ncc2cc(-n3cnc(C)c3)ccc2n1,Moderate
Cc1cn(-c2ccc3nc(-c4ccc5c(c4)OCO5)ncc3c2)cn1,Moderate
c1cn(-c2ccc3nc(-c4ccc5c(c4)OCO5)ncc3c2)cn1,Moderate
c1cn(-c2ccc3nc(-c4ccc5occc5c4)ncc3c2)cn1,Moderate
c1cn(-c2ccc3nc(-c4ccc5c(c4)OCCO5)ncc3c2)cn1,Moderate
c1cn(-c2ccc3nc(-c4ccc5c(c4)OCO5)ccc3c2)cn1,Moderate
c1ccc(-c2ccc3cc(-n4ccnc4)ccc3n2)cc1,Moderate
COc1ccc(-c2ccc3cc(-n4ccnc4)ccc3n2)cc1,Moderate
COc1ccccc1-c1ccc2cc(-n3ccnc3)ccc2n1,Moderate
c1cn(-c2ccc3nc(-c4ccoc4)ccc3c2)cn1,Moderate
Fc1ccc(-c2ccc3cc(-n4ccnc4)ccc3n2)cc1,Moderate
CN(C)c1ccc(-c2ccc3cc(-n4ccnc4)ccc3n2)cc1,Moderate
FC(F)(F)Oc1ccc(-c2ccc3cc(-n4ccnc4)ccc3n2)cc1,Moderate
Cc1cc(OC(F)(F)F)ccc1-c1ccc2cc(-n3ccnc3)ccc2n1,Moderate
CS(=O)(=O)c1ccc(-c2ccc3cc(-n4ccnc4)ccc3n2)cc1,Moderate
CN1CCN(C(=O)CN[C@H]2C[C@@H]2c2ccc(-c3cccc(C(F)(F)F)c3)cc2)CC1,Inactive
CN1CCN(C(=O)CN[C@H]2C[C@@H]2c2ccc(-c3ccc(S(C)(=O)=O)cc3)cc2)CC1,Inactive
CN1CCN(C(=O)CN[C@H]2CC2c2ccc(-c3cc(Cl)cc(Cl)c3)cc2)CC1,Inactive
CN1CCN(C(=O)CN[C@H]2C[C@@H]2c2ccc(-c3ccc(F)cc3F)cc2)CC1,Inactive
CN1CCN(C(=O)CN[C@H]2C[C@@H]2c2ccc(-c3ccccc3F)cc2)CC1,Inactive
CN1CCN(C(=O)CN[C@H]2C[C@@H]2c2ccc(OCc3ccc(C(F)(F)F)cc3)cc2)CC1,Moderate
CN1CCN(C(=O)CN[C@H]2C[C@@H]2c2ccc(-c3ccc(OC(F)(F)F)cc3)cc2)CC1,Moderate
CN1CCN(C(=O)CN[C@H]2C[C@@H]2c2ccc(-c3cccc(F)c3)cc2)CC1,Inactive
CN1CCN(C(=O)CN[C@H]2C[C@@H]2c2ccc(-c3cccc(Cl)c3)cc2)CC1,Inactive
CN1CCN(C(=O)CN[C@H]2C[C@@H]2c2ccc(-c3ccc(Cl)cc3)cc2)CC1,Inactive
COc1ncccc1-c1ccc([C@H]2C[C@@H]2NCC(=O)N2CCN(C)CC2)cc1,Inactive
CN1CCN(C(=O)CN[C@H]2C[C@@H]2c2ccc(CCc3ccccc3)cc2)CC1,Inactive
CN1CCN(C(=O)CN[C@H]2C[C@@H]2c2ccc(C3CC3)cc2)CC1,Inactive
Cn1cccc1C(=O)CN1CCCCC1,Inactive
N[C@@H]1CC1c1ccccc1,Moderate
C#CCN(C)Cc1ccc(OC)c2ncccc12,Active
C#CCN(C)CCc1ccc(O)c2ncccc12,Active
C#CCN(C)CCCc1ccc(O)c2ncccc12,Active
CC(=O)N[C@H]1CC(=O)N(c2ccc(OCc3cccc(F)c3)cc2)C1,Active
C#CCN[C@@H]1CCc2ccc(O)cc21,Inactive
Cc1cc(=O)oc2cc(OC3CCCC3=O)ccc12,Moderate
Cn1cccc1C(=O)C(c1ccccc1)N1CCN(Cc2ccccc2)CC1,Moderate
O=C(/C=C/c1ccc(C(F)(F)F)cc1)c1ccc(Cl)s1,Moderate
Cc1ccc2oc(=O)c(-c3cccc(OCCCCBr)c3)cc2c1,Inactive
Cc1ccc2oc(=O)c(-c3ccccc3OCc3ccccc3)cc2c1,Moderate
Cc1ccc2oc(=O)c(-c3cccnc3)cc2c1,Moderate
Cc1ccc2oc(=O)c(-c3cccc(OC(=O)N(C)C)c3)cc2c1,Moderate
O=C(/C=C/c1ccc(F)c(Br)c1)c1ccc(Cl)s1,Moderate
Cc1ccc2oc(=O)c(-c3cccs3)cc2c1,Moderate
O=C(/C=C/c1ccc(C(F)(F)F)cc1)c1ccc[nH]1,Moderate
Cc1ccc2oc(=O)c(-c3cccc(OCCN(C)C)c3)cc2c1,Moderate
CC(=O)Oc1ccccc1-c1cc2cc(C)ccc2oc1=O,Moderate
Cc1ccc2oc(=O)c(-c3c[nH]c4ccccc34)cc2c1,Moderate
O=C(/C=C/c1cccc(Cl)c1)c1ccc[nH]1,Moderate
COc1ccc(C(=O)/C=C/c2cccc(Cl)c2)cn1,Moderate
Cl.N[C@@H]1C[C@H]1c1ccc(NC(=O)c2cccn2C(=O)OCc2ccccc2)cc1,Inactive
CC(=O)Oc1cccc(-c2cc3cc(C)ccc3oc2=O)c1,Moderate
O=C(/C=C/c1ccc(F)c(Br)c1)c1ccc[nH]1,Moderate
Cc1ccc(S(=O)(=O)Oc2cccc(-c3cc4cc(C)ccc4oc3=O)c2)cc1,Moderate
Cc1ccc2oc(=O)c(-c3cccc4ccccc34)cc2c1,Moderate
Cc1ccc2oc(=O)c(-c3ccc(OCc4ccccc4)cc3)cc2c1,Moderate
Cc1ccc(C(=O)/C=C/c2ccc(F)c(Br)c2)s1,Active
O=C(/C=C/c1cccc(C(F)(F)F)c1)c1ccc[nH]1,Moderate
Cc1ccc2oc(=O)c(-c3cccc(OCc4cccc(F)c4)c3)cc2c1,Active
Cc1ccc2oc(=O)c(-c3cccc(OC(=O)c4ccccc4)c3)cc2c1,Moderate
Cc1ccc2oc(=O)c(-c3cccc(OCCBr)c3)cc2c1,Moderate
Cc1ccc2oc(=O)c(-c3cccc(OCCCBr)c3)cc2c1,Moderate
Cc1ccc2oc(=O)c(-c3cccc(OCc4ccccc4)c3)cc2c1,Moderate
Cc1ccc2oc(=O)c(-c3cccc(OCCCCN(C)C)c3)cc2c1,Moderate
COc1ccc(C(=O)/C=C/c2ccc(Cl)s2)c(O)c1,Moderate
CC(=O)Oc1ccc(-c2cc3cc(C)ccc3oc2=O)cc1,Moderate
Cc1ccc2oc(=O)c(-c3cccc(OCCCN(C)C)c3)cc2c1,Moderate
Cl.N[C@@H]1C[C@H]1c1ccc(NC(=O)c2ccn(C(=O)OCc3ccccc3)c2)cc1,Moderate
Cc1ccc2oc(=O)c(-c3ccccc3OCc3cccc(F)c3)cc2c1,Moderate
Cc1ccc2oc(=O)c(-c3ccc(OCc4cccc(F)c4)cc3)cc2c1,Moderate
CC1(C)CC(=O)c2ccc(OCc3ccc(Cl)cc3)cc2O1,Active
CC1(C)CC(=O)c2ccc(OCc3cccc(Br)c3)cc2O1,Active
CC(=O)N1CCN(c2ccc(N3C[C@H](CNO)OC3=O)cc2F)CC1.O=C(O)C(F)(F)F,Inactive
O=C1CCOc2cc(OCc3cccc(Br)c3)ccc21,Active
CCC(=O)N(O)C[C@H]1CN(c2ccc(N3CCN(C(C)=O)CC3)c(F)c2)C(=O)O1,Inactive
O=C1CCOc2cc(OCCc3ccccc3)ccc21,Moderate
O=C1CCOc2cc(OCCCc3ccccc3)ccc21,Inactive
O=C1COc2cc(OCc3ccccc3)ccc21,Inactive
O=C1COc2cc(OCCCc3ccccc3)ccc21,Inactive
Cc1cccc(COc2ccc3c(c2)OC(C)(C)CC3=O)c1,Active
CC1(C)CC(=O)c2ccc(OCc3ccc(C#N)cc3)cc2O1,Active
CC1(C)CC(=O)c2ccc(OCc3ccccc3)cc2O1,Active
O=C1CCOc2cc(O)ccc21,Inactive
O=C1CCOc2cc(OCc3ccc(Br)cc3)ccc21,Active
O=C1CCOc2cc(OCc3ccc(Cl)cc3)ccc21,Active
O=C(C1CC1)N(O)C[C@H]1CN(c2ccc(N3CCOCC3)c(F)c2)C(=O)O1,Inactive
CC1(C)CC(=O)c2ccc(OCc3ccc(F)cc3)cc2O1,Active
O=C1COc2cc(OCCc3ccccc3)ccc21,Moderate
Cc1ccc(COc2ccc3c(c2)OCCC3=O)cc1,Active
CC1(C)CC(=O)c2ccc(OCc3ccc(Br)cc3)cc2O1,Active
CC1(C)CC(=O)c2ccc(OCc3ccccc3F)cc2O1,Active
CC1(C)CC(=O)c2ccc(OCc3cccc(F)c3)cc2O1,Active
Cc1ccc(COc2ccc3c(c2)OC(C)(C)CC3=O)cc1,Moderate
N#Cc1ccc(COc2ccc3c(c2)OCCC3=O)cc1,Active
O=C1CCOc2cc(OCc3ccccc3F)ccc21,Active
CC1CCC(=NNc2nc(-c3ccccc3)cs2)CC1,Moderate
CC1(C)CC(=O)c2ccc(OCc3cccc(Cl)c3)cc2O1,Active
COc1ccc(/C=C/C(=O)c2ccc(Cl)cc2)cc1,Inactive
CC1CCCC/C1=N\Nc1nc(-c2ccccc2)cs1,Moderate
N#Cc1ccc(-c2cc(OCC3CCNCC3)cnc2-c2ccccc2)cc1,Inactive
N#Cc1ccc(-c2cc(OCC3CCNCC3)cnc2-c2ccc(OC(F)(F)F)cc2)cc1,Moderate
Cc1ccc(-c2ncc(OCC3CCNCC3)cc2-c2ccc(C#N)cc2)cc1,Inactive
c1ccc([C@H]2C[C@@H]2NCC2CCNCC2)cc1,Inactive
N#Cc1ccc(-c2cc(OCC3CCNCC3)cnc2-c2ccc(C(F)(F)F)cc2)cc1,Moderate
Cc1ccc(COc2ccc3sc(=O)oc3c2)cc1,Active
O=c1oc2cc(OCCNC3CCN(Cc4ccccc4)CC3)ccc2c2c1CCCC2,Moderate
O=c1ccc2ccc(OCCCNC3CCN(Cc4ccccc4)CC3)cc2o1,Inactive
O=c1oc2cc(OCc3cccc(Cl)c3)ccc2s1,Active
O=c1oc2cc(OCCCc3ccccc3)ccc2s1,Active
CCOc1cc(=O)oc2cc(OCCNC3CCN(Cc4ccccc4)CC3)ccc12,Inactive
COc1cc(=O)oc2cc(OCCNC3CCN(Cc4ccccc4)CC3)ccc12,Inactive
Cc1cc(=O)oc2cc(CNCCC3CCN(Cc4ccccc4)CC3)ccc12,Inactive
O=c1ccc2ccc(OCCNC3CCN(Cc4ccccc4)CC3)cc2o1,Moderate
O=c1cc(-c2ccccc2)c2ccc(OCCNC3CCN(Cc4ccccc4)CC3)cc2o1,Inactive
O=C1OCc2cc(OCc3ccccc3)ccc21,Active
O=c1cc(C(F)(F)F)c2ccc(OCCNC3CCN(Cc4ccccc4)CC3)cc2o1,Inactive
Cc1cc(=O)oc2cc(OCCNC3CCN(Cc4ccccc4)CC3)ccc12,Moderate
O=c1oc2cc(OCc3ccc(Cl)cc3)ccc2s1,Active
Cc1c(C)c2ccc(OCCNC3CCN(Cc4ccccc4)CC3)cc2oc1=O,Inactive
Cc1cc2ccc(OCCNC3CCN(Cc4ccccc4)CC3)cc2oc1=O,Moderate
Cc1c(Cl)c(=O)oc2cc(OCCNC3CCN(Cc4ccccc4)CC3)ccc12,Inactive
O=c1cc(Cl)c2ccc(OCCNC3CCN(Cc4ccccc4)CC3)cc2o1,Inactive
Cc1cc(=O)oc2cc(CNC3CCN(Cc4ccccc4)CC3)ccc12,Moderate
O=c1ccc2ccc(OCCNCCC3CCN(Cc4ccccc4)CC3)cc2o1,Inactive
CC(=O)c1ccc(OCc2ccc([N+](=O)[O-])cc2)cc1,Active
CC(=O)c1cccc(OCc2cccc([N+](=O)[O-])c2)c1,Moderate
CC(=O)c1cccc(OCc2cccc(C)c2)c1,Moderate
CC(=O)N1N=C(c2ccc([N+](=O)[O-])cc2)O[C@H]1c1ccc(Cl)c(Cl)c1,Moderate
CC(=O)N1N=C(c2ccc(Br)cc2)OC1c1ccc(Cl)c(Cl)c1,Active
CC(=O)c1ccc(OCc2ccc(Br)cc2)cc1,Active
CC(=O)c1ccc(OCc2ccccc2[N+](=O)[O-])cc1,Moderate
CC(=O)c1cccc(OCc2ccc([N+](=O)[O-])cc2)c1,Active
CC(=O)N1N=C(c2ccncc2)OC1c1ccc(Cl)c(Cl)c1,Inactive
CC1Oc2ccccc2C2CC(c3ccccc3Cl)=NN2C1=O,Moderate
CC(=O)c1ccc(OCc2ccccc2Cl)cc1,Moderate
O=C1COc2ccc(Cl)cc2C2CC(c3ccccc3)=NN12,Moderate
CC(C)c1ccc(C2=NN3C(=O)COc4ccccc4C3C2)cc1,Moderate
CC(=O)c1ccc(OCc2cccc([N+](=O)[O-])c2)cc1,Moderate
CC(=O)N1N=C(c2ccccc2C)OC1c1ccc(Cl)c(Cl)c1,Moderate
CC(=O)N1N=C(c2ccc(Cl)cc2)OC1c1ccc(Cl)c(Cl)c1,Moderate
COc1ccc(C2=NN3C(=O)COc4c(Br)cc(Br)cc4C3C2)cc1,Moderate
COc1ccc(C2=NN(C(C)=O)C(c3ccc(Cl)c(Cl)c3)O2)cc1,Moderate
CC(=O)c1ccc(OCc2ccc(F)cc2)cc1,Active
CC(=O)N1N=C(c2ccc([N+](=O)[O-])cc2)O[C@@H]1c1ccc(Cl)c(Cl)c1,Active
CC1Oc2ccccc2C2CC(c3ccc(Cl)cc3)=NN2C1=O,Moderate
CC1Oc2ccccc2C2CC(c3ccccc3)=NN2C1=O,Inactive
CC(=O)c1ccc(OCc2ccc(Cl)cc2)cc1,Active
Cc1ccc(C2=NN3C(=O)C(C)Oc4ccccc4C3C2)cc1,Inactive
CC(=O)c1ccc(OCc2ccccc2F)cc1,Active
CC(=O)c1cccc(OCc2ccc(C(F)(F)F)cc2)c1,Active
CC(=O)c1cccc(OCc2ccc(Br)cc2)c1,Active
O=C1COc2ccc(Cl)cc2C2CC(c3ccc(F)cc3)=NN12,Moderate
O=C1CCc2ccc(OCc3ccc(Br)cc3)cc2N1,Active
CC(=O)c1cccc(OCc2cccc(C(F)(F)F)c2)c1,Active
O=C1COc2ccccc2C2CC(c3ccc(F)cc3)=NN12,Moderate
CC(=O)c1cccc(OCc2cccc(Cl)c2)c1,Active
CC(=O)N1N=C(c2ccc([N+](=O)[O-])cc2)OC1c1ccc(Cl)c(Cl)c1,Active
CC(=O)c1cccc(OCc2cccc(F)c2)c1,Moderate
CC(=O)c1ccc(OCc2cc(F)c(F)c(F)c2)cc1,Active
O=C1COc2ccccc2C2CC(c3ccccc3)=NN12,Moderate
COc1ccc(C2=NN3C(=O)COc4ccc(Cl)cc4C3C2)cc1,Moderate
CC(=O)c1ccc(OCc2ccc(F)cc2F)cc1,Active
CC1Oc2ccccc2C2CC(c3ccc(F)cc3)=NN2C1=O,Moderate
CC(=O)c1cccc(OCc2ccccc2)c1,Moderate
CC(=O)c1cccc(OCc2cccc(Br)c2)c1,Active
CC(=O)c1ccc(OCc2cccc(Br)c2)cc1,Moderate
Cc1ccc(C2=NN3C(=O)COc4ccc(Cl)cc4C3C2)cc1,Moderate
CC(=O)N1N=C(c2ccc(C)cc2)OC1c1ccc(Cl)c(Cl)c1,Active
CC(=O)c1ccc(OCc2cccc(C(F)(F)F)c2)cc1,Active
O=c1ccoc2cc(OCc3ccc(C(F)(F)F)cc3)ccc12,Active
CC(=O)c1ccc(OCc2ccc(C)cc2)cc1,Moderate
CC(=O)c1ccc(OCc2ccc(C(F)(F)F)cc2)cc1,Active
O=C1COc2ccc(Cl)cc2C2CC(c3ccccc3F)=NN12,Moderate
O=C1COc2ccccc2C2CC(c3ccccc3Cl)=NN12,Moderate
CC(=O)c1ccc(OCc2ccccc2C)cc1,Active
CC(=O)c1ccc(OCc2cccc(C)c2)cc1,Active
CC(=O)c1cccc(OCc2ccc(F)cc2)c1,Active
CC(=O)c1cccc(OCc2ccc(Cl)cc2)c1,Active
O=C1COc2ccc(Cl)cc2C2CC(c3ccc(Cl)cc3)=NN12,Moderate
CC(=O)c1ccc(OCc2cccc(Cl)c2)cc1,Active
CC(=O)c1cccc(OCc2ccc(C)cc2)c1,Moderate
CC(=O)c1ccc(OCc2ccc(F)c(F)c2)cc1,Active
CC(=O)N1N=C(c2ccc(Cl)cc2)O[C@@H]1c1ccc(Cl)c(Cl)c1,Moderate
CC(=O)c1ccc(OCc2cccc(F)c2)cc1,Active
CC(=O)c1ccc(OCc2ccccc2C(F)(F)F)cc1,Moderate
O=C(/C=C/c1cccc2c1OCO2)c1cccc(OC(F)(F)F)c1,Moderate
COc1cc(C2=NNC(c3ccccc3)C2)ccc1O,Moderate
COc1cc(C2=NN(C(C)=O)C(c3ccccc3)C2)ccc1O,Inactive
COc1cc(C2=NN(C(=O)Oc3ccccc3)C(c3ccccc3)C2)ccc1O,Moderate
Cl.N[C@@H]1C[C@H]1c1ccc(NC(=O)c2cccc(N3CCOC3=O)c2)cc1,Inactive
Cl.N[C@@H]1C[C@H]1c1ccc(NC(=O)c2ccc(-c3ccoc3)cc2)cc1,Active
Cl.N[C@@H]1C[C@H]1c1ccc(NC(=O)c2ccc(N3CCOC3=O)cc2)cc1,Moderate
Cl.N[C@@H]1C[C@H]1c1ccc(NC(=O)c2ccc(N3CCOCC3)c(NC(=O)OCc3ccccc3)c2)cc1,Inactive
O=C(/C=C/c1cccc2c1OCO2)c1cccc(C(F)(F)F)c1,Moderate
Cl.N[C@@H]1C[C@H]1c1ccc(NC(=O)c2ccc(N3CCCCC3)c(NC(=O)OCc3ccccc3)c2)cc1,Inactive
COc1cc(C2=NN(C(=S)Nc3ccccc3)C(c3ccccc3)C2)ccc1O,Inactive
COc1cc(C2=NN(c3ccccc3)C(c3ccccc3)C2)ccc1O,Inactive
CSc1ccc(C(=O)/C=C/c2cccc3c2OCO3)cc1,Moderate
CN1CCN(c2ccc(C(=O)Nc3ccc([C@H]4C[C@@H]4N)cc3)cc2)CC1.Cl.Cl,Inactive
CN1CCN(c2ccc(C(=O)Nc3ccc([C@@H]4C[C@H]4N)cc3)cc2)CC1.Cl.Cl,Inactive
COc1cc(C2=NN(C(=O)c3ccccc3)C(c3ccccc3)C2)ccc1O,Inactive
Cl.N[C@@H]1C[C@H]1c1ccc(NC(=O)c2ccc(N3CCOCC3)cc2)cc1,Moderate
COc1cccc(/C=C/C(=O)c2cccc(C(F)(F)F)c2)c1OC,Moderate
CS(=O)(=O)c1ccc(C(=O)/C=C/c2cccc3c2OCO3)cc1,Moderate
COc1cc(C2=NN(C(N)=S)C(c3ccccc3)C2)ccc1O,Moderate
Cl.N[C@@H]1C[C@H]1c1ccc(NC(=O)c2ccc(NC(=O)OCc3ccccc3)c(N3CCOCC3)c2)cc1,Inactive
COc1cccc(/C=C/C(=O)c2ccc(S(C)(=O)=O)cc2)c1OC,Moderate
COc1cc(O)c2c(c1)O/C(=C\c1ccc(N(C)C)cc1)C2=O,Moderate
CN1CCC(CN[C@@H]2C[C@H]2c2ccccc2)CC1,Inactive
O=C(O)c1ccc(CN2CCC(CN[C@@H]3C[C@H]3c3ccccc3)CC2)cc1,Inactive
c1ccc(CN2CCC(CN[C@@H]3C[C@H]3c3ccccc3)CC2)cc1,Inactive
O=C1/C(=C/c2ccc(N3CCCC3)cc2)Oc2cc(O)cc(O)c21,Moderate
COc1cc(O)c2c(c1)O/C(=C\c1ccc(N3CCCCC3)cc1)C2=O,Moderate
Cc1ccc(NC(=O)CCC(=O)OCC(=O)c2ccc(-c3ccccc3)cc2)cc1Cl,Inactive
COc1cc(O)c2c(c1)O/C(=C\c1ccc(N3CCOCC3)cc1)C2=O,Moderate
CCN(CC)c1ccc(/C=C2\Oc3cc(O)cc(O)c3C2=O)cc1,Moderate
CCN(C)c1ccc(/C=C2\Oc3cc(O)cc(O)c3C2=O)cc1,Moderate
CN1CCN(c2ccc(/C=C3\Oc4cc(O)cc(O)c4C3=O)cc2)CC1,Inactive
c1ccc([C@@H]2C[C@H]2NCC2CCNCC2)cc1,Inactive
CCN(CC)c1ccc2cc(C(C)=O)c(=O)oc2c1,Inactive
O=C(O)c1cc2cc(-c3ccccc3)n(O)c2cc1C(=O)O,Inactive
COc1ccc(-c2cc3cc(C#N)c(C#N)cc3n2O)cc1,Moderate
Cc1ccc(-c2cc3cc4c(cc3n2O)C(=O)NC4=O)cc1,Moderate
O=C(Cc1cc2c(cc1[N+](=O)[O-])C(=O)NC2=O)c1ccccc1,Moderate
N#Cc1cc2cc(-c3ccccc3)n(O)c2cc1C#N,Inactive
Cc1ccc(C(=O)Cc2cc3c(cc2[N+](=O)[O-])C(=O)NC3=O)cc1,Moderate
O=C1NC(=O)c2cc3c(cc21)cc(-c1ccccc1)n3O,Inactive
COn1c(-c2ccc(C)cc2)c(Br)c2cc(C#N)c(C#N)cc21,Moderate
COn1c(-c2ccc(C)cc2)cc2cc3c(cc21)C(=O)NC3=O,Moderate
COn1c(-c2ccc(C)cc2)c(C=O)c2cc(C#N)c(C#N)cc21,Inactive
COc1ccc(C(=O)Cc2cc3c(cc2[N+](=O)[O-])C(=O)NC3=O)cc1,Moderate
Cc1ccc(-c2cc3cc(C#N)c(C#N)cc3n2O)cc1,Moderate
COn1c(-c2cccs2)cc2cc3c(cc21)C(=O)NC3=O,Moderate
CC(=O)On1c(-c2cccs2)cc2cc(C#N)c(C#N)cc21,Moderate
CN(C)c1ncc(/C=C2\COc3cc(Cl)cc(Cl)c3C2=O)cn1,Active
O=C1/C(=C/c2ccsc2)COc2ccccc21,Moderate
CN(C)c1ncc(/C=C2\COc3ccccc3C2=O)cn1,Moderate
O=C1/C(=C/c2ccco2)COc2ccccc21,Moderate
CN(C)c1ccc(/C=C2\COc3ccccc3C2=O)cn1,Moderate
O=C1/C(=C/c2c[nH]cn2)COc2cc(Cl)cc(Cl)c21,Inactive
Nc1ccc(/C=C2\COc3ccccc3C2=O)cn1,Moderate
Nc1ncc(/C=C2\COc3ccccc3C2=O)cn1,Inactive
CN(C)c1ccc(/C=C2\COc3cc(Cl)cc(Cl)c3C2=O)cn1,Inactive
COc1ccc2c(c1)OC/C(=C\c1cnc(N(C)C)nc1)C2=O,Inactive
O=C1/C(=C/c2c[nH]cn2)COc2ccccc21,Inactive
O=C1/C(=C/c2ccc[nH]2)COc2ccccc21,Inactive
O=C1/C(=C/c2ccncc2)COc2ccccc21,Inactive
O=C1/C(=C/c2cccnc2)COc2ccccc21,Moderate
COc1ccc2c(c1)OC/C(=C\c1c[nH]cn1)C2=O,Inactive
O=C1/C(=C/c2c[nH]c3ccccc23)COc2ccccc21,Moderate
COc1cc(/C=C/C(=O)NCCC2CCN(Cc3ccccc3)CC2)ccc1O,Inactive
O=C(/C=C/c1ccc(O)c(O)c1)NCCC1CCN(Cc2ccccc2)CC1,Moderate
O=C(/C=C/c1cccc(O)c1)c1ccccc1O,Moderate
c1ccc(-c2csc(NN=C3CCCC3)n2)cc1,Moderate
CCCCSc1ccc(C[C@H](C)N)cc1,Moderate
CCN(C)C(=O)Oc1ccc(C(=O)/C=C/c2ccc(N(C)C)cc2)c(O)c1,Moderate
O=C(/C=C/c1ccc(N2CCCCC2)cc1)c1ccc(OC(=O)N2CCCC2)cc1O,Moderate
CN(C)C(=O)Oc1ccc(C(=O)/C=C/c2ccc(N(C)C)cc2)c(O)c1,Moderate
CCN(CC)c1ccc(/C=C/C(=O)c2ccc(OC(=O)N3CCCC3)cc2O)cc1,Moderate
O=C(/C=C/c1ccc(N2CCCC2)cc1)c1ccc(OC(=O)N2CCCC2)cc1O,Moderate
O=C(/C=C/c1ccc(N2CCOCC2)cc1)c1ccc(OC(=O)N2CCCC2)cc1O,Moderate
CN(C)c1ccc(/C=C/C(=O)c2ccc(OC(=O)N3CCCC3)cc2O)cc1,Moderate
CCN(CC)C(=O)Oc1ccc(C(=O)/C=C/c2ccc(N(C)C)cc2)c(O)c1,Moderate
O=C1/C(=C/c2ccc(O)cc2)Cc2cc(O)ccc21,Moderate
Cn1c(=O)c2c(nc(/C=C/c3cccc(Br)c3)n2C)n(C)c1=O,Moderate
CC(=O)c1ccc(OCc2ccc(Cl)cc2)cc1F,Active
O=C1/C(=C/c2cccc(O)c2)Cc2cc(O)ccc21,Moderate
C#CCN1CCC(CNS(=O)(=O)c2ccc3ccccc3c2)CC1,Inactive
O=c1ccoc2cc(OCc3cccc(Cl)c3)ccc12,Active
c1ccc(-c2nc3ccc(N4CCCC4)nc3s2)cc1,Moderate
O=C1/C(=C/c2ccccc2)Cc2cc(O)ccc21,Moderate
Cc1ccc(/C=C/C(=O)c2ccc(Cl)cc2)cc1,Moderate
CN(Cc1ccccc1)c1ccc2nc(-c3cccc(Cl)c3)oc2n1,Inactive
NC1CCC(N[C@H]2C[C@@H]2c2ccc(-c3cccc(O)c3)s2)CC1,Moderate
N#Cc1ccc(/C=C2\Cc3cc(O)ccc3C2=O)cc1,Moderate
COc1ccc(-c2nc3ccc(N4CCCCC4)nc3o2)cc1,Moderate
CC(=O)c1ccc(OCc2cccc(F)c2)cc1F,Active
COc1ccc2c(c1)C/C(=C\c1ccccc1)C2=O,Active
COc1cc2c(cc1OC)C(=O)/C(=C/c1ccc(CN3CCOCC3)c(O)c1)CO2,Moderate
COc1cc2c(cc1OC)C(=O)/C(=C/c1ccc(O)c(CN3CCCCC3)c1)CO2,Inactive
O=C1/C(=C/c2ccc(Cl)cc2)Cc2cc(O)ccc21,Active
CNc1ccc2nc(-c3ccccc3)sc2n1,Inactive
CC(C)c1ccc(/C=C2\Cc3cc(O)ccc3C2=O)cc1,Moderate
CC(C)(C)NC(=O)c1ccc(OC/C(=C/F)CN)cc1,Moderate
O=C1OCc2cc(OCc3ccc(Cl)cc3)ccc21,Active
CC(=O)c1ccc(OCc2cccc(Cl)c2)cc1O,Active
COc1cc2c(cc1OC)C(=O)/C(=C/c1ccc(CN(C)Cc3ccccc3)c(O)c1)CO2,Moderate
C#CCN1CCCC(CNC(=O)c2ccc3ccccc3c2)C1,Inactive
COc1cc2c(cc1OC)C(=O)/C(=C/c1ccc(CN3CCCC3)c(O)c1)CO2,Moderate
C#CCN1C(=O)C(=O)c2cc(S(=O)(=O)N(C)Cc3cccc(F)c3)ccc21,Inactive
COc1cccc(/C=C2\Cc3cc(O)ccc3C2=O)c1,Moderate
CC(=O)c1ccc(OCc2cccc(Cl)c2)cc1F,Active
CC(=O)c1ccc(OCc2cccc(F)c2)cc1O,Active
NC1CCC(N[C@H]2C[C@]2(F)c2ccccc2)CC1,Inactive
N[C@H]1CC[C@H](N[C@@H]2C[C@H]2c2ccc(-c3cccc(C(F)(F)F)c3)cc2)CC1,Inactive
NC1CCC(NC2CC2c2ccc3ccccc3c2)CC1,Inactive
NC1CCC(NC2CC2c2ccc(C(F)(F)F)cc2)CC1,Moderate
C#CCN1C(=O)C(=O)c2cc(S(=O)(=O)N(C)Cc3ccccc3F)ccc21,Inactive
O=C1/C(=C/c2cccc(Cl)c2)Cc2cc(O)ccc21,Active
COc1cc2c(cc1OC)C(=O)/C(=C/c1ccc(CN(C)C)c(O)c1)CO2,Moderate
O=C1/C(=C/c2ccccc2)Cc2ccc(O)cc21,Moderate
CNc1ccc2nc(-c3ccc(Cl)cc3)oc2n1,Moderate
NC1CCC(N[C@H]2C[C@@H]2c2ccccc2)CC1,Inactive
O=c1ccoc2cc(OCc3ccc(F)cc3)ccc12,Active
CCN(Cc1ccc(/C=C2\COc3cc(OC)c(OC)cc3C2=O)cc1O)Cc1ccccc1N(C)C,Moderate
O=C1/C(=C/c2ccc(Cl)c(Cl)c2)Cc2cc(O)ccc21,Active
O=C1OCc2cc(OCc3ccc(F)cc3)ccc21,Active
CC(=O)c1ccc(OCc2ccc(F)cc2)cc1F,Active
CN(Cc1cccc(F)c1)S(=O)(=O)c1ccc2c(c1)C(=O)C(=O)N2,Moderate
Clc1cccc(-c2nc3ccc(N4CCCC4)nc3o2)c1,Inactive
O=C1/C(=C/c2ccc(F)cc2)Cc2cc(O)ccc21,Active
NC(=S)N/N=C/c1ccccc1F,Moderate
Cn1cncc1C#Cc1ccc2c(=O)c(-c3ccc(CN[SH](=O)=O)cc3)coc2c1,Moderate
NC1CCC(N[C@H]2C[C@@H]2c2cnc(-c3cccc(O)c3)s2)CC1,Moderate
O=C1OCc2cc(OCc3ccc(C(F)(F)F)cc3)ccc21,Active
CC(=O)c1ccc(OCc2ccc(Cl)cc2)cc1O,Active
N#Cc1ccccc1S(=O)(=O)Nc1cccc(-c2ncc([C@H]3C[C@@H]3NC3CCC(N)CC3)s2)c1,Inactive
Brc1ccc(-c2nc3ccc(N4CCCCC4)nc3o2)cc1,Active
COc1cc2c(cc1OC)C(=O)/C(=C/c1ccc(CN3CCCCC3)c(O)c1)CO2,Moderate
COc1cc(/C=C/C(=O)Nc2cccc(CN(C)Cc3ccccc3)c2)ccc1O,Moderate
CC(=O)c1ccc(OCc2ccc(F)cc2)cc1O,Active
CN(Cc1ccc(F)cc1)S(=O)(=O)c1ccc2c(c1)C(=O)C(=O)N2,Moderate
O=C1/C(=C/c2ccc(Br)cc2)Cc2cc(O)ccc21,Active
CCN(CC)Cc1ccc(/C=C2\COc3cc(OC)c(OC)cc3C2=O)cc1O,Moderate
CNc1ccc2nc(-c3cccc(F)c3)oc2n1,Moderate
CC1(c2ccccc2)CC1NC1CCC(N)CC1,Inactive
CCN(Cc1ccc(/C=C2\COc3cc(OC)c(OC)cc3C2=O)cc1O)Cc1ccccc1OC,Moderate
Cc1cccc(/C=C2\Cc3cc(O)ccc3C2=O)c1,Active
COc1cc2c(cc1OC)C(=O)/C(=C/c1cccc(O)c1)CO2,Moderate
O=C1/C(=C/c2cccc(F)c2)Cc2cc(O)ccc21,Active
N[C@H]1CC[C@@H](N[C@@H]2C[C@H]2c2ccc(-c3cccc(C(F)(F)F)c3)cc2)CC1,Moderate
C#CCN1C(=O)C(=O)c2ccccc21,Inactive
O=C(/C=C/c1ccc(O)cc1O)NCCC1CCN(Cc2ccccc2)CC1,Moderate
Fc1ccc(-c2nc3ccc(N4CCCC4)nc3o2)cc1,Moderate
C[C@H](NCc1ccc(OCc2cccc(F)c2)cc1)C(N)=O,Active
CN(Cc1ccccc1)Cc1ccc(NC(=O)/C=C/c2ccc(O)cc2)cc1,Inactive
N#Cc1cccc(/C=C2\Cc3cc(O)ccc3C2=O)c1,Moderate
COc1cc2c(cc1OC)C(=O)/C(=C/c1ccc(CN3CCN(C)CC3)c(O)c1)CO2,Moderate
c1ccc(-c2nc3ccc(N4CCCC4)nc3o2)cc1,Moderate
O=C1/C(=C/c2cccc(Br)c2)Cc2cc(O)ccc21,Active
CN(C)c1ccc(/C=C2\Cc3cc(O)ccc3C2=O)cc1,Moderate
C#CCN1CCC(CNC(=O)c2ccc3ccccc3c2)CC1,Inactive
CN(Cc1ccccc1)c1ccc2nc(-c3ccc(Cl)cc3)oc2n1,Moderate
CNc1ccc2nc(-c3cccc(Cl)c3)oc2n1,Moderate
COc1ccccc1CN(C)Cc1ccc(/C=C2\COc3cc(OC)c(OC)cc3C2=O)cc1O,Moderate
CCN(Cc1ccccc1)Cc1ccc(/C=C2\COc3cc(OC)c(OC)cc3C2=O)cc1O,Moderate
Cc1ccc(/C=C2\Cc3cc(O)ccc3C2=O)cc1,Active
Cn1c(=O)c2c(cc(/C=C/c3ccccc3)n2C)n(C)c1=O,Moderate
N[C@@H]1C[C@H]1c1ccccc1.N[C@H]1C[C@@H]1c1ccccc1,Moderate
COc1ccc(-c2csc(N/N=C3\CCCCC3C)n2)cc1,Moderate
N#Cc1ccc(-c2csc(NN=C3CCCC3)n2)cc1,Moderate
O=[N+]([O-])c1cccc(-c2csc(NN=C3CCCC3)n2)c1,Active
c1ccc(NCc2ccccn2)cc1,Inactive
O=C1c2cccc(O)c2C(=O)c2c(O)cc(CO)cc21,Inactive
CN1C(=N)N(C)/C(=C/c2c[nH]c3ccccc23)C1=O,Moderate
c1ccc2oc(C3=NCCN3)cc2c1,Moderate
O=C1CCc2ccc(OCCCN3CCN(Cc4ccccc4)CC3)cc2N1,Inactive
O=C1COC(c2ccc(/N=N/c3ccc(Cl)cc3)cc2)=NN1,Moderate
Cc1c(C#N)c(=O)oc2cc(OCc3ccc(Cl)cc3)ccc12,Active
Cc1ccc2occ(C(=O)Nc3cccc(Cl)c3)c(=O)c2c1,Active
COc1ccccc1CN(C)CCCCCCN1C(=O)c2ccccc2C1=O,Inactive
C#CCN(CCCCN1C(=O)c2ccccc2C1=O)Cc1ccccc1,Moderate
O=c1cc(C(F)(F)F)c2ccc(OCCN3CCN(Cc4ccc(Br)cc4)CC3)cc2o1,Moderate
Cn1ncc2cc(C(=O)Nc3ccc(F)c(Cl)c3)ccc21,Active
O=C1COC(c2ccc(/C=C/c3cccc(Cl)c3)cc2)=NN1,Moderate
Cc1ccc(/N=C/c2coc3ccccc3c2=O)c(O)c1,Inactive
COc1c(OC/C=C(\C)C[C@@H]2C=C(CCC(N)=O)C(=O)O2)ccc2ccc(=O)oc12,Moderate
CCN(CC)CCCOc1ccc2c(c1)NC(=O)CC2,Inactive
Cc1ccc(/N=C/c2coc3ccc(C)cc3c2=O)c(O)c1,Inactive
CCCCC1OC(=O)c2cc(-n3nc(C(F)(F)F)cc3O)ccc21,Inactive
Cc1cccc(/N=N/c2ccc(C3=NNC(=O)CO3)cc2)c1,Active
O=c1ccc2ccc(OCCN3CCCCC3)cc2o1,Moderate
CC(=O)c1ccc(OCCCCN2CCCC2)cc1O,Moderate
O=[N+]([O-])/C=C/c1cccc(OCc2ccc(Cl)cc2)c1,Moderate
COc1ccccc1CN(C)CCCOc1cc(O)c2c(=O)c3ccccc3sc2c1,Moderate
O=C1CCc2ccc(OCCCCCCN3CCN(Cc4ccccc4)CC3)cc2N1,Moderate
O=c1c(/C=N/c2cc(Cl)ccc2O)coc2ccccc12,Inactive
COc1ccccc1CN(C)CCCCCCOc1cc(O)c2c(=O)c3ccccc3sc2c1,Moderate
CC(C)N1CCN(CCCCCCOc2ccc3c(c2)NC(=O)CC3)CC1,Inactive
Cc1cccc(/C=N/c2ccc(C3=NNC(=O)CO3)cc2)c1,Moderate
C#CCN(CCCN1C(=O)c2ccccc2C1=O)Cc1ccccc1OC,Moderate
CCN(CCCOc1cc(O)c2c(=O)c3ccccc3sc2c1)Cc1ccccc1OC,Moderate
CC(C)N1CCN(CCCCCOc2ccc3c(c2)NC(=O)CC3)CC1,Moderate
CC(=O)c1ccc(OCCCCCCN2CCN(Cc3ccccc3)CC2)cc1O,Inactive
C#CCn1c(-c2ccc(C(=O)N/N=C/c3cccc(OC)c3OC)cc2)nc2ccccc21,Inactive
CC(=O)c1ccc(OCCCN2CCCC2)cc1O,Moderate
CN(CCN1C(=O)c2ccccc2C1=O)Cc1ccccc1,Moderate
O=c1ccc2ccc(OCCN3CCN(Cc4ccc(Br)cc4)CC3)cc2o1,Moderate
O=c1c(/C=N/c2cc(F)ccc2O)coc2ccc(Br)cc12,Moderate
CCN(CCN1C(=O)c2ccccc2C1=O)Cc1ccccc1OC,Moderate
COCc1cccc(NC(=O)c2cc3sccc3n2C)c1,Inactive
CCN(CCCN1C(=O)c2ccccc2C1=O)Cc1ccccc1OC,Moderate
CCN(CCCCCCOc1cc(O)c2c(=O)c3ccccc3sc2c1)Cc1ccc(N(C)C)cc1,Moderate
CC(=O)c1ccc(OCCCCN2CCN(c3ccccn3)CC2)cc1O,Inactive
Cc1c(Cl)c(=O)oc2cc(OCCN3CCC(Cc4ccccc4)CC3)ccc12,Moderate
COc1ccccc1CN(C)CCCCOc1cc(O)c2c(=O)c3ccccc3sc2c1,Moderate
CC(=O)c1ccc(OCCCCCN2CCN(c3ccccn3)CC2)cc1O,Inactive
O=[N+]([O-])/C=C/c1cccc(OCc2cccc(Br)c2)c1,Moderate
O=C1COC(c2ccc(/C=N/Nc3cccc(Cl)c3)cc2)=NN1,Moderate
C#CCN(CCCOc1ccc2c(c1)NC(=O)CC2)Cc1ccccc1,Moderate
C#CCn1c(-c2ccc(C(=O)N/N=C/c3cccnc3)cc2)nc2ccccc21,Moderate
O=c1ccc2ccc(OCc3ccc(Br)cc3)cc2o1,Active
Cc1ccc(COc2cccc(/C=C/[N+](=O)[O-])c2)cc1,Moderate
O=[N+]([O-])/C=C/c1cccc(OCc2ccc(F)cc2)c1,Active
COc1ccc(C(=O)/C=C/c2ccc(Cl)cc2)c(O)c1,Active
CN1N=C(c2ccc(/N=C/c3cccc(Cl)c3)cc2)OCC1=O,Moderate
Cc1c(C#N)c(=O)oc2cc(OCc3ccc(Br)cc3Br)ccc12,Active
CC(C)N1CCN(CCCCOc2ccc3c(c2)NC(=O)CC3)CC1,Moderate
CC(=O)c1ccc(OCCCCCN2CCCC2)cc1O,Moderate
CCN(CCCCN1C(=O)c2ccccc2C1=O)Cc1ccccc1OC,Moderate
Cn1ncc2cc(C(=O)Nc3ccc(F)c(F)c3)ccc21,Active
C#CCn1c(-c2ccc(C(=O)N/N=C/c3ccc(Cl)cc3)cc2)nc2ccccc21,Inactive
O=C1COC(c2ccc(/N=N/c3cccc(Cl)c3)cc2)=NN1,Moderate
COc1ccc2occ(C(=O)Nc3ccccc3)c(=O)c2c1,Active
CC(C)N1CCN(CCCCCCN2C(=O)c3ccccc3C2=O)CC1,Inactive
O=C1COC(c2ccc(/N=N/c3ccccc3)cc2)=NN1,Active
O=C1COC(c2ccc(NCc3cccc(Cl)c3)cc2)=NN1,Moderate
O=[N+]([O-])/C=C/c1cccc(OCc2ccc(C(F)(F)F)cc2)c1,Moderate
CC(=O)c1ccc(OCCCN2CCN(c3ncccn3)CC2)cc1O,Inactive
COc1ccc2occ(C(=O)Nc3cccc(C)c3)c(=O)c2c1,Active
CC(=O)c1ccc(OCCCCCCN2CCCC2)cc1O,Inactive
O=C1CCc2ccc(OCCCCCCN3CCN(c4ccccn4)CC3)cc2N1,Inactive
CN(CCCCCCOc1cc(O)c2c(=O)c3ccccc3sc2c1)Cc1ccccc1,Moderate
Cc1ccc2occ(C(=O)Nc3ccccc3)c(=O)c2c1,Active
CCN(CCCOc1cc(O)c2c(=O)c3ccccc3sc2c1)Cc1ccc(N(C)C)cc1,Moderate
O=C1CCc2ccc(OCCCCCCN3CCC(Cc4ccccc4)CC3)cc2N1,Moderate
Cc1ccc2occ(/C=N/c3cc(Cl)ccc3O)c(=O)c2c1,Moderate
O=C1CCc2ccc(OCCCCCN3CCN(Cc4ccccc4)CC3)cc2N1,Moderate
CCCCCCCC1OC(=O)c2cc(N3N=C(C)CC3=O)ccc21,Moderate
C#CCN(CCCCOc1ccc2c(c1)NC(=O)CC2)Cc1ccccc1,Moderate
Cc1ccc2oc(=O)c(C(=O)Nc3cccc(O)c3)cc2c1,Active
COc1ccc2occ(C(=O)Nc3cccc(Cl)c3)c(=O)c2c1,Active
C#CCn1c(-c2ccc(C(=O)N/N=C/c3cc(O)cc(O)c3)cc2)nc2ccccc21,Inactive
C#CCN(CCCN1C(=O)c2ccccc2C1=O)Cc1ccccc1,Moderate
COc1ccc2occ(C(=O)Nc3ccc(C)cc3)c(=O)c2c1,Moderate
C#CCN(CCCCCN1C(=O)c2ccccc2C1=O)Cc1ccccc1,Moderate
COc1ccc2oc(=O)c(C(=O)Nc3ccccc3)cc2c1,Active
Cc1ccc(O)c(/N=C/c2coc3ccc(Br)cc3c2=O)c1,Moderate
O=c1c(/C=N/c2ccc(Cl)cc2O)coc2ccc(Br)cc12,Moderate
C#CCn1c(-c2ccc(C(=O)N/N=C/c3ccc(O)cc3)cc2)nc2ccccc21,Moderate
O=c1c(/C=N/c2ccc(F)cc2O)coc2ccc(Br)cc12,Moderate
O=[N+]([O-])/C=C/c1cccc(OCc2cccc(Cl)c2)c1,Moderate
Cc1ccc(N/C=C2\C(=O)Oc3ccccc3C2=O)cc1,Active
CCN(CCN1C(=O)c2ccccc2C1=O)Cc1ccccc1,Moderate
CC(=O)c1ccc(OCCCCCCN2CCN(c3ncccn3)CC2)cc1O,Inactive
CCN(CCCCCCOc1cc(O)c2c(=O)c3ccccc3sc2c1)Cc1ccccc1OC,Moderate
COc1ccc2occ(C(=O)Nc3ccc(Cl)cc3)c(=O)c2c1,Active
O=C1CCc2ccc(OCCCN3CCN(c4ccccn4)CC3)cc2N1,Inactive
O=c1ccc2ccc(OCCN3CCC(Cc4ccccc4)CC3)cc2o1,Moderate
Cc1cccc(COc2cccc(/C=C/[N+](=O)[O-])c2)c1,Moderate
CCN(CC)CCCCCOc1ccc2c(c1)NC(=O)CC2,Moderate
N#CCCN1N=C(c2ccc(NC(=O)c3cccc(Cl)c3)cc2)OCC1=O,Moderate
Cc1c(Cl)c(=O)oc2cc(OCc3ccc(Br)cc3)ccc12,Active
Cc1c(C)c2c(c(C)c1O)CCC(C)(COc1ccc(CC3SC(=O)NC3=O)cc1)O2,Moderate
O=C1CCc2ccc(OCCCCN3CCN(Cc4ccccc4)CC3)cc2N1,Moderate
CC(=O)c1ccc(OCCCCN2CCN(c3ncccn3)CC2)cc1O,Inactive
COc1cc(N2CC[C@@H](Oc3ccc(N4N=C(C(F)(F)F)[C@@H](C)[C@@H]4CC(=O)O)cc3)[C@H](C)C2)c(Cl)cn1,Moderate
CC(C)N1CCN(CCCCCN2C(=O)c3ccccc3C2=O)CC1,Inactive
O=C1COC(c2ccc(/C=C/c3ccccc3)cc2)=NN1,Moderate
COc1ccc2oc(=O)c(C(=O)Nc3cccc(Cl)c3)cc2c1,Active
Cc1ccc2occ(C(=O)Nc3ccc(Cl)cc3)c(=O)c2c1,Active
C#CCN(CCCCCCN1C(=O)c2ccccc2C1=O)Cc1ccccc1,Moderate
C#CCn1c(-c2ccc(C(=O)N/N=C/c3ccc([N+](=O)[O-])s3)cc2)nc2ccccc21,Moderate
COc1ccc2oc(=O)c(C(=O)Nc3cccc(O)c3)cc2c1,Moderate
O=c1c(/C=N/c2ccccc2O)coc2ccccc12,Inactive
CCCCC1OC(=O)c2cc(N3N=C(C)CC3=O)ccc21,Moderate
O=c1c(/C=N/c2cc(F)ccc2O)coc2ccccc12,Moderate
O=C1COC(c2ccc(/C=C/c3ccc(Cl)cc3)cc2)=NN1,Moderate
Cc1c(C#N)c(=O)oc2cc(OCc3ccc(F)cc3)ccc12,Active
Cc1ccc(O)c(/N=C/c2coc3ccc(C)cc3c2=O)c1,Moderate
CC(=O)c1ccc(OCCCCCN2CCN(c3ncccn3)CC2)cc1O,Inactive
Cn1c(C(=O)Nc2cccc(COc3ccc(OC4CCNCC4)cc3)c2)cc2sccc21,Moderate
CCN(CCCCOc1cc(O)c2c(=O)c3ccccc3sc2c1)Cc1ccccc1N(C)C,Moderate
CCN(CCCCCCOc1ccc2c(c1)NC(=O)CC2)Cc1ccccc1,Moderate
CC(C)N1CCN(CCCOc2ccc3c(c2)NC(=O)CC3)CC1,Inactive
CCCCCCCC1OC(=O)c2cc(-n3nc(C(F)(F)F)cc3O)ccc21,Moderate
C#CCN(CCCCCOc1ccc2c(c1)NC(=O)CC2)Cc1ccccc1,Moderate
C#CCn1c(-c2ccc(C(=O)N/N=C/c3cccc(OC)c3)cc2)nc2ccccc21,Inactive
CC(=O)c1ccc(OCCCCN2CCCCC2)cc1O,Moderate
O=c1c(/C=N/c2ncccc2O)coc2ccc(Br)cc12,Moderate
CC(C)N1CCN(CCCCN2C(=O)c3ccccc3C2=O)CC1,Moderate
CCN(CCCCCCOc1cc(O)c2c(=O)c3ccccc3sc2c1)Cc1ccccc1,Moderate
COc1ccc2occ(C(=O)Nc3cccc(O)c3)c(=O)c2c1,Moderate
CC(=O)c1ccc(CN2CCC3(CCNCC3)C2)cc1,Inactive
Cc1cc(=O)oc2cc(OCCN3CCN(Cc4ccc(Br)cc4)CC3)ccc12,Moderate
CCN(CCCOc1cc(O)c2c(=O)c3ccccc3sc2c1)Cc1ccccc1N(C)C,Moderate
O=c1c(/C=N/c2ccc(Cl)cc2O)coc2ccccc12,Moderate
COc1ccccc1CN(C)CCN1C(=O)c2ccccc2C1=O,Moderate
O=C1CCc2ccc(OCCCCCN3CCN(c4ccccn4)CC3)cc2N1,Inactive
CC(C)N1CCN(CCCN2C(=O)c3ccccc3C2=O)CC1,Inactive
CC(=O)c1ccc(OCCCCCCN2CCN(c3ccccn3)CC2)cc1O,Inactive
O=c1cc(C(F)(F)F)c2ccc(OCc3ccc(Br)cc3)cc2o1,Moderate
O=C1CCc2ccc(OCCCN3CCc4ccccc4C3)cc2N1,Inactive
CC(=O)c1ccc(OCCCCN2CCN(Cc3ccccc3)CC2)cc1O,Inactive
Cc1cccc(/C=C/c2ccc(C3=NNC(=O)CO3)cc2)c1,Moderate
Cc1c(C#N)c(=O)oc2cc(OCCN3CCC(Cc4ccccc4)CC3)ccc12,Moderate
Cc1ccc2occ(C(=O)Nc3cccc(O)c3)c(=O)c2c1,Active
CCN(CCCCCCN1C(=O)c2ccccc2C1=O)Cc1ccccc1OC,Inactive
C#CCN(CCCCN1C(=O)c2ccccc2C1=O)Cc1ccccc1OC,Moderate
O=C1COC(c2ccc(/C=N/c3cccc(Cl)c3)cc2)=NN1,Moderate
C#CCn1c(-c2ccc(C(=O)N/N=C/c3cccn3C)cc2)nc2ccccc21,Inactive
COc1ccc2oc(=O)c(C(=O)Nc3ccc(Cl)cc3)cc2c1,Active
Cc1c(C#N)c(=O)oc2cc(OCCN3CCN(Cc4ccc(Br)cc4)CC3)ccc12,Moderate
Cn1cc2cc(C(=O)Nc3ccc(F)c(Cl)c3)ccc2n1,Active
O=C1COC(c2ccc(C(=O)Nc3cccc(Cl)c3)cc2)=NN1,Moderate
CN1CCC(Oc2ccc(OCc3cccc(NC(=O)c4cc5sccc5n4C)c3)cc2)CC1,Moderate
Cc1c(C#N)c(=O)oc2cc(OCc3ccccc3Br)ccc12,Active
CCN(CC)CCCCOc1ccc2c(c1)NC(=O)CC2,Moderate
Cc1ccc2occ(/C=N/c3cc(F)ccc3O)c(=O)c2c1,Moderate
CC(=O)c1ccc(OCCCCCN2CCN(Cc3ccccc3)CC2)cc1O,Inactive
O=C1COC(c2ccc(/N=N/c3cccc(F)c3)cc2)=NN1,Active
COc1ccccc1CN(C)CCCN1C(=O)c2ccccc2C1=O,Moderate
O=C1C=CC(=O)C(C2CCCC2)=C1,Inactive
Cc1cc(=O)oc2cc(OCCN3CCCCC3)ccc12,Moderate
O=C1COC(c2ccc(/N=C/c3cccc(F)c3)cc2)=NN1,Moderate
CCN(CCCOc1cc(O)c2c(=O)c3ccccc3sc2c1)Cc1ccccc1,Moderate
Cc1ccc2occ(C(=O)Nc3ccc(O)cc3)c(=O)c2c1,Moderate
O=C1CCc2ccc(OCCCCCCN3CCc4ccccc4C3)cc2N1,Moderate
CCN(CCCCN1C(=O)c2ccccc2C1=O)Cc1ccccc1,Moderate
CCN(CC)CCCCCCOc1ccc2c(c1)NC(=O)CC2,Moderate
O=C1COC(c2ccc(NC(=O)Nc3cccc(Cl)c3)cc2)=NN1,Moderate
C#CCn1c(-c2ccc(C(=O)N/N=C/c3ccc(OC)cc3)cc2)nc2ccccc21,Moderate
CC(=O)c1ccc(OCCCN2CCN(c3ccccn3)CC2)cc1O,Inactive
Cc1ccc2occ(/C=N/c3ncccc3O)c(=O)c2c1,Moderate
C#CCn1c(-c2ccc(C(=O)N/N=C/c3cc(OC)cc(OC)c3)cc2)nc2ccccc21,Inactive
CCN(CCCCOc1cc(O)c2c(=O)c3ccccc3sc2c1)Cc1ccc(N(C)C)cc1,Moderate
CC(=O)c1ccc(OCCCN2CCN(Cc3ccccc3)CC2)cc1O,Moderate
O=c1cc(C(F)(F)F)c2ccc(OCCN3CCC(Cc4ccccc4)CC3)cc2o1,Moderate
CN(CCCCOc1cc(O)c2c(=O)c3ccccc3sc2c1)Cc1ccccc1,Moderate
O=C1CCc2ccc(OCCCCCCN3CCCC3)cc2N1,Moderate
O=[N+]([O-])/C=C/c1cccc(OCc2cccc(F)c2)c1,Moderate
CN(CCCN1C(=O)c2ccccc2C1=O)Cc1ccccc1,Moderate
Cc1cccc(NC(=O)c2coc3ccc(C)cc3c2=O)c1,Active
O=C1CCc2ccc(OCCCCCN3CCc4ccccc4C3)cc2N1,Moderate
O=C1CCc2ccc(OCCCCN3CCc4ccccc4C3)cc2N1,Moderate
Cc1c(Cl)c(=O)oc2cc(OCc3ccccc3)ccc12,Active
CCN(CCCCOc1cc(O)c2c(=O)c3ccccc3sc2c1)Cc1ccccc1,Moderate
O=[N+]([O-])/C=C/c1cccc(OCc2cccc(C(F)(F)F)c2)c1,Moderate
O=C1CCc2ccc(OCCCCN3CCCCC3)cc2N1,Moderate
Cc1c(C#N)c(=O)oc2cc(OCc3ccccc3)ccc12,Active
O=[N+]([O-])/C=C/c1cccc(OCc2ccccc2)c1,Active
O=C1CCc2ccc(OCCCN3CCC(N4CCCC4)CC3)cc2N1,Inactive
Cc1cc(=O)oc2cc(OCCN3CCC(Cc4ccccc4)CC3)ccc12,Moderate
Cc1ccc2occ(/C=N/c3cc([N+](=O)[O-])ccc3O)c(=O)c2c1,Moderate
CCN(CCCCCCN1C(=O)c2ccccc2C1=O)Cc1ccccc1,Inactive
COc1ccccc1CN(C)CCCCN1C(=O)c2ccccc2C1=O,Inactive
Cc1ccc2oc(=O)c(C(=O)Nc3ccc(O)cc3)cc2c1,Moderate
C#CCn1c(-c2ccc(C(=O)N/N=C/c3ccc(F)cc3)cc2)nc2ccccc21,Moderate
Cn1cc2cc(C(=O)Nc3ccc(F)c(F)c3)ccc2n1,Active
NC(=O)CN1N=C(c2ccc(NC(=O)c3cccc(Cl)c3)cc2)OCC1=O,Moderate
Cc1cc(=O)oc2cc(OCc3ccc(Br)cc3)ccc12,Active
O=C1CCc2ccc(OCCCCN3CCN(c4ccccn4)CC3)cc2N1,Moderate
CC(=O)c1ccc(OCCCCCN2CCCCC2)cc1O,Moderate
O=C1COC(c2ccc(/N=C/c3ccc(Cl)cc3)cc2)=NN1,Moderate
CC(=O)c1ccc(OCCCCCCN2CCCCC2)cc1O,Inactive
Cc1ccc(NC(=O)c2coc3ccc(C)cc3c2=O)cc1,Moderate
O=C1CCc2ccc(OCCCCCCN3CCC(N4CCCC4)CC3)cc2N1,Inactive
C#CCN(CCCCCCN1C(=O)c2ccccc2C1=O)Cc1ccccc1OC,Moderate
Cc1ccc2occ(/C=N/c3ccc(Cl)cc3O)c(=O)c2c1,Moderate
COc1ccc2oc(=O)c(C(=O)Nc3ccc(C)cc3)cc2c1,Active
CCCCCC1OC(=O)c2cc(N3N=C(C)CC3=O)ccc21,Inactive
O=C1COC(c2ccc(NC(=O)c3cccc(Cl)c3)cc2)=NN1,Moderate
Cc1ccc(O)c(/N=C/c2coc3ccccc3c2=O)c1,Moderate
O=c1c(/C=N/c2cc3ccccc3cc2O)coc2ccccc12,Moderate
O=C1C=CC(=O)C(Cc2ccccc2)=C1,Inactive
CCCCCCC1OC(=O)c2cc(N3N=C(C)CC3=O)ccc21,Moderate
CCN(CCCCOc1cc(O)c2c(=O)c3ccccc3sc2c1)Cc1ccccc1OC,Moderate
CC(=O)c1ccc(OCCCN2CCCCC2)cc1O,Moderate
CN(CCCOc1cc(O)c2c(=O)c3ccccc3sc2c1)Cc1ccccc1,Moderate
O=C1C=CC(=O)C(OCc2ccccc2)=C1,Moderate
C#CCN(CCCCCCOc1ccc2c(c1)NC(=O)CC2)Cc1ccccc1,Moderate
O=c1c(/C=N/c2cccc(Cl)c2O)coc2ccc(Br)cc12,Moderate
CCN(CCCCCCOc1cc(O)c2c(=O)c3ccccc3sc2c1)Cc1ccccc1N(C)C,Moderate
O=C1CCc2ccc(OCCCCCCN3CCCCC3)cc2N1,Inactive
COc1ccc2occ(C(=O)Nc3ccc(O)cc3)c(=O)c2c1,Moderate
O=C1COC(c2ccc(/N=C/c3cccc(Cl)c3)cc2)=NN1,Moderate
CCCCCCC1OC(=O)c2cc(-n3nc(C(F)(F)F)cc3O)ccc21,Moderate
O=C1CCc2ccc(OCCCCCN3CCCCC3)cc2N1,Inactive
Cc1c(Cl)c(=O)oc2cc(OCCN3CCN(Cc4ccc(Br)cc4)CC3)ccc12,Moderate
CCN(CCCN1C(=O)c2ccccc2C1=O)Cc1ccccc1,Moderate
CCCCCC1OC(=O)c2cc(-n3nc(C(F)(F)F)cc3O)ccc21,Inactive
COCCn1ncc2cc(C(=O)Nc3ccc(Cl)c(Cl)c3)ccc21,Active
C#CCN(CCCCCN1C(=O)c2ccccc2C1=O)Cc1ccccc1OC,Moderate
O=C1COC(c2ccc(/C=C/c3cccc(F)c3)cc2)=NN1,Active
O=c1c(/C=N/c2cc(Cl)ccc2O)coc2ccc(Br)cc12,Moderate
O=c1c(/C=N/c2cccc(Cl)c2O)coc2ccccc12,Inactive
Cc1c(C#N)c(=O)oc2cc(OCc3ccc(Br)cc3)ccc12,Active
Cc1cccc(CNc2ccc([C@H]3C[C@@H]3NC3CCC(N)CC3)cn2)c1,Moderate
NC1CCC(N[C@H]2C[C@@H]2c2ccc(-c3cccc(NS(=O)(=O)N4CCNCC4)c3)cc2)CC1,Inactive
NC1CCC(N[C@H]2C[C@@H]2c2ccc(Br)cc2)CC1,Inactive
CC(C)(C)OC(=O)NC1CCC(N[C@H]2C[C@@H]2c2ccccc2)CC1,Inactive
N[C@H]1CC[C@H](N[C@H]2C[C@@H]2c2ccc(-c3cccc(C(F)(F)F)c3)cc2)CC1,Moderate
c1ccc([C@H]2C[C@@H]2NC2CCC(N3CCOCC3)CC2)cc1,Inactive
N#Cc1ccccc1S(=O)(=O)Nc1cccc(-c2ccc([C@H]3C[C@@H]3NC3CCC(N)CC3)cc2)c1,Inactive
N[C@@H]1CCN(C2CCC(N[C@H]3C[C@@H]3c3ccccc3)CC2)C1,Inactive
NC1CCC(N[C@H]2C[C@@H]2c2ccc(OCc3cccc(N4CCNCC4)c3)cc2)CC1,Inactive
CC(=O)NC1CCC(N[C@H]2C[C@@H]2c2ccc(-c3cccc(C(F)(F)F)c3)nc2)CC1,Moderate
Cc1ccc(-c2ccc([C@H]3C[C@@H]3NC3CCC(N)CC3)cn2)cc1O,Inactive
NC1CCC(N[C@H]2C[C@@H]2c2ccc(C3CC3)cc2)CC1,Inactive
CCNC(=O)NC1CCC(N[C@H]2C[C@@H]2c2ccccc2)CC1,Inactive
NC1CCC(N[C@H]2C[C@@H]2c2ccc(-c3cccnc3)cc2)CC1,Inactive
NCC1CCC(N[C@H]2C[C@@H]2c2ccccc2)CC1,Inactive
N[C@@H]1CCN(C2CCC(N[C@H]3C[C@@H]3c3ccc(-c4cccc(C(F)(F)F)c4)cc3)CC2)C1,Moderate
NC1CCC(N[C@H]2C[C@@H]2c2ccc(OCc3ccccc3F)cc2)CC1,Moderate
OC1CCC(N[C@H]2C[C@@H]2c2ccc(-c3cccc(C(F)(F)F)c3)nc2)CC1,Inactive
NC1CCC(N[C@H]2C[C@@H]2c2ccc(-c3ccc4cn[nH]c4c3)cc2)CC1,Moderate
NC(=O)C1CCC(N[C@H]2C[C@@H]2c2ccc(-c3cccc(C(F)(F)F)c3)nc2)CC1,Moderate
NC1CCC(N[C@H]2C[C@@H]2c2ccc(OCc3ccccc3)cc2)CC1,Moderate
CC1(N)CCC(N[C@H]2C[C@@H]2c2ccccc2)CC1,Inactive
NC1CC(N[C@H]2C[C@@H]2c2ccccc2)c2ccccc21,Inactive
NC1CCC(N[C@H]2C[C@@H]2c2ccc(-c3cccc(C(F)(F)F)c3)cc2)CC1,Moderate
Nc1ccc(S(=O)(=O)Nc2cccc(-c3ccc([C@H]4C[C@@H]4NC4CCC(N)CC4)cc3)c2)cn1,Inactive
CNC1CCC(N[C@H]2C[C@@H]2c2ccccc2)CC1,Inactive
N#Cc1cccc(Nc2ccc([C@H]3C[C@@H]3NC3CCC(N)CC3)cn2)c1,Inactive
N[C@H]1CC[C@@H](N[C@H]2C[C@@H]2c2ccc(-c3cccc(C(F)(F)F)c3)cc2)CC1,Moderate
NC1CCC(N[C@H]2C[C@@H]2c2ccc(-c3cccc(C(F)(F)F)c3)nc2)CC1,Inactive
CS(=O)(=O)NC1CCC(N[C@H]2C[C@@H]2c2ccc(-c3cccc(C(F)(F)F)c3)nc2)CC1,Moderate
NC1CCC(N[C@@H]2C[C@@H]2c2ccccc2)CC1,Moderate
O=S(=O)(c1cccc(Cl)c1)n1ccc2c(N[C@H]3CCNC3)nc3ccccc3c21,Moderate
C[C@@H]1Oc2ccc(Nc3ncnc4c3oc3ccccc34)cc2NC1=O,Moderate
COc1cccc2nc(NC(=O)c3ccccc3)[nH]c12,Moderate
O=C(Nc1nc2cccc(Cl)c2[nH]1)c1ccccc1,Moderate
Cc1ccc2oc(=O)c(-c3cccc(Br)c3)cc2c1,Active
COc1cc2c(cc1OC)[C@@H]1[C@H](C)c3ccc(OC)c(OC)c3CN1CC2,Inactive
O=C1CCc2cc(OCCCC(F)(F)F)ccc21,Active
O=[N+]([O-])c1cccc(-c2csc(NN=C3CCCCC3)n2)c1,Active
COc1cccc(OCc2ccc(Br)cc2)c1,Moderate
Cc1c2c(nn1-c1ccc(/C=N/NC(=S)Nc3cccc(Cl)c3)cc1)-c1ccccc1S(=O)(=O)N2C,Moderate
CN1c2c(nn(-c3ccc(/C=N/NC(=S)Nc4ccccc4Cl)cc3)c2-c2ccccc2)-c2ccccc2S1(=O)=O,Moderate
Brc1cccc(COc2cccc(Br)c2)c1,Moderate
CCc1ccc(NC(=S)N/N=C/c2ccc(-n3nc4c(c3C)N(C)S(=O)(=O)c3ccccc3-4)cc2)cc1,Moderate
Cc1c2c(nn1-c1ccc(/C=N/NC(=S)Nc3ccc(Cl)cc3)cc1)-c1ccccc1S(=O)(=O)N2C,Moderate
CN1c2c(nn(-c3ccc(/C=N/NC(=S)NCc4ccccc4)cc3)c2-c2ccccc2)-c2ccccc2S1(=O)=O,Moderate
O=Cc1cccc(OCc2cccc(F)c2)c1,Moderate
Cc1ccc(NC(=S)N/N=C/c2ccc(-n3nc4c(c3C)N(C)S(=O)(=O)c3ccccc3-4)cc2)cc1,Inactive
C=CCC/C(C)=N\Nc1nc(-c2cccc([N+](=O)[O-])c2)cs1,Active
Cc1ccc(COc2cccc(C=O)c2)cc1,Moderate
C#CCNC1CCc2c(OCCCOc3ccc(CC)cc3)cccc21,Inactive
C#CCNC1CCc2c(OCc3cccc(Br)c3)cccc21,Moderate
C#CCNC1CCc2c(OCc3cccc(Cl)c3)cccc21,Moderate
C#CCNC1CCc2c(OCc3ccc(C(F)(F)F)cc3)cccc21,Moderate
CCC(CC)=NNc1nc(-c2cccc([N+](=O)[O-])c2)cs1,Active
Cc1c2c(nn1-c1ccc(/C=N/NC(=S)NCc3ccccc3)cc1)-c1ccccc1S(=O)(=O)N2C,Moderate
CCC/C(C)=N\Nc1nc(-c2cccc([N+](=O)[O-])c2)cs1,Active
CCCCCC/C(C)=N\Nc1nc(-c2cccc([N+](=O)[O-])c2)cs1,Moderate
COc1cccc(OCc2ccc(F)cc2)c1,Inactive
C#CCN(C)Cc1cn(-c2cc(NC(=S)NCC)ncn2)cn1,Moderate
COc1ccc(/C=C/C(=O)NCCc2ccccc2)cc1O,Moderate
C#CCNC1CCc2c(OCCc3cccc(Cl)c3)cccc21,Moderate
C#CCNC1CCc2c(OCc3ccc(F)cc3)cccc21,Moderate
O=[N+]([O-])c1cccc(-c2csc(NN=C3CCCCCCC3)n2)c1,Active
Cc1c2c(nn1-c1ccc(/C=N/NC(=S)Nc3cccc(F)c3)cc1)-c1ccccc1S(=O)(=O)N2C,Moderate
Cc1ccc(COc2cccc(Br)c2)cc1,Moderate
CN1c2c(nn(-c3ccc(/C=N/NC(=S)Nc4cccc(Cl)c4)cc3)c2-c2ccccc2)-c2ccccc2S1(=O)=O,Inactive
O=[N+]([O-])c1cccc(-c2csc(NN=C3CCCCCC3)n2)c1,Active
CN1c2c(nn(-c3ccc(/C=N/NC(N)=S)cc3)c2-c2ccccc2)-c2ccccc2S1(=O)=O,Moderate
C#CCN(C)CCCc1cn(-c2cc(NC(=S)NCC)ncn2)cn1,Moderate
C#CCNC1CCc2c(OCCOc3cccc4ccccc34)cccc21,Moderate
C#CCNC1CCc2c(OCc3cccc(F)c3)cccc21,Moderate
C#CCNC1CCc2c(OCCOc3cccc(NC(=O)CCl)c3)cccc21,Moderate
C#CCNC1CCc2c(OCc3ccc4ccccc4c3)cccc21,Moderate
O=Cc1cccc(OCc2cccc(Br)c2)c1,Moderate
CCCCC/C(CC)=N\Nc1nc(-c2cccc([N+](=O)[O-])c2)cs1,Moderate
COc1cccc(OCc2ccccc2)c1,Inactive
C#CCNC1CCc2c(SCc3ccccc3)cccc21,Moderate
CN1c2c(nn(-c3ccc(/C=N/NC(=S)Nc4cccc(F)c4)cc3)c2-c2ccccc2)-c2ccccc2S1(=O)=O,Moderate
C/C(=N/Nc1nc(-c2cccc([N+](=O)[O-])c2)cs1)C1CCCCC1,Active
Cc1ccc(NC(=S)N/N=C/c2ccc(-n3nc4c(c3C)N(C)S(=O)(=O)c3ccccc3-4)cc2)c(C)c1,Moderate
Brc1ccc(COc2cccc(Br)c2)cc1,Moderate
Cc1cccc(C)c1NC(=S)N/N=C/c1ccc(-n2nc3c(c2-c2ccccc2)N(C)S(=O)(=O)c2ccccc2-3)cc1,Moderate
Cc1c2c(nn1-c1ccc(/C=N/NC(=S)Nc3ccccc3)cc1)-c1ccccc1S(=O)(=O)N2C,Moderate
Cc1c2c(nn1-c1ccc(/C=N/NC(=S)Nc3ccccc3F)cc1)-c1ccccc1S(=O)(=O)N2C,Moderate
Cc1ccc(NC(=S)N/N=C/c2ccc(-n3nc4c(c3-c3ccccc3)N(C)S(=O)(=O)c3ccccc3-4)cc2)c(C)c1,Moderate
O=Cc1cccc(OCc2ccc(F)cc2)c1,Moderate
C#CCNC1CCc2c(OCc3ccccc3)cccc21,Moderate
C#CCNC1CCc2c(OCCCOc3cc(C)c(Cl)c(C)c3)cccc21,Moderate
Fc1cccc(COc2cccc(Br)c2)c1,Moderate
Cc1ccccc1NC(=S)N/N=C/c1ccc(-n2nc3c(c2C)N(C)S(=O)(=O)c2ccccc2-3)cc1,Moderate
CCCC/C(C)=N\Nc1nc(-c2cccc([N+](=O)[O-])c2)cs1,Moderate
Cc1cccc(COc2cccc(C=O)c2)c1,Moderate
Fc1ccc(-c2csc(N/N=C/c3ccc(N4CCOCC4)cc3)n2)c(F)c1,Inactive
COc1cccc(OCc2cccc(C)c2)c1,Inactive
C#CCNC1CCc2c(OCCCOc3ccccc3)cccc21,Inactive
C#CCNC1CCc2c(OCc3ccc(F)c(F)c3)cccc21,Moderate
Cc1c2c(nn1-c1ccc(/C=N/NC(=S)NCN3CCOCC3)cc1)-c1ccccc1S(=O)(=O)N2C,Moderate
CC/C(C)=N\Nc1nc(-c2cccc([N+](=O)[O-])c2)cs1,Moderate
Cc1c2c(nn1-c1ccc(/C=N/NC(=S)Nc3ccccc3Cl)cc1)-c1ccccc1S(=O)(=O)N2C,Moderate
Fc1ccc(COc2cccc(Br)c2)cc1,Moderate
C#CCNC1CCc2c(OCc3ccc(C)cc3)cccc21,Moderate
CN1c2c(nn(-c3ccc(/C=N/NC(=S)Nc4ccccc4)cc3)c2-c2ccccc2)-c2ccccc2S1(=O)=O,Moderate
C#CCNC1CCc2c(OCc3cccc(C)c3)cccc21,Moderate
C#CCNC1CCc2c(OCCCOc3ccc(C(C)C)cc3)cccc21,Moderate
C/C(CC(C)C)=N/Nc1nc(-c2cccc([N+](=O)[O-])c2)cs1,Active
CN1c2c(nn(-c3ccc(/C=N/NC(=S)NCN4CCOCC4)cc3)c2-c2ccccc2)-c2ccccc2S1(=O)=O,Moderate
Fc1ccc(-c2csc(N/N=C/c3ccc(N4CCOCC4)cc3)n2)cc1,Inactive
CCC(C)(C)c1ccc(OCCCN2CCCCC2)cc1,Active
CCCC/C(CC)=N\Nc1nc(-c2cccc([N+](=O)[O-])c2)cs1,Moderate
COc1cccc(OCc2cccc(Br)c2)c1,Inactive
C#CCN(C)Cc1cc2cc(OCCCN3CCCCC3)ccc2n1C,Moderate
O=C(CCCCCCNC(=O)c1ccc(CNC2(c3ccccc3)CC2)cc1)NO,Inactive
C#CCNC1CCc2c(OCCOc3cccc(NC(C)=O)c3)cccc21,Moderate
C#CCNC1CCc2c(OCCc3ccccc3)cccc21,Moderate
O=Cc1cccc(OCc2ccc(Br)cc2)c1,Moderate
C#CCNC1CCc2c(OCCc3ccc(Cl)cc3)cccc21,Moderate
C#CCNCc1cn(-c2cc(NC(=S)NCC)ncn2)cn1,Moderate
C/C(=N/Nc1nc(-c2cccc([N+](=O)[O-])c2)cs1)C1CC1,Active
COc1cccc(OCc2ccc(C)cc2)c1,Inactive
C#CCN(C)CCc1cn(-c2cc(NC(=S)NCC)ncn2)cn1,Inactive
CN1c2c(nn(-c3ccc(/C=N/NC(=S)Nc4ccc(F)cc4)cc3)c2-c2ccccc2)-c2ccccc2S1(=O)=O,Moderate
Cc1cccc(C)c1NC(=S)N/N=C/c1ccc(-n2nc3c(c2C)N(C)S(=O)(=O)c2ccccc2-3)cc1,Moderate
CN1c2c(nn(-c3ccc(/C=N/NC(=S)Nc4ccc(Cl)cc4)cc3)c2-c2ccccc2)-c2ccccc2S1(=O)=O,Moderate
Cc1cccc(COc2cccc(Br)c2)c1,Moderate
CC1CCC(=NNc2nc(-c3cccc([N+](=O)[O-])c3)cs2)CC1,Moderate
C#CCNC1CCc2c(OCCOc3ccccc3)cccc21,Moderate
CCc1ccc(NC(=S)N/N=C/c2ccc(-n3nc4c(c3-c3ccccc3)N(C)S(=O)(=O)c3ccccc3-4)cc2)cc1,Active
CCC/C(CC)=N\Nc1nc(-c2cccc([N+](=O)[O-])c2)cs1,Moderate
COc1cccc(OCc2cccc(F)c2)c1,Inactive
N#Cc1ccc(-c2csc(N/N=C/c3ccc(N4CCOCC4)cc3)n2)cc1,Inactive
N#Cc1ccc(-c2csc(N/N=C/c3ccc(N4CCCC4)cc3)n2)cc1,Inactive
Brc1cccc(OCc2ccccc2)c1,Moderate
C#CCNC1CCc2c(OCCc3cccc(NC(=O)c4ccc(Cl)cc4)c3)cccc21,Active
C#CCNC1CCc2c(OCCCOc3cccc(I)c3)cccc21,Inactive
Cc1cccc2cc(-c3ccc(Br)nn3)c(=O)oc12,Moderate
C#CCN(CCCCOc1ccc2ccc(=O)oc2c1)Cc1cccc(OC)c1,Moderate
COc1ccc(-c2cc3cc(C)ccc3oc2=O)nn1,Inactive
Cc1ccc(NC(=S)Nc2ccc3[nH]ccc3c2)c(O)c1,Moderate
Oc1ccc(O)c(/C=N/c2ccc(OCc3ccccc3)cc2)c1,Moderate
Cl.NCCc1ccc(-c2ccc(Cl)cc2)cc1,Moderate
C#CCN(C)CCOc1ccc2ccc(=O)oc2c1,Moderate
O=C(Nc1cccc(F)c1)c1coc2ccccc2c1=O,Active
NC(=O)c1ccc(OCc2cccc(F)c2)cc1,Moderate
Oc1ccc(Br)cc1/C=N/c1ccc(OCc2ccccc2)cc1,Inactive
Cc1ccc2cc(-c3ccc(Br)nn3)c(=O)oc2c1,Moderate
C#CCN(CCCOc1ccc2ccc(=O)oc2c1)Cc1ccc(C(C)C)cc1,Moderate
O=C(Nc1cccc(Br)c1)c1coc2ccccc2c1=O,Active
Oc1ccc2ccccc2c1/C=N/c1ccc(OCc2ccccc2)cc1,Inactive
Cl.Nc1ccc(OCc2ccc(C(F)(F)F)cc2)cc1,Moderate
Cc1cc(=O)oc2cc(OCc3cc[n+](Cc4cccc([N+](=O)[O-])c4)cc3)ccc12.[Br-],Moderate
O=C1c2ccccc2-c2nnc(-c3ccco3)cc21,Moderate
C#CCN(CCOc1ccc2ccc(=O)oc2c1)Cc1ccc(F)c(F)c1,Moderate
Cc1cccc(C[n+]2ccc(COc3ccc4c(C)cc(=O)oc4c3)cc2)c1.[Br-],Moderate
O=C1/C(=C/c2ccc(OCCCN3CCCCC3)cc2)Cc2cc(OCc3ccc(Br)cc3)ccc21,Moderate
Cc1cc(=O)oc2cc(OCc3cc[n+](Cc4ccccc4F)cc3)ccc12.[Br-],Moderate
COc1ccc(-c2cc3ccc(C)cc3oc2=O)nn1,Inactive
S=C(Nc1ccc2[nH]ccc2c1)Nc1cccc2cnccc12,Moderate
C#CCN(CCOc1ccc2ccc(=O)oc2c1)Cc1ccccc1,Moderate
COc1cccc(COc2ccc(CCN)cc2)c1.Cl,Moderate
Cc1cccc2cc(-c3ccc(Cl)nn3)c(=O)oc12,Inactive
COc1cccc2cc(-c3ccc(Br)nn3)c(=O)oc12,Inactive
Cc1cc(=O)oc2cc(OCc3cc[n+](Cc4cccc(F)c4)cc3)ccc12.[Br-],Moderate
COc1ccc(-c2cc3cccc(C)c3oc2=O)nn1,Moderate
COc1cccc2cc(-c3ccc(Cl)nn3)c(=O)oc12,Inactive
NC(=O)c1ccc(OCc2cccc(C(F)(F)F)c2)cc1,Moderate
O=C(Nc1cccc(Cl)c1)c1coc2ccccc2c1=O,Active
C#CCN(CCCCOc1ccc2ccc(=O)oc2c1)Cc1ccc(C(C)C)cc1,Moderate
Oc1cc(O)c(/C=N/c2ccc(OCc3ccccc3)cc2)c(O)c1,Inactive
Cl.NCCc1ccc(-c2ccc(C(F)(F)F)cc2)cc1,Active
C#CCN(CCCCOc1ccc2ccc(=O)oc2c1)Cc1cccc(F)c1,Moderate
Oc1ccc(/C=N/c2ccc(OCc3ccccc3)cc2)c(O)c1,Moderate
Oc1ccc(/C=N/c2ccc(OCc3ccccc3)cc2)c(O)c1O,Moderate
O=[N+]([O-])c1ccc(O)c(/C=N/c2ccc(OCc3ccccc3)cc2)c1,Inactive
C#CCN(CCCOc1ccc2ccc(=O)oc2c1)Cc1cccc(OC)c1,Moderate
NC(=O)c1ccc(OCc2ccccc2F)cc1,Moderate
Oc1ccc(Cl)cc1/C=N/c1ccc(OCc2ccccc2)cc1,Inactive
S=C(Nc1ccc(Br)cc1)Nc1ccc2[nH]ccc2c1,Inactive
Cc1ccc2oc(=O)c(-c3ccc(Br)nn3)cc2c1,Moderate
COc1ccc(-c2ccc(CCN)cc2)cc1.Cl,Moderate
C#CCN(CCCOc1ccc2ccc(=O)oc2c1)Cc1ccc(C)cc1,Moderate
Cc1cc(=O)oc2cc(OCc3cc[n+](Cc4ccccc4Br)cc3)ccc12.[Br-],Moderate
Cc1ccc(NC(=O)c2coc3ccccc3c2=O)cc1C,Active
Cl.NCCc1ccc(-c2cccc(Cl)c2)cc1,Moderate
Cc1ccc(/C=N/c2ccc(OCc3ccccc3)cc2)c(O)c1,Inactive
Cl.Nc1ccc(OCc2cccc(C(F)(F)F)c2)cc1,Moderate
COC(=O)c1cc(NC(=S)Nc2ccc3[nH]ccc3c2)ccc1O,Inactive
COc1cccc(/C=N/c2ccc(OCc3ccccc3)cc2)c1O,Moderate
Cl.NCCc1ccc(-c2ccc(F)cc2)cc1,Moderate
Cl.NCCc1ccc(OCc2ccc(C(F)(F)F)cc2)cc1,Active
Cl.NCCc1ccc(OCc2cccc(Cl)c2)cc1,Active
Cc1ccc2oc(=O)c(-c3ccc(Cl)nn3)cc2c1,Inactive
C#CCN(C)CCCOc1ccc2ccc(=O)oc2c1,Moderate
Oc1c(Cl)cc(NC(=S)Nc2ccc3[nH]ccc3c2)cc1Cl,Inactive
Cc1ccccc1C[n+]1ccc(COc2ccc3c(C)cc(=O)oc3c2)cc1.[Br-],Moderate
COc1cccc(COc2ccc(CN)cc2)c1.Cl,Moderate
C#CCN(CCOc1ccc2ccc(=O)oc2c1)Cc1ccc(C)cc1,Moderate
NC(=O)c1ccc(OCc2ccccc2C(F)(F)F)cc1,Moderate
COc1ccc2oc(=O)c(-c3ccc(Cl)nn3)cc2c1,Moderate
O=C1c2ccccc2-c2nnc(-c3ccccc3)cc21,Moderate
COc1ccc(O)c(/C=N/c2ccc(OCc3ccccc3)cc2)c1,Inactive
C#CCN(CCOc1ccc2ccc(=O)oc2c1)Cc1ccc(C(C)C)cc1,Moderate
C#CCN(CCCCOc1ccc2ccc(=O)oc2c1)Cc1ccccc1,Moderate
Cl.NCc1ccc(OCc2ccccc2C(F)(F)F)cc1,Moderate
C#CCN(CCCOc1ccc2ccc(=O)oc2c1)Cc1ccc(F)c(F)c1,Moderate
C#CCN(CCCCOc1ccc2ccc(=O)oc2c1)Cc1ccc(OC)cc1,Moderate
Cc1cccc(/C=N/c2ccc(OCc3ccccc3)cc2)c1O,Inactive
NC(=O)c1ccc(OCc2ccc(C(F)(F)F)cc2)cc1,Moderate
COc1ccc(NC(=S)Nc2ccc3[nH]ccc3c2)cc1,Inactive
Cl.NCCc1ccc(OCc2ccccc2C(F)(F)F)cc1,Moderate
COc1ccc(/C=N/c2ccc(OCc3ccccc3)cc2)c(O)c1,Inactive
Cl.NCCc1ccc(OCc2ccc(F)cc2)cc1,Moderate
C#CCN(CCOc1ccc2ccc(=O)oc2c1)Cc1cccc(F)c1,Moderate
NC(=O)c1ccc(OCc2ccc(F)cc2)cc1,Moderate
C#CCN(CCCOc1ccc2ccc(=O)oc2c1)Cc1ccc(OC)cc1,Moderate
Cc1cc(=O)oc2cc(OCc3cc[n+](Cc4ccc(Br)cc4)cc3)ccc12.[Br-],Moderate
Cc1ccc(C[n+]2ccc(COc3ccc4c(C)cc(=O)oc4c3)cc2)cc1.[Br-],Moderate
COc1cccc(-c2ccc(CCN)cc2)c1.Cl,Moderate
COc1ccc(COc2ccc(CN)cc2)cc1.Cl,Moderate
Oc1cc(Cl)ccc1NC(=S)Nc1ccc2[nH]ccc2c1,Moderate
Oc1ccccc1/C=N/c1ccc(OCc2ccccc2)cc1,Inactive
Cc1ccc(O)c(/C=N/c2ccc(OCc3ccccc3)cc2)c1,Inactive
COc1ccc2cc(-c3ccc(Br)nn3)c(=O)oc2c1,Moderate
C#CCN(CCCCOc1ccc2ccc(=O)oc2c1)Cc1ccc(F)c(F)c1,Moderate
Cl.NCc1ccc(OCc2cccc(C(F)(F)F)c2)cc1,Moderate
Oc1cccc(/C=N/c2ccc(OCc3ccccc3)cc2)c1O,Moderate
Cl.NCCc1ccc(-c2ccccc2Cl)cc1,Moderate
Cl.NCCc1ccc(OCc2cccc(C(F)(F)F)c2)cc1,Moderate
Cl.NCCc1ccc(OCc2ccc(Cl)cc2)cc1,Active
Cc1ccc2cc(-c3ccc(Cl)nn3)c(=O)oc2c1,Moderate
C#CCN(C)CCCCOc1ccc2ccc(=O)oc2c1,Active
COc1ccc2oc(=O)c(-c3ccc(Br)nn3)cc2c1,Moderate
O=c1c(CNc2cccc(Cl)c2)coc2ccccc12,Moderate
Cl.NCc1ccc(OCc2ccc(C(F)(F)F)cc2)cc1,Moderate
C#CCN(CCOc1ccc2ccc(=O)oc2c1)Cc1ccc(OC)cc1,Moderate
C#CCN(CCCCOc1ccc2ccc(=O)oc2c1)Cc1ccc(C)cc1,Moderate
Oc1ccc(NC(=S)Nc2ccc3[nH]ccc3c2)cc1,Inactive
C#CCN(CCCOc1ccc2ccc(=O)oc2c1)Cc1cccc(F)c1,Moderate
Cc1cc(=O)oc2cc(OCc3cc[n+](Cc4ccc([N+](=O)[O-])cc4)cc3)ccc12.[Br-],Moderate
Cl.NCCc1ccc(OCc2ccccc2Cl)cc1,Moderate
Cl.Nc1ccc(OCc2cccc(F)c2)cc1,Moderate
Oc1ccc(F)cc1/C=N/c1ccc(OCc2ccccc2)cc1,Inactive
Oc1c(Br)cc(Br)cc1/C=N/c1ccc(OCc2ccccc2)cc1,Inactive
C#CCN(CCCOc1ccc2ccc(=O)oc2c1)Cc1ccccc1,Moderate
O=C1/C(=C/c2ccc(OCCCN3CCCCC3)cc2)Cc2ccc(OCc3ccc(Br)cc3)cc21,Moderate
Cl.Nc1ccc(OCc2ccc(F)cc2)cc1,Moderate
CC(=O)Nc1ccc(NC(=S)Nc2ccc3[nH]ccc3c2)cc1,Inactive
C#CCN(CCOc1ccc2ccc(=O)oc2c1)Cc1cccc(OC)c1,Moderate
Cc1cc(=O)oc2cc(OCc3cc[n+](Cc4ccc(F)cc4)cc3)ccc12.[Br-],Moderate
COc1ccc2oc(=O)c(-c3ccc(OC)nn3)cc2c1,Inactive
Cl.NCCc1ccc(OCc2ccccc2F)cc1,Moderate
COc1ccc2cc(-c3ccc(Cl)nn3)c(=O)oc2c1,Inactive
Cl.NCCc1ccc(OCc2cccc(F)c2)cc1,Moderate
Cc1cc(=O)oc2cc(OCc3cc[n+](Cc4cccc(Br)c4)cc3)ccc12.[Br-],Moderate
Oc1ccccc1NC(=S)Nc1ccc2[nH]ccc2c1,Moderate
Oc1ccc(NC(=S)Nc2ccc3[nH]ccc3c2)cc1Cl,Moderate
S=C(Nc1ccccc1)Nc1ccc2[nH]ccc2c1,Inactive
O=C1/C(=C/c2ccc(OCCCN3CCCCC3)cc2)Cc2cc(F)ccc21,Moderate
Cl.NCCc1ccc(-c2cccc(C(F)(F)F)c2)cc1,Moderate
CCN(CCCCCCn1sc2cc(OC)c(OC)cc2c1=O)Cc1ccccc1,Inactive
CCN(CCCCn1sc2cc(OC)c(OC)cc2c1=O)Cc1ccccc1,Inactive
CCN(CCCCn1sc2cc(OC)c(OC)cc2c1=O)Cc1ccccc1OC,Inactive
COc1ccccc1CN(C)CCCCn1sc2cc(OC)c(OC)cc2c1=O,Inactive
CCN(CCCCn1sc2cc(OC)c(OC)cc2c1=O)Cc1ccc(N(C)C)cc1,Inactive
COc1cc2sn(CCCCN(C)Cc3ccccc3)c(=O)c2cc1OC,Inactive
CCN(CCCCCCn1sc2cc(OC)c(OC)cc2c1=O)Cc1ccc(N(C)C)cc1,Inactive
COc1cc2sn(CCCCCCN(C)Cc3ccccc3)c(=O)c2cc1OC,Inactive
CCN(CCCCCCn1sc2cc(OC)c(OC)cc2c1=O)Cc1ccccc1N(C)C,Inactive
COc1ccccc1CN(C)CCCCCCn1sc2cc(OC)c(OC)cc2c1=O,Inactive
C[C@H](Cc1ccc(OCc2cc(Cl)ccc2Cl)cc1)N(C)CC(=O)O,Moderate
C[C@H](Cc1ccc(OCc2ccccc2Cl)cc1)N(C)CC(=O)O,Moderate
COC(=O)C[C@H](Cc1ccc(OCc2cccc(Cl)c2)cc1)N(C)CC(=O)O,Moderate
COc1ccc(C(=O)/C=C/c2ccc(C(F)(F)F)cc2)cc1,Moderate
C[C@H](Cc1ccc(OCc2ccccc2C#N)cc1)N(C)CC(=O)O,Inactive
COC(=O)C[C@H](Cc1ccc(OCc2ccccc2)cc1)N(C)CC(=O)O,Moderate
C[C@H](Cc1ccc(OCc2ccc(Cl)c(Cl)c2)cc1)N(C)CC(=O)O,Moderate
C#CCN(C)[C@H](C)Cc1ccc(OCc2ccccc2)cc1,Active
C[C@H](Cc1ccc(OCc2ccccn2)cc1)N(C)CC(=O)O,Inactive
COc1cccc(COc2ccc(C[C@@H](C)N(C)CC(=O)O)cc2)c1,Moderate
C[C@H](Cc1ccc(OCc2ccc(C#N)cc2)cc1)N(C)CC(=O)O,Moderate
CN(CC(=O)O)[C@H](COCc1ccccc1)Cc1ccc(OCc2ccccc2)cc1,Moderate
CN(CC(=O)O)[C@H](CO)Cc1ccc(OCc2ccccc2)cc1,Moderate
C[C@H](Cc1ccc(OCc2cccc(F)c2)cc1)N(C)CC(=O)O,Moderate
C[C@H](Cc1ccc(OCc2cccc(Cl)c2)cc1)N(C)CC(=O)O,Moderate
C[C@H](Cc1ccc(OCc2ccc3ccccc3c2)cc1)N(C)CC(=O)O,Inactive
C[C@H](Cc1ccc(OCc2cccc(C#N)c2)cc1)N(C)CC(=O)O,Inactive
CN(CC(=O)O)[C@H](CC#N)Cc1ccc(OCc2ccc(Cl)c(Cl)c2)cc1,Moderate
C[C@H](Cc1ccc(OCc2ccccc2)cc1)N(C)CC(=O)O,Moderate
CN(CC(=O)O)[C@H](CC#N)Cc1ccc(OCc2ccccc2)cc1,Moderate
C[C@H](Cc1ccc(OCc2cc(F)cc(F)c2)cc1)N(C)CC(=O)O,Moderate
C[C@H](Cc1ccc(OCc2cccc([N+](=O)[O-])c2)cc1)N(C)CC(=O)O,Moderate
C[C@H](Cc1ccc(OCc2ccc(Br)c(Cl)c2)cc1)N(C)CC(=O)O,Moderate
C[C@H](Cc1ccc(OCc2ccc(Cl)cc2)cc1)N(C)CC(=O)O,Moderate
C[C@H](Cc1ccc(OCc2ccncc2)cc1)N(C)CC(=O)O,Inactive
O=C1/C(=C/c2ccc(O)cc2)Oc2cc(O)ccc21,Moderate
CCN(CC)CCOc1ccc(/C=C2\COc3ccccc3C2=O)cc1,Active
CN(C)CCCCOc1ccc(/C=C2\COc3ccccc3C2=O)cc1,Moderate
Cc1ccccc1CN1CCC(CCNC(=O)/C=C/c2cc(C(C)(C)C)c(O)c(C(C)(C)C)c2)CC1,Moderate
O=C1/C(=C/c2ccc(OCCN3CCN(Cc4ccccc4)CC3)cc2)COc2ccccc21,Inactive
O=c1[nH]c(SCc2ccc(F)cc2)nc2ccccc12,Moderate
CC(C)(C)c1cc(/C=C/C(=O)NCCC2CCN(Cc3ccc(C#N)cc3)CC2)cc(C(C)(C)C)c1O,Inactive
C[C@@H]1[C@H](NCc2ccc(Cl)cc2Cl)[C@H]1c1ccccc1,Inactive
CC(C)(C)c1cc(C(=O)NC2CCN(Cc3ccccc3)CC2)cc(C(C)(C)C)c1O,Inactive
CCN(CC)CCOc1cccc(/C=C2\COc3ccccc3C2=O)c1,Moderate
CN(CCCCOc1ccc(/C=C2\COc3ccccc3C2=O)cc1)c1ccccc1,Moderate
CC(C)(C)c1cc(CCC(=O)NCC2CCN(Cc3ccccc3)CC2)cc(C(C)(C)C)c1O,Inactive
C#CCn1ccc2cc(OC(=O)N(CC)CC)ccc21,Inactive
Cc1ccc2oc(-c3ccc(Br)cc3)cc2c1,Inactive
CC(C)(C)c1cc(C(=O)CNCCC2CCN(Cc3ccccc3)CC2)cc(C(C)(C)C)c1O,Inactive
CC(C)(C)c1cc(/C=C/C(=O)NC2CCN(Cc3ccccc3)CC2)cc(C(C)(C)C)c1O,Inactive
Cc1cccc2cc(-c3ccccc3Br)oc12,Moderate
C#CCn1ccc2ccc(NC(=O)N(CC)CC)cc21,Moderate
Brc1cccc(-c2cc3ccccc3o2)c1,Moderate
CC(C)(C)c1cc(C(=O)NCCC2CCN(Cc3ccccc3)CC2)cc(C(C)(C)C)c1O,Inactive
CCN(CCCCOc1ccc(/C=C2\COc3ccccc3C2=O)cc1)c1ccccc1,Moderate
O=C(NCCC1CCN(Cc2ccccc2)CC1)c1cc(=O)c2cc(O)c(O)cc2o1,Inactive
CCN(CC)CCCCCCOc1ccc(/C=C2\COc3ccccc3C2=O)cc1,Moderate
CC(C)(C)c1cc(/C=C/C(=O)NCCC2CCN(Cc3ccc(F)c(F)c3)CC2)cc(C(C)(C)C)c1O,Moderate
CCN(CC)CCCOc1ccc(/C=C2\COc3ccccc3C2=O)cc1,Moderate
CC(C)(C)c1cc(/C=C/C(=O)NCCC2CCN(Cc3ccc(Br)cc3)CC2)cc(C(C)(C)C)c1O,Inactive
O=[N+]([O-])c1cccc(CN[C@H]2C[C@@H]2c2ccccc2)c1,Moderate
CN(C)CCOc1cccc(/C=C2\COc3ccccc3C2=O)c1,Moderate
Cc1ccc2oc(-c3ccccc3Br)cc2c1,Moderate
Cc1ccc(NC(=O)c2coc3ccc(/C=C/C(=O)OCCN(C)C)cc3c2=O)cc1C,Moderate
COc1ccc2c(=O)cc(C(=O)NCCC3CCN(Cc4ccccc4)CC3)[nH]c2c1,Inactive
CC(C)(C)c1cc(/C=C/C(=O)NCCC2CCN(Cc3cccc(Cl)c3)CC2)cc(C(C)(C)C)c1O,Moderate
Brc1ccccc1-c1cc2ccccc2o1,Moderate
CC(C)(C)c1cc(/C=C/C(=O)NCCC2CCN(Cc3ccccc3)CC2)cc(C(C)(C)C)c1O,Moderate
CCN(CC)CCOC(=O)/C=C/c1ccc2occ(C(=O)Nc3cccc(Cl)c3)c(=O)c2c1,Moderate
CCN(CCOc1ccc(/C=C2\COc3ccccc3C2=O)cc1)Cc1ccccc1,Moderate
CN(C)CCOc1ccc(/C=C2\COc3ccccc3C2=O)cc1,Moderate
Cc1ccc(NC(=O)c2coc3ccc(/C=C/C(=O)OCCN(C)C)cc3c2=O)cc1,Moderate
CN(C)CCCOc1ccc(/C=C2\COc3ccccc3C2=O)cc1,Active
CC(C)(C)c1cc(/C=C/C(=O)NCCC2CCN(Cc3ccc(F)cc3)CC2)cc(C(C)(C)C)c1O,Inactive
O=C(O)/C=C/c1ccc2occ(C(=O)Nc3ccccc3)c(=O)c2c1,Moderate
O=c1[nH]c(SCc2ccc(C(F)(F)F)cc2)nc2ccccc12,Moderate
Cc1ccc(CN2CCC(CCNC(=O)/C=C/c3cc(C(C)(C)C)c(O)c(C(C)(C)C)c3)CC2)cc1,Moderate
CCN(CC)CCOc1ccccc1/C=C1\COc2ccccc2C1=O,Inactive
O=C(NCCC1CCN(Cc2ccccc2)CC1)c1ccc(Cl)cn1,Moderate
CCN(CC)CCCCOc1ccc(/C=C2\COc3ccccc3C2=O)cc1,Moderate
CCN(CC)CCCOc1cccc(/C=C2\COc3ccccc3C2=O)c1,Inactive
CN(C)CCOC(=O)/C=C/c1ccc2oc(C(=O)Nc3ccccc3)cc(=O)c2c1,Moderate
CN(C)CCOC(=O)/C=C/c1ccc2occ(C(=O)Nc3ccc(Cl)cc3)c(=O)c2c1,Moderate
O=C(NCCC1CCN(Cc2ccccc2)CC1)c1cc(=O)c2cccc(O)c2[nH]1,Inactive
O=c1[nH]c(SCc2ccccc2)nc2ccccc12,Moderate
CN(C)CCOC(=O)/C=C/c1ccc2occ(C(=O)Nc3ccccc3)c(=O)c2c1,Moderate
O=c1[nH]c(SCc2cccc(I)c2)nc2ccccc12,Active
O=C(NCCC1CCN(Cc2ccccc2)CC1)c1cc(=O)c2ccccc2o1,Inactive
C#CCn1ccc2ccc(OC(=O)N(CC)CC)cc21,Moderate
Cc1ccc(NC(=O)c2coc3ccc(/C=C/C(=O)O)cc3c2=O)cc1C,Moderate
Cc1ccc2oc(-c3cccc(Br)c3)cc2c1,Moderate
CN1CCN(CCCCCCOc2ccc(/C=C3\COc4ccccc4C3=O)cc2)CC1,Moderate
Cc1cccc2cc(-c3cccc(Br)c3)oc12,Moderate
NC(=O)c1cccc(CN[C@H]2C[C@@H]2c2ccccc2)c1,Inactive
CN(C)CCCCCCOc1ccc(/C=C2\COc3ccccc3C2=O)cc1,Moderate
CC(C)(C)c1cc(CCC(=O)NCCC2CCN(Cc3ccccc3)CC2)cc(C(C)(C)C)c1O,Inactive
COc1cc2oc(C(=O)NCCC3CCN(Cc4ccccc4)CC3)cc(=O)c2cc1OC,Moderate
CCN(CCCOc1ccc(/C=C2\COc3ccccc3C2=O)cc1)Cc1ccccc1,Moderate
COc1ccc(CN2CCC(CCNC(=O)/C=C/c3cc(C(C)(C)C)c(O)c(C(C)(C)C)c3)CC2)cc1,Moderate
C#CCn1ccc2cc(NC(=O)N(CC)CC)ccc21,Inactive
O=C1/C(=C/c2ccc(OCCCN3CCN(Cc4ccccc4)CC3)cc2)COc2ccccc21,Inactive
CN(C)CCCOc1cccc(/C=C2\COc3ccccc3C2=O)c1,Active
CN(CCCOc1ccc(/C=C2\COc3ccccc3C2=O)cc1)Cc1ccccc1,Moderate
Clc1ccc(CN[C@H]2C[C@@H]2c2ccccc2)cc1,Inactive
CC(C)(C)c1cc(CCC(=O)NC2CCN(Cc3ccccc3)CC2)cc(C(C)(C)C)c1O,Inactive
COc1cccc2c(=O)cc(C(=O)NCCC3CCN(Cc4ccccc4)CC3)[nH]c12,Inactive
Cc1ccc2oc(-c3ccccc3)cc2c1,Moderate
Brc1ccc(-c2cc3ccccc3o2)cc1,Moderate
CC(C)(C)c1cc(/C=C/C(=O)NCC2CCN(Cc3ccccc3)CC2)cc(C(C)(C)C)c1O,Inactive
O=c1[nH]c(SCc2cccc(Br)c2)nc2ccccc12,Moderate
O=C(NCCC1CCN(Cc2ccccc2)CC1)c1cc(=O)c2cc(O)ccc2o1,Inactive
CC(C)(C)c1cc(/C=C/C(=O)NCCC2CCN(Cc3ccc(F)cc3F)CC2)cc(C(C)(C)C)c1O,Inactive
Cc1ccc(NC(=O)c2cc(=O)c3cc(/C=C/C(=O)OCCN(C)C)ccc3o2)cc1,Moderate
C[C@@H]1[C@H](NCc2ccc(Cl)cc2)[C@H]1c1ccccc1,Inactive
CC(C)(C)c1cc(/C=C/C(=O)NCCC2CCN(Cc3cccc([N+](=O)[O-])c3)CC2)cc(C(C)(C)C)c1O,Inactive
CN1CCN(CCCOc2ccc(/C=C3\COc4ccccc4C3=O)cc2)CC1,Inactive
Cc1cccc2cc(-c3ccccc3)oc12,Inactive
CC(C)(C)c1cc(/C=C/C(=O)NCCC2CCN(Cc3ccccc3F)CC2)cc(C(C)(C)C)c1O,Moderate
O=c1[nH]c(SCc2ccc(Br)cc2)nc2ccccc12,Moderate
CC(C)(C)c1cc(/C=C/C(=O)NCCC2CCN(Cc3ccccc3Cl)CC2)cc(C(C)(C)C)c1O,Moderate
CN(C)CCOC(=O)/C=C/c1ccc2occ(C(=O)Nc3cccc(Cl)c3)c(=O)c2c1,Moderate
CN(CCOc1ccc(/C=C2\COc3ccccc3C2=O)cc1)Cc1ccccc1,Moderate
CCN(CC)CCOC(=O)/C=C/c1ccc2oc(C(=O)Nc3ccc(C)c(C)c3)cc(=O)c2c1,Moderate
O=C(NCCC1CCN(Cc2ccccc2)CC1)c1cc(=O)c2cc(O)ccc2[nH]1,Inactive
CC(C)(C)c1cc(C(=O)CNC2CCN(Cc3ccccc3)CC2)cc(C(C)(C)C)c1O,Inactive
C[C@@H]1[C@H](NCc2cccc([N+](=O)[O-])c2)[C@H]1c1ccccc1,Moderate
CN1CCN(CCCCOc2ccc(/C=C3\COc4ccccc4C3=O)cc2)CC1,Inactive
O=c1[nH]c(SCCCc2ccccc2)nc2ccccc12,Moderate
C#CCNc1nc(NCCCC2CCN(Cc3ccccc3)CC2)c(C#N)cc1C#N,Moderate
CC(C)(C)c1cc(/C=C/C(=O)NCCC2CCN(Cc3cccc(F)c3)CC2)cc(C(C)(C)C)c1O,Moderate
Cc1cccc2cc(-c3ccc(Br)cc3)oc12,Moderate
CC(C)C[C@@H](NC(=O)[C@@H](CCCNN)NC(=O)[C@@H](CO)NC(=O)[C@@H](CCCNC(=N)N)NC(=O)[C@H]1CCCN1)C(=O)N[C@@H](C(=O)N[C@H](CCCNC(=N)N)C(=O)N[C@@H](CCCCNC(=O)COCCOCCNC(=O)[C@@H](CCCNC(=N)N)NC(=O)[C@@H](CCCNC(=N)N)NC(=O)[C@@H](CCCNC(=N)N)NC(=O)[C@@H](CCCNC(=N)N)NC(=O)[C@@H](CCCNC(=N)N)NC(=O)[C@@H](CCCNC(=N)N)NC(=O)[C@@H](CCCNC(=N)N)NC(=O)[C@@H](N)CCCNC(=N)N)C(=O)N1CCC[C@H]1C(=O)N[C@@H](CO)C(=O)N[C@@H](CC(=O)O)C(=O)N1CCC[C@H]1C(=O)N[C@@H](CC(N)=O)C(=O)N[C@@H](CCCNC(=N)N)C(=O)N[C@@H](CCCCN)C(=O)N1CCC[C@H]1C(=O)N[C@H](CC(N)=O)C(=O)N[C@@H](Cc1ccc(O)cc1)C(=O)N[C@@H](CO)C(=O)N[C@@H](CCC(N)=O)C(N)=O)C(C)C,Inactive
CC(C)C[C@@H](NC(=O)[C@@H](CCCNN)NC(=O)[C@@H](CO)NC(=O)[C@H](CCCNC(=N)N)NC(=O)[C@@H]1CCCN1)C(=O)N[C@@H](C(=O)N[C@H](CCCNC(=N)N)C(=O)N[C@H](CCCCN)C(=O)N1CCC[C@@H]1C(=O)N[C@@H](CO)C(=O)N[C@@H](CC(=O)O)C(=O)N1CCC[C@H]1C(=O)N[C@@H](CC(N)=O)C(=O)N[C@@H](CCCNC(=N)N)C(=O)N[C@H](CCCCNC(=O)[C@H](CCCNC(=N)N)NC(=O)[C@H](CCCNC(=N)N)NC(=O)[C@H](CCCNC(=N)N)NC(=O)[C@H](CCCNC(=N)N)NC(=O)[C@H](CCCNC(=N)N)NC(=O)[C@H](CCCNC(=N)N)NC(=O)[C@H](CCCNC(=N)N)NC(=O)[C@H](N)CCCNC(=N)N)C(=O)N1CCC[C@H]1C(=O)N[C@H](CC(N)=O)C(=O)N[C@@H](Cc1ccc(O)cc1)C(=O)N[C@@H](CO)C(=O)N[C@@H](CCC(N)=O)C(N)=O)C(C)C,Inactive
CC(C)C[C@H](NC(=O)[C@H](CCCNN)NC(=O)[C@H](CO)NC(=O)[C@@H](CCCNC(=N)N)NC(=O)[C@H]1CCCN1)C(=O)N[C@H](C(=O)N[C@@H](CCCNC(=N)N)C(=O)N[C@@H](CCCCNC(=O)[C@@H](CCCNC(=N)N)NC(=O)[C@@H](CCCNC(=N)N)NC(=O)[C@@H](CCCNC(=N)N)NC(=O)[C@@H](CCCNC(=N)N)NC(=O)[C@@H](CCCNC(=N)N)NC(=O)[C@@H](CCCNC(=N)N)NC(=O)[C@@H](CCCNC(=N)N)NC(=O)[C@@H](N)CCCNC(=N)N)C(=O)N1CCC[C@H]1C(=O)N[C@@H](CO)C(=O)N[C@@H](CC(=O)O)C(=O)N1CCC[C@H]1C(=O)N[C@@H](CC(N)=O)C(=O)N[C@@H](CCCNC(=N)N)C(=O)N[C@@H](CCCCN)C(=O)N1CCC[C@H]1C(=O)N[C@H](CC(N)=O)C(=O)N[C@@H](Cc1ccc(O)cc1)C(=O)N[C@@H](CO)C(=O)N[C@@H](CCC(N)=O)C(N)=O)C(C)C,Inactive
CCC(C)(C)c1ccc(OCCCCN2CCCC(C)C2)cc1,Moderate
CCC(C)(C)c1ccc(OCCCCCCCN2CCCCCC2)cc1,Moderate
c1ccc([C@@H]2C[C@H]2NC2CCNCC2)cc1,Inactive
CCC(C)(C)c1ccc(OCCCCN2CCCCC2)cc1,Moderate
CCC(C)(C)c1ccc(OCCCCN2CCCCCC2)cc1,Moderate
CCC(C)(C)c1ccc(OCCCCCN2CCCCCC2)cc1,Moderate
CCC(C)(C)c1ccc(OCCCCCCN2CCCCCC2)cc1,Moderate
CN1CCN(C(=O)CN[C@@H]2C[C@H]2c2ccc(OCc3ccccc3)cc2)CC1,Moderate
O=C(O)CCNc1cc(N2CCc3ccccc3CC2)nc(-c2cccnc2)n1,Inactive
CCn1c(=O)c2c(nc(/C=C/c3ccc(OC)c(OC)c3)n2C)n(CC)c1=O,Active
O=C(/C=C/C=C/c1ccc2c(c1)OCO2)N1CCCCC1,Moderate
N#CCCn1nnc(-c2ccc(OCc3ccccc3)cc2)n1,Moderate
O=c1ccc2ccc(COc3ccccc3)cc2o1,Active
C#CCN(C)[C@@H]1CCc2ccccc21,Moderate
CC(=O)Nc1cccc(COc2ccc3c(C)c(C)c(=O)oc3c2)c1,Active
O=c1c(-c2ccc(O)cc2)coc2cc(O)cc(O)c12,Moderate
O=c1oc2cc(O)ccc2s1,Moderate
O=C(/C=C/c1cccc(OCCCCCCN2CCc3ccccc3C2)c1)c1ccccc1O,Moderate
CC(=O)c1ccc(OCCCCCCCCCCN2CCC(c3ccccc3)CC2)cc1O,Inactive
N#Cc1ccc(-c2nnc(-c3ccc(S(N)(=O)=O)cc3)o2)cc1,Moderate
C#CCOc1ccc(-c2cc(-c3cccc(OCC#C)c3)nc(N)n2)cc1,Moderate
CCC(C)(C)c1ccc(OCCCN2CCCCC2C)cc1,Active
c1cc(C/N=C2\C3C4CC5C6C4C2C6C2(OCCO2)C53)ccc1C/N=C1/C2C3CC4C5C3C1C5C1(OCCO1)C42,Inactive
C#CCN1CCCC(CCc2cc(F)c(F)cc2F)C1,Inactive
FC(F)(F)Cc1cc2c(N[C@H]3CC[C@@H](N[C@@H]4C[C@H]4c4ccccc4)CC3)ncnc2s1,Moderate
O=C(/C=C/c1ccc(OCCCCN2CCCC2)cc1)c1ccc(OCCCCN2CCCC2)cc1O,Moderate
C#CCN1CCC(CCc2ccccc2F)CC1,Inactive
COc1cc2c(cc1OC)CN(CCCOc1ccc(C(C)=O)c(O)c1)CC2,Inactive
C[C@H]1Cc2cccc(O)c2C(=O)O1,Inactive
Cc1c(C)c2ccc(OCC3CCCN(Cc4ccc(F)cc4)C3)cc2oc1=O.Cl,Moderate
Cl.O=C(CCN1CCOCC1)c1cc2cc(Br)c(O)c(Br)c2oc1=O,Inactive
NS(=O)(=O)c1ccc(-c2nnc(-c3ccc(Cl)c(Cl)c3)o2)cc1,Active
CC(C)=CCc1c(O)cc(/C=C/c2ccc3c(c2)[C@H](c2cc(O)c4c(c2)OC(C)(C)CC4)[C@@H](c2ccc(O)cc2)O3)cc1O,Moderate
O=C(Nc1ccc2[nH]ccc2n1)c1ccc(F)c(Cl)c1,Active
Fc1ccc([C@@H]2C[C@H]2NC2CCN(c3ncnc4sc(CC(F)(F)F)cc34)CC2)cc1F,Inactive
CC(=O)c1ccc(OCCCCCCN2CCC(Cc3ccccc3)CC2)cc1O,Inactive
C#CCN1CCC(/C=C/c2ccc(S(C)(=O)=O)cc2)CC1,Active
ClCc1ccc(CNC23OC4C5C6CC(C7C6C4C72)C53)cc1,Inactive
O=C(Nc1cc2cc[nH]c2cn1)c1ccc(F)c(F)c1,Moderate
Cc1c(C)c2ccc(OC3CCN(C)CC3)cc2oc1=O,Moderate
CN(C)c1ccc(/C=C/C(=O)c2ccc(OCCCCCCN3CCc4ccccc4C3)cc2O)cc1,Moderate
Cc1c(C)c2ccc(OCC3CCCN(C)C3)cc2oc1=O.Cl,Moderate
COc1ccc2[nH]c3nc4c(c(N)c3c2c1)CCCC4,Inactive
FC(F)(F)Cc1cc2c(N3CCC(N[C@@H]4C[C@H]4c4ccccc4)CC3)ncnc2s1,Inactive
C#CCOc1ccc2cc(Cn3ccc(=O)c(O)c3CC)c(=O)oc2c1,Moderate
Cn1c(=O)c2c(nc3n2CCN(c2cccc(Cl)c2)C3)n(C)c1=O,Moderate
C#CCN(C)Cc1ccc(Br)cc1,Moderate
O=C(/C=C/c1ccc(OCCCCCCN2CCCC2)cc1)c1ccccc1O,Inactive
Cc1ccc(-c2noc(-c3ccc(C4=NCC(C)N4)cc3)n2)s1,Moderate
Cc1c(C)c2ccc(OCC3CCCN(Cc4cccc(Br)c4)C3)cc2oc1=O.Cl,Moderate
C#CCN1CCC(/C=C\c2ccc(F)cc2Cl)CC1,Inactive
Cc1c(C)c2ccc(OCc3cccc(CN4CCC(CO)CC4)c3)cc2oc1=O,Moderate
C#CCN1CCC(/C=C/c2ccc(Cl)cc2)CC1,Active
Cn1c(=O)c2c(nc3n2CCN(c2ccccc2)C3)n(C)c1=O,Moderate
O=c1ccc(-c2ccccc2)nn1Cc1noc(-c2ccc(C3=NCCN3)cc2)n1,Moderate
CC1CN=C(c2ccc(-c3noc(-c4ccc(Cl)c(Cl)c4)n3)cc2)N1,Moderate
Cn1c(=O)[nH]c2cc(OCc3cccc(Cl)c3)ccc21,Inactive
CC1(C)C(=O)Nc2ccc(OCc3cccc(Cl)c3)cc21,Inactive
Cc1cc(=O)oc2ccc(OC/C=C/CCn3cnc4c(N5CCCCC5)ncnc43)cc12,Moderate
CCc1c(O)c(=O)ccn1Cc1cc2ccc(OCc3ccccc3)cc2oc1=O,Moderate
CC(=O)c1ccc(OCCN2CCN(Cc3ccccc3)CC2)cc1O,Inactive
CC(C)c1noc(-c2ccc(C3=NCCN3)cc2)n1,Moderate
C#CCN1CCC(/C=C/c2cccc(C(F)(F)F)c2)CC1,Moderate
C#CCOc1ccc(-c2cc(-c3ccccc3OCC#C)nc(C)n2)cc1,Inactive
CC(C)c1ccc(OCCOc2ccc3[nH]c(=O)n(C(C)C)c3c2)cc1,Inactive
Cc1c(C)c2ccc(OCC3CCCN(Cc4ccc(Cl)cc4)C3)cc2oc1=O.Cl,Active
CN(C)C(=O)Oc1cccc(/C=C/C(=O)c2ccccc2O)c1,Moderate
COc1ccc2c(c1O)OC[C@H]1c3cc4c(cc3O[C@@H]21)OCO4,Inactive
FC(F)(F)Cc1cc2c(N[C@H]3CC[C@H](N[C@H]4C[C@@H]4c4ccccc4)CC3)ncnc2s1,Inactive
CCN(CCOc1ccc(C(C)=O)c(O)c1)Cc1ccccc1,Inactive
Cc1ccc(-c2nc(-c3ccc(C4=NCCN4)cc3)no2)cc1,Active
Cc1c(C)c2ccc(OCC3CCCN(Cc4cccc(Cl)c4)C3)cc2oc1=O.Cl,Active
CCN(CC)C(=O)Oc1cccc(/C=C/C(=O)c2ccccc2O)c1,Moderate
C#CCNC1CCc2c(NCc3cccc(C)c3)cccc21,Moderate
O=c1c2ccccc2cnn1Cc1noc(-c2ccc(C3=NCCN3)cc2)n1,Moderate
O=C(/C=C/c1cccc(OC(=O)N(c2ccccc2)c2ccccc2)c1)c1ccccc1OC(=O)N(c1ccccc1)c1ccccc1,Moderate
CC(C)(C)c1ccc(-c2noc(-c3ccc(C4=NCCN4)cc3)n2)cc1,Moderate
Fc1ccc(/N=C/c2ccc3[nH]ncc3c2)cc1Cl,Active
Cn1c(=O)c2c(nc3n2CCN(CCc2ccccc2Br)C3)n(C)c1=O,Moderate
C#CCOc1ccc(-c2cc(-c3ccccc3OCC#C)nc(N)n2)cc1,Inactive
C#CCN1CCC(CCc2cccc(F)c2)CC1,Moderate
C#CCN1CCC(/C=C/c2ccccc2F)CC1,Inactive
CCC(C)(C)c1ccc(OCCCN2C(C)CCCC2C)cc1,Active
C#CCN1CCC(/C=C/c2ccc(C3CC3)cc2)CC1,Active
Cn1c(=O)c2c(nc3n2CCN(C2Cc4ccccc4C2)C3)n(C)c1=O,Moderate
Cc1c(C)c2ccc(OCC3CCN(Cc4cccc(CO)c4)CC3)cc2oc1=O,Active
O=C(Nc1ccc2[nH]ccc2n1)c1ccc(Cl)c(F)c1,Active
C#CCOc1ccc(-c2cc(-c3ccc(OCC#C)c(OC)c3)nc(C)n2)cc1,Inactive
Cc1c(C)c2ccc(OCC3CCCN(Cc4ccc(CO)cc4)C3)cc2oc1=O,Active
CCN(CCCOc1ccc(C(C)=O)c(O)c1)Cc1ccccc1,Inactive
Cn1c(=O)c2c(nc3n2CCN(CCc2cccc(Br)c2)C3)n(C)c1=O,Moderate
C#CCN1CCC(/C=C\c2cccc(F)c2)CC1,Inactive
O=C(Nc1ccc2[nH]ccc2n1)c1ccc(Cl)c(Cl)c1,Active
c1ccc(Oc2ccc(-c3noc(-c4ccc(C5=NCCN5)cc4)n3)cc2)cc1,Moderate
CCc1c(O)c(=O)ccn1Cc1cc2ccc(OCc3ccc(F)cc3)cc2oc1=O,Moderate
O=C(Nc1cc2cc[nH]c2cn1)c1ccc(Cl)c(F)c1,Active
Cn1c(=O)c2c(nc3n2CCN([C@@H]2CCCc4ccccc42)C3)n(C)c1=O,Moderate
C#CCOc1ccc(-c2cc(-c3ccc(OCC#C)cc3)nc(C)n2)cc1,Moderate
Cc1c(C)c2ccc(OCC3CCN(C)CC3)cc2oc1=O.Cl,Moderate
CCN(CC)CCOc1ccc(/C=C/C(=O)c2ccc(OCCN(CC)CC)cc2O)cc1,Moderate
C#CCNC1CCc2c(NCc3ccc(C)cc3)cccc21,Moderate
CN(C)Cc1cc(=O)oc2cc(OCc3cccc(CO)c3)ccc12,Moderate
Cc1cccc(NC(=O)c2cc3ccccc3oc2=O)c1,Moderate
C#CCN1CCC(CCc2ccccc2)CC1,Moderate
CCc1c(O)c(=O)ccn1Cc1cc2ccc(OCc3cc(F)cc(F)c3)cc2oc1=O,Moderate
NS(=O)(=O)c1ccc(-c2nnc(-c3ccccc3)o2)cc1,Moderate
C#CCNCc1ccc(CNC2C3C4CC5C6C4C2C6C2(OCCO2)C53)cc1,Inactive
COc1ccc(/C(=C\F)CN)cc1OC,Active
NS(=O)(=O)c1ccc(-c2nnc(-c3ccc(Cl)cc3)o2)cc1,Active
Cc1c(C)c2ccc(OCC3CCCN(CCCO)C3)cc2oc1=O,Moderate
C#CCOc1ccc(-c2cc(-c3ccc(OCC#C)c(OC)c3)nc(N)n2)cc1,Inactive
Cc1c(C)c2ccc(OC3CCN(Cc4ccc(Cl)cc4)CC3)cc2oc1=O,Moderate
Cc1ccc(-c2nnc(-c3cccc(S(N)(=O)=O)c3)o2)cc1,Moderate
C#CCNC1CCc2c(SCc3ccc(Cl)cc3)cccc21,Moderate
CON(C)C(=O)Oc1cccc(/C=C/C(=O)c2ccccc2OC(=O)N(C)OC)c1,Moderate
CN(C)C(=O)Oc1cccc(/C=C/C(=O)c2ccccc2OC(=O)N(C)C)c1,Moderate
C#CCN1CCC(/C=C\c2ccc(C(C)C)cc2)CC1,Moderate
CCN(CC)CCCCOc1ccc(/C=C/C(=O)c2ccc(OCCCCN(CC)CC)cc2O)cc1,Moderate
Cc1c(C)c2ccc(OCC3CCCN(Cc4ccc(C#N)cc4)C3)cc2oc1=O,Active
C#CCOc1ccc(-c2cc(-c3ccc(OCC#C)c(OCC)c3)nc(C)n2)cc1,Inactive
N#Cc1ccc(C2=NCCN2c2ccc(C(F)(F)F)cn2)cc1,Inactive
CCN(CC)Cc1ccc(/C=C/C(=O)c2ccc(OC)c(OC)c2)cc1O,Moderate
C#CCOc1cccc(-c2cc(-c3cccc(OCC#C)c3)nc(N)n2)c1,Inactive
Cc1ccc(O)c2c1C[C@H](C)OC2=O,Inactive
Cc1ccc(-c2cc(S(C)(=O)=O)cc(S(=O)(=O)c3cnc(CN)s3)c2)cc1.Cl.Cl,Inactive
O=C(/C=C/c1ccc(OCCCCN2CCCCC2)cc1)c1ccc(OCCCCN2CCCCC2)cc1O,Moderate
C#CCNC1CCc2c(NCc3ccc(F)cc3)cccc21,Moderate
CCN(CCCCCOc1ccc(C(C)=O)c(O)c1)Cc1ccccc1,Inactive
O=C(/C=C/c1cccc(OCCCCN2CCc3ccccc3C2)c1)c1ccccc1O,Moderate
O=C(Nc1cc2cc[nH]c2cn1)c1ccc(F)c(Cl)c1,Active
Cn1c(=O)c2c(nc3n2CCN([C@@H]2CCc4ccccc42)C3)n(C)c1=O,Moderate
Cn1c(=O)c2c(nc3n2CCN(CCc2cccc(F)c2F)C3)n(C)c1=O,Moderate
Cc1c(C)c2ccc(OCC3CCCN(Cc4ccccc4)C3)cc2oc1=O.Cl,Active
C#CCOc1ccc(-c2cc(-c3ccc(OCC#C)c(OCC)c3)nc(N)n2)cc1,Inactive
Cn1c(=O)[nH]c2ccc(OCc3ccc(Cl)c(Cl)c3)cc21,Moderate
C#CCN1CCC(/C=C/c2cccc(F)c2)CC1,Moderate
CC(=O)c1ccc(OCCCCN2CCC(Cc3ccccc3)CC2)cc1O,Inactive
CN(C)Cc1ccc(COc2ccc3c(CO)cc(=O)oc3c2)cc1,Active
O=C(/C=C/c1ccc(F)cc1)c1ccc(OCCCN2CCc3ccccc3C2)cc1O,Inactive
C#CCN1CCC(/C=C/c2ccc(C(F)(F)F)cc2)CC1,Moderate
O=C1Cc2cc(OCCc3ccc(F)cc3)ccc2N1,Inactive
CC(=O)c1ccc(OCCN2CCC(Cc3ccccc3)CC2)cc1O,Inactive
C#CCOc1ccc(-c2cc(-c3cccc(OCC#C)c3)nc(C)n2)cc1,Moderate
CC1(C)C(=O)Nc2ccc(OCc3ccc(Cl)c(Cl)c3)cc21,Inactive
Cc1c(C)c2ccc(OCC3CCN(Cc4cccc(CO[N+](=O)[O-])c4)CC3)cc2oc1=O,Active
Clc1cccc(-c2noc(-c3ccc(C4=NCCN4)cc3)n2)c1,Active
NS(=O)(=O)c1cccc(-c2nnc(-c3ccc(Cl)cc3)o2)c1,Moderate
O=C1Nc2ccc(OCc3ccc(Cl)c(Cl)c3)cc2C1=O,Active
Cc1c(C)c2ccc(OCC3CCCN(Cc4cccc(Br)c4)C3)cc2oc1=O,Active
N[C@@H]1C[C@]1(F)c1ccc(C(F)(F)F)cc1,Moderate
CCN(CC)CCCCOc1ccc(C(C)=O)c(O)c1,Inactive
CCN(CC)C(=O)Oc1cccc(/C=C/C(=O)c2ccccc2OC(=O)N(CC)CC)c1,Moderate
CC(=O)c1ccc(OCCCCCCN2CCc3ccccc3C2)cc1O,Inactive
Cn1c(=O)c2c(nc3n2CCN(CCc2ccccc2F)C3)n(C)c1=O,Moderate
C#CCN1CCC(/C=C\c2ccc(C(N)=O)cc2)CC1,Inactive
C#CCNC1CCc2c(OCCc3cc(NC(C)=O)ccc3Cl)cccc21,Moderate
O=C(/C=C/c1ccc(OCCCN2CCCCC2)cc1)c1ccc(OCCCN2CCCCC2)cc1O,Moderate
C#CCN1CCC(/C=C\c2cccc(C(F)(F)F)c2)CC1,Moderate
Cn1c(=O)c2c(nc3n2CCN(c2cccc4ccccc24)C3)n(C)c1=O,Moderate
COc1cccc(-c2noc(-c3ccc(C4=NCCN4)cc3)n2)c1,Moderate
CC(=O)c1ccc(OCCCCCCCCCN2CCc3ccccc3C2)cc1O,Inactive
Cc1ccc(-c2nnc(-c3ccccc3)o2)cc1S(N)(=O)=O,Moderate
COc1ccc2cc(C(=O)CCN3CCCC3)c(=O)oc2c1.Cl,Inactive
Cn1c(=O)c2c(nc3n2CCN(CCc2c(Cl)cccc2Cl)C3)n(C)c1=O,Moderate
Cn1c(=O)[nH]c2ccc(OCc3ccc(Cl)cc3)cc21,Inactive
N#C/C(=C\C=C\c1ccc2c(c1)OCO2)C(=O)N1CCCCC1,Active
Cc1nn(Cc2nc(-c3cccc(C4=NCCN4)c3)no2)c(=O)c2ccccc12,Inactive
Cc1c(C)c2ccc(OCC3CCN(CCCO)CC3)cc2oc1=O,Moderate
Cn1c(=O)c2c(nc3n2CCN(CCc2cccc(C(F)(F)F)c2)C3)n(C)c1=O,Moderate
C#CCN1CCC(CCc2ccc(C(F)(F)F)cc2)CC1,Active
Cc1ccc(O)c2c1CCOC2=O,Moderate
Cn1c(=O)c2c(nc3n2CCN(CCc2ccc(Cl)c(Cl)c2)C3)n(C)c1=O,Moderate
CC(=O)c1ccc(OCCCN2CCc3ccccc3C2)cc1O,Inactive
CCN(C)C(=O)Oc1cccc(/C=C/C(=O)c2ccccc2O)c1,Moderate
O=C(/C=C/c1ccc(OCCCN2CCCC2)cc1)c1ccc(OCCCN2CCCC2)cc1O,Moderate
CCCCN1CCC(Oc2ccc3c(C)c(C)c(=O)oc3c2)CC1,Moderate
COCCn1ncc2cc(/C=N/c3ccc(Cl)c(Cl)c3)ccc21,Active
Cc1cc(=O)oc2cc(OCC3CCN(Cc4ccc(CO)cc4)CC3)ccc12,Moderate
Cc1c(C)c2ccc(OC3CCN(Cc4cccc(Cl)c4)CC3)cc2oc1=O,Moderate
CN(C)CCC(=O)c1cc2ccc(O)cc2oc1=O.Cl,Inactive
COc1ccc2cc(C(=O)CCN(C)C)c(=O)oc2c1.Cl,Inactive
C#CCN1CCC(/C=C/c2ccccc2)CC1,Moderate
CC(=O)c1ccc(OCCCN2CCC(c3ccccc3)CC2)cc1O,Inactive
O=C(Cc1ccc(Cl)c(Cl)c1)Nc1ccc2[nH]ccc2c1,Moderate
N[C@@H]1C[C@]1(F)c1ccc(F)cc1,Moderate
O=C(Nc1cc2cc[nH]c2cn1)c1ccc(Cl)c(Cl)c1,Active
C#CCN1CCC(CCc2ccc(O)cc2)CC1,Moderate
O=C1Nc2ccc(OCc3ccc(F)cc3)cc2C1=O,Active
Cc1cc(=O)oc2cc(OCC3CCN(Cc4cccc(CO)c4)CC3)ccc12,Moderate
O=C(/C=C/c1cccc(OC(=O)N2CCOCC2)c1)c1ccccc1OC(=O)N1CCOCC1,Moderate
C#CCN1CCC(/C=C\c2ccc(C#N)cc2)CC1,Moderate
Cc1c(O)c(=O)ccn1Cc1cc2ccc(OCc3ccccc3)cc2oc1=O,Moderate
Cn1c(=O)c2c(nc3n2CCN(CCc2cccc(Cl)c2)C3)n(C)c1=O,Moderate
Cn1c(=O)c2c(nc3n2CCN(CCc2ccccc2Cl)C3)n(C)c1=O,Moderate
C#CCOc1ccc(-c2cc(-c3ccc(OCC#C)c(OCC)c3)nc(-c3ccccc3)n2)cc1,Inactive
COc1ccc2cc(Cn3ccc(=O)c(O)c3C)c(=O)oc2c1,Active
Cc1c(C)c2ccc(OCC3CCN(Cc4cccc(OCCCO)c4)CC3)cc2oc1=O,Moderate
CCc1ccc(O)c2c1C[C@@H](C)OC2=O,Inactive
Cc1sc(-c2ccc(C(F)(F)F)cc2)nc1CN1CCn2c(nc3c2c(=O)n(C)c(=O)n3C)C1,Moderate
C#CCN1CCC(/C=C/c2ccc(F)cc2Cl)CC1,Moderate
C#CCN1CCC(CCc2ccc(C(N)=O)cc2)CC1,Moderate
C#CCNC1CCc2c(SCc3ccc(F)cc3)cccc21,Moderate
C#CCOc1ccc(-c2cc(-c3cccc(OCC#C)c3)nc(-c3ccccc3)n2)cc1,Inactive
Cc1c(C)c2ccc(OCC3CCN(Cc4ccccc4)CC3)cc2oc1=O.Cl,Moderate
O=C1Nc2ccc(/C=C/c3cccc(Cl)c3)cc2C1=O,Moderate
O=C(/C=C/c1ccc(OCCCCN2CCC(Cc3ccccc3)CC2)cc1)c1ccc(OCCCCN2CCC(Cc3ccccc3)CC2)cc1O,Inactive
Cc1c(C)c2ccc(OC3CCN(CCc4ccccc4)CC3)cc2oc1=O,Moderate
CCN(CC)CCCOc1ccc(C(C)=O)c(O)c1,Inactive
CCC(C)(C)c1ccc(OCCCN2CCC(C)CC2)cc1,Moderate
O=C(CCc1cccc(OCCCCN2CCc3ccccc3C2)c1)c1ccccc1O,Inactive
NCc1ccc(S(=O)(=O)c2ccccn2)s1,Inactive
Cc1cc(O)cc2oc(=O)c(C(=O)CCN3CCOCC3)cc12.Cl,Inactive
Cn1c(=O)c2c(nc3n2CCN(CCc2ccc(Cl)cc2Cl)C3)n(C)c1=O,Moderate
Nc1ccc(C/N=C2/C3C4CC5C6C4C2C6C2(OCCO2)C53)cc1,Moderate
O=C(/C=C/c1ccc(OCCCCCCN2CCCCC2)cc1)c1ccc(OCCCCCCN2CCCCC2)cc1O,Moderate
Cc1c(C)c2ccc(OC3CCN(Cc4ccc(C#N)cc4)CC3)cc2oc1=O,Moderate
c1ncn(Cc2ccc(-c3noc(-c4ccc(C5=NCCN5)cc4)n3)cc2)n1,Moderate
Cc1cc(=O)c(O)cn1Cc1cc2ccc(OCc3ccc(F)cc3)cc2oc1=O,Moderate
CCc1c(O)c(=O)ccn1Cc1cc2ccc(OCc3cccc(Cl)c3)cc2oc1=O,Moderate
O=C(/C=C/c1ccccc1)c1ccc(OCCCCCCN2CCCC2)cc1O,Inactive
Cn1c(=O)[nH]c2ccc(OCCCc3ccccc3)cc21,Inactive
C#CCN1CCC(/C=C/c2cc(F)c(F)cc2F)CC1,Moderate
c1cc(-c2noc(C3CC3)n2)ccc1C1=NCCN1,Moderate
c1cc(C2=NCCN2)cc(-c2noc(-c3cccs3)n2)c1,Moderate
O=C(/C=C/c1ccc(OCCN2CCC(Cc3ccccc3)CC2)cc1)c1ccc(OCCN2CCC(Cc3ccccc3)CC2)cc1O,Inactive
O=C1Nc2ccc(OCc3cccc(Cl)c3)cc2C1=O,Active
N[C@H]1C[C@]1(F)c1ccc(F)cc1,Moderate
Cn1c(=O)c2c(nc3n2CCCCN3Cc2ccc(Cl)cc2Cl)n(C)c1=O,Moderate
Cc1cc(-c2ccc(C(F)(F)F)cc2)c(O)c2c1C[C@@H](C)OC2=O,Moderate
CN(C(=O)c1cc2ccccc2oc1=O)c1ccccc1,Moderate
O=C1Nc2cc(/C=C/c3ccccc3)ccc2C1=O,Moderate
Cc1ccc([C@@]2(F)C[C@H]2N)cc1,Inactive
COc1ccc(NC(=O)c2cc3ccccc3oc2=O)cc1OC,Moderate
COc1ccc(/C=C2\COc3cc(O)ccc3C2=O)cc1,Moderate
C#CCNCc1cc2cc(OCc3ccccc3)ccc2[nH]1,Active
CC(C)=CCOc1ccc(C(=O)/C=C/c2ccccc2)c(O)c1,Inactive
N#Cc1cccc(C2=NCCN2)c1,Moderate
CC(=O)c1ccc(OCCCCCN2CCc3ccccc3C2)cc1O,Inactive
C#CCOc1ccc(-c2cc(-c3ccc(OCC#C)cc3)nc(N)n2)cc1,Moderate
Cc1ccc(Cc2noc(-c3ccc(C4=NCCN4)cc3)n2)cc1,Moderate
CN(C)Cc1cc(=O)oc2cc(OCc3ccc(CO)cc3)ccc12,Moderate
O=C(/C=C/C=C/c1ccc2c(c1)OCO2)OCc1ccccc1,Moderate
N#C/C(=C\C=C\c1ccc2c(c1)OCO2)C(=O)Oc1ccccc1,Moderate
Cc1ccc(-c2cc(S(C)(=O)=O)cc(S(=O)(=O)c3cnc(CN)s3)c2)cc1,Inactive
Cc1ccc(C(=O)Nc2coc3ccccc3c2=O)cc1,Moderate
O=C(/C=C/C=C/c1ccc2c(c1)OCO2)OCCc1ccccc1,Moderate
N#C/C(=C\C=C\c1ccc2c(c1)OCO2)C(=O)OCCc1ccccc1,Active
Cn1c(=O)c2c(nc3n2CCCCN3Cc2ccc(Cl)cc2)n(C)c1=O,Moderate
C#CCN(C)Cc1nnn(C)c1CCCC,Inactive
COc1ccc(/C=C2\COc3ccccc3C2=O)c(OC)c1,Moderate
Br.c1ccc(-n2cc(C3=NCCN3)c(-c3cccs3)n2)cc1,Inactive
C#CCNC1CCc2c(OCCc3cc(NC(=O)c4ccc(F)cc4)ccc3Cl)cccc21,Moderate
Cn1c(=O)c2c(nc3n2CCCN3Cc2ccc(Cl)cc2F)n(C)c1=O,Moderate
CC(=O)c1ccc(OCCCCCCCCCCN2CCC(Cc3ccccc3)CC2)cc1O,Inactive
CN(C)c1ccc(/C=C2\COc3ccccc3C2=O)cc1,Moderate
O=C1/C(=C/c2ccc(Cl)cc2)COc2ccccc21,Moderate
C#CCOc1ccccc1-c1cc(-c2ccccc2OCC#C)nc(N)n1,Inactive
CC(C)=CCC(Cc1c(O)cc(O)c2c1O[C@H](c1ccc(O)cc1O)CC2=O)=C(C)C,Inactive
Cc1ncc(/C=C/c2ccc(CN3CCOCC3)c(O)c2)c(CO)c1O,Moderate
C#CCNCc1ccc(CNC23OC4C5C6CC(C7C6C4C72)C53)cc1,Inactive
C#CCN1CCCC(/C=C/c2ccc(F)cc2)C1,Moderate
FC(F)(F)Cc1cc2c(N[C@H]3CC[C@H](CN[C@@H]4C[C@H]4c4ccccc4)CC3)ncnc2s1,Moderate
CCc1ccc(/C=C/C(=O)c2ccc(Cl)s2)cc1,Moderate
Cc1cc(=O)c(O)cn1Cc1cc2ccc(OCc3ccccc3)cc2oc1=O,Moderate
Cn1c(=O)c2c(nc3n2CCN3Cc2ccc(Cl)c(Cl)c2)n(C)c1=O,Moderate
Cn1c(=O)c2c(nc3n2CCCN3Cc2c(F)cccc2Cl)n(C)c1=O,Moderate
Cc1c(C)c2ccc(OCCCN3CCc4ccccc4C3)cc2oc1=O.Cl,Moderate
Cc1c(O)c(=O)ccn1Cc1cc2ccc(OCc3ccc(F)cc3)cc2oc1=O,Moderate
CC(=O)c1ccc(OCCCCN2CCc3ccccc3C2)cc1O,Inactive
CCC(C)(C)c1ccc(OCCCN2CCCCCC2)cc1,Active
CC(=O)c1ccc(OCCCCCCCCCN2CCN(Cc3ccccc3)CC2)cc1O,Inactive
C#CCN1CCC(/C=C\c2ccc(S(C)(=O)=O)cc2)CC1,Moderate
Cl.O=C(CCN1CCN(Cc2ccccc2)CC1)c1cc2ccc(O)cc2oc1=O,Inactive
FC(F)(F)Cc1cc2c(N3CCC(N[C@H]4C[C@@H]4c4ccccc4)CC3)ncnc2s1,Inactive
O=C(SCCc1ccco1)c1cc2ccccc2oc1=O,Moderate
Cc1c(C)c2ccc(OCC3CCCN(Cc4ccc(S(C)(=O)=O)cc4)C3)cc2oc1=O,Moderate
Cc1ccc(-c2cc(C)c3c(c2O)C(=O)O[C@H](C)C3)cc1,Moderate
Clc1ccccc1-c1noc(-c2ccc(C3=NCCN3)cc2)n1,Active
COc1ccc(/C=C2\COc3cc(OCCCN4CCCCC4)ccc3C2=O)cc1,Moderate
C#CCN(C)CCc1cn(Cc2ccccc2)nn1,Moderate
O=C(/C=C/C=C/c1ccc2c(c1)OCO2)Oc1ccccc1,Moderate
C#CCNCc1ccc(CN2C3C4C5CC6C7C5C3C7C2(O)C64)cc1,Moderate
C#CCN(C)c1nc(NCCCCC2CCN(Cc3ccccc3)CC2)c(C#N)cc1C#N,Moderate
Cc1cc2ccc(OCC3CCN(Cc4cccc(CO)c4)CC3)cc2oc1=O,Moderate
c1csc(-c2noc(-c3ccc(C4=NCCN4)cc3)n2)c1,Moderate
FC(F)(F)Cc1cc2c(N[C@H]3CC[C@@H](N[C@H]4C[C@@H]4c4ccccc4)CC3)ncnc2s1,Inactive
CCC(C)(C)c1ccc(OCCCN2CC(C)CC(C)C2)cc1,Moderate
NCc1ccc(C/N=C2/C3C4CC5C6C4C2C6C2(OCCO2)C53)cc1,Inactive
Cc1c(C)c2ccc(OCC3CCN(CCCO[N+](=O)[O-])CC3)cc2oc1=O,Moderate
C#CCNCc1ccc(C/N=C2/C3C4CC5C6C4C2C6C2(OCCO2)C53)cc1,Moderate
Cn1c(=O)c2c(nc3n2CCCN3Cc2cc(Br)ccc2F)n(C)c1=O,Moderate
Cc1cc(=O)c(O)cn1Cc1cc2ccc(OCc3cccc(Cl)c3)cc2oc1=O,Moderate
C#CCN1CCC(/C=C/c2ccc(C(N)=O)cc2)CC1,Moderate
NS(=O)(=O)c1ccc(-c2nnc(-c3ccc(F)cc3)o2)cc1,Active
O=C(Nc1ccc2[nH]ccc2n1)c1ccc(F)c(F)c1,Active
CCN(CC)CCCCCCOc1ccc(C(C)=O)c(O)c1,Inactive
Cn1c(=O)c2c(nc3n2CCCN3Cc2ccc(F)c(Br)c2)n(C)c1=O,Moderate
Fc1ccc([C@@H]2C[C@H]2N[C@H]2CC[C@@H](Nc3ncnc4sc(CC(F)(F)F)cc34)CC2)cc1F,Moderate
C#CCN1CCC(CCc2ccc(OC)cc2)CC1,Active
C#CCN(C)CCc1ccc(Cc2cn(C)nn2)cc1,Moderate
O=C(Nc1ccc(O)cc1)c1cc2ccccc2oc1=O,Moderate
CCc1ccc(NC(=O)c2coc3ccccc3c2=O)cc1,Active
C#CCN1CCC(CCc2ccc(F)cc2)CC1,Moderate
C#CCN1CCC(CCc2ccc(CCC)cc2)CC1,Active
NS(=O)(=O)c1ccc(C(=O)NNC(=O)c2ccc(Cl)c(Cl)c2)cc1,Moderate
Cn1c(=O)c2c(nc3n2CCCN3Cc2ccccc2Br)n(C)c1=O,Moderate
Cn1c(=O)c2[nH]c(-c3cccc(NC(=O)/C=C/c4cccc(F)c4)c3)nc2n(C)c1=O,Moderate
C[C@@H]1CCCC/C1=N/Nc1nc(-c2ccc([N+](=O)[O-])cc2)cs1,Active
O=C(/C=C/c1ccc(OCCCCCCN2CCCC2)cc1)c1ccc(OCCCCCCN2CCCC2)cc1O,Moderate
COc1ccc2cc(C(=O)CCN3CCOCC3)c(=O)oc2c1.Cl,Moderate
Cn1c(=O)c2c(nc3n2CCCN3Cc2cccc(Br)c2)n(C)c1=O,Moderate
O=C(/C=C/c1ccc(OCCCN2CCC(Cc3ccccc3)CC2)cc1)c1ccc(OCCCN2CCC(Cc3ccccc3)CC2)cc1O,Inactive
Cc1ccc(SC(=O)c2coc3ccccc3c2=O)cc1,Moderate
Clc1cccc(-c2nc(-c3cccc(C4=NCCN4)c3)no2)c1,Active
O=C(/C=C/c1cccc(OCCCCCN2CCc3ccccc3C2)c1)c1ccccc1O,Moderate
C#CCNC1CCc2c(OCCc3cccc4ccccc34)cccc21,Moderate
CN(C)Cc1cccc(COc2ccc3c(CO)cc(=O)oc3c2)c1,Active
Cc1c(C)c2ccc(OCC3CCN(Cc4cccc(Cl)c4)CC3)cc2oc1=O.Cl,Active
Clc1cc(/N=C/c2ccc3[nH]ncc3c2)cnc1Cl,Active
Cc1ccc(NCc2coc3ccccc3c2=O)cc1,Moderate
Cc1c(C)c2ccc(OCC3CCN(Cc4ccc(Cl)cc4)CC3)cc2oc1=O.Cl,Moderate
C#CCN1CCC(CCc2cccc(C(F)(F)F)c2)CC1,Moderate
CCN(CC)CCCOc1ccc(/C=C/C(=O)c2ccc(OCCCN(CC)CC)cc2O)cc1,Moderate
C#CCN1CCC(CCc2ccc(C#N)cc2)CC1,Active
N#C/C(=C\C=C\c1ccc2c(c1)OCO2)C(=O)NCc1ccccc1,Moderate
Cc1cccc(NC(=O)c2coc3ccccc3c2=O)c1C,Moderate
CCN(CCCCCCCCCCCCOc1ccc(C(C)=O)c(O)c1)Cc1ccccc1,Inactive
Cn1c(=O)c2c(nc3n2CCCN3Cc2ccccc2F)n(C)c1=O,Moderate
Nc1ccc(NC(=O)c2coc3ccccc3c2=O)cc1,Moderate
CCN(CCCCOc1ccc(C(C)=O)c(O)c1)Cc1ccccc1,Inactive
CCN(CC)CCCCCCOc1ccc(/C=C/C(=O)c2ccc(OCCCCCCN(CC)CC)cc2O)cc1,Moderate
C#CCOc1ccc(-c2cc(-c3ccccc3OCC#C)nc(-c3ccccc3)n2)cc1,Inactive
C=Cc1ccc(NC(=O)c2coc3ccccc3c2=O)cc1,Active
CCN(CC)CCC(=O)c1cc2ccc(O)cc2oc1=O.Cl,Inactive
Cn1c(=O)c2c(nc3n2CCCCN3Cc2ccc(F)c(Br)c2)n(C)c1=O,Moderate
C#CCN1CCC(/C=C/c2ccc(Br)cc2)CC1,Active
C#CCNC1CCc2cc(OCCCN3CCCCC3)ccc21,Moderate
C#CCN1CCC(/C=C\c2ccc(Cl)cc2)CC1,Inactive
Cn1c(=O)c2c(nc3n2CCN(c2cccc(F)c2)C3)n(C)c1=O,Moderate
Cn1c(=O)c2c(nc3n2CCCN3Cc2ccc(Cl)c(F)c2)n(C)c1=O,Moderate
Cc1cc(-c2ccccc2)c(O)c2c1C[C@@H](C)OC2=O,Moderate
C#CCN1CCC(CCc2ccc(C)cc2)CC1,Moderate
Cn1c(=O)c2c(nc3n2CCN(Cc2ccc(Cl)c(Cl)c2)C3)n(C)c1=O,Moderate
C#CCOc1ccc(-c2cc(-c3ccc(OCC#C)cc3)nc(-c3ccccc3)n2)cc1,Inactive
Cn1c(=O)c2c(nc3n2CCN(Cc2csc(-c4ccc(C(F)(F)F)cc4)n2)C3)n(C)c1=O,Moderate
COc1ccccc1CN1CCCCn2c1nc1c2c(=O)n(C)c(=O)n1C,Moderate
COc1ccc(-c2noc(-c3ccc(C4=NCCN4)cc3)n2)cc1OC,Moderate
Cc1cc(O)cc2oc(=O)c(C(=O)CCN3CCCC3)cc12.Cl,Inactive
CCN(CC)CCOc1ccc(C(C)=O)c(O)c1,Inactive
Cc1c(C)c2ccc(OCC3CCN(Cc4ccc(CCO)cc4)CC3)cc2oc1=O,Moderate
Cn1c(=O)c2c(nc3n2CCCCN3Cc2ccccc2Cl)n(C)c1=O,Moderate
C#CCNC1CCc2c(NCc3cccc(Br)c3)cccc21,Moderate
FC(F)(F)Cc1cc2c(N[C@H]3CC[C@H](CN[C@H]4C[C@@H]4c4ccccc4)CC3)ncnc2s1,Inactive
C#CCNC1CCc2c(OCCc3cc(NC(=O)COC(C)=O)ccc3Cl)cccc21,Moderate
CCn1c(=O)[nH]c2ccc(OCCOc3ccc(C(C)C)cc3)cc21,Inactive
Cc1c(C)c2ccc(OCC3CCCN(Cc4cccc(CO)c4)C3)cc2oc1=O,Moderate
O=C(/C=C/c1ccc(OCCCCCCN2CCC(Cc3ccccc3)CC2)cc1)c1ccc(OCCCCCCN2CCC(Cc3ccccc3)CC2)cc1O,Moderate
Cn1c(=O)c2c(nc3n2CCN(CCc2cc(C(F)(F)F)ccc2F)C3)n(C)c1=O,Moderate
CC(C)=CCc1c(O)cc(/C=C/c2ccc3c(c2)[C@H](c2cc(O)c(CC=C(C)C)c(O)c2)[C@@H](c2ccc(O)cc2)O3)cc1O,Moderate
C#CCNC1CCc2ccc(OCCCN3CCCCC3)cc21,Moderate
Cc1cc(O)cc2oc(=O)c(C(=O)CCN(C)C)cc12.Cl,Moderate
Cn1c(=O)c2c(nc3n2CCN(Cc2csc(-c4ccc(Cl)cc4)n2)C3)n(C)c1=O,Moderate
C#CCOc1ccccc1-c1cc(-c2ccccc2OCC#C)nc(-c2ccccc2)n1,Inactive
Cn1c(=O)c2c(nc3n2CCCN3Cc2ccc(Cl)c(C(F)(F)F)c2)n(C)c1=O,Moderate
c1ccc(-c2ccc(-c3noc(-c4ccc(C5=NCCN5)cc4)n3)cc2)cc1,Inactive
COc1cccc(N2CCn3c(nc4c3c(=O)n(C)c(=O)n4C)C2)c1,Moderate
Cn1c(=O)c2c(nc3n2CCN(c2ccc(Br)cc2)C3)n(C)c1=O,Moderate
O=C(/C=C/c1ccc(OCCN2CCCC2)cc1)c1ccc(OCCN2CCCC2)cc1O,Moderate
Cn1c(=O)c2c(nc3n2CCN(c2ccc(F)cc2)C3)n(C)c1=O,Moderate
COc1ccc(CN2CCCC(COc3ccc4c(C)c(C)c(=O)oc4c3)C2)cc1OC,Active
Cn1c(=O)c2c(nc3n2CCN(CCc2ccc(Cl)cc2C(F)(F)F)C3)n(C)c1=O,Moderate
C#CCN1CCC(/C=C/c2ccc(C)cc2)CC1,Moderate
Cc1ccccc1NC(=O)c1coc2ccccc2c1=O,Moderate
CCC(C)(C)c1ccc(OCCCN2CCCC(C)(C)C2)cc1,Moderate
N[C@H]1C[C@]1(F)c1ccccc1,Moderate
C#CCN1CCC(CCc2ccc(C(C)C)cc2)CC1,Moderate
Fc1ccc([C@@H]2C[C@H]2NC[C@H]2CC[C@H](Nc3ncnc4sc(CC(F)(F)F)cc34)CC2)cc1F,Inactive
Cn1ccnc1SCc1ccc(-c2noc(-c3ccc(C4=NCCN4)cc3)n2)cc1,Moderate
C#CCNC1CCc2c(NCc3cccc(F)c3)cccc21,Moderate
Cn1c(=O)c2c(nc3n2CCCCN3Cc2ccccc2Br)n(C)c1=O,Moderate
CCn1c(=O)[nH]c2ccc(OCc3ccc(C(F)(F)F)cc3)cc21,Inactive
CC(=O)c1ccc(OCCCCCCCCCN2CCC(Cc3ccccc3)CC2)cc1O,Inactive
CCC(C)(C)c1ccc(OCCCN2CCCC(C)C2)cc1,Moderate
Cn1c(=O)c2c(nc3n2CCCN3Cc2cc(C(F)(F)F)ccc2Cl)n(C)c1=O,Moderate
NS(=O)(=O)c1ccc(C(=O)NNC(=O)c2ccc(Cl)cc2)cc1,Inactive
CCC(C)(C)c1ccc(OCCCN2CCCC2)cc1,Active
C[C@H]1CCCC/C1=N/Nc1nc(-c2ccc(C#N)cc2)cs1,Active
Cc1cc(NC(=O)c2coc3ccccc3c2=O)cc(C)c1C,Active
Nc1ccc(CNC23OC4C5C6CC(C7C6C4C72)C53)cc1,Inactive
Cc1c(O)c(=O)ccn1Cc1cc2ccc(OCc3cccc(F)c3)cc2oc1=O,Active
N#Cc1ccc(C(=O)NNC(=O)c2ccc(S(N)(=O)=O)cc2)cc1,Moderate
Cc1c(C)c2ccc(OCCCCN3CCc4ccccc4C3)cc2oc1=O.Cl,Moderate
O=C1Cc2cc(OCc3ccc(F)cc3)ccc2N1,Inactive
CCN(CCCCCCCCCCOc1ccc(C(C)=O)c(O)c1)Cc1ccccc1,Inactive
C#CCN1CCC(CCc2cc(F)c(F)cc2F)CC1,Moderate
C#CCN1CCC(/C=C\c2ccc(C)cc2)CC1,Inactive
CCN(C)C(=O)Oc1cccc(/C=C/C(=O)c2ccccc2OC(=O)N(C)CC)c1,Moderate
Cc1cccc(CN2CCCn3c2nc2c3c(=O)n(C)c(=O)n2C)c1,Moderate
CCc1cc(-c2ccccc2)cc(S(=O)(=O)c2cnc(CN)s2)c1,Inactive
Cc1c(C)c2ccc(OC3CCN(CC(=O)c4ccccc4)CC3)cc2oc1=O,Moderate
Cc1ccc(-c2cc(S(C)(=O)=O)cc(S(=O)(=O)c3ccc(CN)s3)c2)cc1,Inactive
C#CCN1CCC(/C=C/c2ccc(OC)cc2)CC1,Active
C#CCN1CCC(/C=C\c2ccc(C3CC3)cc2)CC1,Moderate
O=C(/C=C/c1cccc(OC(=O)N(c2ccccc2)c2ccccc2)c1)c1ccccc1O,Moderate
c1ccc(OCc2noc(-c3ccc(C4=NCCN4)cc3)n2)cc1,Moderate
Cn1c(=O)c2c(nc3n2CCCN3Cc2ccc(C(C)(C)C)cc2)n(C)c1=O,Moderate
O=C(/C=C/c1cccc(OCCCCN2CCC(Cc3ccccc3)CC2)c1)c1ccccc1O,Moderate
Fc1cc(/N=C/c2ccc3[nH]ncc3c2)ccc1Cl,Active
C#CCOc1ccc(-c2cc(-c3ccc(OCC#C)c(OC)c3)nc(-c3ccccc3)n2)cc1,Inactive
Cc1c(C)c2ccc(OC3CCN(Cc4ccccc4)CC3)cc2oc1=O,Moderate
Cn1c(=O)c2c(nc3n2CCCCN3Cc2ccc(Cl)c(Cl)c2)n(C)c1=O,Active
Cn1c(=O)c2c(nc3n2CCCN3Cc2ccc(Br)cc2F)n(C)c1=O,Moderate
C#Cc1ccc(NC(=O)c2coc3ccccc3c2=O)cc1,Active
CN(C)S(=O)(=O)c1ccc(OCc2cn(C/C(F)=C/CN)nn2)cc1.Cl,Moderate
O=C1Cc2cc(OCc3ccc(Cl)c(Cl)c3)ccc2N1,Inactive
FC(F)(F)Cc1cc2c(N3CCC(CN[C@H]4C[C@@H]4c4ccccc4)CC3)ncnc2s1,Moderate
CCc1c(O)c(=O)ccn1Cc1cc2ccc(OCc3cccc(F)c3)cc2oc1=O,Moderate
COc1ccc(Cl)c(CN2CCCn3c2nc2c3c(=O)n(C)c(=O)n2C)c1F,Moderate
COc1ccc2cc(C(=O)CCN3CCCCC3)c(=O)oc2c1.Cl,Inactive
Cc1c(C)c2ccc(OCC3CCCN(Cc4ccccc4)C3)cc2oc1=O,Active
CC(=O)c1ccc(OCCCN2CCC(Cc3ccccc3)CC2)cc1O,Inactive
C#CCN1CCC(/C=C/c2ccc(C(C)C)cc2)CC1,Active
CC(C)C1C(=O)Nc2ccc(OCc3cccc(F)c3)cc21,Inactive
C#CCN1CCCC(CCc2ccc(F)cc2)C1,Moderate
Cc1nc(-c2ccc(C3=NCCN3)cc2)no1,Inactive
Cc1ccc(-c2cccc(S(=O)(=O)c3cnc(CN)s3)c2)cc1.Cl,Inactive
Cn1c(=O)c2c(nc3n2CCN3Cc2ccccc2Br)n(C)c1=O,Moderate
O=C(Nc1cccc(O)c1)c1coc2ccccc2c1=O,Active
COc1ccccc1/C=C/C(=O)c1ccc(OCCCCN2CCc3ccccc3C2)cc1O,Moderate
COc1ccc(CN2CCCn3c2nc2c3c(=O)n(C)c(=O)n2C)cc1Cl,Moderate
Cn1c(=O)c2c(nc3n2CCN(C2CCc4ccccc42)C3)n(C)c1=O,Moderate
O=C(/C=C/c1cccc(OCCCN2CCc3ccccc3C2)c1)c1ccccc1O,Inactive
Cn1c(=O)c2c(nc3n2CCN3Cc2ccc(F)c(Br)c2)n(C)c1=O,Moderate
Cc1ccc(OC(=O)c2coc3ccccc3c2=O)cc1,Moderate
O=C(/C=C/c1ccc([N+](=O)[O-])cc1)c1ccc(Cl)s1,Moderate
N#Cc1ccc(C2=NCCN2c2cnccn2)cc1,Inactive
Cc1cccc(NC(=O)c2coc3ccccc3c2=O)c1,Active
C#CCN1CCC(/C=C\c2ccc(F)cc2)CC1,Moderate
COc1ccc(-c2csc(N/N=C3/CCCCC3C)n2)cc1,Moderate
O=C(/C=C/c1ccc(OCCN2CCCCC2)cc1)c1ccc(OCCN2CCCCC2)cc1O,Inactive
O=c1c(/C=N/c2ncccc2O)coc2ccccc12,Moderate
O=C(Nc1ccccc1O)c1coc2ccccc2c1=O,Moderate
NS(=O)(=O)c1cc(-c2nnc(-c3ccccc3)o2)ccc1Cl,Moderate
C#CCN1CCC(/C=C/c2ccc(F)cc2)CC1,Moderate
COc1cc2c(cc1OC)CN(CCCCOc1ccc(C(C)=O)c(O)c1)CC2,Inactive
CCn1c(=O)[nH]c2ccc(OCCOc3cccc(F)c3)cc21,Inactive
C#CCN(C)Cc1cccc(Cc2cn(C)nn2)c1,Inactive
Cc1c(C)c2ccc(OCC3CCN(Cc4cccc(OCCCO[N+](=O)[O-])c4)CC3)cc2oc1=O,Moderate
NS(=O)(=O)c1cccc(-c2nnc(-c3ccc(F)cc3)o2)c1,Moderate
Cn1c(=O)c2c(nc3n2CCCN3Cc2ccc(F)cc2Cl)n(C)c1=O,Moderate
Cn1c(=O)c2c(nc3n2CCCCN3Cc2cccc(Br)c2)n(C)c1=O,Moderate
CON(C)C(=O)Oc1cccc(/C=C/C(=O)c2ccccc2O)c1,Moderate
Cc1cc(=O)c(O)cn1Cc1cc2ccc(OCc3cccc(F)c3)cc2oc1=O,Moderate
Cc1c(C)c2ccc(OCC3CCN(Cc4ccc(CO)cc4)CC3)cc2oc1=O,Active
FC(F)(F)Cc1cc2c(N3CCC(CN[C@@H]4C[C@H]4c4ccccc4)CC3)ncnc2s1,Moderate
COc1ccc(C(=O)/C=C/c2ccc(O)cc2)c(O)c1CC=C(C)C,Moderate
Cc1c(C)c2ccc(OCC3CCN(CCCCO)CC3)cc2oc1=O,Moderate
Cc1cc(-c2ccc(O)cc2)c(O)c2c1C[C@@H](C)OC2=O,Inactive
C#CCN1CCC(/C=C/c2ccc(C#N)cc2)CC1,Active
Clc1ccc(-c2noc(-c3ccc(C4=NCCN4)cc3)n2)cc1Cl,Active
O=C1Nc2ccc(OCCc3ccc(F)cc3)cc2C1=O,Moderate
CC(=O)c1ccc(OCCCCCCCCCCN2CCN(Cc3ccccc3)CC2)cc1O,Inactive
CN(C)c1ccc(NC(=O)c2coc3ccccc3c2=O)cc1,Moderate
Cc1c(C)c2ccc(OCC3CCN(Cc4ccc(C#N)cc4)CC3)cc2oc1=O.Cl,Moderate
CC(=O)c1ccc(OCCCCCCCCCCCCN2CCC(Cc3ccccc3)CC2)cc1O,Inactive
N#C/C(=C\C=C\c1ccc2c(c1)OCO2)C(=O)OCc1ccccc1,Active
CO[C@@H](c1ccc(O)cc1)[C@H](Oc1ccc(/C=C/c2cc(O)c3c(c2)OC(C)(C)CC3)cc1)c1cc(O)c(CC=C(C)C)c(O)c1,Moderate
Cc1cc2ccc(OCC3CCN(Cc4ccc(CO)cc4)CC3)cc2oc1=O,Moderate
C#CCN(C)Cc1cn(CCc2ccccc2)nn1,Inactive
O=C(Nc1ccc(F)cc1)c1coc2ccccc2c1=O,Active
O=C(Nc1ccccc1Cl)c1coc2ccccc2c1=O,Moderate
C#CCN1CCC(CCc2ccc(Cl)cc2)CC1,Active
Fc1ccc([C@@H]2C[C@H]2N[C@H]2CC[C@H](Nc3ncnc4sc(CC(F)(F)F)cc34)CC2)cc1F,Inactive
C#CCNC1CCc2c(OCCc3cc(NC(=O)CO)ccc3Cl)cccc21,Moderate
CC(C)=CCc1c(O)cc([C@@H](Oc2ccc(/C=C/c3cc(O)c4c(c3)OC(C)(C)CC4)cc2)[C@@H](C)c2ccc(O)cc2)cc1O,Moderate
O=C(Nc1ccccc1Br)c1coc2ccccc2c1=O,Active
C#CCOc1cccc(-c2cc(-c3cccc(OCC#C)c3)nc(-c3ccccc3)n2)c1,Inactive
O=C(/C=C/c1cccc(OC(=O)N2CCOCC2)c1)c1ccccc1O,Moderate
CC(=O)c1ccc(OCCCCCN2CCC(Cc3ccccc3)CC2)cc1O,Inactive
C#CCN1CCC(/C=C\c2ccc(C(F)(F)F)cc2)CC1,Moderate
C#CCN(C)Cc1ccc(Cc2cn(C)nn2)cc1,Moderate
O=C(Nc1ccc(Br)cc1)c1coc2ccccc2c1=O,Active
C#CCN1CCCC(/C=C/c2cc(F)c(F)cc2F)C1,Moderate
Cn1c(=O)c2c(nc3n2CCCN3Cc2cc(Cl)ccc2Cl)n(C)c1=O,Moderate
Cc1cc(-c2ccc(N)cc2)c(O)c2c1C[C@@H](C)OC2=O,Inactive
Fc1ccc([C@@H]2C[C@H]2NCC2CCN(c3ncnc4sc(CC(F)(F)F)cc34)CC2)cc1F,Inactive
Cc1cc(=O)oc2c(C)c(O)ccc12,Inactive
Cc1ccc(-c2cccc(S(=O)(=O)c3cnc(CN)s3)c2)cc1,Inactive
Cc1c(C)c2ccc(OCC3CCN(Cc4ccccc4)CC3)cc2oc1=O,Moderate
N[C@@H]1C[C@]1(F)c1ccc(Cl)cc1,Moderate
Cc1ccc(O)c2c1C[C@@H](C)OC2=O,Inactive
COc1ccc([C@@]2(F)C[C@@H]2N)cc1,Moderate
CN1C(=N)N(C)/C(=C/c2c[nH]c3cc(Br)ccc23)C1=O,Moderate
Cc1c(O)c(=O)ccn1CCNC(=O)c1cc2ccc(OCc3ccccc3[N+](=O)[O-])cc2oc1=O,Active
Cc1cccc2cc(C(=O)NCCn3ccc(=O)c(O)c3C)c(=O)oc12,Moderate
O=C(/C=C/c1cccc(Br)c1)c1cc(O)c(O)c([N+](=O)[O-])c1,Inactive
C#CCOc1ccc2cc(C(=O)NCCn3ccc(=O)c(O)c3C)c(=O)oc2c1,Moderate
Cc1c(O)c(=O)ccn1CCNC(=O)c1cc2cccc(OCc3ccccc3)c2oc1=O,Moderate
O=C(/C=C/c1nccs1)c1cc(O)c(O)c([N+](=O)[O-])c1,Inactive
COc1ccc(COc2ccc3cc(C(=O)NCCn4ccc(=O)c(O)c4C)c(=O)oc3c2)cc1,Moderate
Cc1c(O)c(=O)ccn1CCNC(=O)c1cc2ccc(OCc3cc(F)cc(F)c3)cc2oc1=O,Moderate
Cn1cc(/C=C/C(=O)c2cc(O)c(O)c([N+](=O)[O-])c2)cn1,Inactive
CC(C)=CCC/C(C)=C/CC1=C(C)C(=O)C(O)=C(O)C1=O,Moderate
COc1ccc2cc(C(=O)NCCn3ccc(=O)c(O)c3C)c(=O)oc2c1,Moderate
COc1cccc2cc(C(=O)NCCn3ccc(=O)c(O)c3C)c(=O)oc12,Moderate
Cc1cc(=O)c(O)cn1CCNC(=O)c1cc2ccccc2oc1=O,Moderate
Cc1c(O)c(=O)ccn1CCNC(=O)c1cc2cccc(O)c2oc1=O,Moderate
CCOc1ccc2cc(C(=O)NCCn3ccc(=O)c(O)c3C)c(=O)oc2c1,Moderate
Cc1ccc2cc(C(=O)NCCn3ccc(=O)c(O)c3C)c(=O)oc2c1,Moderate
COC(=O)C(C)c1ccc(-c2ccc(NCc3nc(C)c(C)nc3C)cc2)c(F)c1,Inactive
CC(C)=CCC/C(C)=C/CC/C(C)=C/CC1=C(C)C(=O)C(O)=C(O)C1=O,Moderate
O=C(/C=C/c1ccoc1)c1cc(O)c(O)c([N+](=O)[O-])c1,Inactive
Cc1c(O)c(=O)ccn1CCNC(=O)c1cc2ccc(OCc3cccc(F)c3)cc2oc1=O,Moderate
Cc1c(O)c(=O)ccn1CCNC(=O)c1cc2ccc(OCc3cc(F)ccc3F)cc2oc1=O,Moderate
Cc1c(O)c(=O)ccn1CCC(=O)Nc1cc2ccccc2oc1=O,Moderate
CCCOc1ccc2cc(C(=O)NCCn3ccc(=O)c(O)c3C)c(=O)oc2c1,Moderate
O=C(/C=C/c1ccsc1)c1cc(O)c(O)c([N+](=O)[O-])c1,Inactive
CC(C)=CCC/C(C)=C/Cc1c(C)cc(O)c(O)c1O,Inactive
O=C(/C=C/c1cccc(O)c1)c1cc(O)c(O)c([N+](=O)[O-])c1,Inactive
Cc1c(O)c(=O)ccn1CCNC(=O)c1cc2ccc(OCc3ccc(F)cc3)cc2oc1=O,Moderate
COCc1nc2cnc3cc(-c4c(C)noc4C)c(OC[C@H]4CCNC4)cc3c2n1[C@H](C)c1ccccc1,Inactive
O=C(/C=C/c1ccco1)c1cc(O)c(O)c([N+](=O)[O-])c1,Inactive
Cc1c(O)c(=O)ccn1CCNC(=O)c1cc2ccc(OCc3ccc(C(C)(C)C)cc3)cc2oc1=O,Moderate
CC(C)=CCC/C(C)=C/CC/C(C)=C/Cc1c(C)cc(O)c(O)c1O,Moderate
CC(C)=CCC/C(C)=C/CC/C(C)=C/Cc1c(C)cc(O)cc1O,Moderate
Cc1c(O)c(=O)ccn1CCNC(=O)c1cc2cc(O)ccc2oc1=O,Moderate
Cc1c(O)c(=O)ccn1CCNC(=O)c1cc2ccc(OCc3ccc(C(F)(F)F)cc3)cc2oc1=O,Moderate
CC(C)=CCC/C(C)=C/CC/C(C)=C/Cc1c(O)cc(O)c(C=O)c1C,Moderate
CC(=O)N1N=C(c2cc(O)c(O)c([N+](=O)[O-])c2)CC1c1nccs1,Inactive
Cc1c(O)c(=O)ccn1CCNC(=O)c1cc2ccc(OCc3ccc(C(C)C)cc3)cc2oc1=O,Moderate
COC(=O)C(C)c1ccc(-c2ccc(NCc3cc(NC(C)=O)ccc3O)cc2)c(F)c1,Inactive
CCN(CC)Cc1ccc(/C=C2\Cc3cc(OC)c(OC)cc3C2=O)cc1,Moderate
N#Cc1cccc(/C=C/C(=O)c2cc(O)c(O)c([N+](=O)[O-])c2)c1,Inactive
CC(C)=CCc1c(C)c(C=O)c(O)c(CC=C(C)C)c1O,Moderate
Cc1c(O)c(=O)ccn1CCNC(=O)c1cc2ccc(OCc3cccc(Cl)c3)cc2oc1=O,Moderate
CC(=O)N1N=C(c2cc(O)c(O)c([N+](=O)[O-])c2)CC1c1ccc(C#N)cc1,Inactive
CC(=O)N1N=C(c2cc(O)c(O)c([N+](=O)[O-])c2)CC1c1cccs1,Inactive
Cc1cccc(COc2ccc3cc(C(=O)NCCn4ccc(=O)c(O)c4C)c(=O)oc3c2)c1,Moderate
CC(=O)N1N=C(c2cc(O)c(O)c([N+](=O)[O-])c2)CC1c1cccc(C#N)c1,Inactive
CC(=O)N1N=C(c2cc(O)c(O)c([N+](=O)[O-])c2)CC1c1cccc(O)c1,Inactive
COC(=O)C(C)c1ccc(-c2ccc(NCc3cc(N(C)C)ccc3O)cc2)c(F)c1,Inactive
Cc1c(O)c(=O)ccn1CCNC(=O)c1cc2cc(OCc3ccccc3)ccc2oc1=O,Active
Cc1c(O)c(=O)ccn1CCNC(=O)c1cc2ccccc2oc1=O,Moderate
O=C(/C=C/c1cccs1)c1cc(O)c(O)c([N+](=O)[O-])c1,Inactive
CC(=O)N1N=C(c2cc(O)c(O)c([N+](=O)[O-])c2)CC1c1ccco1,Inactive
CC(C)=CCC/C(C)=C/Cc1c(O)cc(O)c(C=O)c1C,Inactive
O=C(NCCn1ccc(=O)c(O)c1)c1cc2ccccc2oc1=O,Moderate
COC(=O)C(C)c1ccc(-c2ccc(NCc3ccccn3)cc2)c(F)c1,Inactive
CC(C)=CCC/C(C)=C/CC/C(C)=C/Cc1c(O)cc(O)c(C(=O)O)c1C,Inactive
N#Cc1ccc(/C=C/C(=O)c2cc(O)c(O)c([N+](=O)[O-])c2)cc1,Inactive
OC[C@H]1O[C@@H](OCCc2ccc(O)cc2)[C@H](O)[C@@H](O)[C@@H]1O,Moderate
N[C@@H]1C[C@]1(F)c1ccccc1,Inactive
N[C@H]1C[C@]1(F)c1ccc(Cl)cc1,Moderate
O=C1Nc2ccc(/C=C/c3ccccc3)cc2C1=O,Active
N[C@@H]1C[C@@H]1c1ccccc1,Inactive
N[C@H]1C[C@]1(F)c1ccc(C(F)(F)F)cc1,Moderate
Cc1ccc([C@@]2(F)C[C@@H]2N)cc1,Inactive
COc1ccc([C@@]2(F)C[C@H]2N)cc1,Inactive
N[C@H]1C[C@@]1(F)c1ccccc1,Inactive
O=C(Nc1ccccc1Cc1ccccc1)c1cc2ccccc2oc1=O,Moderate
COc1cccc(NC(=O)c2cc3ccccc3oc2=O)c1,Moderate
Cc1cccc(Cl)c1NC(=O)c1cc2ccc(OCc3ccccc3)cc2oc1=O,Inactive
CCc1ccc(NC(=O)c2cc3ccccc3oc2=O)cc1,Moderate
O=C(Nc1c(F)c(F)c(F)c(F)c1F)c1cc2ccccc2oc1=O,Moderate
COc1ccc(NC(=O)c2cc3ccc(OCc4ccccc4)cc3oc2=O)cc1OC,Moderate
COc1cc(NC(=O)c2cc3ccc(OCc4ccccc4)cc3oc2=O)cc(OC)c1,Moderate
Cc1cccc(Cl)c1NC(=O)c1cc2ccccc2oc1=O,Inactive
O=C(NCc1ccccc1)c1cc2ccccc2oc1=O,Moderate
CN(C(=O)c1cc2ccc(OCc3ccccc3)cc2oc1=O)c1ccccc1,Moderate
Cc1ccc(NC(=O)c2cc3ccccc3oc2=O)c(C)c1,Inactive
CC(C)c1ccc(NC(=O)c2cc3ccccc3oc2=O)cc1,Moderate
CSc1ccc(NC(=O)c2cc3ccccc3oc2=O)cc1,Moderate
O=C(Nc1ccc(F)cc1)c1cc2ccccc2oc1=O,Active
CS(=O)(=O)c1ccc(NC(=O)c2cc3ccccc3oc2=O)cc1,Active
COc1ccc(NC(=O)c2cc3ccccc3oc2=O)cc1,Moderate
N#Cc1c(F)c(F)c(NC(=O)c2cc3ccc(OCc4ccccc4)cc3oc2=O)c(F)c1F,Inactive
Cc1ccc(NC(=O)c2cc3ccccc3oc2=O)cc1C,Active
COc1ccc(NC(=O)c2cc3ccc(OCc4ccccc4)c(C)c3oc2=O)cc1OC,Moderate
Cc1cc(C)cc(NC(=O)c2cc3ccccc3oc2=O)c1,Moderate
O=C(NC1CCCCC1)c1cc2ccc(OCc3ccccc3)cc2oc1=O,Inactive
O=C(Nc1c(F)cccc1F)c1cc2ccccc2oc1=O,Moderate
O=C(NC1CCCCC1)c1cc2ccccc2oc1=O,Moderate
CC(C)NC(=O)c1cc2ccccc2oc1=O,Inactive
O=C(Nc1ccccc1Cc1ccccc1)c1cc2ccc(OCc3ccccc3)cc2oc1=O,Inactive
NCCNC(=O)c1cc2ccccc2oc1=O,Moderate
CCN(CC)C(=O)Oc1ccc(/C=C/C(=O)N2CCN(Cc3ccccc3)CC2)cc1OC,Inactive
COc1cccc(C2CC(c3ccccc3)=NN2C(=O)Cn2c(=O)oc3ccccc32)c1,Moderate
COc1ccccc1C1=NN(C(=O)Cn2c(=O)oc3ccc(Cl)cc32)C(c2ccccc2Cl)C1,Inactive
COc1ccc(C2=NN(C(=O)Cn3c(=O)oc4ccccc43)C(c3ccccc3)C2)cc1,Moderate
CC1CCN(CCCCCCOc2ccc3oc4cc(Cl)ccc4c(=O)c3c2)CC1,Moderate
COc1cc(/C=C/C(=O)N2CCc3ccccc3C2)ccc1OC(=O)N(C)OC,Moderate
COc1ccc2occ(C(=O)NC3CCN(Cc4ccccc4)CC3)c(=O)c2c1,Inactive
Cc1cc(OCc2cccc(F)c2)ccc1CN1CC[C@H]1C(N)=O,Moderate
COc1cccc(C2=NN(C(=O)Cn3c(=O)oc4ccc(C)cc43)C(c3ccccc3Cl)C2)c1,Inactive
C#CCN(C)Cc1ccc(OCCCCCN2CCN(c3cccc4c3ccn4S(=O)(=O)c3ccccc3)CC2)cc1,Moderate
CCN(CC)S(=O)(=O)c1ccc([C@H]2C[C@@H]2NCc2ccccc2)cc1,Moderate
NC(=O)[C@@H]1COCCN1Cc1ccc(OCc2cccc(F)c2)cc1,Moderate
C[C@H](NCc1ccc(OCc2cccc(F)c2)cc1F)C(N)=O,Active
COc1cccc(C2CC(c3ccccc3)=NN2C(=O)Cn2c(=O)oc3ccc(C)cc32)c1,Inactive
O=c1c2ccccc2oc2ccc(OCCCCCCN3CCCCCC3)cc12,Moderate
COc1ccc(C2=NN(C(=O)Cn3c(=O)oc4ccc(C)cc43)C(c3ccccc3)C2)cc1,Moderate
Fc1ncccc1-c1cnc2c3ccccc3nn2c1,Moderate
COc1cc(/C=C/C(=O)N2CCc3ccccc3C2)ccc1OC(=O)N(c1ccccc1)c1ccccc1,Inactive
COc1cccc(C2CC(c3ccccc3)=NN2C(=O)Cn2c(=O)oc3ccc(Cl)cc32)c1,Moderate
O=c1c2ccc(Cl)cc2oc2ccc(OCCCCCCN3CCCCCC3)cc12,Moderate
CC(=O)c1ccc(-c2cnc3c4cccnc4nn3c2)cc1,Active
O=c1c2cc(Cl)ccc2oc2ccc(OCCCCCCN3CCCCCC3)cc12,Moderate
NC(=O)[C@@H]1CCN1Cc1ccc(OCc2cccc(F)c2)cc1,Active
CCN(C)C(=O)Oc1ccc(/C=C/C(=O)N2CCCCC2)cc1OC,Inactive
C(=C/c1cnc2c3cccnc3nn2c1)\c1ccccc1,Moderate
COc1ccc(C2=NN(C(=O)Cn3c(=O)oc4ccccc43)C(c3ccccc3Cl)C2)cc1,Moderate
COc1cc(/C=C/C(=O)N2CCCCC2)ccc1OC(=O)N(C)C,Inactive
NC(=O)[C@@H]1CCN1Cc1ccc(OCc2cccc(F)c2)cc1F,Active
O=C(NO)c1ccc(CCCN2CCC(CN[C@H]3C[C@@H]3c3ccccc3)CC2)cc1,Moderate
COc1ccc(C2=NN(C(=O)Cn3c(=O)oc4ccc(Cl)cc43)C(c3ccccc3Cl)C2)cc1,Inactive
O=C(NC1CCN(Cc2ccccc2)CC1)c1coc2ccc(Br)cc2c1=O,Inactive
CCN(C)C(=O)Oc1ccc(/C=C/C(=O)N2CCN(Cc3ccccc3)CC2)cc1,Inactive
CCc1c(O)c(=O)ccn1CCCn1cc(COc2cc3ccccc3oc2=O)nn1,Moderate
O=c1c2ccccc2oc2ccc(OCCCCCN3CCCCC3)cc12,Moderate
C[C@H](NCc1ccc(OCc2cccc(F)c2)cc1Cl)C(N)=O,Active
COc1ccccc1C(/C=C/c1ccccc1Cl)=N/NC(=O)Cn1c(=O)oc2ccc(C)cc21,Inactive
Cc1cc(=O)c(O)c(CO)n1CCCn1cc(COc2ccc3ccc(=O)oc3c2)nn1,Moderate
CS(=O)(=O)c1ccc(-c2cnc3c4cccnc4nn3c2)cc1,Moderate
Cc1cc(OCc2cccc(F)c2)ccc1CN[C@@H](C)C(N)=O,Active
COc1ccc(-c2cnc3c4nccnc4nn3c2)cc1,Moderate
COc1ccc(C2=NN(C(=O)Cn3c(=O)oc4ccc(C)cc43)C(c3ccccc3Cl)C2)cc1,Moderate
COc1ccc(C2CC(c3ccccc3)=NN2C(=O)Cn2c(=O)oc3ccc(Cl)cc32)cc1OC,Inactive
COc1ccc(-c2cnc3c4cccnc4nn3c2)cc1,Moderate
C#CCNC1CCc2c(OCCCCCN3CCN(c4cccc5c4ccn5Cc4cccc(Cl)c4)CC3)cccc21,Moderate
COc1cccc(C2=NN(C(=O)Cn3c(=O)oc4ccccc43)C(c3ccccc3Cl)C2)c1,Moderate
Cc1ccc(C2=NN(C(=O)Cn3c(=O)oc4ccccc43)C(c3ccccc3)C2)cc1,Moderate
O=C(NCCC1CCN(Cc2ccccc2)CC1)c1coc2ccccc2c1=O,Inactive
COc1cc(/C=C/C(=O)N2CCCCC2)ccc1OC(=O)N(c1ccccc1)c1ccccc1,Inactive
COc1cc(/C=C/C(=O)N2CCN(Cc3ccccc3)CC2)ccc1OC(=O)N(C)C,Inactive
Cc1ccc(C2CC(c3ccccc3)=NN2C(=O)Cn2c(=O)oc3ccc(Cl)cc32)cc1,Moderate
Cc1ccc2occ(C(=O)NCCC3CCN(Cc4ccccc4)CC3)c(=O)c2c1,Inactive
CC1CCCN(CCCCCOc2ccc3oc4cc(Cl)ccc4c(=O)c3c2)C1,Moderate
COc1ccc(-c2cnc3c4ncccc4nn3c2)cc1,Moderate
O=C(NC1CCN(Cc2ccccc2)CC1)c1coc2cc(Br)ccc2c1=O,Inactive
O=C(NC1CCN(Cc2ccccc2)CC1)c1cc(=O)c2ccccc2o1,Inactive
COc1ccc(C(/C=C/c2ccccc2Cl)=N/NC(=O)Cn2c(=O)oc3ccccc32)cc1,Inactive
COc1ccccc1C1=NN(C(=O)Cn2c(=O)oc3ccc(C)cc32)C(c2ccccc2Cl)C1,Inactive
NC(=O)[C@@H]1CCCN1Cc1ccc(OCc2cccc(F)c2)cc1,Moderate
COc1ccc(-c2cnc3c4c(F)cccc4nn3c2)cc1,Active
CSc1ccc(-c2cnc3c4ccccc4nn3c2)cc1,Active
COc1cc(/C=C/C(=O)N2CCC(Cc3ccccc3)CC2)ccc1OC(=O)N(c1ccccc1)c1ccccc1,Inactive
CC1CCCN(CCCCCOc2ccc3oc4ccccc4c(=O)c3c2)C1,Moderate
COc1cc(/C=C/C(=O)N2CCc3ccccc3C2)ccc1OC(=O)N(C)C,Moderate
FC(F)(F)c1cccc(-c2cnc3c4cccnc4nn3c2)c1,Moderate
O=C(NC1CCN(Cc2ccccc2)CC1)c1coc2ccc(OCc3ccccc3)cc2c1=O,Active
COc1cccc(C2CC(c3ccc(C)cc3)=NN2C(=O)Cn2c(=O)oc3ccc(C)cc32)c1OC,Inactive
CCN(CC)C(=O)Oc1ccc(/C=C/C(=O)N2CCC(Cc3ccccc3)CC2)cc1OC,Moderate
COc1cccc(/C=C/C(=N\NC(=O)Cn2c(=O)oc3ccccc32)c2ccccc2)c1,Moderate
O=C(NCCC1CCN(Cc2ccccc2)CC1)c1coc2ccc(Br)cc2c1=O,Inactive
COc1ccccc1C(/C=C/c1ccccc1Cl)=N/NC(=O)Cn1c(=O)oc2ccc(Cl)cc21,Moderate
CCN(Cc1ccccc1)C(=O)/C=C/c1ccc(OC(=O)N(c2ccccc2)c2ccccc2)c(OC)c1,Inactive
COc1cc(/C=C/C(=O)N2CCN(Cc3ccccc3)CC2)ccc1OC(=O)N(c1ccccc1)c1ccccc1,Inactive
Cc1ccc(C2=NN(C(=O)Cn3c(=O)oc4ccc(C)cc43)C(c3ccccc3)C2)cc1,Inactive
O=C(NCCC1CCN(Cc2ccccc2)CC1)c1coc2ccc(OCc3ccccc3)cc2c1=O,Moderate
c1csc(-c2cnc3c4cccnc4nn3c2)c1,Moderate
COc1ccc(C2CC(c3ccccc3)=NN2C(=O)Cn2c(=O)oc3ccc(C)cc32)cc1OC,Inactive
NC(=O)[C@@H]1CCN1Cc1ccc(OCc2cccc(F)c2)cc1Cl,Active
NC(=O)C1CN(Cc2ccc(OCc3cccc(F)c3)cc2)C1,Moderate
COc1ccccc1C(/C=C/c1ccccc1Cl)=N/NC(=O)Cn1c(=O)oc2ccccc21,Inactive
COc1cc(O)ccc1C(=O)/C=C/c1ccc(O)c(O)c1,Moderate
C#CCN(C)CCCCOc1ccc(C(C)=O)cc1,Active
O=c1ccoc2ccc(OCCCCN3CCCCC3)cc12,Moderate
CCN(C)C(=O)Oc1ccc(/C=C/C(=O)N2CCC(Cc3ccccc3)CC2)cc1,Moderate
CC1CCN(CCCCCCOc2ccc3oc4ccccc4c(=O)c3c2)CC1,Moderate
CCN(C)C(=O)Oc1ccc(/C=C/C(=O)N2CCc3ccccc3C2)cc1,Moderate
C#CCN(C)CCCCCCOc1ccc(C(C)=O)cc1,Active
O=c1cc(-c2ccccc2)oc2cc(F)ccc12,Inactive
c1cnc2c(c1)nn1cc(-c3ccsc3)cnc21,Inactive
COc1ccccc1C1=NN(C(=O)Cn2c(=O)oc3ccccc32)C(c2ccccc2Cl)C1,Moderate
C#CCN(C)Cc1ccc(OCCCCCN2CCN(c3cccc4c3ccn4Cc3cccc(Cl)c3)CC2)cc1,Active
Cc1ccc(C2CC(c3ccccc3)=NN2C(=O)Cn2c(=O)oc3ccc(C)cc32)cc1,Moderate
NC(=O)[C@@H]1CC(F)(F)CN1Cc1ccc(OCc2cccc(F)c2)cc1F,Moderate
C#CCN1CCC(COC(=O)Nc2ccccc2)CC1,Inactive
CCN(CC)C(=O)Oc1ccc(/C=C/C(=O)N2CCc3ccccc3C2)cc1OC,Moderate
C#CCN1CCCC(COC(=O)Nc2ccc(C(C)C)cc2)C1,Moderate
COc1ccc(-c2cnc3c4c(Cl)cccc4nn3c2)cc1,Moderate
CCOC(=O)c1ccc(-c2cnc3c4cccnc4nn3c2)cc1,Moderate
C#CCNC1CCc2c(OCCCCCN3CCN(c4cccc5c4ccn5S(=O)(=O)c4ccccc4)CC3)cccc21,Moderate
O=c1ccoc2ccc(OCCCCN3CCCC3)cc12,Inactive
C#CCN(C)CCCCCCOc1ccc2c(c1)CCCC2=O,Moderate
O=C(Nc1ccccc1)OCC1CCN(Cc2ccccc2)CC1,Inactive
C#CCN(Cc1ccc(OCc2cccc(F)c2)cc1Cl)[C@@H](C)C(N)=O,Active
CC1(C)C[C@@H](C(N)=O)N(Cc2ccc(OCc3cccc(F)c3)cc2F)C1,Moderate
COc1ccc(C(/C=C/c2ccccc2)=N/NC(=O)Cn2c(=O)oc3ccc(C)cc32)cc1,Inactive
C#CCN(C)CCCCOc1ccc(C(C)=O)cc1OC,Moderate
COc1ccc2c(=O)c(C(=O)NC3CCN(Cc4ccccc4)CC3)coc2c1,Inactive
C#CCN(C)CCCCCCOc1ccc2c(c1)OCC2=O,Active
FC(F)(F)c1ccc2c(c1)nn1cc(Br)cnc21,Moderate
C#CCN(C)CCCCCCCCOc1ccc2c(c1)OCCC2=O,Moderate
Cc1ccc(C2=NN(C(=O)Cn3c(=O)oc4ccc(Cl)cc43)C(c3ccccc3)C2)cc1,Inactive
COc1ccc2[nH]cc(/C=C/c3n[nH]c(=O)o3)c2c1,Inactive
COc1ccc(C2CC(c3ccccc3)=NN2C(=O)Cn2c(=O)oc3ccccc32)cc1OC,Inactive
O=c1c2cc(Cl)ccc2oc2ccc(OCCCCCN3CCCCCC3)cc12,Moderate
CC1CCN(CCCCCOc2ccc3oc4cc(Cl)ccc4c(=O)c3c2)CC1,Moderate
CC1CCCN(CCCCCOc2ccc3oc4ccc(Cl)cc4c(=O)c3c2)C1,Moderate
CC1CCN(CCCCCCOc2ccc3oc4ccc(Cl)cc4c(=O)c3c2)CC1,Moderate
C#CCN(C)CCCCCCOc1ccc(C=O)c(OC)c1,Moderate
O=c1c2cc(Cl)ccc2oc2ccc(OCCCCCCN3CCCCC3)cc12,Moderate
c1ccc(-c2cnc3c4ncccc4nn3c2)cc1,Inactive
C#CCN(C)CCCCCOc1ccc(C=O)c(OC)c1,Moderate
C#CCN(C)CCCCCCOc1ccc2c(c1)OCCC2=O,Moderate
C[C@H](NCc1ccc(OCc2cccc(F)c2)cc1C1CC1)C(N)=O,Moderate
CC1CCN(CCCCCOc2ccc3oc4ccc(Cl)cc4c(=O)c3c2)CC1,Moderate
NC(=O)[C@@H]1CC(F)(F)CN1Cc1ccc(OCc2cccc(F)c2)cc1,Moderate
COc1cc2c(cc1OC)/C(=C/c1ccc(N3CCN(C)CC3)c(O)c1)OC2=O,Moderate
C#CCN(Cc1ccc(OCc2cccc(F)c2)cc1F)[C@@H](C)C(N)=O,Active
C#CCN(C)Cc1ccc(OCCCCN2CCN(c3cccc4c3ccn4Cc3cccc(Cl)c3)CC2)cc1,Moderate
C#CCN(Cc1ccc(OCc2cccc(F)c2)cc1C)[C@@H](C)C(N)=O,Moderate
CCN(C)C(=O)Oc1ccc(/C=C/C(=O)N2CCC(Cc3ccccc3)CC2)cc1OC,Moderate
COc1ccccc1/C=C/C(=N\NC(=O)Cn1c(=O)oc2ccc(Cl)cc21)c1ccccc1,Moderate
CC1(C)C[C@@H](C(N)=O)N(Cc2ccc(OCc3cccc(F)c3)cc2)C1,Moderate
O=C(Oc1ccc(CCO[C@@H]2O[C@H](CO)[C@@H](O)[C@H](O)[C@H]2O)cc1)c1ccccc1,Active
O=C(Cn1c(=O)oc2ccccc21)N/N=C(\C=C\c1ccccc1)c1ccccc1,Inactive
C#CCN(C)CCCCOc1ccc2c(c1)CCCC2=O,Active
COc1ccc(C2=NN(C(=O)Cn3c(=O)oc4ccc(Cl)cc43)C(c3ccccc3)C2)cc1,Moderate
O=C(Nc1ccccc1)OCC1CCCN(Cc2ccccc2)C1,Inactive
O=c1c2ccc(Cl)cc2oc2ccc(OCCCCCN3CCCCCC3)cc12,Moderate
CCN(CC)C(=O)/C=C/c1ccc(OC(=O)N(C)C)c(OC)c1,Inactive
C#CCN(Cc1ccc(OCc2cccc(F)c2)cc1)[C@@H](C)C(N)=O,Moderate
C#CCOc1ccc(-c2cc(-c3ccc(OCCN4CCOCC4)cc3)nc(N)n2)cc1,Moderate
C#CCN(C)CCCCCOc1ccc2c(c1)OCCC2=O,Active
COc1cccc(C2CC(c3ccc(C)cc3)=NN2C(=O)Cn2c(=O)oc3ccc(Cl)cc32)c1OC,Inactive
CC1CCCN(CCCCCCOc2ccc3oc4ccc(Cl)cc4c(=O)c3c2)C1,Moderate
O=C(NC1CCN(Cc2ccccc2)CC1)c1coc2ccccc2c1=O,Inactive
C#CCN(C)CCCCOc1ccc2c(c1)CCC2=O,Moderate
COc1ccc(-c2cnc3c4ccccc4nn3c2)cc1,Moderate
COc1cc(/C=C/C(=O)N2CCC(Cc3ccccc3)CC2)ccc1OC(=O)N(C)C,Moderate
NC(=O)C1CCN1Cc1ccc(OCc2cccc(F)c2)cc1,Active
C#CCN1CCC(COC(=O)Nc2ccc(C(C)C)cc2)CC1,Moderate
C#CCN(C)CCCCCOc1ccc(C(C)=O)cc1OC,Moderate
COc1cc2c(cc1OC)/C(=C/c1ccc(O)c(N3CCCCC3)c1)OC2=O,Moderate
O=C(Nc1ccccc1)OC1CCCN(Cc2ccccc2)C1,Inactive
C#CCN1CCC(OC(=O)Nc2ccc(C(C)C)cc2)CC1,Moderate
C#CCN(C)CCCCOc1ccc2c(c1)OCCC2=O,Active
CCN(C)C(=O)Oc1ccc(/C=C/C(=O)N2CCc3ccccc3C2)cc1OC,Moderate
COc1cccc(C2=NN(C(=O)Cn3c(=O)oc4ccc(Cl)cc43)C(c3ccccc3Cl)C2)c1,Moderate
CC1CCCN(CCCCCCOc2ccc3oc4cc(Cl)ccc4c(=O)c3c2)C1,Moderate
Cc1ccc2occ(C(=O)NC3CCN(Cc4ccccc4)CC3)c(=O)c2c1,Inactive
O=c1c2ccccc2oc2ccc(OCCCCCCN3CCCCC3)cc12,Moderate
C#CCN(C)CCCOc1ccc2c(c1)OCCC2=O,Inactive
COc1ccc2c(=O)c(C(=O)NCCC3CCN(Cc4ccccc4)CC3)coc2c1,Inactive
C#CCNC1CCc2c(OCCCCN3CCN(c4cccc5c4ccn5Cc4cccc(Cl)c4)CC3)cccc21,Moderate
Cc1ccc(C2CC(c3ccccc3)=NN2C(=O)Cn2c(=O)oc3ccccc32)cc1,Moderate
C#CCN(C)CCCCCCOc1ccc2c(c1)CCC2=O,Moderate
COc1cccc(-c2cnc3c4cccnc4nn3c2)c1,Moderate
CNc1nnc(CCc2c[nH]c3ccc(OC)cc23)o1,Inactive
COc1ccccc1-c1cnc2c3cccnc3nn2c1,Moderate
CC1CCCN(CCCCCCOc2ccc3oc4ccccc4c(=O)c3c2)C1,Moderate
O=c1c2ccccc2oc2ccc(OCCCCCN3CCCCCC3)cc12,Moderate
COc1ccc2c(c1)C(/C=C/c1n[nH]c(=O)o1)=CCC2,Inactive
CC1CCN(CCCCCOc2ccc3oc4ccccc4c(=O)c3c2)CC1,Moderate
O=c1c2ccc(Cl)cc2oc2ccc(OCCCCCCN3CCCCC3)cc12,Moderate
C#CCN(C)CCCCCOc1ccc2c(c1)CCCC2=O,Active
C#CCN1CCCC(OC(=O)Nc2ccc(C(C)C)cc2)C1,Inactive
COc1ccc2occ(C(=O)NCCC3CCN(Cc4ccccc4)CC3)c(=O)c2c1,Inactive
O=C(NCCC1CCN(Cc2ccccc2)CC1)c1coc2cc(Br)ccc2c1=O,Inactive
O=c1c2cc(Cl)ccc2oc2ccc(OCCCCCN3CCCCC3)cc12,Moderate
C#CCN(C)CCCCCOc1cccc(OC)c1,Active
NC(=O)[C@@H]1COCCN1Cc1ccc(OCc2cccc(F)c2)cc1F,Moderate
C#CCN(C)CCCCCOc1ccc2c(c1)CCC2=O,Active
CC(C)c1ccc(NC(=O)OC2CCCN(Cc3ccccc3)C2)cc1,Inactive
CCN(C)C(=O)Oc1ccc(/C=C/C(=O)N(CC)Cc2ccccc2)cc1OC,Moderate
Nc1nnc(CN[C@@H]2C[C@H]2c2ccc(OCc3ccccc3)cc2)o1,Active
CN1C(=O)C2C(N=C(/C=C/c3cccc(Br)c3)N2C)N(C)C1=O,Active
COc1ccc(NC(=O)c2cc3ccc(OCc4ccc(F)cc4)cc3oc2=O)cc1OC,Moderate
Cn1c(=O)c2c(nc(-c3cccc(Cl)c3)n2C)n(C)c1=O,Inactive
COc1ccc2c(=O)c(/C=C/c3ccc(OC)c(OC)c3)coc2c1,Active
COc1ccc2c(=O)c(/C=C/c3ccc(Cl)cc3)coc2c1,Active
O=C(CC1CCNCC1)c1cc2ccccc2[nH]1,Inactive
Cc1cccc(Cl)c1NC(=O)c1cc2ccc(OCc3ccc(F)cc3)cc2oc1=O,Inactive
CCN(CC)S(=O)(=O)c1ccc([C@H]2C[C@@H]2N)cc1,Moderate
COc1cc(/C=C/c2coc3ccccc3c2=O)cc(OC)c1OC,Moderate
CCN(CCCOc1ccc(C(=O)/C=C/c2ccccc2)c(O)c1)Cc1ccccc1N(C)C,Moderate
C#CCNC1CCc2c(SCc3ccc(F)c(F)c3)cccc21,Moderate
CCN(CCCCOc1ccc(C(=O)/C=C/c2ccc(N(C)C)cc2)c(O)c1)Cc1ccccc1,Moderate
C#CCNC1CCc2c(SCCc3ccc(C)cc3)cccc21,Inactive
COc1ccc(CNC2CC23CCc2ccccc23)cc1OC,Inactive
CN1CCN(C(=O)CN[C@@H]2C[C@H]2c2ccc(F)nc2)CC1,Inactive
COc1ccc2c(=O)c(/C=C/c3ccc(O)cc3)coc2c1,Active
Fc1ccc([C@@H]2C[C@H]2NCc2cn(-c3ccccc3)nn2)cc1F,Moderate
O=C(Nc1cccc(Cl)c1)C1=Cc2ccccc2OC1,Active
CCN(CC)CCCOc1ccc(C(=O)/C=C/c2ccc(N(C)C)cc2)c(O)c1,Moderate
COc1ccc2occ(/C=C/c3ccc(F)cc3)c(=O)c2c1,Active
O=C(Cn1c(=O)c(Cc2ccccc2)nc2ccccc21)NNC(=S)Nc1ccccc1,Active
O=c1c(/C=C/c2ccc(O)cc2)coc2ccccc12,Active
C#CCNC1CCc2c(SCCc3ccc(Cl)c(Cl)c3)cccc21,Moderate
C#CCNC1CCc2c(SCc3ccc(C)cc3)cccc21,Moderate
C#CCNC1CCc2c(SCCc3cccc(OC)c3)cccc21,Inactive
CCN(CCCOc1ccc(C(=O)/C=C/c2ccc(N(C)C)cc2)c(O)c1)Cc1ccccc1,Inactive
COc1ccc(C(=O)/C=C/c2ccc(N(C)C)cc2)c(O)c1,Moderate
CCN(CCCCCCOc1ccc(C(=O)/C=C/c2ccc(N(C)C)cc2)c(O)c1)Cc1ccccc1OC,Moderate
O=C(Nc1cccc(Cl)c1)c1csc2ccccc2c1=O,Active
Fc1ccccc1CNC1CC12CCc1ccccc12,Inactive
NC1CC12CCc1ccccc12,Moderate
CCN(CCCOc1ccc(C(=O)/C=C/c2ccc(N(C)C)cc2)c(O)c1)Cc1ccc(N(C)C)cc1,Inactive
COc1ccc(CNC2CC23CCc2ccccc23)c(Cl)c1OC,Moderate
Cc1ccc(NC(=O)c2cn(C)c3ccccc3c2=O)cc1C,Inactive
C#CCNC1CCc2c(SCc3cccc(Cl)c3)cccc21,Inactive
CCN(CCCCOc1ccc(/C=C/C(=O)c2ccc(N(C)C)cc2O)cc1)Cc1ccccc1OC,Moderate
C#CCN(C)C1=CC(=O)c2ccccc2C1=O,Moderate
C#CCNC1CCc2c(SCCc3ccc(OC)cc3)cccc21,Inactive
Cc1ccc(NC(=O)C2=Cc3ccccc3OC2)cc1C,Active
CCN(CCCCOc1ccc(C(=O)/C=C/c2ccc(N(C)C)cc2)c(O)c1)Cc1ccc(N(C)C)cc1,Moderate
CCN(CC)S(=O)(=O)c1ccc([C@H]2C[C@@H]2NC(=O)OC(C)(C)C)cc1,Moderate
C#CCNC1CCc2c(SCc3cccc(C(F)(F)F)c3)cccc21,Active
C#CCNC1CCc2c(SCCc3ccc(Cl)cc3)cccc21,Inactive
CCN(CCCOc1ccc(C(=O)/C=C/c2ccc(N(C)C)cc2)c(O)c1)Cc1ccccc1N(C)C,Moderate
COc1ccccc1CNC1CC12CCc1ccccc12,Inactive
C#CCNC1CCc2c(SCCc3cccc(C)c3)cccc21,Active
CCOC(=O)NNC(=O)Cn1c(=O)c(Cc2ccccc2)nc2ccccc21,Active
C#CCN(C)C1=C(Cl)C(=O)c2ccccc2C1=O,Moderate
COc1ccc(/C=C/c2coc3ccccc3c2=O)cc1,Active
C#CCNC1CCc2c(SCCc3cccc(F)c3)cccc21,Moderate
CCN(CCCOc1ccc(C(=O)/C=C/c2ccc(N(C)C)cc2)c(O)c1)Cc1ccccc1OC,Inactive
COc1ccc(/C=C/C(=O)c2ccc(N(C)C)cc2O)cc1,Inactive
C#CCNC1CCc2c(OCc3cccc(C(F)(F)F)c3)cccc21,Moderate
C#CCNC1CCc2c(SCc3cccc(OC)c3)cccc21,Moderate
COc1ccc2c(=O)c(/C=C/c3ccc(F)cc3)coc2c1,Active
Cn1cc(C(=O)Nc2cccc(Cl)c2)c(=O)c2ccccc21,Inactive
COc1ccc2occ(/C=C/c3ccc(OC)c(OC)c3)c(=O)c2c1,Moderate
O=C(/C=C/c1ccccc1)c1cccc(C(F)(F)F)c1,Active
COc1ccc(/C=C/c2coc3cc(OC)ccc3c2=O)cc1,Active
C#CCNC1CCc2c(NCc3cccc(C(F)(F)F)c3)cccc21,Moderate
CCN(CCCCOc1ccc(C(=O)/C=C/c2ccc(N(C)C)cc2)c(O)c1)Cc1ccccc1N(C)C,Moderate
C#CCNC1=C(Cl)C(=O)c2ccccc2C1=O,Active
C#CCNC1CCc2c(SCCc3ccc(C(F)(F)F)cc3)cccc21,Inactive
C#CCNC1CCc2c(SCc3ccc(Cl)c(Cl)c3)cccc21,Moderate
c1ccc2c(c1)Cc1ccccc1O2,Moderate
C#CCNC1CCc2c(SCc3ccc(Br)cc3)cccc21,Moderate
CCN(CCCCOc1ccc(/C=C/C(=O)c2ccc(N(C)C)cc2O)cc1)Cc1ccccc1N(C)C,Moderate
CN(C)c1ccc(/C=C/C(=O)c2ccc(N(C)C)cc2O)cc1,Inactive
C#CCNC1CCc2c(SCCc3ccc(Br)cc3)cccc21,Inactive
COc1ccc2occ(/C=C/c3cc(OC)c(OC)c(OC)c3)c(=O)c2c1,Moderate
C#CCNC1CCc2c(SCc3cccc(F)c3)cccc21,Moderate
O=C(Nc1ccc(Cl)c(Cl)c1)c1c[nH]c2ccccc2c1=O,Inactive
COc1ccc2c(=O)c(/C=C/c3ccc(N(C)C)cc3)coc2c1,Active
COc1c(OCC(C)=O)ccc2c3c(c(=O)oc12)CCC3,Inactive
Cc1cc(=O)oc2c(C)c3oc4c(c3cc12)CCC4,Inactive
O=C(Nc1cccc(Cl)c1)c1cc2ccccc2oc1=O,Active
Cc1ccc(NC(=O)c2csc3ccccc3c2=O)cc1C,Active
COc1ccc2occ(/C=C/c3ccc(O)cc3)c(=O)c2c1,Moderate
Cl.NC1CC1c1ccc(NC(=O)OCc2ccccc2)cc1,Moderate
NC(=S)NNC(=O)Cn1c(=O)c(Cc2ccccc2)nc2ccccc21,Active
C#CCNC1CCc2c(SCc3ccc4ccccc4c3)cccc21,Moderate
C#CCNC1CCc2c(SCCc3cccc(Cl)c3)cccc21,Inactive
CCN(CCCCCCOc1ccc(C(=O)/C=C/c2ccc(N(C)C)cc2)c(O)c1)Cc1ccccc1,Moderate
C=C(Br)COc1ccc2c(oc(=O)c3ccccc32)c1C,Active
COc1ccc(Br)cc1CNC1CC12CCc1ccccc12,Moderate
COc1ccc(/C=C/c2coc3ccccc3c2=O)cc1OC,Moderate
C#CCNC1CCc2c(SCc3ccc(F)cc3F)cccc21,Moderate
CCN(CCCCOc1ccc(C(=O)/C=C/c2ccc(N(C)C)cc2)c(O)c1)Cc1ccccc1OC,Moderate
CCN(CCCCCCOc1ccc(C(=O)/C=C/c2ccc(N(C)C)cc2)c(O)c1)Cc1ccc(N(C)C)cc1,Moderate
C#CCNC1CCc2c(SCCc3cccc(Br)c3)cccc21,Inactive
Cc1ccc(NC(=O)C2COc3ccccc3C2)cc1C,Moderate
COc1ccc2occ(/C=C/c3ccccc3)c(=O)c2c1,Active
O=C(Nc1cccc(Cl)c1)C1COc2ccccc2C1,Moderate
CN(C)c1ccc(/C=C/c2coc3ccccc3c2=O)cc1,Active
COc1ccc2occ(/C=C/c3ccc(N(C)C)cc3)c(=O)c2c1,Moderate
Cn1cc(C(=O)Nc2ccc(Cl)c(Cl)c2)c(=O)c2ccccc21,Moderate
C#CCNC1CCc2c(SCc3ccc(C(F)(F)F)cc3)cccc21,Moderate
C#CCNC1CCc2c(SCc3ccc(OC)cc3)cccc21,Moderate
COc1ccc(/C=C/c2coc3ccc(OC)cc3c2=O)cc1,Moderate
CCN(CCCCCCOc1ccc(C(=O)/C=C/c2ccc(N(C)C)cc2)c(O)c1)Cc1ccccc1N(C)C,Moderate
O=c1c(/C=C/c2ccc(F)cc2)coc2ccccc12,Active
COc1ccc2c(=O)c(/C=C/c3ccccc3)coc2c1,Active
C#CCNC1CCc2c(SCCc3cccc(C(F)(F)F)c3)cccc21,Moderate
C#CCNC1CCc2c(SCc3ccc(Cl)cc3Cl)cccc21,Moderate
C#CCNC1CCc2c(SCCc3ccc(F)c(F)c3)cccc21,Moderate
COc1ccc2c(=O)c(/C=C/c3cc(OC)c(OC)c(OC)c3)coc2c1,Active
COc1ccc2occ(/C=C/c3ccc(Cl)cc3)c(=O)c2c1,Active
O=c1c(Cc2ccccc2)nc2ccccc2n1CC(O)CO,Active
COc1ccc(NC(=O)C2=Cc3ccccc3OC2)cc1OC,Moderate
N[C@H]1CCN(C(=O)CNC2CC2c2cc(F)cc(F)c2OCc2ccccc2)C1,Inactive
O=C(Nc1ccc(Cl)c(Cl)c1)C1COc2ccccc2C1,Active
COc1c(OCC(C)=O)ccc2c3c(c(=O)oc12)CCCC3,Inactive
CC(=O)COc1ccc2c(oc(=O)c3ccccc32)c1C,Inactive
CC(=O)COc1ccc2c3c(c(=O)oc2c1C)CCCC3,Inactive
C=C(Br)COc1ccc2c3c(c(=O)oc2c1C)CCC3,Active
C=C(Br)COc1ccc2c3c(c(=O)oc2c1C)CCCC3,Moderate
CC(=O)COc1ccc2c3c(c(=O)oc2c1C)CCC3,Moderate
COc1c(O)ccc2c3c(c(=O)oc12)CCCC3,Inactive
COc1cc(OCC(C)=O)cc2oc(=O)ccc12,Inactive
Cc1cc(=O)oc2c(C)c(OC3CCCC3=O)ccc12,Inactive
Cc1cc(=O)oc2c(C)c(OC3CCCCC3=O)ccc12,Moderate
NC/C(=C/F)CCc1ccc(F)cc1,Active
CC(C)=CCOc1ccc(C(=O)/C=C/c2ccc(Cl)cc2)c(O)c1,Moderate
COc1ccc(C(=O)/C=C/c2ccc(Cl)cc2)cc1,Moderate
COc1ccc(C(=O)/C=C/c2ccc(OCc3ccccc3)cc2)cc1,Moderate
Cc1ccc(C2CC(c3ccccc3)=NN2C(N)=S)cc1,Moderate
O=C(/C=C/c1ccc(Cl)cc1)c1ccc(F)cc1O,Moderate
O=C(/C=C/c1ccc(OCc2ccccc2)cc1)c1ccc(F)cc1,Moderate
CS(=O)(=O)c1ccc(C(=O)/C=C/c2ccc(Cl)cc2)cc1,Moderate
CC(C)=CCOc1ccc(C(=O)/C=C/c2ccc(C)cc2)c(O)c1,Moderate
CC(C)=CCC/C(C)=C/Cc1c(O)ccc(C(=O)/C=C/c2ccc(O)cc2)c1O,Inactive
O=C(Nc1ccccc1)c1cc2ccccc2oc1=O,Moderate
Cc1ccc2oc(=O)c(C(=O)Nc3cccc(Cl)c3)cc2c1,Active
Cc1ccc2oc(=O)c(C(=O)Nc3ccc(Cl)cc3)cc2c1,Active
Cc1cccc(NC(=O)c2cc3cc(C)ccc3oc2=O)c1,Active
Cc1ccc2oc(=O)c(C(=O)Nc3ccccc3)cc2c1,Active
COc1ccc(-c2csc(N/N=C3/CCCC(C)C3)n2)cc1,Moderate
CC1CCCC/C1=N/Nc1nc(-c2ccc(Cl)cc2)cs1,Inactive
CC1CCCC/C1=N/Nc1nc(-c2ccc(F)cc2)cs1,Moderate
CC1CCCC/C1=N/Nc1nc(-c2ccc(Cl)cc2Cl)cs1,Inactive
C[C@H]1CCCC/C1=N/Nc1nc(-c2ccc(F)cc2)cs1,Active
C[C@H]1CCCC/C1=N/Nc1nc(-c2ccc(F)cc2F)cs1,Active
C[C@@H]1CCCC/C1=N/Nc1nc(-c2ccc(F)cc2F)cs1,Active
CC1CCCC/C1=N/Nc1nc(-c2ccc(F)cc2F)cs1,Active
Cc1ccc(-c2csc(N/N=C3/CCCCC3C)n2)cc1,Moderate
CC1CCCC/C1=N/Nc1nc(-c2ccc([N+](=O)[O-])cc2)cs1,Active
CC1CCCC/C1=N/Nc1nc(-c2ccc(C#N)cc2)cs1,Active
C[C@H]1CCCC/C1=N/Nc1nc(-c2ccc([N+](=O)[O-])cc2)cs1,Active
CC(C)CNC(=O)c1cc2ccc(OCc3ccccc3)cc2oc1=O,Moderate
C[C@@H]1Cc2cccc(O)c2C(=O)O1,Inactive
O=c1ccc2c(ccc3ccoc32)o1,Moderate
O=c1c(O)c(-c2ccc(O)c(O)c2)oc2cc(O)cc(O)c12,Inactive
Cl.NCC1CC1c1ccccc1,Active
N#Cc1c(F)c(F)c(NC(=O)c2cc3ccc(OCc4ccc(F)cc4)cc3oc2=O)c(F)c1F,Moderate
COc1cc2c(cc1OC)C(=O)C(CC1CCN(Cc3ccccc3)CC1)C2,Inactive
O=C(NCc1ccccc1)c1cc2ccc(OCc3ccccc3)cc2oc1=O,Moderate
CC1CCCC/C1=N/Nc1nc(-c2ccccc2)cs1,Moderate
COc1c2occc2cc2cc(N)c(=O)oc12,Inactive
COc1cc(NC(C)CCCN)c2ncccc2c1,Inactive
O=C1Nc2ccc(/C=C/c3cccc(F)c3)cc2C1=O,Moderate
Cc1c(C)c2ccc(OCC3CCCN(CCCC(F)F)C3)cc2oc1=O,Moderate
O=C(NO)c1ccc(/C=C/c2ccnc(-c3ccccc3O)c2)cc1,Inactive
C[C@H]1C[C@@H](C(N)=O)N(Cc2ccc(OCc3cccc(F)c3)cc2)C1,Active
C#CCn1nc(/C=C/c2ccccc2)oc1=O,Moderate
NC(=O)[C@@H]1C[C@H](F)CN1Cc1ccc(OCc2cccc(F)c2)cc1F,Active
O=c1[nH]nc(/C=C/c2ccc3c(c2)OCO3)o1,Inactive
NC(=O)[C@H]1C[C@H](F)CN1Cc1ccc(OCc2cccc(F)c2)cc1,Moderate
C#CCn1nc(/C=C/c2ccc(OC)cc2)oc1=O,Moderate
Cc1c(C)c2ccc(OCc3ccc(CN(C)CCCC(F)F)cc3)cc2oc1=O,Moderate
NC(=O)[C@@H]1C[C@@H](F)CN1Cc1ccc(OCc2cccc(F)c2)cc1F,Moderate
CN(CCCO)Cc1ccc(COc2ccc3c(CO)cc(=O)oc3c2)cc1,Moderate
C[C@@H]1C[C@@H](C(N)=O)N(Cc2ccc(OCc3cccc(F)c3)cc2)C1,Moderate
C#CCNC(=O)/C=C/c1ccc(O)cc1,Inactive
Cc1c(C)c2ccc(OCC3CCN(CCCC(F)F)CC3)cc2oc1=O,Moderate
CCN(CCCOc1ccc2c(C)c(C)c(=O)oc2c1)Cc1cccc(F)c1,Active
NC(=O)[C@@H]1C[C@H](F)CN1Cc1ccc(OCc2cccc(F)c2)cc1Cl,Moderate
CN(CCCC(F)F)Cc1ccc(COc2ccc3c(CO)cc(=O)oc3c2)cc1,Active
Cc1c(C)c2ccc(OCC3CCCN(Cc4cccc(F)c4)C3)cc2oc1=O,Active
C[C@@H]1CCCC/C1=N/Nc1nc(-c2ccc(C#N)cc2)cs1,Active
NC(=O)[C@@H]1C[C@H](F)CN1Cc1ccc(OCc2cccc(F)c2)cc1,Active
CN(Cc1ccccc1)Cc1ccc(COc2ccc3c(C(F)F)cc(=O)oc3c2)cc1,Moderate
Cc1c(C)c2ccc(OCc3cccc(CN(C)CCCC(F)F)c3)cc2oc1=O,Moderate
NC(=O)[C@@H]1C[C@H](O)CN1Cc1ccc(OCc2cccc(F)c2)cc1,Moderate
O=c1[nH]nc(/C=C/c2ccc(O)c(O)c2)o1,Moderate
O=c1[nH]nc(/C=C/c2ccc(O)cc2)o1,Inactive
O=c1[nH]nc(/C=C/c2cccc([N+](=O)[O-])c2)o1,Moderate
Cc1c(C)c2ccc(OCC3CCN(Cc4cccc(C(F)(F)F)c4)CC3)cc2oc1=O,Moderate
C/N=C1\NC(=O)/C(=C\c2c[nH]c3ccccc23)N1C,Inactive
O=C(Nc1cccc(F)c1)c1cc2ccccc2oc1=O,Moderate
C#CCn1nc(/C=C/c2cccc(O)c2)oc1=O,Moderate
NC(=O)[C@@H]1C[C@@H](F)CN1Cc1ccc(OCc2cccc(F)c2)cc1,Moderate
COc1cc(NC(=O)c2cc3ccccc3oc2=O)cc(OC)c1,Moderate
NC(=S)N1N=C(c2ccccc2)CC1c1ccccc1,Inactive
C#CCn1nc(/C=C/c2cccc(OC)c2)oc1=O,Moderate
CN(Cc1ccc(COc2ccc3c(CO)cc(=O)oc3c2)cc1)Cc1cccc(F)c1,Active
Cc1c(C)c2ccc(OCC3CCN(Cc4cccc(F)c4)CC3)cc2oc1=O,Moderate
Cc1cc(OCc2cccc(F)c2)ccc1CN1C[C@@H](F)C[C@H]1C(N)=O,Moderate
NC[C@@]1(c2ccccc2)C[C@@H]1F,Inactive
O=C(Nc1cccc(C(F)(F)F)c1)c1cc2ccccc2oc1=O,Moderate
Cc1c(C)c2ccc(OCCCN(Cc3cccc(F)c3)C(C)C)cc2oc1=O,Moderate
N#C/C(=C\C=C\c1ccc(O)c(O)c1)C(=O)NCc1ccccc1,Moderate
O=c1oc2ccccc2cc1-c1ccccc1,Inactive
COc1ccc(/C=C2\COc3ccccc3C2=O)cc1,Moderate
N[C@]1(c2ccccc2)C[C@]1(F)c1ccccc1,Inactive
N#Cc1c(F)c(F)c(NC(=O)c2cc3ccccc3oc2=O)c(F)c1F,Moderate
Cc1ccc(C)c(NC(=O)c2cc3ccccc3oc2=O)c1,Inactive
Cc1cccc(NC(=O)c2cc3ccccc3oc2=O)c1C,Inactive
C/N=C1\N(C)C(=O)/C(=C\c2c[nH]c3ccccc23)N1C,Moderate
CC(C)c1ccc(NC(=O)c2cc3ccc(OCc4ccccc4)cc3oc2=O)cc1,Moderate
Cc1cccc(C)c1NC(=O)c1cc2ccccc2oc1=O,Moderate
Cc1ccc(NC(=O)c2cc3ccccc3oc2=O)cc1,Moderate
CC(C)CNC(=O)c1cc2ccccc2oc1=O,Moderate
O=C(O)c1ccc(NC(=O)c2cc3ccccc3oc2=O)cc1,Moderate
O=C(Nc1c(F)c(F)nc(F)c1F)c1cc2ccccc2oc1=O,Moderate
NCC1(c2ccccc2)CC1F,Active
O=C1/C(=C/c2ccccc2)CCc2c(O)cccc21,Moderate
C#CC(C)N(C)[C@H](C)Cc1ccccc1,Active
CCN(CCCCOc1ccc(/C=C/C(=O)N2CCc3ccccc3C2)cc1OC)Cc1ccccc1,Moderate
O=C1CSc2cc(OCCc3ccccc3)ccc2N1,Moderate
C/C(=N\NC(=O)c1cc(-c2ccccc2)on1)c1ccc(C)cc1,Active
Fc1ccc(Cn2ccc3c(N4CCC(F)(F)CC4)nc4ccccc4c32)cc1,Moderate
CCCCC1OC(=O)c2cc(OCc3cccc(O)c3)ccc21,Moderate
C#CCN(C)Cc1cccc(NC(=O)CCCCCCC(=O)NO)c1,Inactive
CC(=O)Oc1ccc(-c2ccccc2)cc1/N=N/c1ccc(C#N)c(C#N)c1,Moderate
c1ccc(Cn2ccc3c(N4CCC5(COC5)C4)nc4ccccc4c32)cc1,Active
O=C1c2ccccc2-c2nccc3cc(OCCCCN4CCN(c5ccccc5)CC4)cc1c23,Moderate
O=C1c2ccccc2-c2nccc3cc(OCCCN4CCN(c5cccc(Cl)c5Cl)CC4)cc1c23,Moderate
N#Cc1ccc(COc2ccc3c(c2)SCC(=O)N3)cc1,Active
C=CCc1ccc(OC(=O)/C=C/c2ccc(O)c(O)c2)c(OC)c1,Inactive
COc1cccc(Cn2ccc3c(N4CCC(OC)CC4)nc4ccccc4c32)c1,Active
O=C1CSc2cc(OCc3ccc(Br)cc3)ccc2N1,Active
N#Cc1ccc(/N=N/c2cc(-c3ccccc3)ccc2O)cc1C#N,Moderate
Clc1cccc(Cn2ccc3c(N4CCC5(COC5)C4)nc4ccccc4c32)c1,Active
O=C1CSc2cc(OCC3CCCCC3)ccc2N1,Active
Cn1ccc2cc(-c3nc4ccc(F)cc4s3)ccc21,Active
CCOC(=O)Cc1csc(N/N=C/c2ccc3cc(OC)ccc3c2)n1,Active
O=C1CSc2cc(OCc3ccccc3)ccc2N1,Active
COc1cc(S)c(/N=N/c2cccc(C#N)c2C#N)cc1OC,Inactive
COc1cccc(Cn2ccc3c(N4CCC(O)CC4)nc4ccccc4c32)c1,Active
N#Cc1ccc(COc2ccc3c(c2)C(=O)CCC3)cc1,Active
FC1(F)CCN(c2nc3ccccc3c3c2ccn3Cc2ccc(Cl)cc2)CC1,Moderate
COc1ccccc1N1CCN(CCCOc2cc3c4c(nccc4c2)-c2ccccc2C3=O)CC1,Moderate
CCCCC1OC(=O)c2cc(OCc3ccc(CN4CCCCC4)c(O)c3)ccc21,Moderate
COc1ccc2cc(/C=N/Nc3nc(-c4cccc([N+](=O)[O-])c4)cs3)ccc2c1,Active
O=C1/C(=C/c2ccc(Cl)c(Cl)c2)CCc2ccc(O)cc21,Active
Cc1ccc(COc2ccc3c(c2)C(=O)CCC3)cc1,Active
OC1CCN(c2nc3ccccc3c3c2ccn3Cc2cccc(Cl)c2)CC1,Active
Cn1c(N/N=C(\C=C\c2cccc(Cl)c2)c2ccccc2)nc2ccccc2c1=O,Moderate
O=C1CSc2cc(O)ccc2N1,Inactive
CCCCC1OC(=O)c2cc(OCc3ccc(CN4CCCC4)c(O)c3)ccc21,Moderate
CCN(CC)Cc1ccc(/C=C2\Cc3ccccc3C2=O)cc1,Moderate
Clc1cccc(Cn2ccc3c(N4CC5(COC5)C4)nc4ccccc4c32)c1,Active
CCCCC1OC(=O)c2cc(OCc3ccc(CN4CCOCC4)c(O)c3)ccc21,Moderate
O=S(=O)(c1cccc(Cl)c1)N1CCc2cc(C3CC3NCC3CCNCC3)ccc21,Inactive
Cc1ccc(-c2ccc3cc(OC[C@H](O)C[18F])ccc3n2)cn1,Active
O=C1/C(=C/c2cccc(Br)c2)CCc2ccc(O)cc21,Active
CCCCC1OC(=O)c2cc(OCc3ccc(CN(CC)CC)c(O)c3)ccc21,Moderate
Fc1ccccc1Cn1ccc2c(N3CCC(F)(F)CC3)nc3ccccc3c21,Moderate
CCCCC1OC(=O)c2cc(OCc3ccc(CN4CCN(C)CC4)c(O)c3)ccc21,Moderate
O=S(=O)(c1cccc(Cl)c1)n1ccc2c(N[C@H]3CCOC3)nc3ccccc3c21,Moderate
CCN(CC)Cc1ccc(/C=C2\Cc3ccc(OC)cc3C2=O)cc1,Active
O=C(/C=C/c1ccc(O)c(O)c1)Nc1cccc2ccccc12,Inactive
O=C1/C(=C/c2ccccc2)CCc2ccc(O)cc21,Moderate
CCN(CC)Cc1ccc(C=C2Cc3cc(OC)ccc3C2=O)cc1,Moderate
COc1cc(S)c(/N=N/c2ccc(C#N)c(C#N)c2)cc1OC,Moderate
O=C1CCCc2ccc(OCc3ccccc3)cc21,Active
O=C1c2ccccc2-c2nccc3cc(OCCCN4CCN(c5ccccc5F)CC4)cc1c23,Moderate
Cl.NC/C(=C\F)[C@@H]1Cc2ccccc2O1,Active
Cl.NC/C(=C/F)[C@H]1Cc2ccccc2O1,Active
Clc1cccc(Cn2ccc3c(NCC4CCOC4)nc4ccccc4c32)c1,Active
C#CCNC1CCc2ccccc2C1,Moderate
CN(CCO)c1nc2ccccc2c2c1ccn2Cc1cccc(Cl)c1,Active
N#Cc1ccc(/N=N/c2ccc(O)c(-c3ccccc3)c2)cc1C#N,Moderate
COc1ccc2cc3[n+](cc2c1OC)CCc1cc(O)c(O)cc1-3.[Br-],Moderate
COc1cc2c(cc1OC)CN(c1ccc(F)cc1)CC2,Inactive
COC1CCCN(c2nc3ccccc3c3c2ccn3Cc2cccc(Cl)c2)C1,Active
Cc1ncc(/C=C/c2ccc(CN3CCCCC3)c(O)c2)c2c1OC(C)(C)OC2,Moderate
CNCc1cc(=O)oc2c(O)c(O)ccc12,Inactive
CCCCC1OC(=O)c2cc(OCc3ccc(CN4CCN(CC)CC4)c(O)c3)ccc21,Moderate
COC1CCN(c2nc3ccccc3c3c2ccn3Cc2ccccc2)CC1,Active
Oc1ccc([C@H]2Oc3ccc(/C=C/c4cc(O)cc(O)c4)cc3[C@@H]2c2cc(O)cc(O)c2)cc1,Moderate
COCC1CN(c2noc3cc(OCCCC(F)(F)F)ccc23)[11C](=O)O1,Active
O=C1c2ccccc2-c2nccc3cc(OCCCCN4CCN(c5ccccc5Cl)CC4)cc1c23,Inactive
COc1ccc2c(c1)C(=O)/C(=C/c1ccc[nH]1)CC2,Moderate
FC1(F)CCN(c2nc3ccccc3c3c2ccn3Cc2ccccc2)CC1,Active
O=S(=O)(c1ccc2ccccc2c1)N1CCc2cc(C3CC3NCC3CCNCC3)ccc21,Inactive
COc1ccccc1N1CCN(CCCCOc2cc3c4c(nccc4c2)-c2ccccc2C3=O)CC1,Moderate
O=C1CCCc2ccc(OCc3ccc(Cl)cc3)cc21,Active
COC1CCN(c2nc3ccccc3c3c2ccn3Cc2cccc(Cl)c2)C1,Active
FC1(F)CCN(c2nc3ccccc3c3c2ccn3Cc2ccccc2Cl)CC1,Active
O=S(=O)(N1CCc2cc(C3CC3NCC3CCNCC3)ccc21)C(F)(F)F,Moderate
CCCCC1OC(=O)c2cc(OCc3cccc(CN4CCOCC4)c3O)ccc21,Moderate
Clc1cccc(Cn2ccc3c(N4CCCCC4)nc4ccccc4c32)c1,Active
Clc1cccc(Cn2ccc3c(N[C@H]4CCOC4)nc4ccccc4c32)c1,Active
CCCCC1OC(=O)c2cc(OCc3ccc(CN(C)C)c(O)c3)ccc21,Moderate
CCCCC1OC(=O)c2cc(OCc3ccccc3O)ccc21,Moderate
COc1cccc(Cn2ccc3c(N4CCC(F)(F)CC4)nc4ccccc4c32)c1,Active
NC/C(=C\F)COc1ccccc1,Active
O=C1/C(=C/c2ccccc2)CCc2cc(O)ccc21,Moderate
N#CCCn1nc(-c2ccc(OCc3ccccc3)cc2)o[11c]1=O,Active
O=C1CSc2cc(OCCCc3ccccc3)ccc2N1,Active
COc1ccc2cc(/C=N/Nc3nc(-c4ccc([N+](=O)[O-])cc4)cs3)ccc2c1,Active
O=C1c2ccccc2-c2nccc3cc(OCCCCN4CCN(c5ccccc5F)CC4)cc1c23,Moderate
Cc1ncc(/C=C/c2ccc(CN3CCCCC3)c(O)c2)c(CO)c1O,Moderate
Fc1cccc(Cn2ccc3c(N4CCC(F)(F)CC4)nc4ccccc4c32)c1,Moderate
O=C1c2ccccc2-c2nccc3cc(OCCCN4CCN(c5ccccc5)CC4)cc1c23,Moderate
O=C1c2ccccc2-c2nccc3cc(OCCCCCN4CCN(c5ccccc5)CC4)cc1c23,Moderate
O=S(=O)(c1cccc(C(F)(F)F)c1)N1CCc2cc(C3CC3NCC3CCNCC3)ccc21,Inactive
COc1cc(NC(=O)c2cc3ccc(OCc4ccc(F)cc4)cc3oc2=O)cc(OC)c1,Inactive
Cl.NC/C(=C\F)[C@H]1Cc2ccccc2O1,Active
CC1(C)C(N[C@@H]2C[C@H]2c2ccccc2)CCC1N[C@@H]1C[C@H]1c1ccccc1,Moderate
O=S(=O)(c1ccccc1)N1CCc2cc(C3CC3NCC3CNC3)ccc21,Moderate
Clc1cccc(Cn2ccc3c(NCC4CCCO4)nc4ccccc4c32)c1,Active
Cl.NCC(=CF)C1Cc2ccccc2O1,Active
O=C1c2ccccc2-c2nccc3cc(OCCCCCN4CCN(c5ccccc5Cl)CC4)cc1c23,Moderate
NCC(=CF)COc1ccc(F)cc1,Active
COc1ccc(/C(C)=N/NC(=O)c2cc(-c3ccccc3)on2)cc1OC,Active
O=C1CSc2cc(OCc3ccc(Cl)cc3)ccc2N1,Active
Clc1ccc(/C=N/c2ccc3cn[nH]c3c2)cc1Cl,Moderate
CCCOc1ccc2c(c1)SCC(=O)N2,Moderate
COc1cc2c(cc1OC)CN(c1ccc(C=O)cc1)CC2,Moderate
COc1cccc(Cn2ccc3c(NC4CCOCC4)nc4ccccc4c32)c1,Active
O=C1c2ccccc2-c2nccc3cc(OCCCN4CCN(c5ccccc5Cl)CC4)cc1c23,Inactive
Cc1ccccc1OC/C(=C/F)CN,Active
COc1c(OCC(C)=O)ccc2c1oc(=O)c1ccccc12,Moderate
FC1(F)CCN(c2nc3ccccc3c3c2ccn3Cc2cccc(Cl)c2)CC1,Active
COc1ccccc1N1CCN(CCCCCOc2cc3c4c(nccc4c2)-c2ccccc2C3=O)CC1,Moderate
COc1cc(/C=C/C(=O)N2CCc3ccccc3C2)ccc1OCCCCN(CNCc1ccccc1)CNCc1ccccc1,Moderate
NCC(=CF)COc1ccccc1,Active
COC1=CC2Sc3ccc(Cl)cc3NC2C=C1,Moderate
O=C(c1ccccc1)N1CCc2cc(C3CC3NCC3CCNCC3)ccc21,Inactive
OC1CCCN(c2nc3ccccc3c3c2ccn3Cc2cccc(Cl)c2)C1,Active
COc1ccc(/N=N/c2ccc(C#N)c(C#N)c2)cc1-c1ccccc1,Moderate
CCCCC1OC(=O)c2cc(OCc3ccc(CN(CC)Cc4ccccc4)c(O)c3)ccc21,Moderate
COc1cc2c(cc1OC)CN(c1cc(F)cc(F)c1)CC2,Moderate
O=C1c2ccccc2-c2nccc3cc(OCCCCCN4CCN(c5ccccc5F)CC4)cc1c23,Moderate
Cc1ccc(COc2ccc3c(c2)SCC(=O)N3)cc1,Active
OC1c2ccccc2Oc2ccccc21,Inactive
Cl.NC/C(=C/F)[C@@H]1Cc2ccccc2O1,Active
O=S(=O)(c1ccc(-c2ccccc2)cc1)N1CCc2cc(C3CC3NCC3CCNCC3)ccc21,Inactive
O=C1c2ccccc2-c2nccc3cc(OCCCCN4CCN(c5cccc(Cl)c5Cl)CC4)cc1c23,Moderate
Clc1cccc(Cn2ccc3c(NC4CCOCC4)nc4ccccc4c32)c1,Active
CCN(CC)Cc1ccc(/C=C2\Cc3cc(OC)ccc3C2=O)cc1,Moderate
CC(C)(C)C(=O)N1CCc2cc(C3CC3NCC3CCNCC3)ccc21,Inactive
COc1cc2c(Nc3ccc(C(=O)/C=C/c4nc(C)c(C)nc4C)cc3)ncnc2c(OC)c1OC,Moderate
COC1CCN(c2nc3ccccc3c3c2ccn3Cc2cccc(Cl)c2)CC1,Active
CCN(CC)Cc1ccc(/C=C2/Cc3cc(OC)ccc3C2=O)cc1,Moderate
O=C1c2ccccc2-c2nccc3cc(OCCCCCN4CCN(c5cccc(Cl)c5Cl)CC4)cc1c23,Moderate
O=c1[nH]c2ccc(OCc3ccccc3)cc2c(=O)o1,Active
O=c1[nH]c2ccc(OCc3ccc4ccccc4c3)cc2c(=O)o1,Active
O=c1[nH]c2ccc(OCc3ccc(Br)cc3)cc2c(=O)o1,Active
C#CCN1CCC(CCc2cccc(OC(=O)N(C)CC)c2)CC1,Moderate
C#CCN1CCN(CCOc2ccc(/C=C3/SC(=O)NC3=O)cc2)CC1,Inactive
C/C(=N\NCN1C(=O)S/C(=C\c2ccc(OCc3ccccc3)cc2)C1=O)c1cccs1,Moderate
C#CCN[C@@H]1CCc2ccc(OC(=O)N(C)CC)cc21.C#CCN[C@@H]1CCc2ccc(OC(=O)N(C)CC)cc21,Moderate
C#CCNCCCN1C(=O)S/C(=C/c2ccc([N+](=O)[O-])cc2)C1=O,Inactive
C#CCNCN1C(=O)S/C(=C/c2ccc([N+](=O)[O-])cc2)C1=O,Moderate
C#CCNCN1C(=O)S/C(=C/c2ccc(OCc3ccccc3)cc2)C1=O,Moderate
O=C1NC(=O)/C(=C\c2ccc(NCCN3CCN(Cc4ccccc4)CC3)cc2)S1,Inactive
Cc1c(Cl)c(=O)oc2cc(OCCCCSC(=S)N3C(C)CCCC3C)ccc12,Active
Cc1c(Cl)c(=O)oc2cc(OCCCCSC(=S)N3CCCCC3C)ccc12,Active
O=c1[nH]c2ccc(OCc3ccc(F)cc3)cc2c(=O)o1,Active
COc1cccc(COc2ccc3[nH]c(=O)oc(=O)c3c2)c1,Active
O=C1NC(=O)/C(=C\c2ccc(OCCN3CCN(Cc4ccccc4)CC3)cc2)S1,Inactive
C/C(=N\NCN1C(=O)S/C(=C\c2ccc(OCc3ccccc3)cc2)C1=O)c1ccncc1,Moderate
C#CCNCCCN1C(=O)S/C(=C\c2ccc(OCc3ccccc3)cc2)C1=O,Moderate
C#CCOc1ccc(/C=C2/SC(=O)NC2=O)cc1,Moderate
CC(C)c1ccc(COc2ccc3[nH]c(=O)oc(=O)c3c2)cc1,Active
C#CCN1CCN(CN2C(=O)S/C(=C/c3ccc([N+](=O)[O-])cc3)C2=O)CC1,Moderate
C#CCN1CCN(CN2C(=O)S/C(=C/c3ccc(OCc4ccccc4)cc3)C2=O)CC1,Moderate
O=c1[nH]c2ccc(OCc3cccc(Br)c3)cc2c(=O)o1,Active
O=C1NC(=O)/C(=C\c2ccc(NCc3ccccc3)cc2)S1,Moderate
C#CCN1CCC(CCc2cccc(OC(=O)Nc3ccccc3)c2)CC1,Inactive
C#CCN1CCN(CCNc2ccc(/C=C3/SC(=O)NC3=O)cc2)CC1,Inactive
Cc1ccc(COc2ccc3[nH]c(=O)oc(=O)c3c2)cc1,Active
O=c1[nH]c2ccc(OCc3cccc(I)c3)cc2c(=O)o1,Active
C/C(=N\NCCCN1C(=O)S/C(=C\c2ccc(OCc3ccccc3)cc2)C1=O)c1ccncc1,Inactive
C#CCNc1ccc(/C=C2/SC(=O)NC2=O)cc1,Moderate
C/C(=N\NCCCN1C(=O)S/C(=C\c2ccc(OCc3ccccc3)cc2)C1=O)c1cccs1,Moderate
O=c1[nH]c2ccc(OCc3cccc(C(F)(F)F)c3)cc2c(=O)o1,Active
CN1C(=O)C2C(N=C(/C=C/c3ccc(Cl)c(Cl)c3)N2C)N(C)C1=O,Active
Cc1ccc(NC(=O)c2cc3cc(C)ccc3oc2=O)cc1,Active
C[C@@H]1CCCC/C1=N/Nc1nc(-c2ccc(F)cc2)cs1,Active
COc1ccc2c(c1)O/C(=C\c1cc3ccccc3[nH]1)C2=O,Active
O=C(CCc1cn(Cc2ccc3oc(-c4ccc(Cl)cc4)cc(=O)c3c2)nn1)Nc1ccc(Cl)cc1,Inactive
O=C(CCc1cn(Cc2ccc3oc(-c4ccccc4)cc(=O)c3c2)nn1)Nc1ccccc1,Inactive
COc1ccc2oc(=O)c(-c3ccc(C(F)(F)F)cc3)cc2c1,Active
Cc1ccc(NC(=O)CCc2cn(Cc3ccc4oc(-c5ccc(Cl)cc5)cc(=O)c4c3)nn2)cc1,Inactive
O=C(CCc1cn(Cc2ccc3oc(-c4ccccc4)cc(=O)c3c2)nn1)Nc1ccc(Cl)cc1,Inactive
CCCCn1c2cc(OCc3cn(Cc4ccccc4Cl)nn3)ccc2c2ccnc(C)c21,Moderate
CN1CCN(c2ccc(/C=N/Nc3ccccc3)cc2)CC1,Active
CCOc1ccc(C(=O)/C=C/c2ccc(CC)cc2)cc1,Moderate
Cc1ccc(NC(=O)c2c(OCc3ccccc3)ccc3c(=O)c(C)c(C)oc23)cc1,Active
COc1ccc2c(=O)cc(-n3cnc4ccccc43)oc2c1,Moderate
COc1ccc2[nH]cc(CCNC(=O)CN(CCCCC3CCN(Cc4ccccc4)CC3)C(=O)c3cc(=O)c4ccccc4o3)c2c1,Inactive
O=C(/C=C/c1ccc(Br)cc1)c1c[nH]c2ccccc12,Active
Fc1ccc(C2CC(c3ccccc3)=NN2C(=S)Nc2ccccc2)cc1,Moderate
O=C(/C=C/c1ccc(Br)cc1)c1ccc(-n2ccnc2)cc1,Moderate
Cc1ccc(/C=C/C(=O)c2ccc(-n3ccnc3)cc2)cc1,Moderate
C#CCN(C)Cc1ccc(C(=O)NC2CC(C)(C)N([O])C(C)(C)C2)cc1,Inactive
COc1ccc2c(c1)C(=O)/C(=C/c1ccccc1)CC2,Moderate
Cc1ccc(NC(=O)CCCCc2cn(Cc3ccc4oc(-c5ccc(Cl)cc5)cc(=O)c4c3)nn2)cc1,Inactive
O=C(NNc1ccccc1)c1cc2ccc(OCc3ccccc3)cc2oc1=O,Moderate
CNC(=S)N1N=C(c2ccccc2)CC1c1ccc(F)cc1,Moderate
Cc1ccc(C2=NOC(c3ccc(Cl)c(Cl)c3)C2)cc1,Active
COc1ccc2c(c1)O/C(=C\c1ccc(OCCC3CCCC3)cc1)C2=O,Moderate
COc1ccc(/C=C/C(=N/Oc2ccc(/C=C/C(=O)c3ccc(F)cc3)cc2)c2ccc(OC)cc2)cc1,Active
COc1ccc2ccn(-c3cc(=O)c4ccccc4o3)c2c1,Moderate
O=C(CSC(=S)N1CCN(c2ccc([N+](=O)[O-])cc2)CC1)N(Cc1ccc([N+](=O)[O-])cc1)c1ccc(F)cc1,Active
COc1ccc2oc(-n3ccc4ccccc43)cc(=O)c2c1,Moderate
COc1ccc([Te]CC(C)N)cc1,Inactive
CC(N)C[Se]c1ccc(F)cc1,Inactive
COC(=O)C(C)c1ccc(-c2ccc(C(=O)/C=C/c3ccc(CN4CCCC4)c(O)c3)cc2)c(F)c1,Moderate
C=CCNC(=S)N1N=C(c2ccc(C)cc2)CC1c1ccc(F)cc1,Moderate
Cc1c(C)c2c(c(C)c1O)CCC(C)(C(=O)NCCC1CCN(Cc3ccccc3F)CC1)O2,Moderate
Cc1c(-c2cc(C#N)c(N)o2)c(=O)n(-c2ccccc2)n1C,Moderate
O=C(CCCCc1cn(Cc2ccc3oc(-c4ccccc4)cc(=O)c3c2)nn1)Nc1ccc(F)cc1,Inactive
CC/C(C)=N/Oc1ccc(/C=C/C(=O)c2ccc(F)cc2)cc1,Active
CN(CNC(=O)c1cccc(S(=O)(=O)N2CCOCC2)c1)c1cc(Cl)ccc1O,Inactive
CCc1c(O)c(=O)cc(C)n1CCCn1cc(COc2ccc3ccc(=O)oc3c2)nn1,Moderate
CCNC(=S)N1N=C(c2ccc(OC)cc2)CC1c1ccc(F)cc1,Moderate
COC(=O)C(C)c1ccc(-c2ccc(C(=O)/C=C/c3ccc(CN(C)C)c(O)c3)cc2)c(F)c1,Moderate
Cc1c(C(=O)CC(C#N)C#N)c(=O)n(-c2ccccc2)n1C,Moderate
Cc1ccc(C(=O)NCc2cn(Cc3ccc4oc(-c5ccc(Cl)cc5)cc(=O)c4c3)nn2)cc1,Inactive
CCOc1ccc(C(=O)/C=C/c2ccc(O)cc2)cc1,Moderate
CNC(=S)N1N=C(c2ccc(OC)cc2)CC1c1ccc(F)cc1,Moderate
CC/C(C)=N/Oc1ccc(C(=O)/C=C/c2ccccc2)cc1,Active
CCNC(=S)N1N=C(c2ccc(C)cc2)CC1c1ccc(F)cc1,Moderate
O=C(OCc1ccc(Cl)cc1)c1coc2ccccc2c1=O,Moderate
Cc1ccc(C2=NO[C@H](c3ccc(Cl)c(Cl)c3)C2)cc1,Inactive
O=C(/C=C/c1ccc(F)cc1)c1ccc2c(c1)OCCO2,Active
COc1ccc(C2=NN(C(=S)Nc3ccccc3)C(c3ccc(F)cc3)C2)cc1,Moderate
Cc1ccc(NC(=O)CCCCc2cn(Cc3ccc4oc(-c5ccccc5)cc(=O)c4c3)nn2)cc1,Inactive
COC(=O)c1ccc(/C=C/C(=O)c2ccco2)cc1,Moderate
O=C(CCc1cn(Cc2ccc3oc(-c4ccccc4)cc(=O)c3c2)nn1)Nc1ccc(F)cc1,Inactive
O=C1/C(=C/c2c3ccccc3cc3ccccc23)Oc2ccccc21,Moderate
Cc1ccc(C(=O)NCc2cn(Cc3ccc4oc(-c5ccccc5)cc(=O)c4c3)nn2)cc1,Inactive
CCN1CCN(Cc2ccc(/C=C/C(=O)c3ccc(-c4ccc(C(C)C(=O)OC)cc4F)cc3)cc2O)CC1,Moderate
Cc1ccc(NC(=O)CCc2cn(Cc3ccc4oc(-c5ccccc5)cc(=O)c4c3)nn2)cc1,Inactive
O=C(NCc1cn(Cc2ccc3oc(-c4ccccc4)cc(=O)c3c2)nn1)c1ccc(Cl)cc1,Inactive
C=CCNC(=S)N1N=C(c2ccccc2)CC1c1ccc(F)cc1,Moderate
Cc1ccc(/C=C/C(=O)c2ccc3c(c2)OCCO3)cc1,Active
CCOc1ccc([N+](=O)[O-])c(N/N=C/c2ccco2)n1.Cl,Inactive
COC(=O)C1=CN2CCc3c([nH]c4ccccc34)[C@@H]2C[C@H]1C1=CCOC1=O,Inactive
O=C(/C=C/c1ccc(Cl)cc1Cl)c1ccco1,Moderate
COC(=O)C(C)c1ccc(-c2ccc(C(=O)/C=C/c3ccc(CN4CCOCC4)c(O)c3)cc2)c(F)c1,Moderate
COc1cccc(C(=O)/C=C/c2ccc(O/N=C(\C)c3cccc4ccccc34)cc2)c1,Active
O=C(/C=C/c1csc2ccccc12)c1ccco1,Active
CNC(=S)N1N=C(c2ccc(C)cc2)CC1c1ccc(F)cc1,Moderate
CCOc1ccc(C(=O)/C=C/c2ccc(Br)cc2)cc1,Moderate
Cc1cc(F)ncc1C(=O)Nc1ccc([C@@H]2C[C@H]2NCC2CC2)cc1,Inactive
O=C1CC(n2ccc3ccccc32)Oc2ccccc21,Moderate
CCN(CC)Cc1ccc(/C=C/C(=O)c2ccc(-c3ccc(C(C)C(=O)OC)cc3F)cc2)cc1O,Moderate
CC1CCCCN1c1ccc(/C=N/Nc2ccccc2)cc1,Moderate
O=C(NCc1cnnn1Cc1ccc2oc(-c3ccc(Cl)cc3)cc(=O)c2c1)c1ccccc1,Inactive
COc1ccc2oc(/C=C/c3ccc(Cl)cc3)cc(=O)c2c1,Active
Cn1cc(/N=C/c2ccc([N+](=O)[O-])cc2)c(=O)n1-c1ccccc1,Active
Cc1ccc([Se]CC(C)N)cc1,Inactive
COc1ccc2c(c1)O/C(=C\n1ccc3ccccc31)C2=O,Active
Nc1ccc2c(c1)CC/C(=C\c1ccccc1)C2=O,Moderate
CCOc1ccc([N+](=O)[O-])c(N/N=C/c2ccc(O)cc2)n1,Moderate
Cc1c(Cl)c(=O)oc2cc(OCCCCS(=S)N3CCCCC3C)ccc12,Active
O=C(NCc1cn(Cc2ccc3oc(-c4ccccc4)cc(=O)c3c2)nn1)c1ccccc1,Inactive
O=c1cc(OCCN2CCOCC2)c2ccccc2o1,Moderate
Cc1c(/N=C/c2ccc(OCCCN(C)C)cc2)c(=O)n(-c2ccccc2)n1C,Active
COc1ccc2c(c1)C/C(=C\c1ccc(C)o1)C2=O,Active
COc1ccc2c(=O)cc(-n3ccc4ccccc43)oc2c1,Moderate
CCNC(=S)N1N=C(c2ccc(Cl)cc2)CC1c1ccc(F)cc1,Moderate
CC(N)C[Se]c1ccc(N(C)C)cc1,Inactive
C#CCNCc1ccc2c(c1)ncn2-c1cc(NC(=S)NCC)ncn1,Moderate
COc1ccc2c(=O)c(N3CCN(c4ccccc4)CC3)coc2c1,Active
Cc1cccc(C)c1[Se]CC(C)N,Moderate
COc1ccc2c(c1)C/C(=C\c1ccc(Br)o1)C2=O,Active
Oc1ccc(/C=C/c2cc(O)cc3c2[C@@H](c2cc(O)cc(O)c2)C(c2ccc(O)cc2)O3)cc1,Moderate
Cc1ccc(C2=NN(C(=S)Nc3ccccc3)C(c3ccc(F)cc3)C2)cc1,Moderate
O=C(CCCCc1cn(Cc2ccc3oc(-c4ccc(Cl)cc4)cc(=O)c3c2)nn1)Nc1ccccc1,Inactive
Cc1ccc(C2=NO[C@@H](c3ccc(Cl)c(Cl)c3)C2)cc1,Active
CCc1ccc(/C=C/C(=O)c2ccc(-n3ccnc3)cc2)cc1,Moderate
O=C(CCCCc1cn(Cc2ccc3oc(-c4ccc(Cl)cc4)cc(=O)c3c2)nn1)Nc1ccc(F)cc1,Inactive
COc1cc2c(cc1OC)C(=O)/C(=C/c1ccc([N+](=O)[O-])cc1)C2,Active
O=c1oc2ccc(Cl)cc2cc1Cl,Active
CNC(=S)N1N=C(c2ccc(Cl)cc2)CC1c1ccc(F)cc1,Moderate
CCCCOc1ccc(C2=NN(C(N)=S)C(c3ccccc3)C2)cc1,Moderate
CCSc1nc(-c2ccc(C)cc2)n2nc(C)cc2n1,Inactive
Cc1cc(=O)c(O)c(CO)n1CCn1cc(COc2ccc3ccc(=O)oc3c2)nn1,Moderate
Cc1c(Cl)c(=O)oc2cc(OCCCSC(=S)N3C(C)CCCC3C)ccc12,Active
Fc1ccc(C2CC(c3ccc(Cl)cc3)=NN2C(=S)Nc2ccccc2)cc1,Moderate
O=C(CCCCc1cn(Cc2ccc3oc(-c4ccccc4)cc(=O)c3c2)nn1)Nc1ccccc1,Inactive
C=CCNC(=S)N1N=C(c2ccc(OC)cc2)CC1c1ccc(F)cc1,Moderate
O=C(/C=C/c1ccc(O)c(O)c1O)c1ccco1,Moderate
O=C1/C(=C(\O)c2cccc(Br)c2)Sc2ccccc21,Moderate
O=C(CCc1cn(Cc2ccc3oc(-c4ccc(Cl)cc4)cc(=O)c3c2)nn1)Nc1ccccc1,Inactive
Cc1cc(=O)c(O)c(CO)n1CCCn1cc(COc2cc3ccccc3oc2=O)nn1,Moderate
COc1ccc2c(=O)cc(-n3cncn3)oc2c1,Active
Cc1ccc2c(ccn2-c2cc(=O)c3ccccc3o2)c1,Moderate
COc1ccc(/C=C2\COc3cc(OCCN4CCCCC4)ccc3C2=O)cc1,Inactive
Cc1ccccc1[Se]CC(C)N,Inactive
COC(=O)C(C)c1ccc(-c2ccc(C(=O)/C=C/c3ccc(CN4CCN(C)CC4)c(O)c3)cc2)c(F)c1,Moderate
COC(=O)C(C)c1ccc(-c2ccc(C(=O)/C=C/c3ccc(CN4CCCCC4)c(O)c3)cc2)c(F)c1,Moderate
CC(N)CSc1ccccc1Br,Inactive
COc1ccc([Se]CC(C)N)cc1,Inactive
Cn1ccc2cc(C(=S)Nc3ccc(F)cc3)ccc21,Active
CN(C)c1ccc(/C=C/C(=O)c2cc(Cl)sc2Cl)cc1,Active
O=C(CCc1cn(Cc2ccc3oc(-c4ccc(Cl)cc4)cc(=O)c3c2)nn1)Nc1ccc(F)cc1,Inactive
O=C1Oc2ccccc2C(=O)/C1=C/NCc1ccccc1,Moderate
CCOc1ccc(C(=O)/C=C/c2ccc(Cl)cc2)cc1,Moderate
COc1ccc(NC(=O)c2c(OCc3ccccc3)ccc3c(=O)c(C)c(C)oc23)cc1,Active
COc1ccc(/C=C2\COc3cc(OCCCCCN4CCCCC4)ccc3C2=O)cc1,Moderate
C/C(=N\Oc1ccc(/C=C/C(=O)c2cccc3ccccc23)cc1)c1cccs1,Active
O=c1cc(-c2ccc(Cl)cc2)oc2ccc(Cn3cc(Nc4ccc(F)cc4)nn3)cc12,Moderate
C=CCNC(=S)N1N=C(c2ccc(Cl)cc2)CC1c1ccc(F)cc1,Moderate
O=C1/C(=C/c2cc3ccccc3[nH]2)Oc2ccccc21,Active
O=C(NCc1cn(Cc2ccc3oc(-c4ccc(Cl)cc4)cc(=O)c3c2)nn1)c1ccc(Cl)cc1,Inactive
CCNC(=S)N1N=C(c2ccccc2)CC1c1ccc(F)cc1,Moderate
O=C1c2cccc(O)c2C(=O)c2c(O)cccc21,Inactive
COc1cc(NC(C)CCCN)c2nccc(C)c2c1Oc1ccc(Cl)c(Cl)c1,Moderate
O=c1ccc2ccc3occc3c2o1,Moderate
C=C(CNN)c1ccccc1.Cl,Inactive
C=C(CNN)c1ccc(F)cc1.Cl,Inactive
C=C(CNN)c1ccc(Cl)cc1.Cl,Inactive
COc1cc(NC(C)CCCN)c2nccc(C)c2c1Oc1ccc(F)cc1,Inactive
COc1cc(NC(C)CCCN)c2nccc(C)c2c1Oc1ccc(Cl)cc1Cl,Moderate
COc1ccc(C(=O)Nc2c(O)ccc3c(C)cc(=O)oc23)cc1,Moderate
Oc1cc(OCc2ccccc2F)ccc1CNc1ccccc1,Moderate
COc1ncc(C(=O)N2CCN(C(=O)/C=C/c3ccc4c(c3)OC(F)(F)O4)CC2)cn1,Moderate
Cc1cc(=O)oc2c(NC(=O)c3cccnc3)c(O)ccc12,Moderate
O=[N+]([O-])c1ccc(COc2ccc(CNc3ccccc3)c(O)c2)cc1,Active
Cc1cc(=O)oc2c(NC(=O)c3ccc(Cl)cc3)c(O)ccc12,Inactive
Cl.Clc1cccc(CNc2cc(N3CCNCC3)nc3ccccc23)c1,Moderate
C#CCN(C)CCCOc1cc(NS(C)(=O)=O)c(Cl)cc1Cl,Inactive
Cl.Clc1cccc(Cn2ccc3c(N[C@@H]4CCNC4)nc4ccccc4c32)c1,Moderate
Cc1cc(=O)oc2c(NC(=O)c3ccccc3)c(O)ccc12,Inactive
Cl.Clc1cccc(CNc2ccnc(N3CCNCC3)c2)c1,Moderate
COc1ccc(C(=O)c2sc3ccccc3c2O)cc1,Moderate
Cc1ncc(/C=C/c2ccc(O)cc2)c2c1OC(C)(C)OC2,Active
CC(=O)Nc1c(O)ccc2c(C)cc(=O)oc12,Inactive
Oc1cc(OCc2ccc(F)cc2)ccc1CNc1ccccc1F,Active
C[C@H](NCc1ccc2oc(-c3ccc(F)cc3)cc2c1)C(N)=O,Moderate
Cl.Clc1cccc(Cn2ccc3c(N[C@H]4CCNC4)nc4ccccc4c32)c1,Moderate
COc1cc(C(=O)Nc2c(O)ccc3c(C)cc(=O)oc23)cc(OC)c1OC,Inactive
O=C(/C=C/c1ccc(C(F)(F)F)cc1)c1ccc(N2CCNCC2)cc1,Moderate
Cl.Clc1cccc(Cn2ccc3c(NC[C@@H]4CCCN4)nc4ccccc4c32)c1,Moderate
COc1cc(-c2ccc(COc3ccc4[nH]ncc4c3)cc2)cc(OC)c1OC,Moderate
Cc1ccc(-c2cc3c(cc2-c2ccc(C#N)cc2)c(C(=O)N2CCC(N)CC2)cn3S(=O)(=O)c2ccc(F)cc2)cc1,Moderate
Cl.Clc1cccc(Cn2ccc3c(N4C[C@H]5C[C@@H]4CN5)nc4ccccc4c32)c1,Moderate
Cc1ccc(C2=NN(c3ccccc3)CC2)cc1,Inactive
CC(C)(C)c1ccc(COc2ccc(CNc3ccccc3)c(O)c2)cc1,Moderate
Cc1cc(=O)oc2c(NC(=O)C(C)C)c(O)ccc12,Inactive
O=C(Nc1cccc(Cl)c1)c1cc(=O)c2cc(O)ccc2o1,Active
N#C/C(=C\C=C\c1ccc(O)c(O)c1)C(=O)NCCc1ccccc1,Moderate
CCC(=O)Nc1c(O)ccc2c(C)cc(=O)oc12,Inactive
Oc1cc(OCc2cccc(F)c2)ccc1CNc1ccccc1,Active
O=C(c1cccc(Cl)c1)c1sc2ccccc2c1O,Moderate
O=C(c1cccc(Br)c1)c1sc2ccccc2c1O,Moderate
C/N=C/c1cn(-c2ccccc2)nc1-c1ccc(F)cc1,Active
COc1cc(-c2cccc(C(=O)Nc3ccc4[nH]ncc4c3)c2)cc(OC)c1OC,Moderate
NC(=O)[C@@H]1C[C@H](F)CN1Cc1ccc2oc(-c3cccc(F)c3)cc2c1,Active
COc1ccccc1-c1cc2cc(CN[C@@H](C)C(N)=O)ccc2o1,Moderate
Cc1cc(=O)oc2c(NC(=O)C3CCCCC3)c(O)ccc12,Inactive
Cc1cc(=O)oc2c(NC(=O)CC(C)(C)C)c(O)ccc12,Moderate
COc1cccc(COc2ccc(CNc3ccccc3)c(O)c2)c1,Moderate
O=C(Nc1ccccc1)c1coc2cccc(O)c2c1=O,Active
C[C@H](NCc1ccc2oc(-c3ccccc3F)cc2c1)C(N)=O,Moderate
Cl.Clc1cccc(Cn2ccc3c(NC[C@H]4CCNC4)nc4ccccc4c32)c1,Active
O=C(Nc1cccc(Cl)c1)c1coc2ccc(O)cc2c1=O,Active
Cc1cc(=O)oc2c(NC(=O)c3ccc(Cl)c(Cl)c3)c(O)ccc12,Moderate
COc1cc(-c2cccc(COc3ccc4[nH]ncc4c3)c2)cc(OC)c1OC,Moderate
O=C(Nc1ccccc1)c1cc(=O)c2cc(O)ccc2o1,Active
COc1cccc(-c2cc3cc(CN4CC[C@H]4C(N)=O)ccc3o2)c1,Moderate
COc1cc(-c2cccc(NC(=O)c3ccc4[nH]ncc4c3)c2)cc(OC)c1OC,Moderate
O=C1CCc2ccc(OCc3ccccc3F)cc2O1,Active
Cl.Clc1cccc(Cn2ccc3c(NC[C@H]4CCCN4)nc4ccccc4c32)c1,Moderate
Cl.Fc1cccc(Cn2ccc3c(N[C@H]4CCNC4)nc4ccccc4c32)c1,Moderate
COc1cc(-c2ccc(NC(=O)c3ccc4[nH]ncc4c3)cc2)cc(OC)c1OC,Moderate
N#C/C(=C\C=C\c1ccc(O)c(O)c1)C(=O)N1CCCCC1,Moderate
CCN(CC)C(=O)Oc1ccccc1C(=O)/C=C/c1ccc(F)cc1,Moderate
O=C(/C=C/c1ccc2ccccc2c1Br)c1ccccc1O,Moderate
COc1ccccc1-c1cc2cc(CN3CC[C@H]3C(N)=O)ccc2o1,Moderate
Cl.Clc1cccc(Cn2ccc3c(N4CC5(CNC5)C4)nc4ccccc4c32)c1,Moderate
COc1cc(-c2ccc(-c3nc(-c4ccc5[nH]ncc5c4)no3)cc2)cc(OC)c1OC,Moderate
Oc1cc(OCc2ccc(F)c(Cl)c2)ccc1CNc1ccccc1,Active
Oc1cc(OCc2ccc(F)cc2)ccc1CNc1ccccc1,Active
O=C1NC(=S)N/C1=C\c1c[nH]c2ccccc12,Inactive
O=C(/C=C/c1ccc(F)cc1)c1ccc(N2CCNCC2)cc1,Moderate
Cc1ccc(C(=O)c2sc3ccccc3c2O)cc1,Moderate
Cc1ccc(NC(=O)c2coc3ccc(O)cc3c2=O)cc1C,Moderate
Oc1cc(OCc2ccc(F)c(F)c2)ccc1CNc1ccccc1,Active
COc1cccc(Cn2ccc3c(N[C@H]4CCNC4)nc4ccccc4c32)c1.Cl,Moderate
Cl.Clc1cccc(Cn2ccc3c(CN4CCNCC4)nc4ccccc4c32)c1,Moderate
COc1cccc(-c2cc3cc(CN[C@@H](C)C(N)=O)ccc3o2)c1,Moderate
Cc1ccc(COc2ccc(CNc3ccccc3)c(O)c2)cc1,Moderate
COc1cccc(-c2cc3cc(Cl)ccc3oc2=O)c1,Active
Cc1ccc(NC(=O)c2coc3cccc(O)c3c2=O)cc1,Active
COc1cc(COc2ccc(-c3nc(-c4ccc5[nH]ncc5c4)no3)cc2)cc(OC)c1OC,Moderate
Cc1cc(=O)oc2c(NC(=O)c3ccc([N+](=O)[O-])cc3)c(O)ccc12,Inactive
N#Cc1ccc(-c2cccc(C(=O)Nc3ccc4[nH]ncc4c3)c2)cc1,Moderate
Cc1ccc(NC(=O)c2cc(=O)c3cc(O)ccc3o2)cc1C,Active
Brc1cccc(Cn2ccc3c(N[C@H]4CCNC4)nc4ccccc4c32)c1.Cl,Moderate
Oc1cc(OCc2cccc(C(F)(F)F)c2)ccc1CNc1ccccc1,Moderate
O=C(/C=C/c1c(Br)cccc1Br)c1ccccc1O,Inactive
CNC1CN(c2nc3ccccc3c3c2ccn3Cc2cccc(Cl)c2)C1.Cl,Active
Cc1ccc(C(=O)Nc2c(O)ccc3c(C)cc(=O)oc23)cc1,Moderate
C[C@H](NCc1ccc2oc(-c3cccc(F)c3)cc2c1)C(N)=O,Moderate
O=C(c1cccc(CN[C@@H]2C[C@H]2c2ccc(F)c(F)c2)c1)N1CCN(c2ccc(Cl)c(Cl)c2)CC1,Moderate
Cl.NC1CC1c1ccccc1,Moderate
O=C(Nc1ccc(Cl)cc1)c1coc2ccc(O)cc2c1=O,Active
N#C/C(=C\C=C\c1ccc(O)c(O)c1)C(=O)Nc1ccccc1,Moderate
COc1ccc2cc(/C=C/C(=O)c3ccccc3O)ccc2c1,Inactive
C#CCN(C)c1ccc(/C=C/c2cnc(C)c3c2COC(C)(C)O3)cc1,Active
NC(=O)[C@@H]1CCN1Cc1ccc2oc(-c3ccc(F)cc3)cc2c1,Active
COc1ccc2occ(C(=O)Nc3ccc(C)c(C)c3)c(=O)c2c1,Active
NC(=O)[C@@H]1CCN1Cc1ccc2oc(-c3cccc(F)c3)cc2c1,Active
Cc1ccc(NC(=O)c2cc(=O)c3cc(O)ccc3o2)cc1,Active
COc1cc(-c2ccc(-c3noc(-c4ccc5[nH]ncc5c4)n3)cc2)cc(OC)c1OC,Moderate
O=C(Nc1ccc(O)cc1)c1coc2ccc(O)cc2c1=O,Moderate
O=C(Nc1ccc(O)cc1)c1cc(=O)c2cc(O)ccc2o1,Moderate
Cc1c(/N=C/c2ccc([N+](=O)[O-])cc2)c(=O)n(-c2ccccc2)n1C,Active
Cl.Clc1cccc(Cn2ccc3c(C4CCNCC4)nc4ccccc4c32)c1,Moderate
Cl.Clc1cccc(Cn2ccc3c(C4=CCNCC4)nc4ccccc4c32)c1,Moderate
N#Cc1cc(-c2ccc(F)cc2)ccc1NC(=O)c1ccccn1,Moderate
Cc1ccc(NC(=O)c2coc3ccc(O)cc3c2=O)cc1,Moderate
Cc1ncc(/C=C/c2ccc(N3CCN(C)CC3)cc2)c2c1OC(C)(C)OC2,Active
CN(C)C(=O)Oc1ccccc1C(=O)/C=C/c1ccc(F)cc1,Moderate
Oc1cc(OCc2cccc(Cl)c2)ccc1CNc1ccccc1,Moderate
O=C(Nc1ccc(O)cc1)c1coc2cccc(O)c2c1=O,Moderate
Oc1cccc(NCc2ccc(OCc3ccc(F)cc3)cc2O)c1,Active
CN(C)C1CCN(c2nc3ccccc3c3c2ccn3Cc2cccc(Cl)c2)CC1.Cl,Moderate
COc1cc(COc2cccc(-c3noc(-c4ccc5[nH]ncc5c4)n3)c2)cc(OC)c1OC,Moderate
Oc1cc(OCc2ccccc2)ccc1CNc1ccccc1,Moderate
O=C(/C=C/c1cc2ccccc2c2ccccc12)c1ccccc1O,Inactive
C#CCN(C)CCCOc1cc(C#N)c(Cl)cc1Cl,Inactive
O=C(/C=C/c1c(F)cccc1Br)c1ccccc1O,Moderate
COc1cc(-n2ncc3cc(NC(=O)c4ccccc4)ccc32)cc(OC)c1OC,Moderate
CCOc1ccccc1N1CCN(c2ccc(-c3nc4cc(C)ccc4[nH]3)cc2)CC1,Active
O=C(Nc1ccc(Cl)cc1)c1cc(=O)c2cc(O)ccc2o1,Active
Oc1cc(OCc2ccc(Cl)cc2)ccc1CNc1ccccc1,Active
COc1cc(-c2ccc(C(=O)Nc3ccc4[nH]ncc4c3)cc2)cc(OC)c1OC,Moderate
Cc1cc(C)c(C(=O)/C=C/c2nc(C)c(C)nc2C)cc1C,Inactive
O=C(Nc1cccc(Cl)c1)c1coc2cccc(O)c2c1=O,Active
Cl.Clc1cccc(Cn2ccc3c(N4CC5(CCNC5)C4)nc4ccccc4c32)c1,Active
Cc1ccc(NC(=O)c2coc3cccc(O)c3c2=O)cc1C,Active
O=C(Nc1ccccc1)c1coc2ccc(O)cc2c1=O,Moderate
Cl.c1ccc(Cn2ccc3c(N[C@H]4CCNC4)nc4ccccc4c32)cc1,Moderate
O=c1oc2cc(Br)ccc2cc1-c1ccc(Br)nn1,Active
O=C(/C=C/c1ccc(Br)cc1OC(F)(F)F)c1ccccc1O,Moderate
COc1cc(COc2ccc(-c3noc(-c4ccc5[nH]ncc5c4)n3)cc2)cc(OC)c1OC,Moderate
COc1cc(-c2cccc(-c3nc(-c4ccc5[nH]ncc5c4)no3)c2)cc(OC)c1OC,Moderate
O=C(CSc1nc2cc(Cl)ccc2s1)N(Cc1cccc([N+](=O)[O-])c1)c1ccc(F)cc1,Moderate
NC(=O)[C@@H]1C[C@H](F)CN1Cc1ccc2oc(-c3ccc(F)cc3)cc2c1,Active
O=C(Nc1ccc2[nH]ncc2c1)c1ccc(-c2cc(F)cc(F)c2)cc1,Moderate
Br.CCOC(=O)C(C(=O)N/N=C/c1ccc([N+](=O)[O-])cc1)[n+]1ccc2ccccc2c1,Active
Cc1cc(=O)oc2c(NC(=O)CCl)c(O)ccc12,Inactive
Cl.NC[C@@H]1CCN(c2nc3ccccc3c3c2ccn3Cc2cccc(Cl)c2)C1,Active
Cl.Clc1cccc(Cn2ccc3c(N4CCCNCC4)nc4ccccc4c32)c1,Active
C#CCN(C)CCCOc1cc(NC=O)c(Cl)cc1Cl,Inactive
CCN(C)C(=O)Oc1ccccc1C(=O)/C=C/c1ccc(F)cc1,Moderate
Cl.Clc1cccc(Cn2ccc3c(N4CCNCC4)nc4ccccc4c32)c1,Active
Cl.Clc1cccc(Cn2ccc3c(NC[C@@H]4CCNC4)nc4ccccc4c32)c1,Moderate
COc1ccc(C(=O)Nc2c(O)ccc3c(C)cc(=O)oc23)cc1OC,Moderate
Cc1cc(=O)oc2c(NC(=O)c3ccco3)c(O)ccc12,Inactive
NC(=O)[C@@H]1CC(F)(F)CN1Cc1ccc2oc(-c3ccc(F)cc3)cc2c1,Moderate
O=C(Nc1ccc(Cl)cc1)c1coc2cccc(O)c2c1=O,Active
NC(=O)[C@@H]1CCN1Cc1ccc2oc(-c3ccccc3F)cc2c1,Active
COc1ccc(-c2cc3cc(CN4CC[C@H]4C(N)=O)ccc3o2)cc1,Moderate
Oc1cc(OCc2ccccc2Cl)ccc1CNc1ccccc1,Moderate
C=CC(=O)Nc1c(O)ccc2c(C)cc(=O)oc12,Inactive
COc1cc(COc2ccc(C(=O)Nc3ccc4[nH]ncc4c3)cc2)cc(OC)c1OC,Moderate
N[C@H]1C[C@H]1c1ccc(Br)cc1,Moderate
O=C1Oc2ccccc2C(=O)/C1=C\NCc1ccccc1,Moderate
CN(C)C1CCN(c2nc3ccccc3c3c2ccn3Cc2cccc(Cl)c2)C1.Cl,Active
Oc1cc(OCc2ccc(Cl)c(Cl)c2)ccc1CNc1ccccc1,Active
CN1CCc2ccccc2C1.Cl,Moderate
Oc1ccc(C2=NN(c3ccccc3)CC2)cc1,Moderate
COc1ccc(C2=NN(C(=S)Nc3ccccc3)C(c3cccs3)C2)cc1,Inactive
CCOC(=O)c1csc(N/N=C(\C)c2cccnc2)n1,Active
COc1cc(O)ccc1O,Moderate
C=CNC(=S)N1N=C(c2ccc(OC)cc2)CC1c1cccs1,Inactive
COc1ccc2sc(SC(=O)N/N=C\c3csc([N+](=O)[O-])c3)nc2c1,Active
Cl.Fc1ccc([C@@H]2C[C@H]2NCc2cn(-c3ccc4[nH]ncc4c3)nn2)cc1F,Moderate
O=C(NCc1ccccc1F)c1nc2ccc(O)cc2s1,Moderate
C=C(CNN)c1ccccc1C.Cl,Inactive
O=C(NCc1ccc(-c2ccccc2)cc1)c1nc2ccc(O)cc2s1,Moderate
COc1ccc(CNC(=O)c2nc3ccc(O)cc3s2)cc1OC,Moderate
Cl.Fc1ccc([C@@H]2C[C@H]2NCc2cn(-c3ccc4c(c3)OCO4)nn2)cc1F,Moderate
O=C1C(c2cc(-c3cccc(Cl)c3)no2)=CS(=O)(=O)c2ccccc21,Active
O=C(NCc1cccc(F)c1F)c1nc2ccc(O)cc2s1,Active
CC(=O)N1N=C(c2ccccc2)CC1c1ccccc1C,Inactive
NC1CC1(F)c1ccccc1,Inactive
O=C(c1nc2ccc(O)cc2s1)N1Cc2ccc(Cl)cc2C1,Moderate
O=C(NCc1ccc(F)cc1F)c1nc2ccc(O)cc2s1,Active
O=C(NCCc1cc2ccccc2[nH]1)c1nc2ccc(O)cc2s1,Moderate
NS(=O)(=O)c1ccc(NC(=O)c2cc3ccccc3oc2=O)c(F)c1,Moderate
COc1ccccc1CNC(=O)c1nc2ccc(O)cc2s1,Moderate
COc1ccc2nc(C(=O)NC3CCCCC3)sc2c1,Moderate
O=C(NCc1cccc(F)c1)c1nc2ccc(O)cc2s1,Moderate
O=C(NCc1ccc([N+](=O)[O-])cc1)c1nc2ccc(O)cc2s1,Moderate
O=C(NCc1cccs1)c1nc2ccc(O)cc2s1,Moderate
Br.COc1cc2c(cc1OC)CN(C)CC2,Inactive
COc1ccc(CNC(=O)c2nc3ccc(O)cc3s2)c(OC)c1,Moderate
O=C(NCc1cccc(Cl)c1)c1nc2ccc(O)cc2s1,Moderate
Cc1cccc(CNC(=O)c2nc3ccc(O)cc3s2)c1,Moderate
O=C(NCc1ccccc1)c1nc2ccc(O)cc2s1,Moderate
O=C(NCc1ccc(Cl)cc1)c1nc2ccc(O)cc2s1,Moderate
COc1cccc(CNC(=O)c2nc3ccc(O)cc3s2)c1OC,Moderate
COc1cccc(CNC(=O)c2nc3ccc(O)cc3s2)c1,Moderate
O=C(NCc1ccc(F)c(F)c1)c1nc2ccc(O)cc2s1,Active
Cl.Fc1ccc([C@@H]2C[C@H]2NCc2cn(-c3ccc(N4CCOCC4)cc3)nn2)cc1F,Moderate
O=C(Nc1nc2ccc(O)cc2s1)C1CCCCC1,Moderate
O=C(NCc1cc(C(F)(F)F)cc(C(F)(F)F)c1)c1nc2ccc(O)cc2s1,Moderate
Cl.Fc1ccc([C@@H]2C[C@H]2NCc2cn(-c3ccc(N4CCCC4)cc3)nn2)cc1F,Moderate
Cc1nc(NC(=O)c2sc3cc(F)ccc3c2Cl)c(C)c(C)c1O,Active
COc1ccc(CNC(=O)c2nc3ccc(O)cc3s2)cc1F,Moderate
O=C(NC1CCCCC1)c1nc2ccccc2s1,Moderate
O=C(NCc1ccc(F)cc1)c1nc2ccc(O)cc2s1,Moderate
O=C1C(c2cc(-c3ccccc3)no2)=CS(=O)(=O)c2ccccc21,Moderate
CC(=O)c1cc2ccc(OCc3ccc(S(N)(=O)=O)cc3)cc2oc1=O,Active
N#Cc1cc2ccc(OCc3ccc(S(N)(=O)=O)cc3)cc2oc1=O,Active
O=C(c1nc2ccc(O)cc2s1)N1CCc2ccccc2C1,Moderate
O=C(NC1CCCC1)c1nc2ccc(O)cc2s1,Moderate
COc1ccc2cc(C(=O)Nc3ccc(S(N)(=O)=O)cc3)c(=O)oc2c1,Moderate
NS(=O)(=O)c1ccc(NC(=O)c2coc3ccccc3c2=O)c(Br)c1,Moderate
CN(CCc1cccs1)Cc1ccc(COc2ccc3c(CO)cc(=O)oc3c2)cc1,Active
CN(Cc1ccc(COc2ccc3c(CO)cc(=O)oc3c2)cc1)Cc1cncnc1,Active
O=C(NCC#Cc1ccccc1)c1nc2ccc(O)cc2s1,Moderate
O=C(NCCc1ccccc1)c1nc2ccc(O)cc2s1,Active
C[C@H](Cc1ccccc1)N(C)CC#N,Active
Cc1cc2ccc(OCc3ccc(S(N)(=O)=O)cc3)cc2oc1=O,Active
NS(=O)(=O)c1ccc(NC(=O)c2coc3ccccc3c2=O)cc1,Active
COC(=O)c1c(OCc2ccc(S(N)(=O)=O)cc2)ccc2c(C)cc(=O)oc12,Moderate
O=C1C(c2cc(-c3cccc(F)c3)no2)=CS(=O)(=O)c2ccccc21,Moderate
CN(Cc1ccc(COc2ccc3c(CO)cc(=O)oc3c2)cc1)Cc1cccnc1,Active
Cc1ccccc1CNC(=O)c1nc2ccc(O)cc2s1,Moderate
Cl.Fc1ccc([C@@H]2C[C@H]2NCc2cn(-c3ccc(-c4ccncc4)cc3)nn2)cc1F,Moderate
O=C(Nc1cccc(Br)c1)c1ccc2c(c1)OCCO2,Moderate
Cc1ccccc1-c1cc(-c2csc3ccccc3c2=O)on1,Moderate
NS(=O)(=O)c1ccc(COc2ccc3ccc(=O)oc3c2)cc1,Active
O=C(NC1CCCCC1)c1nc2ccc(O)cc2s1,Active
O=C(Nc1ccc(Cl)c(Cl)c1)c1ccc2c(c1)OCCO2,Active
Cc1cc(C)cc(CNC(=O)c2nc3ccc(O)cc3s2)c1,Moderate
O=C(Nc1ccc(F)c(F)c1)c1ccc2c(c1)OCCO2,Moderate
Cc1cccc(-c2cc(-c3csc4ccccc4c3=O)on2)c1,Moderate
O=c1c(-c2cc(-c3ccc(C(F)(F)F)cc3)no2)csc2ccccc12,Active
CCCCCCNC(=O)c1nc2ccc(O)cc2s1,Active
NC(=O)Cc1nc2cc(OCc3ccc(C(F)(F)F)cc3)ccc2[nH]1,Moderate
Cc1ccc(CNC(=O)c2nc3ccc(O)cc3s2)cc1,Moderate
C/C(=N/O)c1cc2ccc(OCc3ccc(S(N)(=O)=O)cc3)cc2oc1=O,Active
Cl.NNC/C(=C/F)c1ccccc1,Moderate
Cl.Fc1ccc([C@@H]2C[C@H]2NCc2cn(-c3ccc(-c4ccccc4)cc3)nn2)cc1F,Moderate
COc1cc(CNC(=O)c2nc3ccc(O)cc3s2)cc(OC)c1,Moderate
O=C(NCc1ccccc1Cl)c1nc2ccc(O)cc2s1,Moderate
Cl.Fc1ccc([C@@H]2C[C@H]2NCc2cn(-c3ccc(N4CCCCC4)cc3)nn2)cc1F,Moderate
O=C(NCC1CCCCC1)c1nc2ccc(O)cc2s1,Moderate
Cc1cc(=O)oc2cc(OCc3ccc(S(N)(=O)=O)cc3)ccc12,Active
CN(Cc1ccc(COc2ccc3c(CO)cc(=O)oc3c2)cc1)Cc1ccco1,Active
O=c1c(-c2cc(-c3ccccc3C(F)(F)F)no2)csc2ccccc12,Active
NS(=O)(=O)c1ccc(COc2ccc3c(=O)ccoc3c2)cc1,Moderate
CC(=O)c1ccc(OCc2ccccc2)cc1O,Active
CN(CCc1ccsc1)Cc1ccc(COc2ccc3c(CO)cc(=O)oc3c2)cc1,Active
Cc1cccc(-c2cc(C3=CS(=O)(=O)c4ccccc4C3=O)on2)c1,Active
CN(Cc1ccncc1)Cc1ccc(COc2ccc3c(CO)cc(=O)oc3c2)cc1,Active
Cc1c(Cl)c(=O)oc2cc(OCC(=O)Nc3ccc(S(N)(=O)=O)cc3Cl)ccc12,Inactive
O=C(Nc1ccc(Cl)c(Br)c1)c1ccc2c(c1)OCCO2,Active
NS(=O)(=O)c1ccc(NC(=O)COc2ccc3ccc(=O)oc3c2)c(Cl)c1,Moderate
O=c1c(-c2cc(-c3cccc(C(F)(F)F)c3)no2)csc2ccccc12,Active
NC(=O)Cc1nc2cc(OCc3cccc(F)c3)ccc2[nH]1,Moderate
NS(=O)(=O)c1ccc(COc2ccc3c(Cl)cc(=O)oc3c2)cc1,Active
Cc1ccccc1-c1cc(C2=CS(=O)(=O)c3ccccc3C2=O)on1,Moderate
CCN(CC)Cc1cc(=O)oc2cc(OCc3ccc(S(N)(=O)=O)cc3)ccc12,Moderate
NS(=O)(=O)c1ccc(NC(=O)c2coc3ccccc3c2=O)c(Cl)c1,Moderate
Cc1cccc(COc2ccc3[nH]c(CC(N)=O)nc3c2)c1,Moderate
NS(=O)(=O)c1ccc(COc2ccc3c(N4CCNCC4)cc(=O)oc3c2)cc1,Moderate
CCOC(=O)c1cc2ccc(OCc3ccc(S(N)(=O)=O)cc3)cc2oc1=O,Moderate
NS(=O)(=O)c1ccc(COc2ccc3c(CO)cc(=O)oc3c2)cc1,Active
NS(=O)(=O)c1ccc(COc2ccc3c(CN4CCNCC4)cc(=O)oc3c2)cc1,Moderate
Cc1ccc(-c2cc(C3=CS(=O)(=O)c4ccccc4C3=O)on2)cc1,Active
NC(=O)Cc1nc2cc(OCc3ccc(F)cc3)ccc2[nH]1,Active
O=C1C(c2cc(-c3ccc(C(F)(F)F)cc3)no2)=CS(=O)(=O)c2ccccc21,Active
NS(=O)(=O)c1ccc(NC(=O)COc2ccc3ccc(=O)oc3c2)c(Br)c1,Moderate
CCNC(=S)N1N=C(c2ccc(OC)cc2)CC1c1cccs1,Inactive
COc1ccc(-c2cc(-c3csc4ccccc4c3=O)[nH]n2)cc1,Active
NC(=O)Cc1nc2cc(OCc3cccc(Cl)c3)ccc2[nH]1,Moderate
COc1ccc2cc(C(=O)Nc3ccc(S(N)(=O)=O)cc3F)c(=O)oc2c1,Active
O=C1C(c2cc(-c3ccccc3C(F)(F)F)no2)=CS(=O)(=O)c2ccccc21,Active
CCCNC(C)C(=O)Nc1c(C)csc1-c1nc(Cc2ccccc2)no1,Inactive
O=C1C(c2cc(-c3ccc(Cl)cc3)no2)=CS(=O)(=O)c2ccccc21,Active
NS(=O)(=O)c1ccc(NC(=O)c2coc3ccccc3c2=O)c(F)c1,Active
CN(CCc1cccnc1)Cc1ccc(COc2ccc3c(CO)cc(=O)oc3c2)cc1,Moderate
O=C(Nc1ccc(F)cc1)c1ccc2c(c1)OCCO2,Moderate
O=C(Nc1cc(Cl)cc(Cl)c1)c1ccc2c(c1)OCCO2,Active
NC(=O)Cc1cc(=O)oc2cc(OCc3ccc(S(N)(=O)=O)cc3)ccc12,Moderate
O=C(/C=C/c1ccc2c(c1)OCCO2)c1ccc(F)c(Br)c1,Active
O=C(Nc1ccc(Br)c(F)c1)c1ccc2c(c1)OCCO2,Active
COc1ccc(-c2cc(C3=CS(=O)(=O)c4ccccc4C3=O)on2)cc1,Active
NS(=O)(=O)c1ccc(COc2ccc3c(N4CCOCC4)cc(=O)oc3c2)cc1,Moderate
CN(Cc1ccc(COc2ccc3c(CO)cc(=O)oc3c2)cc1)Cc1nccs1,Moderate
O=C(Nc1ccc(Cl)c(F)c1)c1ccc2c(c1)OCCO2,Active
COc1cc(NC(=O)c2ccc3c(c2)OCCO3)ccc1Cl,Moderate
NS(=O)(=O)c1ccc(NC(=O)c2cc3ccccc3oc2=O)c(Cl)c1,Moderate
CN(C)Cc1cc(=O)oc2cc(OCc3ccc(S(N)(=O)=O)cc3)ccc12,Moderate
O=C1C(c2cc(-c3ccc(F)cc3)no2)=CS(=O)(=O)c2ccccc21,Moderate
NC(=O)c1cc2ccc(OCc3ccc(S(N)(=O)=O)cc3)cc2oc1=O,Moderate
NS(=O)(=O)c1ccc(NC(=O)COc2ccc3ccc(=O)oc3c2)c(F)c1,Moderate
NS(=O)(=O)c1ccc(COc2ccc3c(c2)oc(=O)c2ccccc23)cc1,Active
CCOC(=O)c1csc(N/N=C(\C)c2ccncc2)n1,Moderate
Cc1c(Cl)c(=O)oc2cc(OCc3ccc(S(N)(=O)=O)cc3)ccc12,Active
CN(C)c1cc(=O)oc2cc(OCc3ccc(S(N)(=O)=O)cc3)ccc12,Moderate
O=c1c(-c2cc(-c3ccccc3)no2)csc2ccccc12,Moderate
O=C1/C(=C/c2ccc(OCc3ccccc3)cc2)Oc2cc(O)ccc21,Moderate
Cc1c(Cl)c(=O)oc2cc(OCC(=O)Nc3ccc(S(N)(=O)=O)cc3F)ccc12,Moderate
CN(Cc1ccc(COc2ccc3c(CO)cc(=O)oc3c2)cc1)Cc1ccsc1,Active
COc1ccc(/C=C2\Oc3cc(O)ccc3C2=O)c(OC)c1OC,Moderate
O=C1/C(=C/c2ccc(OCc3ccc(F)cc3)cc2)Oc2cc(O)ccc21,Moderate
O=C1/C(=C/c2cccc(OCc3cccc(Cl)c3)c2)Oc2cc(O)ccc21,Moderate
Cc1ccc(-c2cc(-c3csc4ccccc4c3=O)on2)cc1,Active
O=C(Nc1ccc(Br)cc1)c1ccc2c(c1)OCCO2,Moderate
O=C1/C(=C/c2ccc(OCc3ccccc3Cl)cc2)Oc2cc(O)ccc21,Moderate
O=C1/C(=C/c2cccc(OCc3cccc(Br)c3)c2)Oc2cc(O)ccc21,Moderate
[O-]/[N+](=C\c1ccc2cccc(O)c2n1)Cc1ccccc1,Moderate
O=C1/C(=C/c2cccc(OCc3ccc(Cl)cc3)c2)Oc2cc(O)ccc21,Moderate
COc1cccc(COc2cccc(/C=C3\Oc4cc(O)ccc4C3=O)c2)c1,Moderate
O=C1/C(=C/c2ccc(OCc3cccc(Br)c3)cc2)Oc2cc(O)ccc21,Moderate
NC(=O)Cc1nc2cc(OCc3ccc(Cl)cc3)ccc2[nH]1,Moderate
CN(Cc1ccc(COc2ccc3c(CO)cc(=O)oc3c2)cc1)Cc1cscn1,Active
O=C1/C(=C/c2cccc(OCc3ccccc3)c2)Oc2cc(O)ccc21,Moderate
O=C1C=CC(=O)c2ccccc21,Moderate
NS(=O)(=O)c1ccc(COc2ccc3c(CN4CCOCC4)cc(=O)oc3c2)cc1,Moderate
O=C(/C=C/c1ccccc1Cl)c1cc2ccccc2oc1=O,Moderate
O=C1/C(=C/c2cccc(OCc3ccccc3F)c2)Oc2cc(O)ccc21,Moderate
O=C1/C(=C/c2ccc(OCc3ccccc3Br)cc2)Oc2cc(O)ccc21,Moderate
O=C1/C(=C/c2cccc(OCc3ccc(Br)cc3)c2)Oc2cc(O)ccc21,Moderate
COc1cccc(COc2ccc(C(C)=O)c(OCc3cn(CCc4c[nH]c5ccccc45)nn3)c2)c1,Moderate
CN(Cc1ccc(COc2ccc3c(CO)cc(=O)oc3c2)cc1)Cc1cccs1,Active
O=C1/C(=C/c2ccc(OCc3ccccc3F)cc2)Oc2cc(O)ccc21,Moderate
O=C1/C(=C/c2cccc(OCc3ccc(F)cc3)c2)Oc2cc(O)ccc21,Moderate
COc1cccc(-c2cc(C3=CS(=O)(=O)c4ccccc4C3=O)on2)c1,Active
CN(Cc1ccc(COc2ccc3c(CO)cc(=O)oc3c2)cc1)Cc1ncc[nH]1,Active
O=C1C(c2cc(-c3cccc(C(F)(F)F)c3)no2)=CS(=O)(=O)c2ccccc21,Active
C#CCNc1ccccc1-c1cc(-c2ccc(OCCN3CCCCC3)cc2)nc(N)n1,Moderate
C#CCOc1ccc(-c2cc(/C=C\c3ccccc3)ncn2)cc1,Inactive
C#CCOc1ccccc1-c1cc(-c2ccc(Cl)cc2)nc(-c2ccccc2)n1,Moderate
C#CCOc1cccc(-c2cc(/C(C)=C\c3ccccc3)nc(N)n2)c1,Moderate
C#CCOc1cccc(-c2cc(/C=C/c3ccccc3)ncn2)c1,Moderate
C#CCOc1ccc(-c2cc(/C(C)=C\c3ccccc3)ncn2)cc1,Moderate
CC(=O)N1N=C(c2c(O)cccc2O)CC1c1cccc(C)c1,Active
C#CCN1CCN(CCCOc2ccc3c(ccn3S(=O)(=O)c3ccc(C(=O)NNCCC)cc3)c2)CC1,Moderate
Cc1ccc(C2(F)CC2N)cc1,Inactive
COc1ccc(C2CC(c3ccccc3)=NN2C(C)=O)cc1OC,Inactive
CC(=O)N1N=C(c2ccc(O)cc2O)CC1c1ccccc1,Inactive
CCCCC1OC(=O)c2cc(N3N=C(c4cc(C)ccc4O)CC3=O)ccc21,Moderate
CCCCCCCC1OC(=O)c2cc(N3N=C(c4ccccc4O)CC3=O)ccc21,Inactive
CCCCC1OC(=O)c2cc(N3N=C(c4ccc(Cl)cc4O)CC3=O)ccc21,Moderate
CCCCCCCC1OC(=O)c2cc(N3N=C(c4cc(Cl)ccc4O)CC3=O)ccc21,Moderate
CCCCC1OC(=O)c2cc(N3N=C(c4cccc(Br)c4O)CC3=O)ccc21,Inactive
CCCCC1OC(=O)c2cc(N3N=C(c4cc(N(C)C)ccc4O)CC3=O)ccc21,Moderate
CCCCC1OC(=O)c2cc(N3N=C(c4cc(Cl)cc(Cl)c4O)CC3=O)ccc21,Moderate
CCCCCCC1OC(=O)c2cc(N3N=C(c4cc(F)ccc4O)CC3=O)ccc21,Moderate
CCCCC1OC(=O)c2cc(N3N=C(c4cc(OC)ccc4O)CC3=O)ccc21,Moderate
CCCCCCCC1OC(=O)c2cc(N3N=C(c4cc(OC)ccc4O)CC3=O)ccc21,Moderate
[2H]C1OC(=O)c2cc(N3N=C(C)CC3=O)ccc21,Moderate
CCCCC1OC(=O)c2cc(N3N=C(c4ccc(Br)cc4O)CC3=O)ccc21,Inactive
CCCCC1OC(=O)c2cc(N3N=C(c4cc(Cl)cc(Br)c4O)CC3=O)ccc21,Moderate
CCCCC1OC(=O)c2cc(N3N=C(c4ccc(N(C)C)cc4O)CC3=O)ccc21,Moderate
O=C1OCc2ccc(N3N=C(c4ccccc4O)CC3=O)cc21,Moderate
O=C1OCc2ccc(N3N=C(c4cccc(F)c4O)CC3=O)cc21,Moderate
CCCCC1OC(=O)c2cc(N3N=C(c4cc([N+](=O)[O-])ccc4O)CC3=O)ccc21,Moderate
CCCCC1OC(=O)c2cc(N3N=C(c4cc(F)ccc4O)CC3=O)ccc21,Moderate
CCCCCCC1OC(=O)c2cc(N3N=C(c4cc(Cl)ccc4O)CC3=O)ccc21,Moderate
O=C1OCc2ccc(N3N=C(c4cc(F)ccc4O)CC3=O)cc21,Moderate
CCCCCCC1OC(=O)c2cc(N3N=C(c4ccccc4O)CC3=O)ccc21,Moderate
CCCCC1OC(=O)c2cc(N3N=C(c4cc(Cl)ccc4O)CC3=O)ccc21,Moderate
CCCCC1OC(=O)c2cc(N3N=C(c4cc(Br)ccc4O)CC3=O)ccc21,Moderate
O=C(Nc1ccc2c(ccn2Cc2cccc(F)c2)c1)c1cnccn1,Moderate
O=C(Nc1ccc2c(ccn2Cc2ccc(F)cc2)c1)c1cnccn1,Moderate
COc1cc(Cl)c2c(=O)cc(-c3ccc(CC(C)C)cc3)oc2c1,Moderate
CC(C)Oc1ccc(-c2cc(=O)c3c(O)cc(Cl)cc3o2)cc1,Active
C#CCOc1ccc(-c2cc(=O)c3c(OC)cc(Cl)cc3o2)cc1,Moderate
C=CCOc1ccc(-c2cc(=O)c3c(OC)cc(Cl)cc3o2)cc1,Moderate
CC(C)Cc1ccc(-c2cc(=O)c3c(O)cc(Cl)cc3o2)cc1,Moderate
COc1cc(Cl)cc2oc(-c3ccc(OC(C)C)cc3)cc(=O)c12,Moderate
C#CCOc1ccc(-c2cc(=O)c3c(O)cc(F)cc3o2)cc1,Moderate
C=CCOc1ccc(-c2cc(=O)c3c(OC)cc(F)cc3o2)cc1,Moderate
COc1cc(Cl)cc2oc(-c3ccc(OCC(C)C)cc3)cc(=O)c12,Moderate
COc1cc(F)c2c(=O)cc(-c3ccc(OC(C)C)cc3)oc2c1,Moderate
COc1cc(F)cc2oc(-c3ccc(CC(C)C)cc3)cc(=O)c12,Active
COc1cc(F)c2c(=O)cc(-c3ccc(OCC(C)C)cc3)oc2c1,Active
CCCOc1ccc(-c2cc(=O)c3c(OC)cc(Cl)cc3o2)cc1,Moderate
COc1ccc(C2=NN(C(C)=O)C(c3ccccc3C)C2)c(OC)c1,Inactive
CC(C)COc1ccc(-c2cc(=O)c3c(O)cc(Cl)cc3o2)cc1,Active
C#CCOc1ccc(-c2cc(=O)c3c(O)cc(Cl)cc3o2)cc1,Moderate
CCCOc1ccc(-c2cc(=O)c3c(O)cc(F)cc3o2)cc1,Active
C=CCOc1ccc(-c2cc(=O)c3c(F)cc(OC)cc3o2)cc1,Moderate
COc1cc(F)cc2oc(-c3ccc(OC(C)C)cc3)cc(=O)c12,Active
C#CCOc1ccc(-c2cc(=O)c3c(F)cc(OC)cc3o2)cc1,Inactive
COc1cc(Cl)cc2oc(-c3ccc(CC(C)C)cc3)cc(=O)c12,Moderate
C=CCOc1ccc(-c2cc(=O)c3c(O)cc(F)cc3o2)cc1,Moderate
CCCOc1ccc(-c2cc(=O)c3c(F)cc(OC)cc3o2)cc1,Moderate
CC(C)COc1ccc(-c2cc(=O)c3c(O)cc(F)cc3o2)cc1,Moderate
C#CCOc1ccc(-c2cc(=O)c3c(OC)cc(F)cc3o2)cc1,Inactive
C=CCOc1ccc(-c2cc(=O)c3c(Cl)cc(OC)cc3o2)cc1,Moderate
COc1cc(F)c2c(=O)cc(-c3ccc(CC(C)C)cc3)oc2c1,Moderate
CCCOc1ccc(-c2cc(=O)c3c(Cl)cc(OC)cc3o2)cc1,Moderate
CCCOc1ccc(-c2cc(=O)c3c(O)cc(Cl)cc3o2)cc1,Active
COc1cc(Cl)c2c(=O)cc(-c3ccc(OCC(C)C)cc3)oc2c1,Moderate
C#CCOc1ccc(-c2cc(=O)c3c(Cl)cc(OC)cc3o2)cc1,Inactive
CC(C)Oc1ccc(-c2cc(=O)c3c(O)cc(F)cc3o2)cc1,Active
COc1cc(Cl)c2c(=O)cc(-c3ccc(OC(C)C)cc3)oc2c1,Moderate
COc1cc(F)cc2oc(-c3ccc(OCC(C)C)cc3)cc(=O)c12,Moderate
C=CCOc1ccc(-c2cc(=O)c3c(O)cc(Cl)cc3o2)cc1,Moderate
CCCOc1ccc(-c2cc(=O)c3c(OC)cc(F)cc3o2)cc1,Active
CC(C)Cc1ccc(-c2cc(=O)c3c(O)cc(F)cc3o2)cc1,Active
COc1ccc(C2=NN(C(C)=O)CC2)cc1OC,Inactive
O=C1NC(=O)/C(=C/c2ccc3nccnc3c2)S1,Inactive
CCOC(=O)c1cc2ccc(OC)cc2oc1=O,Inactive
C/C(=C\COc1ccc2ccc(=O)oc2c1)C1=CC(=O)C(C)(C)O1,Moderate
COc1cccc(-c2cc3cc(C)ccc3oc2=O)c1,Active
O=C(/C=C/c1ccccc1)c1ccc(C(F)(F)F)cc1,Active
COc1ccc(-c2cc3cc(C)ccc3oc2=O)cc1,Active
Nc1nnc(CN[C@H]2C[C@@H]2c2ccc(OCc3cccc(Cl)c3)cc2)o1,Moderate
Cc1cc(=O)oc2cc(/N=C/c3ccccc3O)ccc12,Moderate
Cc1ncc(NC(=O)c2csc([C@@H]3C[C@H]3NCC3CCOCC3)c2)s1,Inactive
O=C(Nc1ccc2c(ccn2C(=O)c2ccc(Cl)c(F)c2)n1)c1ccc(Cl)c(F)c1,Active
NC/C(=C\F)COc1ccc(S(=O)(=O)COCC2CCOCC2)cc1,Inactive
NC/C(=C\F)COc1ccc2c(c1)CCN(C1CC1)C2=O,Moderate
COc1ccc2c(c1)C(N[C@H]1CC1c1ccccc1)CCC2,Inactive
c1cc([C@H]2C[C@@H]2NCC2CCNCC2)ccc1C1CC1,Moderate
CO[C@H]1CC[C@@H](CS(=O)(=O)c2ccc(OC/C(=C/F)CN)cc2)CC1,Inactive
CC1(C)CC(=O)N(CS(=O)(=O)c2ccc(OC/C(=C/F)CN)cc2)C1,Inactive
N[C@H]1C[C@@H]1c1ccc(-c2ccc(Cl)cc2)nc1,Moderate
Cc1cc(NC(=O)c2cccc(C3CC3NCC3CCOCC3)c2)sn1,Moderate
c1ccc(COc2ccc([C@H]3C[C@@H]3NC3CCNCC3)cc2)cc1,Moderate
COC(=O)c1ccc(CN2CCC(F)(CNC3CC3c3ccccc3)CC2)cc1,Inactive
Cc1ccc2oc(=O)c(-c3ccc(O)cc3)cc2c1,Moderate
Cc1ccc2oc(=O)c(C(=O)O)cc2c1,Active
COc1ccc2c(c1OC)CCC2N[C@H]1CC1c1ccc(OCc2ccccc2)cc1,Inactive
CC1(C(=O)NC23CCC(CS(=O)(=O)c4ccc(OC/C(=C/F)CN)cc4)(CC2)CC3)CC1,Inactive
CC(C)(C)C(=O)NC12CCC(CS(=O)(=O)c3ccc(OC/C(=C/F)CN)cc3)(CC1)C2,Inactive
NC1CC1c1ccc(C(=O)Nc2ccccc2)cc1,Moderate
NC/C(=C\F)COc1ccc(S(=O)(=O)CC23CCC(C(=O)NCC(F)(F)F)(CC2)CC3)cc1,Inactive
CCOC(=O)c1cnc2cc(OCCc3cccc(Cl)c3)ccc2c1,Moderate
COc1cccc(-c2ccc(C3C[C@@H]3NC3CCc4ccc(OC)cc43)cc2)c1,Inactive
NC/C(=C\F)COc1ccc(S(=O)(=O)CC23CCC(C4(O)CC4)(CC2)CC3)cc1,Inactive
NC/C(=C\F)COc1ccc(S(=O)(=O)CN2CCCCC2=O)cc1,Inactive
NC/C(=C\F)COc1ccc(S(=O)(=O)C[C@H]2CC[C@H](O)CC2)cc1,Inactive
FC1(CNC2CC2c2ccccc2)CCN(Cc2ccc(-c3ccccc3)cc2)CC1,Moderate
NC(=O)N1CCC(N[C@H]2C[C@@H]2c2ccc(Br)cc2)CC1,Inactive
CCOC(=O)Cc1cnc2cc(OCc3ccc(F)cc3)ccc2c1,Moderate
c1ccc(C2C[C@@H]2NCCC2CCCCCC2)cc1,Inactive
CNCCNC(=O)c1cnc2cc(OCc3cccc(Cl)c3)ccc2c1,Moderate
NC1CCC(N[C@H]2C[C@@H]2c2ccc(-c3ccc4cc[nH]c4c3)cc2)CC1,Moderate
NC/C(=C\F)COc1ccc(S(=O)(=O)CC23CCC(O)(CC2)CC3)cc1,Inactive
O=C(Nc1ccccc1)c1ccc(C2CC2NCC2CC2)cc1,Moderate
c1ccc([C@H]2C[C@@H]2NCC2CCNC2)cc1,Inactive
CCOC(=O)c1cnc2cc(OCc3ccc(C)cc3)ccc2c1,Moderate
N[C@H]1C[C@@H]1c1ccc(-c2cc(Cl)cc(Cl)c2)nc1,Moderate
Cc1ccc(-c2cc(=S)c3ccccc3o2)cc1,Moderate
N#Cc1ccccc1S(=O)(=O)Nc1cccc(-c2ccc([C@H]3CC3NC3CCC(N)CC3)cc2)c1,Inactive
CC1(C)CO[C@@H](CS(=O)(=O)c2ccc(OC/C(=C/F)CN)cc2)CO1,Inactive
N[C@H]1C[C@@H]1c1ccc(-c2cccc(Cl)c2)nc1,Moderate
NCCCCN=C(N)N,Inactive
FC1(CNC2CC2c2ccccc2)CCN(Cc2ccc3ccccc3c2)CC1,Moderate
NC/C(=C\F)COc1ccc(S(=O)(=O)CC23CCC(NC(=O)C4CC4)(CC2)CC3)cc1,Inactive
Brc1cccc(COc2ccc(C3C[C@@H]3NCCC3CCCCC3)cc2)c1,Moderate
CS(=O)(=O)Nc1cc(Cl)cc(-c2ccc([C@H]3C[C@@H]3N)cc2)c1,Moderate
Fc1ccc(C2CC2NC2CCNCC2)cc1F,Inactive
O=C(CCC1CCCCC1)N1CCC(F)(CNC2CC2c2ccccc2)CC1,Inactive
NC/C(=C\F)COc1ccc(S(=O)(=O)COCC2CCN(C(=O)C3(C(F)(F)F)CC3)CC2)cc1,Inactive
N[C@H]1C[C@@H]1c1ccc(-c2cccc(C(F)(F)F)c2)nc1,Moderate
NC(=O)C1CCC(N[C@H]2C[C@@H]2c2ccc(OCc3cccc(C(F)(F)F)c3)nc2)CC1,Moderate
c1ccc(C2C[C@@H]2NCCCC2CCCCC2)cc1,Inactive
NC/C(=C\F)COc1ccc(S(=O)(=O)CC23CCC(C(=O)N4CCCC4)(CC2)CC3)cc1,Inactive
O=C(NC1CCC(F)(F)CC1)c1csc([C@@H]2C[C@H]2NC2CCOCC2)c1,Inactive
CN(C(=O)c1cccc(C2CC2N)c1)c1ccccc1,Moderate
c1ccc2cc(C3CC3NC3CCNCC3)ccc2c1,Inactive
NC1CC1c1cccc(C(=O)Nc2ccc(-c3ncccn3)cc2)c1,Moderate
NC/C(=C\F)COc1ccc(S(=O)(=O)CC2CCN(C(=O)C34CC5CC(CC(C5)C3)C4)CC2)cc1,Inactive
CC1(CS(=O)(=O)c2ccc(OC/C(=C/F)CN)cc2)CCN(C(=O)C2(C(F)(F)F)CC2)CC1,Inactive
CC(C)(C)C(=O)NC12CCC(CS(=O)(=O)c3ccc(OC/C(=C/F)CN)cc3)(CC1)CC2,Inactive
NC1CC1c1ccc(C(=O)Nc2cccc(C(F)(F)F)c2)cc1,Moderate
NC1CC1c1cccc(C(=O)Nc2ccc(N3CCCC3=O)cc2)c1,Moderate
COc1ccc2c(c1)C(N[C@H]1CC1c1ccc(OCc3cccc(Br)c3)cc1)CC2,Inactive
N[C@H]1C[C@@H]1c1ccc(-c2ccc(C(F)(F)F)cc2)nc1,Active
CC(C)(O)Cc1cnc2cc(OCc3cccc(Cl)c3)ccc2c1,Moderate
N[C@H]1C[C@@H]1c1ccc(-c2ccc(-c3ccccc3)cc2)cc1,Moderate
c1cncc(-c2ccc([C@H]3C[C@@H]3NCC3CCNCC3)cc2)c1,Inactive
CCOC(=O)c1cnc2cc(OCc3ccc(OC)cc3)ccc2c1,Moderate
c1ccc(COc2ccc([C@@H]3C[C@H]3NC3CCNCC3)cc2)cc1,Moderate
Nc1nnc(CN[C@H]2C[C@@H]2c2ccc(OCc3ccc(F)cc3)cc2)o1,Moderate
Clc1ccc2c(c1)C(N[C@H]1CC1c1ccccc1)CC2,Inactive
CC1(C)CO[C@H](CS(=O)(=O)c2ccc(OC/C(=C/F)CN)cc2)CO1,Inactive
NC/C(=C\F)COc1ccc(S(=O)(=O)CC23CCC(C(=O)NC4CC4)(CC2)CC3)cc1,Inactive
NC/C(=C\F)COc1ccc(S(=O)(=O)CC23CCC(C(=O)NC4CCC4)(CC2)CC3)cc1,Inactive
COc1ccc2c(c1)C(N[C@H]1CC1c1ccccc1)CC2,Inactive
Nc1nnc(CN[C@H]2C[C@@H]2c2ccc(OCc3ccc(Cl)cc3)cc2)o1,Moderate
CC(CN1C(=O)CCC1(C)C)CS(=O)(=O)c1ccc(OC/C(=C/F)CN)cc1,Inactive
CC1CCN(C23CCC(CS(=O)(=O)c4ccc(OC/C(=C/F)CN)cc4)(CC2)CC3)C1=O,Inactive
COc1ccc(NS(C)(=O)=O)cc1-c1ccc([C@H]2C[C@@H]2NC2CCNCC2)cc1,Inactive
Cc1cccc(COc2nc3c(c(=O)n(C)c(=O)n3C)n2C)c1,Moderate
CC1=CC(=O)c2ccccc2C1=O,Moderate
CS(=O)(=O)c1ccc(CN2CCC(F)(CNC3CC3c3ccccc3)CC2)cc1,Inactive
c1ccc([C@H]2C[C@@H]2NCCC2CCOCC2)cc1,Inactive
N[C@H]1C[C@@H]1c1ccc(-c2cccc(O)c2)s1,Moderate
Nc1ncc(CN[C@H]2C[C@@H]2c2ccc(OCc3ccccc3)cc2)cn1,Moderate
NC1CC1c1cccc(C(=O)Nc2ccc(F)cc2)c1,Moderate
CC(C)(O)c1cnc2cc(OCc3cccc(F)c3)ccc2c1,Moderate
N#CC1(CS(=O)(=O)c2ccc(OC/C(=C/F)CN)cc2F)CCOCC1,Inactive
NC1CC1c1cccc(C(=O)Nc2cnn(-c3ccc(F)cc3)c2)c1,Moderate
Cc1cccc(NC(=S)N2N=C(c3ccc(O)cc3)CC2c2cccs2)c1,Moderate
NC1CCC(NC2C[C@@H]2c2ccc(-c3cccc(NS(=O)(=O)N4CCNCC4)c3)cc2)CC1,Inactive
Cc1ccc(-c2cc(=S)c3ccc(C)cc3o2)cc1,Moderate
O=C1C[C@@H](c2ccccc2)Oc2cc(F)ccc21,Moderate
Cc1nnc(NC(=O)c2cc([C@@H]3C[C@H]3NCC3CCOCC3)sc2C)s1,Inactive
NC/C(=C\F)COc1ccc(S(=O)(=O)CC23CCC(NC(=O)C4(C(F)(F)F)CC4)(CC2)CC3)cc1,Inactive
O=C(NC1CCC(F)(F)CC1)c1csc([C@H]2C[C@H]2NC2CCOCC2)c1,Inactive
Cc1nnc(NC(=O)c2cc(C3CC3NCC3CCOCC3)sc2C)s1,Inactive
CCOC(=O)c1cnc2cc(OCc3ccc([N+](=O)[O-])cc3)ccc2c1,Moderate
Nc1nnc(CN[C@H]2C[C@@H]2c2ccc(OCc3cc(F)cc(F)c3)cc2)o1,Moderate
CC(C)C(=O)NC12CCC(CS(=O)(=O)c3ccc(OC/C(=C/F)CN)cc3)(CC1)CC2,Inactive
Clc1ccc(-c2ccc(C3C[C@@H]3NCCC3CCCCC3)cc2)cc1,Inactive
c1ccc(C2C[C@@H]2NC2CCc3ccccc32)cc1,Inactive
Fc1ccccc1COc1ccc([C@H]2C[C@@H]2NCC2CCNCC2)cc1,Moderate
c1ccc([C@H]2C[C@@H]2NCC2CNC2)cc1,Inactive
COc1ccc2c(c1)C(N[C@H]1CC1c1ccc(-c3ccc(Cl)cc3)cc1)CC2,Inactive
c1ccc(C2C[C@@H]2NCCC2CCCCC2)cc1,Inactive
c1ccc([C@H]2C[C@@H]2NCCC2CCNCC2)cc1,Inactive
COc1cccc(/C=C/C(=O)c2ccccc2O)c1,Moderate
COc1ccccc1/C=C/C(=O)c1ccccc1O,Moderate
CCc1ccc(CCOc2ccc(CC3SC(=O)NC3=O)cc2)nc1,Moderate
O=C(NC1CCC(F)(CNC2CC2c2ccccc2)CC1)OCc1ccccc1,Inactive
FC1(CNC2CC2c2ccccc2)CCN(c2ccccc2)CC1,Inactive
OC1CCC(N[C@H]2C[C@@H]2c2ccc(OCc3cccc(C(F)(F)F)c3)nc2)CC1,Inactive
Nc1ccc(S(=O)(=O)Nc2cccc(-c3ccc([C@H]4CC4NC4CCC(N)CC4)cc3)c2)cn1,Inactive
NC/C(=C/F)COc1ccc2c(n1)CCN(C1CC1)C2=O,Moderate
CC(C)(C)NC(=O)C12CCC(CS(=O)(=O)c3ccc(OC/C(=C/F)CN)cc3)(CC1)CC2,Inactive
NC(=O)Cc1cnc2cc(OCc3cccc(C(F)(F)F)n3)cnc2c1,Moderate
CC(C)(O)c1cnc2cc(OCCc3cccc(Cl)c3)ccc2c1,Moderate
COc1ccc(C(=O)/C=C/c2ccccc2F)cc1,Active
NC1CC1c1cccc(C(=O)Nc2cccc(-c3ncccn3)c2)c1,Moderate
COc1cc2c(cc1OC)C(N[C@H]1CC1c1ccc(OCc3ccccc3)cc1)CC2,Inactive
O=C1/C(=C/c2ccc(Cl)cc2)Oc2ccccc21,Moderate
Cc1ccc(C2CC(=O)c3ccccc3O2)cc1,Moderate
O=C1CC(c2ccccc2)Oc2cc(F)ccc21,Moderate
NC1CCC(NC2CC2c2ccccc2)CC1,Inactive
CCCOc1ccc(C2CNC(=O)CS2)cc1,Moderate
CCOc1ccc(C2CNCCS2)cc1,Moderate
CCCCOc1ccc(C2CNCCS2)cc1,Active
c1ccc(COc2ccc(C3CNCCS3)cc2)cc1,Active
CC(C)C(=O)N(C)CC(C)(C)CS(=O)(=O)c1ccc(OC/C(=C/F)CN)cc1,Inactive
Cc1ccc([C@@H]2CC(=O)c3ccc(F)cc3O2)cc1,Moderate
COc1ccc2c(=S)cc(-c3ccc(C)cc3)oc2c1,Moderate
CCOc1ccc(C2CNC(=O)CS2)cc1,Inactive
Nc1nnc(CN[C@H]2C[C@@H]2c2ccc(OCc3cccc(F)c3)cc2)o1,Moderate
COc1ccc2c(c1)O[C@H](c1ccc(F)cc1)CC2=O,Moderate
Cc1ccc([C@H]2CC(=O)c3ccc(F)cc3O2)cc1,Moderate
Cc1sc(C(=O)NC2CCC(F)(F)CC2)cc1C1CC1NC1CCOCC1,Inactive
Cc1ccc([C@H]2CC(=O)c3ccc(C)cc3O2)cc1,Moderate
CCCCOc1ccc(C2CNC(=O)CS2)cc1,Moderate
O=C1CSC(c2ccc(OCc3ccccc3)cc2)CN1,Active
NC1CC1c1ccc(C(=O)NC2CCCCC2)cc1,Moderate
CCOC(=O)c1cnc2cc(OCc3ccc(C(F)(F)F)cc3)ccc2c1,Moderate
COc1ccc(C2CC(=O)c3ccc(F)cc3O2)cc1,Moderate
c1ccc([C@H]2C[C@@H]2NC2CCNC2)cc1,Inactive
COc1ccc2c(c1)OC(c1ccc(F)cc1)CC2=O,Moderate
COc1ccc(C2CC(=O)c3ccc(C)cc3O2)cc1,Moderate
FC(F)(F)c1cccc(-c2ccc([C@H]3C[C@@H]3NCC3CCNCC3)cc2)c1,Moderate
Brc1ccc([C@H]2C[C@@H]2NC2CCOCC2)cc1,Inactive
Cc1ccc(-c2cc(=O)c3ccc(F)cc3o2)cc1,Moderate
COc1ccc(-c2cc(=O)c3ccc(F)cc3o2)cc1,Moderate
Cl.Nc1ncc(CN[C@H]2C[C@@H]2c2ccc(OCc3ccccc3)cc2)s1,Inactive
CC(C)(O)c1cc2ccc(OCc3ccc(F)cc3)cc2[n+]([O-])c1,Moderate
CCOC(=O)C(C)(C)c1cnc2cc(OCc3cccc(Cl)c3)ccc2c1,Moderate
Fc1ccc(-c2cc(=S)c3ccc(F)cc3o2)cc1,Moderate
Cc1ccc(-c2cc(=S)c3ccc(F)cc3o2)cc1,Moderate
O=C1C[C@H](c2ccccc2)Oc2cc(F)ccc21,Moderate
O=C1C[C@H](c2ccc(F)cc2)Oc2cc(F)ccc21,Moderate
CC1(CS(=O)(=O)c2ccc(OC/C(=C/F)CN)cc2)CCN(C(=O)C2(C)CCC2)CC1,Inactive
CCOC(=O)Cc1cnc2cc(OCc3cccc(Cl)c3)ccc2c1,Moderate
c1ccc([C@H]2C[C@@H]2NC2CCCNC2)cc1,Inactive
Cc1ccc([C@@H]2CC(=O)c3ccc(C)cc3O2)cc1,Moderate
COc1ccc2c(c1)O[C@@H](c1ccc(F)cc1)CC2=O,Moderate
O=C1CC(c2ccc(F)cc2)Oc2cc(F)ccc21,Moderate
Cc1ccc(C2CC(=O)c3ccc(F)cc3O2)cc1,Moderate
Cc1ccc2c(c1)OC(c1ccccc1)CC2=O,Moderate
O=S1(=O)CCC(N[C@H]2C[C@@H]2c2ccc(Br)cc2)CC1,Inactive
Cc1ccc2c(c1)OC(c1ccc(F)cc1)CC2=O,Moderate
Cc1ccc(C2CC(=O)c3ccc(C)cc3O2)cc1,Moderate
NC/C(=C\F)COc1ccc(S(=O)(=O)CC23CCC(C(=O)NC4CC(F)(F)C4)(CC2)CC3)cc1,Inactive
NC/C(=C\F)COc1ccc(S(=O)(=O)CC23CCC(NC(=O)C4CC4(F)F)(CC2)CC3)cc1,Inactive
c1ccc([C@H]2C[C@@H]2NC2CCN(c3ccncc3)CC2)cc1,Inactive
NC/C(=C\F)COc1ccc(S(=O)(=O)CC23CCC(C(=O)NCC4CC4)(CC2)CC3)cc1,Inactive
O=C(Oc1ccccc1)N1CCC(F)(CNC2CC2c2ccccc2)CC1,Inactive
Cc1ccc2c(c1)O[C@H](c1ccccc1)CC2=O,Moderate
Cc1nnc(NC(=O)c2cc(C3CC3N)cc3ccccc23)s1,Inactive
Nc1nnc(CN[C@H]2C[C@@H]2c2ccc(OCc3ccccc3)cc2)o1,Moderate
COc1ccc2c(c1)C(CCN[C@H]1CC1c1ccc(OCc3ccccc3)cc1)CCC2,Inactive
Cc1nnc(NC(=O)c2ccc(C3CC3NCC3CC3)s2)s1,Inactive
CN(C)C(=O)C12CCC(CS(=O)(=O)c3ccc(OC/C(=C/F)CN)cc3)(CC1)CC2,Inactive
O=C1C[C@@H](c2ccc(F)cc2)Oc2cc(F)ccc21,Moderate
Cc1ccc2c(c1)O[C@@H](c1ccccc1)CC2=O,Moderate
FC1(CNC2CC2c2ccccc2)CCN(CCCc2ccccc2)CC1,Moderate
CC(=O)N1CCC(N[C@H]2C[C@@H]2c2ccc(Br)cc2)CC1,Inactive
CCOC(=O)Cc1cnc2cc(OCc3cccc(F)c3)ccc2c1,Moderate
COc1ccc2c(c1)C(N[C@H]1CC1c1ccc(-c3cccc(Cl)c3)cc1)CC2,Inactive
COc1ccc2c(c1)C(N[C@H]1CC1c1ccc(OCc3ccccc3)cc1)CC2,Moderate
CC(C)(C)c1cc(CC2SC(=O)N=C2O)cc(C(C)(C)C)c1O,Moderate
COc1ccc2c(c1)OC(c1ccc(C)cc1)CC2=O,Moderate
Cn1c(=O)c2c(nc(OCc3ccccc3)n2C)n(C)c1=O,Moderate
Cn1c(=O)c2c(nc(OCc3cccc(Cl)c3)n2C)n(C)c1=O,Moderate
CN(C)CCNC(=O)c1cnc2cc(OCc3cccc(Cl)c3)ccc2c1,Moderate
Cn1c(=O)c2c(nc(OCc3cccc(Br)c3)n2C)n(C)c1=O,Moderate
Cn1c(=O)c2c(nc(OCc3cccc(F)c3)n2C)n(C)c1=O,Moderate
Cn1c(=O)c2c(nc(OCc3cccc(C(F)(F)F)c3)n2C)n(C)c1=O,Moderate
Cc1ncc(C(=O)NC2CCC(F)(F)CC2)cc1C1CC1N,Inactive
NC/C(=C\F)COc1ccc(S(=O)(=O)CC23CCC(NC(=O)C4CCC4)(CC2)CC3)cc1,Inactive
COc1cccc(COc2nc3c(c(=O)n(C)c(=O)n3C)n2C)c1,Moderate
NC/C(=C\F)COc1ccc(S(=O)(=O)Cc2ccc(C(=O)NC3CCC3)c(C(F)(F)F)c2)cc1,Inactive
CCN(CC(C)(C)CS(=O)(=O)c1ccc(OC/C(=C/F)CN)cc1)C(=O)C(C)C,Inactive
Clc1ccc(-c2ccc([C@H]3C[C@@H]3NCCC3CCOCC3)cc2)cc1,Moderate
O=C(NC1CCC(F)(F)CC1)c1ccc(C2CC2NCC2CC2)s1,Moderate
COc1ccc(-c2cc(=S)c3ccc(OC)cc3o2)cc1,Moderate
COCS(=O)(=O)c1ccc(OC/C(=C/F)CN)cc1,Inactive
Cc1ncc(C(=O)NC2CCC(F)(F)CC2)cc1C1CC1NCC1CC1,Inactive
COc1ccc(C2CC2NC2CCNCC2)cc1,Inactive
FC(F)(F)c1cccc(-c2ccc([C@H]3C[C@@H]3NC3CCOCC3)cn2)c1,Moderate
c1ccc([C@H]2C[C@@H]2NC2CC3(CCNCC3)C2)cc1,Inactive
Nc1ncc(CN[C@H]2C[C@@H]2c2ccc(OCc3ccccc3)cc2)s1,Inactive
FC1(CNC2CC2c2ccccc2)CCN(CCCC2CCCCC2)CC1,Moderate
O=C(Nc1cccc(C(F)(F)F)c1)c1ccc(C2CC2NC2CCS(=O)(=O)CC2)cc1,Moderate
NC/C(=C\F)COc1ccc(S(=O)(=O)CC23CCC(C(=O)N4CCC4)(CC2)CC3)cc1,Inactive
Cc1ncc(NC(=O)c2csc([C@H]3C[C@H]3NCC3CCOCC3)c2)s1,Inactive
c1ccc([C@H]2C[C@@H]2NC2CCC3(CCNCC3)CC2)cc1,Inactive
O=C1CC(c2ccc(F)cc2)Oc2ccccc21,Moderate
COc1ccc(-c2cc(=S)c3ccccc3o2)cc1,Moderate
CCCOc1ccc(C2CNCCS2)cc1,Moderate
CC(=O)N1N=C(c2ccc(O)cc2O)CC1c1ccc(C)cc1,Inactive
CC(=O)N1N=C(c2ccc(O)cc2)CC1c1ccccc1Cl,Inactive
COc1ccc(C2CC(c3ccc(O)cc3)=NN2C(C)=O)c(OC)c1,Inactive
COc1ccc(C2CC(c3ccc(O)cc3)=NN2C(C)=O)cc1,Moderate
CC(=O)N1N=C(c2ccc(O)cc2)CC1c1ccc(Cl)cc1,Inactive
C#CCN(C)Cc1ccccc1,Moderate
Nc1ccc(/C=C/c2ccccc2)cc1,Moderate
CC1(COc2ccc(CC3SC(=O)NC3=O)cc2)CCCCC1,Moderate
NS(=O)(=O)Cc1noc2ccccc12,Moderate
O=C(/C=C/c1ccc(Cl)cc1)c1ccc(O)cc1,Moderate
Cc1ccc(/C=C/C(=O)c2ccc(O)cc2)cc1,Inactive
O=C(/C=C/c1ccccc1)c1ccccc1,Moderate
O=C1C=CC(=O)C=C1,Inactive
O=C(O)c1cc2ccccc2oc1=O,Active
O=C(NCCN1CCOCC1)c1ccc(Cl)cc1,Moderate
C#CCN(C)C(C)Cc1ccccc1,Active
O=Cc1coc2ccccc2c1=O,Inactive
C#CCN(C)CCCOc1ccc(Cl)cc1Cl,Moderate
Oc1ccc(/C=C\c2cc(O)cc(O)c2)cc1,Inactive
C#CCN[C@@H]1CCc2ccccc21,Active
Nc1ccc2c(c1N)C(=O)c1ccccc1C2=O,Moderate
NNC(N)=O,Moderate
CC(C)NNC(=O)c1ccncc1,Moderate
COc1ccc2c(c1)OC(c1ccccc1)CC2=O,Moderate
C#CCN(C)[C@H](C)Cc1ccccc1,Active
